traveler_id,poi_id,interaction_type,timestamp,interaction_weight
U0046,P0058,save,2025-01-01T00:39:00,4
U0034,P0421,view,2025-01-01T01:16:00,1
U0011,P0484,share,2025-01-01T01:24:00,5
U0030,P0336,click,2025-01-01T01:42:00,2
U0098,P0412,view,2025-01-01T01:43:00,1
U0018,P0028,view,2025-01-01T03:01:00,1
U0062,P0084,save,2025-01-01T04:01:00,4
U0066,P0487,booking,2025-01-01T04:31:00,10
U0076,P0055,click,2025-01-01T05:45:00,2
U0049,P0022,dismiss,2025-01-01T06:50:00,-3
U0096,P0198,visit,2025-01-01T08:23:00,8
U0029,P0052,share,2025-01-01T09:03:00,5
U0046,P0484,view,2025-01-01T09:28:00,1
U0091,P0362,save,2025-01-01T09:34:00,4
U0053,P0116,view,2025-01-01T12:07:00,1
U0080,P0478,share,2025-01-01T13:38:00,5
U0093,P0471,view,2025-01-01T14:27:00,1
U0058,P0057,save,2025-01-01T14:34:00,4
U0043,P0006,share,2025-01-01T16:00:00,5
U0090,P0250,share,2025-01-01T16:30:00,5
U0002,P0390,visit,2025-01-01T16:59:00,8
U0046,P0303,click,2025-01-01T20:02:00,2
U0003,P0241,view,2025-01-01T21:55:00,1
U0098,P0025,click,2025-01-01T22:32:00,2
U0063,P0187,share,2025-01-01T22:34:00,5
U0093,P0266,save,2025-01-01T23:40:00,4
U0058,P0341,click,2025-01-02T00:04:00,2
U0082,P0183,view,2025-01-02T01:51:00,1
U0049,P0056,dismiss,2025-01-02T03:30:00,-3
U0025,P0385,save,2025-01-02T03:35:00,4
U0021,P0131,click,2025-01-02T04:16:00,2
U0092,P0367,view,2025-01-02T08:36:00,1
U0038,P0184,save,2025-01-02T09:17:00,4
U0094,P0371,click,2025-01-02T09:19:00,2
U0045,P0264,save,2025-01-02T10:22:00,4
U0072,P0261,share,2025-01-02T11:16:00,5
U0076,P0217,view,2025-01-02T12:25:00,1
U0057,P0032,click,2025-01-02T12:29:00,2
U0049,P0414,view,2025-01-02T13:03:00,1
U0050,P0484,view,2025-01-02T13:29:00,1
U0075,P0464,save,2025-01-02T13:53:00,4
U0073,P0056,dismiss,2025-01-02T14:39:00,-3
U0097,P0140,visit,2025-01-02T15:32:00,8
U0044,P0488,click,2025-01-02T18:03:00,2
U0096,P0458,visit,2025-01-02T18:08:00,8
U0089,P0366,share,2025-01-02T18:17:00,5
U0075,P0299,visit,2025-01-02T19:54:00,8
U0051,P0406,save,2025-01-02T21:16:00,4
U0068,P0414,view,2025-01-02T21:27:00,1
U0065,P0343,view,2025-01-02T23:15:00,1
U0079,P0469,dismiss,2025-01-03T00:40:00,-3
U0080,P0297,visit,2025-01-03T01:17:00,8
U0086,P0259,visit,2025-01-03T01:48:00,8
U0074,P0247,booking,2025-01-03T02:28:00,10
U0081,P0321,share,2025-01-03T03:04:00,5
U0078,P0223,view,2025-01-03T03:17:00,1
U0081,P0422,booking,2025-01-03T05:09:00,10
U0079,P0216,save,2025-01-03T05:59:00,4
U0097,P0137,view,2025-01-03T08:23:00,1
U0051,P0005,save,2025-01-03T08:40:00,4
U0018,P0352,click,2025-01-03T09:59:00,2
U0091,P0041,view,2025-01-03T10:05:00,1
U0014,P0012,view,2025-01-03T10:15:00,1
U0054,P0403,click,2025-01-03T10:21:00,2
U0043,P0182,view,2025-01-03T10:24:00,1
U0066,P0283,save,2025-01-03T10:58:00,4
U0035,P0393,dismiss,2025-01-03T11:49:00,-3
U0024,P0419,click,2025-01-03T12:07:00,2
U0072,P0401,save,2025-01-03T12:40:00,4
U0012,P0121,view,2025-01-03T14:17:00,1
U0059,P0092,visit,2025-01-03T15:16:00,8
U0098,P0402,view,2025-01-03T16:20:00,1
U0083,P0280,view,2025-01-03T16:57:00,1
U0038,P0119,click,2025-01-03T18:19:00,2
U0018,P0135,save,2025-01-03T19:56:00,4
U0054,P0358,click,2025-01-04T01:02:00,2
U0095,P0179,click,2025-01-04T01:42:00,2
U0028,P0462,visit,2025-01-04T02:55:00,8
U0092,P0086,click,2025-01-04T03:23:00,2
U0075,P0474,view,2025-01-04T03:26:00,1
U0018,P0073,share,2025-01-04T03:43:00,5
U0027,P0257,view,2025-01-04T04:28:00,1
U0049,P0115,view,2025-01-04T05:16:00,1
U0095,P0244,view,2025-01-04T05:39:00,1
U0001,P0328,click,2025-01-04T05:44:00,2
U0020,P0131,visit,2025-01-04T05:59:00,8
U0005,P0206,view,2025-01-04T06:19:00,1
U0024,P0439,click,2025-01-04T07:53:00,2
U0018,P0331,click,2025-01-04T07:56:00,2
U0091,P0319,visit,2025-01-04T10:15:00,8
U0026,P0365,view,2025-01-04T11:00:00,1
U0068,P0480,view,2025-01-04T11:31:00,1
U0010,P0050,save,2025-01-04T13:01:00,4
U0008,P0415,visit,2025-01-04T13:08:00,8
U0067,P0489,share,2025-01-04T14:16:00,5
U0059,P0325,click,2025-01-04T15:04:00,2
U0079,P0076,view,2025-01-04T15:26:00,1
U0072,P0476,booking,2025-01-04T17:27:00,10
U0064,P0012,click,2025-01-04T20:57:00,2
U0015,P0479,view,2025-01-05T00:43:00,1
U0017,P0438,booking,2025-01-05T02:24:00,10
U0054,P0463,click,2025-01-05T02:33:00,2
U0024,P0149,visit,2025-01-05T03:40:00,8
U0067,P0255,click,2025-01-05T05:04:00,2
U0015,P0150,view,2025-01-05T05:26:00,1
U0069,P0323,share,2025-01-05T06:12:00,5
U0089,P0139,view,2025-01-05T06:12:00,1
U0012,P0284,view,2025-01-05T07:16:00,1
U0041,P0083,view,2025-01-05T07:20:00,1
U0086,P0311,visit,2025-01-05T07:36:00,8
U0088,P0126,share,2025-01-05T08:30:00,5
U0065,P0464,booking,2025-01-05T09:52:00,10
U0010,P0399,click,2025-01-05T10:00:00,2
U0048,P0446,click,2025-01-05T10:54:00,2
U0074,P0030,dismiss,2025-01-05T11:02:00,-3
U0010,P0358,view,2025-01-05T11:12:00,1
U0029,P0228,save,2025-01-05T11:46:00,4
U0023,P0054,save,2025-01-05T12:59:00,4
U0085,P0483,visit,2025-01-05T13:04:00,8
U0030,P0181,view,2025-01-05T13:30:00,1
U0004,P0307,save,2025-01-05T14:57:00,4
U0027,P0222,view,2025-01-05T15:51:00,1
U0034,P0256,view,2025-01-05T15:59:00,1
U0067,P0165,visit,2025-01-05T16:33:00,8
U0026,P0167,view,2025-01-05T16:37:00,1
U0080,P0314,view,2025-01-05T17:18:00,1
U0061,P0230,visit,2025-01-05T18:21:00,8
U0059,P0155,click,2025-01-05T19:02:00,2
U0034,P0270,view,2025-01-05T19:22:00,1
U0019,P0275,save,2025-01-05T19:32:00,4
U0074,P0242,click,2025-01-05T19:34:00,2
U0049,P0445,click,2025-01-05T20:23:00,2
U0082,P0237,save,2025-01-05T20:29:00,4
U0060,P0421,visit,2025-01-05T22:09:00,8
U0015,P0142,view,2025-01-05T22:53:00,1
U0073,P0423,click,2025-01-06T00:00:00,2
U0048,P0489,visit,2025-01-06T03:09:00,8
U0071,P0108,view,2025-01-06T05:22:00,1
U0053,P0134,save,2025-01-06T06:54:00,4
U0063,P0302,click,2025-01-06T07:01:00,2
U0066,P0030,visit,2025-01-06T07:54:00,8
U0007,P0175,view,2025-01-06T08:41:00,1
U0045,P0149,save,2025-01-06T09:16:00,4
U0026,P0007,view,2025-01-06T14:24:00,1
U0063,P0272,click,2025-01-06T14:54:00,2
U0019,P0252,click,2025-01-06T15:29:00,2
U0056,P0046,click,2025-01-06T17:11:00,2
U0091,P0336,share,2025-01-06T19:32:00,5
U0014,P0405,view,2025-01-06T21:15:00,1
U0027,P0060,visit,2025-01-06T21:17:00,8
U0001,P0156,share,2025-01-06T21:46:00,5
U0092,P0369,view,2025-01-07T00:40:00,1
U0031,P0013,view,2025-01-07T00:50:00,1
U0073,P0491,booking,2025-01-07T01:31:00,10
U0083,P0281,share,2025-01-07T02:41:00,5
U0071,P0253,visit,2025-01-07T02:54:00,8
U0082,P0243,dismiss,2025-01-07T02:58:00,-3
U0047,P0292,dismiss,2025-01-07T03:33:00,-3
U0081,P0134,share,2025-01-07T03:59:00,5
U0074,P0099,view,2025-01-07T04:47:00,1
U0024,P0377,visit,2025-01-07T05:41:00,8
U0059,P0467,view,2025-01-07T06:44:00,1
U0010,P0275,visit,2025-01-07T07:02:00,8
U0074,P0218,click,2025-01-07T07:51:00,2
U0057,P0078,save,2025-01-07T08:28:00,4
U0088,P0174,click,2025-01-07T13:50:00,2
U0085,P0394,click,2025-01-07T15:04:00,2
U0093,P0416,click,2025-01-07T15:09:00,2
U0003,P0217,save,2025-01-07T18:18:00,4
U0031,P0103,view,2025-01-07T19:06:00,1
U0038,P0302,booking,2025-01-07T19:17:00,10
U0071,P0082,visit,2025-01-07T19:44:00,8
U0030,P0005,view,2025-01-07T21:15:00,1
U0066,P0485,booking,2025-01-07T21:20:00,10
U0034,P0481,share,2025-01-07T21:30:00,5
U0080,P0414,click,2025-01-07T23:07:00,2
U0045,P0432,click,2025-01-07T23:43:00,2
U0040,P0404,click,2025-01-07T23:54:00,2
U0068,P0344,save,2025-01-08T01:26:00,4
U0046,P0346,view,2025-01-08T03:05:00,1
U0053,P0013,view,2025-01-08T05:40:00,1
U0020,P0486,view,2025-01-08T05:40:00,1
U0008,P0370,click,2025-01-08T06:59:00,2
U0095,P0147,view,2025-01-08T07:09:00,1
U0057,P0489,visit,2025-01-08T09:20:00,8
U0080,P0151,click,2025-01-08T12:04:00,2
U0070,P0136,save,2025-01-08T12:11:00,4
U0097,P0455,share,2025-01-08T13:20:00,5
U0050,P0172,view,2025-01-08T15:50:00,1
U0071,P0044,visit,2025-01-08T18:20:00,8
U0058,P0475,click,2025-01-08T20:43:00,2
U0035,P0414,share,2025-01-08T23:15:00,5
U0015,P0393,save,2025-01-08T23:45:00,4
U0068,P0202,view,2025-01-09T00:18:00,1
U0046,P0238,view,2025-01-09T00:18:00,1
U0075,P0231,share,2025-01-09T00:44:00,5
U0088,P0436,visit,2025-01-09T01:57:00,8
U0063,P0036,view,2025-01-09T02:29:00,1
U0045,P0051,click,2025-01-09T03:03:00,2
U0069,P0112,visit,2025-01-09T03:56:00,8
U0079,P0460,view,2025-01-09T04:19:00,1
U0048,P0100,view,2025-01-09T06:27:00,1
U0072,P0382,save,2025-01-09T07:39:00,4
U0008,P0354,view,2025-01-09T08:35:00,1
U0064,P0119,view,2025-01-09T09:44:00,1
U0038,P0158,click,2025-01-09T10:53:00,2
U0089,P0061,view,2025-01-09T11:15:00,1
U0031,P0237,save,2025-01-09T11:35:00,4
U0088,P0259,save,2025-01-09T12:02:00,4
U0083,P0463,view,2025-01-09T12:10:00,1
U0093,P0377,view,2025-01-09T13:07:00,1
U0086,P0319,view,2025-01-09T13:44:00,1
U0036,P0440,save,2025-01-09T14:00:00,4
U0050,P0447,visit,2025-01-09T15:13:00,8
U0062,P0043,click,2025-01-09T16:48:00,2
U0008,P0224,view,2025-01-09T16:52:00,1
U0034,P0217,view,2025-01-09T18:43:00,1
U0054,P0390,view,2025-01-09T19:20:00,1
U0086,P0162,save,2025-01-09T20:21:00,4
U0024,P0030,view,2025-01-09T22:12:00,1
U0095,P0173,view,2025-01-09T22:46:00,1
U0087,P0060,dismiss,2025-01-09T23:23:00,-3
U0087,P0278,click,2025-01-09T23:55:00,2
U0022,P0344,click,2025-01-10T01:27:00,2
U0083,P0497,view,2025-01-10T03:06:00,1
U0078,P0256,click,2025-01-10T03:55:00,2
U0063,P0169,click,2025-01-10T09:32:00,2
U0068,P0477,visit,2025-01-10T11:54:00,8
U0024,P0373,view,2025-01-10T13:36:00,1
U0072,P0469,save,2025-01-10T14:09:00,4
U0035,P0429,view,2025-01-10T17:30:00,1
U0027,P0032,visit,2025-01-10T19:06:00,8
U0065,P0070,click,2025-01-10T20:07:00,2
U0096,P0284,visit,2025-01-10T20:39:00,8
U0033,P0075,click,2025-01-10T20:50:00,2
U0012,P0451,visit,2025-01-10T21:00:00,8
U0071,P0298,view,2025-01-10T22:14:00,1
U0037,P0428,view,2025-01-11T00:47:00,1
U0044,P0447,save,2025-01-11T00:58:00,4
U0023,P0091,view,2025-01-11T00:59:00,1
U0064,P0036,visit,2025-01-11T01:14:00,8
U0012,P0047,click,2025-01-11T01:44:00,2
U0050,P0359,visit,2025-01-11T02:36:00,8
U0034,P0111,save,2025-01-11T04:26:00,4
U0080,P0443,click,2025-01-11T04:38:00,2
U0083,P0019,save,2025-01-11T04:51:00,4
U0024,P0420,view,2025-01-11T05:18:00,1
U0051,P0191,click,2025-01-11T06:25:00,2
U0096,P0052,view,2025-01-11T08:58:00,1
U0052,P0104,click,2025-01-11T10:15:00,2
U0091,P0202,view,2025-01-11T10:54:00,1
U0082,P0402,save,2025-01-11T11:44:00,4
U0037,P0481,share,2025-01-11T12:05:00,5
U0069,P0264,save,2025-01-11T12:51:00,4
U0044,P0166,booking,2025-01-11T13:51:00,10
U0044,P0158,visit,2025-01-11T15:42:00,8
U0037,P0177,view,2025-01-11T16:06:00,1
U0048,P0284,booking,2025-01-11T16:32:00,10
U0082,P0085,save,2025-01-11T17:25:00,4
U0080,P0040,booking,2025-01-11T17:48:00,10
U0044,P0087,visit,2025-01-11T18:44:00,8
U0043,P0376,view,2025-01-11T19:03:00,1
U0044,P0140,save,2025-01-11T20:52:00,4
U0089,P0466,click,2025-01-11T21:31:00,2
U0016,P0424,dismiss,2025-01-11T22:24:00,-3
U0022,P0246,visit,2025-01-11T22:30:00,8
U0066,P0323,save,2025-01-11T23:29:00,4
U0064,P0037,view,2025-01-11T23:44:00,1
U0041,P0063,view,2025-01-12T04:07:00,1
U0011,P0037,click,2025-01-12T04:37:00,2
U0095,P0061,click,2025-01-12T06:09:00,2
U0067,P0382,visit,2025-01-12T06:43:00,8
U0037,P0101,share,2025-01-12T09:17:00,5
U0021,P0048,view,2025-01-12T09:26:00,1
U0099,P0204,visit,2025-01-12T09:45:00,8
U0025,P0480,view,2025-01-12T10:27:00,1
U0097,P0358,view,2025-01-12T12:06:00,1
U0076,P0389,view,2025-01-12T13:59:00,1
U0089,P0421,visit,2025-01-12T15:53:00,8
U0033,P0244,view,2025-01-12T16:32:00,1
U0052,P0140,view,2025-01-12T17:30:00,1
U0100,P0204,share,2025-01-12T18:16:00,5
U0029,P0168,view,2025-01-12T18:36:00,1
U0079,P0306,visit,2025-01-12T21:02:00,8
U0032,P0448,view,2025-01-12T21:27:00,1
U0072,P0093,booking,2025-01-12T21:40:00,10
U0045,P0384,visit,2025-01-13T00:41:00,8
U0068,P0491,share,2025-01-13T03:39:00,5
U0081,P0135,share,2025-01-13T06:14:00,5
U0091,P0246,save,2025-01-13T06:37:00,4
U0087,P0039,view,2025-01-13T08:55:00,1
U0046,P0339,view,2025-01-13T09:00:00,1
U0061,P0090,save,2025-01-13T11:20:00,4
U0021,P0419,click,2025-01-13T12:39:00,2
U0043,P0432,share,2025-01-13T15:06:00,5
U0044,P0307,click,2025-01-13T15:20:00,2
U0018,P0134,view,2025-01-13T15:57:00,1
U0090,P0065,visit,2025-01-13T16:11:00,8
U0054,P0184,view,2025-01-13T17:10:00,1
U0039,P0244,view,2025-01-13T17:17:00,1
U0002,P0332,share,2025-01-13T21:12:00,5
U0060,P0042,view,2025-01-13T22:38:00,1
U0084,P0395,click,2025-01-13T23:18:00,2
U0072,P0315,click,2025-01-13T23:54:00,2
U0052,P0169,save,2025-01-14T00:37:00,4
U0008,P0205,view,2025-01-14T02:22:00,1
U0004,P0374,visit,2025-01-14T04:00:00,8
U0054,P0260,share,2025-01-14T04:59:00,5
U0027,P0168,click,2025-01-14T05:12:00,2
U0011,P0156,share,2025-01-14T06:10:00,5
U0056,P0252,click,2025-01-14T06:29:00,2
U0024,P0204,view,2025-01-14T06:30:00,1
U0042,P0263,visit,2025-01-14T06:36:00,8
U0086,P0442,click,2025-01-14T06:51:00,2
U0055,P0387,view,2025-01-14T08:04:00,1
U0052,P0077,click,2025-01-14T12:09:00,2
U0078,P0073,share,2025-01-14T13:50:00,5
U0026,P0232,view,2025-01-14T14:33:00,1
U0073,P0191,view,2025-01-14T14:47:00,1
U0052,P0424,click,2025-01-14T18:08:00,2
U0061,P0459,view,2025-01-14T19:41:00,1
U0012,P0003,share,2025-01-14T20:31:00,5
U0097,P0206,booking,2025-01-14T20:40:00,10
U0031,P0194,view,2025-01-14T22:27:00,1
U0006,P0099,click,2025-01-14T23:11:00,2
U0004,P0141,share,2025-01-15T01:20:00,5
U0006,P0295,share,2025-01-15T02:02:00,5
U0002,P0391,view,2025-01-15T03:56:00,1
U0066,P0118,visit,2025-01-15T05:34:00,8
U0078,P0398,click,2025-01-15T07:01:00,2
U0087,P0199,view,2025-01-15T07:30:00,1
U0060,P0075,click,2025-01-15T08:15:00,2
U0091,P0142,view,2025-01-15T12:36:00,1
U0020,P0312,click,2025-01-15T15:32:00,2
U0003,P0210,click,2025-01-15T15:54:00,2
U0097,P0427,view,2025-01-15T16:11:00,1
U0022,P0092,click,2025-01-15T18:02:00,2
U0087,P0232,view,2025-01-15T18:47:00,1
U0038,P0143,view,2025-01-15T19:57:00,1
U0076,P0386,view,2025-01-15T20:54:00,1
U0099,P0090,dismiss,2025-01-15T23:15:00,-3
U0046,P0328,click,2025-01-16T01:31:00,2
U0051,P0461,share,2025-01-16T02:20:00,5
U0083,P0318,visit,2025-01-16T02:58:00,8
U0100,P0118,share,2025-01-16T03:15:00,5
U0022,P0034,view,2025-01-16T03:47:00,1
U0035,P0175,click,2025-01-16T05:20:00,2
U0086,P0164,dismiss,2025-01-16T05:44:00,-3
U0009,P0475,save,2025-01-16T07:18:00,4
U0065,P0258,view,2025-01-16T08:31:00,1
U0058,P0221,visit,2025-01-16T11:51:00,8
U0011,P0172,view,2025-01-16T13:41:00,1
U0097,P0275,view,2025-01-16T14:47:00,1
U0046,P0369,dismiss,2025-01-16T15:11:00,-3
U0082,P0299,click,2025-01-16T16:02:00,2
U0058,P0230,click,2025-01-16T16:53:00,2
U0077,P0476,click,2025-01-16T18:46:00,2
U0068,P0091,view,2025-01-16T20:57:00,1
U0096,P0114,visit,2025-01-16T21:34:00,8
U0072,P0026,click,2025-01-16T21:54:00,2
U0038,P0371,share,2025-01-16T22:59:00,5
U0092,P0380,dismiss,2025-01-16T23:03:00,-3
U0035,P0354,click,2025-01-16T23:10:00,2
U0069,P0204,view,2025-01-17T00:10:00,1
U0068,P0162,booking,2025-01-17T01:29:00,10
U0098,P0210,save,2025-01-17T02:00:00,4
U0033,P0428,view,2025-01-17T03:21:00,1
U0093,P0234,booking,2025-01-17T04:22:00,10
U0080,P0385,visit,2025-01-17T06:07:00,8
U0059,P0336,click,2025-01-17T06:27:00,2
U0092,P0497,click,2025-01-17T07:26:00,2
U0009,P0023,click,2025-01-17T08:14:00,2
U0001,P0238,view,2025-01-17T10:04:00,1
U0019,P0392,view,2025-01-17T10:05:00,1
U0001,P0248,share,2025-01-17T10:25:00,5
U0035,P0034,click,2025-01-17T10:26:00,2
U0040,P0209,save,2025-01-17T12:40:00,4
U0071,P0468,click,2025-01-17T13:54:00,2
U0009,P0471,view,2025-01-17T14:16:00,1
U0059,P0430,share,2025-01-17T14:18:00,5
U0067,P0065,share,2025-01-17T15:18:00,5
U0072,P0138,save,2025-01-17T16:08:00,4
U0072,P0120,click,2025-01-17T16:40:00,2
U0073,P0467,save,2025-01-17T18:39:00,4
U0016,P0339,view,2025-01-17T18:41:00,1
U0067,P0214,click,2025-01-17T19:21:00,2
U0087,P0387,click,2025-01-17T20:45:00,2
U0018,P0108,save,2025-01-17T21:36:00,4
U0020,P0219,share,2025-01-17T22:36:00,5
U0070,P0460,click,2025-01-17T23:25:00,2
U0065,P0322,view,2025-01-18T00:07:00,1
U0019,P0395,dismiss,2025-01-18T01:36:00,-3
U0029,P0199,view,2025-01-18T02:07:00,1
U0035,P0133,view,2025-01-18T04:57:00,1
U0100,P0213,click,2025-01-18T05:39:00,2
U0061,P0049,booking,2025-01-18T06:07:00,10
U0016,P0488,view,2025-01-18T06:29:00,1
U0084,P0187,view,2025-01-18T06:47:00,1
U0070,P0003,view,2025-01-18T07:54:00,1
U0062,P0181,visit,2025-01-18T08:54:00,8
U0023,P0189,share,2025-01-18T08:55:00,5
U0073,P0430,click,2025-01-18T09:46:00,2
U0075,P0333,view,2025-01-18T10:39:00,1
U0061,P0295,visit,2025-01-18T15:25:00,8
U0068,P0067,save,2025-01-18T16:22:00,4
U0097,P0291,click,2025-01-18T18:15:00,2
U0098,P0134,click,2025-01-18T18:59:00,2
U0091,P0406,click,2025-01-18T19:49:00,2
U0038,P0351,share,2025-01-18T20:17:00,5
U0073,P0226,visit,2025-01-18T20:54:00,8
U0027,P0078,dismiss,2025-01-18T21:34:00,-3
U0082,P0337,visit,2025-01-18T22:56:00,8
U0094,P0358,share,2025-01-19T02:01:00,5
U0018,P0070,view,2025-01-19T02:49:00,1
U0058,P0312,visit,2025-01-19T02:55:00,8
U0048,P0387,view,2025-01-19T06:04:00,1
U0087,P0008,save,2025-01-19T08:29:00,4
U0081,P0179,share,2025-01-19T09:16:00,5
U0099,P0153,view,2025-01-19T10:09:00,1
U0090,P0014,click,2025-01-19T10:45:00,2
U0100,P0282,click,2025-01-19T10:52:00,2
U0069,P0310,save,2025-01-19T11:04:00,4
U0018,P0293,save,2025-01-19T14:24:00,4
U0030,P0246,view,2025-01-19T14:57:00,1
U0089,P0179,visit,2025-01-19T15:01:00,8
U0014,P0077,click,2025-01-19T17:16:00,2
U0010,P0166,view,2025-01-19T17:51:00,1
U0034,P0127,view,2025-01-19T18:17:00,1
U0012,P0208,dismiss,2025-01-19T18:45:00,-3
U0006,P0218,save,2025-01-19T20:12:00,4
U0019,P0426,click,2025-01-19T22:59:00,2
U0027,P0287,view,2025-01-20T00:16:00,1
U0078,P0353,click,2025-01-20T01:20:00,2
U0005,P0046,visit,2025-01-20T01:23:00,8
U0041,P0041,dismiss,2025-01-20T01:38:00,-3
U0054,P0426,share,2025-01-20T02:53:00,5
U0028,P0166,booking,2025-01-20T03:24:00,10
U0096,P0490,dismiss,2025-01-20T03:56:00,-3
U0079,P0434,view,2025-01-20T04:33:00,1
U0007,P0205,view,2025-01-20T05:26:00,1
U0036,P0315,view,2025-01-20T05:43:00,1
U0018,P0085,share,2025-01-20T06:58:00,5
U0030,P0056,click,2025-01-20T08:12:00,2
U0093,P0094,save,2025-01-20T08:51:00,4
U0100,P0471,view,2025-01-20T11:45:00,1
U0069,P0487,share,2025-01-20T12:38:00,5
U0094,P0426,save,2025-01-20T12:59:00,4
U0002,P0358,visit,2025-01-20T15:14:00,8
U0065,P0108,view,2025-01-20T16:30:00,1
U0043,P0266,save,2025-01-20T17:56:00,4
U0082,P0194,save,2025-01-20T18:03:00,4
U0056,P0320,click,2025-01-20T18:19:00,2
U0075,P0270,booking,2025-01-20T20:30:00,10
U0092,P0339,view,2025-01-20T22:40:00,1
U0059,P0406,booking,2025-01-20T23:27:00,10
U0100,P0266,click,2025-01-21T02:18:00,2
U0022,P0327,click,2025-01-21T02:20:00,2
U0077,P0300,view,2025-01-21T02:57:00,1
U0052,P0371,view,2025-01-21T03:15:00,1
U0071,P0241,click,2025-01-21T04:26:00,2
U0021,P0360,click,2025-01-21T04:43:00,2
U0070,P0076,click,2025-01-21T04:51:00,2
U0044,P0296,dismiss,2025-01-21T04:56:00,-3
U0003,P0299,view,2025-01-21T05:30:00,1
U0055,P0440,view,2025-01-21T06:01:00,1
U0034,P0402,visit,2025-01-21T06:18:00,8
U0010,P0405,click,2025-01-21T06:53:00,2
U0096,P0167,view,2025-01-21T07:05:00,1
U0079,P0120,view,2025-01-21T07:18:00,1
U0005,P0141,booking,2025-01-21T07:45:00,10
U0075,P0412,save,2025-01-21T07:45:00,4
U0040,P0114,view,2025-01-21T11:25:00,1
U0060,P0322,view,2025-01-21T12:14:00,1
U0020,P0218,visit,2025-01-21T12:42:00,8
U0049,P0084,visit,2025-01-21T14:46:00,8
U0048,P0269,click,2025-01-21T15:04:00,2
U0098,P0147,view,2025-01-21T15:29:00,1
U0025,P0224,share,2025-01-21T16:09:00,5
U0067,P0120,visit,2025-01-21T16:10:00,8
U0082,P0435,dismiss,2025-01-21T19:39:00,-3
U0051,P0498,view,2025-01-21T20:30:00,1
U0047,P0419,view,2025-01-21T21:36:00,1
U0098,P0241,view,2025-01-21T21:54:00,1
U0079,P0145,save,2025-01-21T22:32:00,4
U0083,P0335,view,2025-01-22T00:50:00,1
U0025,P0491,view,2025-01-22T00:52:00,1
U0048,P0365,view,2025-01-22T02:24:00,1
U0028,P0359,share,2025-01-22T03:13:00,5
U0089,P0044,visit,2025-01-22T05:05:00,8
U0094,P0238,save,2025-01-22T07:04:00,4
U0008,P0084,share,2025-01-22T07:13:00,5
U0066,P0112,click,2025-01-22T09:20:00,2
U0051,P0144,save,2025-01-22T10:24:00,4
U0046,P0212,click,2025-01-22T10:32:00,2
U0020,P0207,save,2025-01-22T12:07:00,4
U0074,P0203,booking,2025-01-22T12:25:00,10
U0011,P0143,view,2025-01-22T13:05:00,1
U0072,P0076,view,2025-01-22T14:56:00,1
U0005,P0307,click,2025-01-22T14:58:00,2
U0046,P0318,view,2025-01-22T16:06:00,1
U0051,P0083,share,2025-01-22T17:45:00,5
U0066,P0407,share,2025-01-22T18:03:00,5
U0081,P0298,visit,2025-01-22T19:40:00,8
U0045,P0408,view,2025-01-22T22:22:00,1
U0009,P0079,click,2025-01-22T23:28:00,2
U0016,P0497,view,2025-01-22T23:59:00,1
U0083,P0169,click,2025-01-23T00:45:00,2
U0067,P0106,click,2025-01-23T01:25:00,2
U0020,P0449,click,2025-01-23T01:41:00,2
U0080,P0423,click,2025-01-23T02:25:00,2
U0031,P0353,dismiss,2025-01-23T03:34:00,-3
U0023,P0125,click,2025-01-23T04:31:00,2
U0092,P0251,view,2025-01-23T05:39:00,1
U0043,P0485,booking,2025-01-23T06:06:00,10
U0099,P0283,click,2025-01-23T07:05:00,2
U0076,P0148,save,2025-01-23T07:05:00,4
U0010,P0307,visit,2025-01-23T07:57:00,8
U0017,P0086,click,2025-01-23T08:10:00,2
U0048,P0105,visit,2025-01-23T09:00:00,8
U0088,P0297,save,2025-01-23T10:43:00,4
U0065,P0177,dismiss,2025-01-23T12:30:00,-3
U0025,P0246,share,2025-01-23T13:30:00,5
U0066,P0394,share,2025-01-23T13:31:00,5
U0059,P0344,view,2025-01-23T15:06:00,1
U0062,P0202,view,2025-01-23T15:20:00,1
U0056,P0050,view,2025-01-23T15:57:00,1
U0070,P0222,visit,2025-01-23T17:00:00,8
U0091,P0262,share,2025-01-23T18:19:00,5
U0051,P0297,click,2025-01-23T19:03:00,2
U0031,P0364,share,2025-01-23T19:09:00,5
U0036,P0157,click,2025-01-23T19:15:00,2
U0046,P0172,view,2025-01-23T21:04:00,1
U0018,P0256,view,2025-01-23T21:54:00,1
U0002,P0324,dismiss,2025-01-23T22:27:00,-3
U0038,P0497,save,2025-01-23T22:45:00,4
U0092,P0129,save,2025-01-23T23:06:00,4
U0059,P0357,click,2025-01-23T23:23:00,2
U0001,P0307,click,2025-01-23T23:29:00,2
U0077,P0269,view,2025-01-24T00:13:00,1
U0023,P0480,visit,2025-01-24T00:16:00,8
U0061,P0002,booking,2025-01-24T01:01:00,10
U0036,P0060,click,2025-01-24T02:47:00,2
U0072,P0458,dismiss,2025-01-24T03:30:00,-3
U0073,P0436,view,2025-01-24T04:44:00,1
U0052,P0328,view,2025-01-24T06:14:00,1
U0002,P0395,booking,2025-01-24T07:30:00,10
U0033,P0375,view,2025-01-24T08:26:00,1
U0037,P0176,share,2025-01-24T09:28:00,5
U0068,P0262,view,2025-01-24T09:41:00,1
U0085,P0242,visit,2025-01-24T09:44:00,8
U0043,P0218,share,2025-01-24T12:13:00,5
U0071,P0179,view,2025-01-24T13:01:00,1
U0095,P0139,view,2025-01-24T13:16:00,1
U0025,P0362,view,2025-01-24T15:55:00,1
U0059,P0107,booking,2025-01-24T16:39:00,10
U0087,P0411,dismiss,2025-01-24T18:54:00,-3
U0026,P0114,visit,2025-01-24T19:37:00,8
U0061,P0485,share,2025-01-24T20:44:00,5
U0025,P0277,share,2025-01-24T21:56:00,5
U0091,P0211,view,2025-01-25T01:50:00,1
U0079,P0008,save,2025-01-25T02:45:00,4
U0001,P0058,visit,2025-01-25T03:09:00,8
U0063,P0361,view,2025-01-25T03:33:00,1
U0085,P0312,visit,2025-01-25T03:48:00,8
U0098,P0075,share,2025-01-25T04:22:00,5
U0030,P0479,click,2025-01-25T05:02:00,2
U0053,P0389,visit,2025-01-25T05:36:00,8
U0072,P0347,click,2025-01-25T06:01:00,2
U0081,P0108,share,2025-01-25T06:33:00,5
U0065,P0179,save,2025-01-25T07:17:00,4
U0084,P0307,view,2025-01-25T08:00:00,1
U0046,P0391,visit,2025-01-25T09:23:00,8
U0043,P0192,view,2025-01-25T09:24:00,1
U0042,P0050,visit,2025-01-25T10:29:00,8
U0078,P0139,save,2025-01-25T11:24:00,4
U0080,P0133,click,2025-01-25T12:21:00,2
U0099,P0473,booking,2025-01-25T12:26:00,10
U0043,P0294,save,2025-01-25T17:01:00,4
U0089,P0353,click,2025-01-25T18:40:00,2
U0090,P0128,view,2025-01-25T19:29:00,1
U0088,P0043,click,2025-01-25T19:56:00,2
U0006,P0294,view,2025-01-25T20:21:00,1
U0089,P0343,save,2025-01-25T20:21:00,4
U0027,P0003,view,2025-01-25T20:51:00,1
U0046,P0137,save,2025-01-26T00:17:00,4
U0057,P0458,share,2025-01-26T00:38:00,5
U0049,P0319,booking,2025-01-26T01:53:00,10
U0069,P0045,view,2025-01-26T05:36:00,1
U0056,P0158,visit,2025-01-26T08:02:00,8
U0020,P0049,visit,2025-01-26T09:52:00,8
U0004,P0320,visit,2025-01-26T10:15:00,8
U0060,P0256,share,2025-01-26T10:58:00,5
U0063,P0326,click,2025-01-26T15:18:00,2
U0056,P0110,dismiss,2025-01-26T15:30:00,-3
U0033,P0364,share,2025-01-26T15:31:00,5
U0051,P0084,share,2025-01-26T16:54:00,5
U0073,P0297,click,2025-01-26T16:55:00,2
U0017,P0462,view,2025-01-26T17:25:00,1
U0074,P0419,save,2025-01-26T19:45:00,4
U0073,P0378,share,2025-01-26T20:42:00,5
U0090,P0401,view,2025-01-26T21:19:00,1
U0007,P0325,view,2025-01-26T21:57:00,1
U0080,P0170,save,2025-01-26T22:19:00,4
U0053,P0298,click,2025-01-26T23:10:00,2
U0081,P0268,view,2025-01-26T23:43:00,1
U0084,P0392,view,2025-01-27T00:51:00,1
U0072,P0065,view,2025-01-27T03:24:00,1
U0081,P0124,share,2025-01-27T03:55:00,5
U0050,P0053,view,2025-01-27T04:04:00,1
U0097,P0318,visit,2025-01-27T04:26:00,8
U0010,P0248,save,2025-01-27T05:14:00,4
U0015,P0429,save,2025-01-27T05:24:00,4
U0044,P0346,share,2025-01-27T06:13:00,5
U0040,P0469,share,2025-01-27T10:50:00,5
U0023,P0015,view,2025-01-27T10:59:00,1
U0074,P0192,save,2025-01-27T12:15:00,4
U0030,P0022,click,2025-01-27T12:26:00,2
U0035,P0406,save,2025-01-27T12:49:00,4
U0030,P0150,click,2025-01-27T13:31:00,2
U0079,P0152,save,2025-01-27T13:38:00,4
U0047,P0276,click,2025-01-27T13:40:00,2
U0069,P0118,view,2025-01-27T13:57:00,1
U0091,P0146,booking,2025-01-27T14:38:00,10
U0056,P0104,click,2025-01-27T16:29:00,2
U0065,P0413,click,2025-01-27T16:48:00,2
U0065,P0309,save,2025-01-27T16:54:00,4
U0028,P0495,save,2025-01-27T20:09:00,4
U0005,P0254,click,2025-01-27T20:41:00,2
U0089,P0464,dismiss,2025-01-27T21:03:00,-3
U0030,P0191,visit,2025-01-27T21:53:00,8
U0043,P0099,save,2025-01-27T21:55:00,4
U0047,P0432,visit,2025-01-28T01:54:00,8
U0022,P0146,share,2025-01-28T02:31:00,5
U0067,P0167,save,2025-01-28T04:52:00,4
U0075,P0239,click,2025-01-28T04:57:00,2
U0017,P0272,view,2025-01-28T07:39:00,1
U0051,P0349,click,2025-01-28T07:47:00,2
U0013,P0386,visit,2025-01-28T07:54:00,8
U0037,P0402,save,2025-01-28T08:31:00,4
U0017,P0169,click,2025-01-28T09:33:00,2
U0068,P0084,visit,2025-01-28T09:46:00,8
U0026,P0003,click,2025-01-28T10:33:00,2
U0019,P0260,save,2025-01-28T10:34:00,4
U0044,P0345,click,2025-01-28T10:54:00,2
U0048,P0222,visit,2025-01-28T11:29:00,8
U0051,P0478,share,2025-01-28T13:13:00,5
U0017,P0338,view,2025-01-28T14:41:00,1
U0055,P0168,view,2025-01-28T17:12:00,1
U0003,P0075,click,2025-01-28T17:18:00,2
U0025,P0336,click,2025-01-28T18:33:00,2
U0072,P0255,save,2025-01-28T19:09:00,4
U0026,P0440,click,2025-01-28T20:50:00,2
U0060,P0305,click,2025-01-28T21:06:00,2
U0084,P0011,view,2025-01-28T23:32:00,1
U0078,P0474,view,2025-01-28T23:51:00,1
U0095,P0274,view,2025-01-29T02:52:00,1
U0063,P0196,visit,2025-01-29T02:57:00,8
U0084,P0484,view,2025-01-29T05:38:00,1
U0013,P0237,share,2025-01-29T06:17:00,5
U0097,P0037,view,2025-01-29T06:37:00,1
U0068,P0297,click,2025-01-29T08:27:00,2
U0010,P0338,view,2025-01-29T09:42:00,1
U0100,P0433,view,2025-01-29T10:49:00,1
U0065,P0466,save,2025-01-29T10:58:00,4
U0087,P0451,view,2025-01-29T11:04:00,1
U0022,P0436,click,2025-01-29T12:16:00,2
U0061,P0416,click,2025-01-29T14:36:00,2
U0071,P0333,click,2025-01-29T15:27:00,2
U0098,P0352,dismiss,2025-01-29T15:52:00,-3
U0026,P0278,view,2025-01-29T17:03:00,1
U0031,P0356,visit,2025-01-29T17:44:00,8
U0088,P0308,visit,2025-01-29T18:21:00,8
U0020,P0384,dismiss,2025-01-29T20:41:00,-3
U0022,P0336,share,2025-01-29T21:15:00,5
U0021,P0444,view,2025-01-29T21:23:00,1
U0076,P0465,click,2025-01-29T21:56:00,2
U0074,P0098,click,2025-01-29T22:24:00,2
U0069,P0292,click,2025-01-29T23:07:00,2
U0079,P0228,save,2025-01-30T00:23:00,4
U0035,P0155,dismiss,2025-01-30T02:03:00,-3
U0052,P0260,dismiss,2025-01-30T02:19:00,-3
U0018,P0288,view,2025-01-30T03:36:00,1
U0021,P0304,view,2025-01-30T04:20:00,1
U0098,P0018,view,2025-01-30T06:52:00,1
U0100,P0373,view,2025-01-30T06:52:00,1
U0035,P0478,booking,2025-01-30T07:14:00,10
U0026,P0060,click,2025-01-30T07:32:00,2
U0056,P0351,click,2025-01-30T08:25:00,2
U0085,P0420,click,2025-01-30T10:10:00,2
U0048,P0138,view,2025-01-30T12:08:00,1
U0076,P0188,dismiss,2025-01-30T17:37:00,-3
U0035,P0246,booking,2025-01-30T17:44:00,10
U0036,P0145,view,2025-01-30T18:05:00,1
U0038,P0335,share,2025-01-30T18:52:00,5
U0080,P0043,visit,2025-01-30T20:01:00,8
U0042,P0345,click,2025-01-30T20:06:00,2
U0051,P0235,view,2025-01-30T20:47:00,1
U0057,P0065,view,2025-01-30T21:49:00,1
U0098,P0188,dismiss,2025-01-30T22:33:00,-3
U0096,P0199,view,2025-01-30T22:54:00,1
U0047,P0394,share,2025-01-31T00:07:00,5
U0059,P0164,view,2025-01-31T00:10:00,1
U0048,P0249,visit,2025-01-31T00:32:00,8
U0057,P0287,visit,2025-01-31T00:48:00,8
U0059,P0429,visit,2025-01-31T02:07:00,8
U0090,P0016,booking,2025-01-31T03:07:00,10
U0070,P0476,view,2025-01-31T03:39:00,1
U0055,P0065,booking,2025-01-31T05:38:00,10
U0003,P0337,view,2025-01-31T05:50:00,1
U0015,P0191,view,2025-01-31T06:52:00,1
U0020,P0432,save,2025-01-31T08:08:00,4
U0045,P0437,view,2025-01-31T11:06:00,1
U0059,P0480,save,2025-01-31T11:35:00,4
U0010,P0184,click,2025-01-31T12:32:00,2
U0059,P0235,view,2025-01-31T12:55:00,1
U0047,P0192,click,2025-01-31T13:02:00,2
U0042,P0166,save,2025-01-31T13:08:00,4
U0084,P0010,click,2025-01-31T13:36:00,2
U0064,P0424,click,2025-01-31T14:25:00,2
U0025,P0211,view,2025-01-31T15:17:00,1
U0047,P0171,view,2025-01-31T16:50:00,1
U0081,P0322,save,2025-01-31T17:56:00,4
U0028,P0447,share,2025-01-31T23:11:00,5
U0074,P0420,save,2025-01-31T23:15:00,4
U0050,P0463,save,2025-01-31T23:29:00,4
U0067,P0154,save,2025-02-01T00:01:00,4
U0056,P0488,view,2025-02-01T00:16:00,1
U0064,P0158,visit,2025-02-01T00:22:00,8
U0091,P0081,click,2025-02-01T00:24:00,2
U0072,P0368,click,2025-02-01T02:25:00,2
U0045,P0182,click,2025-02-01T02:31:00,2
U0066,P0219,view,2025-02-01T04:19:00,1
U0011,P0369,click,2025-02-01T04:48:00,2
U0069,P0341,click,2025-02-01T06:06:00,2
U0057,P0060,save,2025-02-01T07:53:00,4
U0028,P0129,view,2025-02-01T08:48:00,1
U0038,P0324,view,2025-02-01T10:06:00,1
U0074,P0492,view,2025-02-01T11:08:00,1
U0011,P0187,visit,2025-02-01T12:52:00,8
U0100,P0316,click,2025-02-01T14:57:00,2
U0030,P0325,save,2025-02-01T16:27:00,4
U0097,P0484,save,2025-02-01T18:28:00,4
U0078,P0148,click,2025-02-01T19:58:00,2
U0017,P0395,click,2025-02-01T20:16:00,2
U0007,P0478,visit,2025-02-01T21:07:00,8
U0062,P0146,share,2025-02-01T22:11:00,5
U0013,P0466,click,2025-02-01T22:50:00,2
U0058,P0273,save,2025-02-01T23:15:00,4
U0094,P0328,view,2025-02-02T01:14:00,1
U0064,P0495,save,2025-02-02T01:18:00,4
U0035,P0314,save,2025-02-02T01:39:00,4
U0098,P0059,save,2025-02-02T04:29:00,4
U0040,P0490,booking,2025-02-02T04:33:00,10
U0063,P0345,view,2025-02-02T05:09:00,1
U0020,P0079,save,2025-02-02T06:27:00,4
U0015,P0498,view,2025-02-02T08:14:00,1
U0014,P0358,view,2025-02-02T08:23:00,1
U0047,P0159,view,2025-02-02T08:40:00,1
U0010,P0137,save,2025-02-02T08:45:00,4
U0024,P0492,dismiss,2025-02-02T10:27:00,-3
U0074,P0009,save,2025-02-02T11:32:00,4
U0051,P0150,save,2025-02-02T12:17:00,4
U0001,P0371,view,2025-02-02T12:24:00,1
U0077,P0198,view,2025-02-02T14:00:00,1
U0084,P0317,view,2025-02-02T14:13:00,1
U0004,P0403,save,2025-02-02T15:28:00,4
U0049,P0191,click,2025-02-02T15:53:00,2
U0064,P0497,save,2025-02-02T16:30:00,4
U0075,P0298,view,2025-02-02T16:49:00,1
U0009,P0486,view,2025-02-02T18:06:00,1
U0004,P0281,view,2025-02-02T20:52:00,1
U0090,P0365,booking,2025-02-02T22:17:00,10
U0029,P0060,booking,2025-02-02T22:58:00,10
U0046,P0206,share,2025-02-02T23:44:00,5
U0073,P0289,view,2025-02-03T00:44:00,1
U0059,P0056,visit,2025-02-03T01:00:00,8
U0012,P0128,view,2025-02-03T01:19:00,1
U0056,P0064,view,2025-02-03T06:29:00,1
U0092,P0395,click,2025-02-03T08:31:00,2
U0078,P0342,visit,2025-02-03T08:31:00,8
U0010,P0330,share,2025-02-03T09:44:00,5
U0086,P0301,click,2025-02-03T10:26:00,2
U0044,P0374,visit,2025-02-03T11:39:00,8
U0003,P0055,click,2025-02-03T12:31:00,2
U0060,P0470,dismiss,2025-02-03T13:23:00,-3
U0072,P0069,click,2025-02-03T14:10:00,2
U0089,P0322,click,2025-02-03T14:30:00,2
U0049,P0189,share,2025-02-03T14:38:00,5
U0025,P0122,view,2025-02-03T15:01:00,1
U0058,P0340,save,2025-02-03T15:38:00,4
U0092,P0010,view,2025-02-03T16:17:00,1
U0068,P0015,share,2025-02-03T16:33:00,5
U0047,P0397,click,2025-02-03T17:05:00,2
U0021,P0097,click,2025-02-03T18:48:00,2
U0086,P0185,dismiss,2025-02-03T20:52:00,-3
U0079,P0225,view,2025-02-03T22:29:00,1
U0094,P0332,share,2025-02-03T22:41:00,5
U0010,P0380,click,2025-02-04T00:16:00,2
U0016,P0281,view,2025-02-04T01:53:00,1
U0047,P0304,click,2025-02-04T06:51:00,2
U0006,P0360,visit,2025-02-04T07:49:00,8
U0048,P0451,view,2025-02-04T07:55:00,1
U0087,P0120,share,2025-02-04T08:45:00,5
U0073,P0126,click,2025-02-04T09:19:00,2
U0018,P0342,click,2025-02-04T09:19:00,2
U0073,P0122,share,2025-02-04T09:47:00,5
U0097,P0345,share,2025-02-04T10:43:00,5
U0045,P0471,save,2025-02-04T10:45:00,4
U0057,P0026,share,2025-02-04T12:01:00,5
U0035,P0423,view,2025-02-04T14:27:00,1
U0047,P0483,save,2025-02-04T15:32:00,4
U0017,P0307,visit,2025-02-04T17:34:00,8
U0063,P0010,booking,2025-02-04T18:51:00,10
U0100,P0009,view,2025-02-04T19:40:00,1
U0047,P0494,share,2025-02-04T21:11:00,5
U0095,P0103,view,2025-02-04T22:36:00,1
U0041,P0005,dismiss,2025-02-04T22:45:00,-3
U0065,P0375,click,2025-02-04T22:49:00,2
U0041,P0122,view,2025-02-04T23:04:00,1
U0063,P0252,view,2025-02-04T23:44:00,1
U0049,P0164,click,2025-02-05T02:09:00,2
U0034,P0466,visit,2025-02-05T05:11:00,8
U0043,P0437,save,2025-02-05T05:12:00,4
U0092,P0263,click,2025-02-05T05:19:00,2
U0047,P0062,click,2025-02-05T08:06:00,2
U0002,P0488,click,2025-02-05T08:22:00,2
U0032,P0458,save,2025-02-05T08:25:00,4
U0085,P0410,visit,2025-02-05T09:19:00,8
U0026,P0216,click,2025-02-05T10:12:00,2
U0027,P0026,view,2025-02-05T12:18:00,1
U0082,P0454,view,2025-02-05T12:45:00,1
U0027,P0138,click,2025-02-05T12:57:00,2
U0094,P0087,view,2025-02-05T14:00:00,1
U0010,P0318,save,2025-02-05T14:55:00,4
U0033,P0134,booking,2025-02-05T15:06:00,10
U0071,P0422,view,2025-02-05T15:20:00,1
U0022,P0406,booking,2025-02-05T15:43:00,10
U0093,P0218,visit,2025-02-05T17:21:00,8
U0001,P0324,view,2025-02-05T17:49:00,1
U0067,P0007,view,2025-02-05T18:23:00,1
U0019,P0497,view,2025-02-05T19:06:00,1
U0093,P0197,visit,2025-02-05T19:45:00,8
U0086,P0125,save,2025-02-06T00:41:00,4
U0016,P0166,click,2025-02-06T00:59:00,2
U0059,P0259,view,2025-02-06T01:16:00,1
U0047,P0045,share,2025-02-06T04:42:00,5
U0079,P0476,view,2025-02-06T07:35:00,1
U0017,P0317,share,2025-02-06T08:49:00,5
U0075,P0190,view,2025-02-06T09:36:00,1
U0035,P0362,visit,2025-02-06T10:11:00,8
U0089,P0195,view,2025-02-06T10:55:00,1
U0069,P0009,share,2025-02-06T12:30:00,5
U0059,P0311,view,2025-02-06T13:37:00,1
U0028,P0351,view,2025-02-06T13:56:00,1
U0098,P0101,view,2025-02-06T17:16:00,1
U0035,P0442,booking,2025-02-06T18:05:00,10
U0073,P0040,view,2025-02-06T18:12:00,1
U0043,P0295,click,2025-02-06T19:04:00,2
U0062,P0125,click,2025-02-06T19:55:00,2
U0036,P0161,click,2025-02-06T20:27:00,2
U0076,P0042,click,2025-02-06T20:50:00,2
U0060,P0088,save,2025-02-06T21:01:00,4
U0050,P0050,click,2025-02-06T21:25:00,2
U0042,P0351,view,2025-02-06T23:21:00,1
U0010,P0037,booking,2025-02-07T00:37:00,10
U0058,P0197,visit,2025-02-07T00:57:00,8
U0082,P0139,click,2025-02-07T01:52:00,2
U0041,P0429,view,2025-02-07T05:41:00,1
U0075,P0116,save,2025-02-07T05:43:00,4
U0062,P0091,dismiss,2025-02-07T06:36:00,-3
U0008,P0150,share,2025-02-07T06:51:00,5
U0032,P0379,save,2025-02-07T07:24:00,4
U0052,P0395,click,2025-02-07T07:28:00,2
U0051,P0211,view,2025-02-07T07:34:00,1
U0069,P0153,save,2025-02-07T09:32:00,4
U0049,P0262,visit,2025-02-07T09:49:00,8
U0093,P0304,dismiss,2025-02-07T10:02:00,-3
U0011,P0019,booking,2025-02-07T10:10:00,10
U0014,P0260,click,2025-02-07T11:59:00,2
U0094,P0424,view,2025-02-07T14:06:00,1
U0006,P0049,share,2025-02-07T14:11:00,5
U0006,P0149,view,2025-02-07T14:29:00,1
U0035,P0144,view,2025-02-07T14:48:00,1
U0063,P0462,save,2025-02-07T14:54:00,4
U0033,P0059,dismiss,2025-02-07T15:40:00,-3
U0037,P0188,visit,2025-02-07T16:46:00,8
U0073,P0477,view,2025-02-07T17:50:00,1
U0047,P0433,view,2025-02-07T18:10:00,1
U0003,P0135,booking,2025-02-07T18:40:00,10
U0088,P0336,view,2025-02-07T18:45:00,1
U0079,P0186,booking,2025-02-07T19:38:00,10
U0073,P0370,view,2025-02-07T21:12:00,1
U0043,P0273,share,2025-02-07T22:13:00,5
U0069,P0313,view,2025-02-08T00:20:00,1
U0014,P0399,view,2025-02-08T00:54:00,1
U0078,P0082,view,2025-02-08T03:48:00,1
U0004,P0196,visit,2025-02-08T04:48:00,8
U0064,P0104,visit,2025-02-08T06:11:00,8
U0074,P0360,share,2025-02-08T06:15:00,5
U0084,P0263,share,2025-02-08T07:53:00,5
U0090,P0347,click,2025-02-08T08:12:00,2
U0049,P0041,visit,2025-02-08T08:34:00,8
U0090,P0460,click,2025-02-08T08:42:00,2
U0080,P0236,visit,2025-02-08T09:21:00,8
U0058,P0450,save,2025-02-08T10:01:00,4
U0008,P0123,booking,2025-02-08T10:38:00,10
U0087,P0093,view,2025-02-08T10:48:00,1
U0030,P0480,click,2025-02-08T11:53:00,2
U0100,P0487,save,2025-02-08T12:41:00,4
U0079,P0114,view,2025-02-08T13:03:00,1
U0072,P0165,visit,2025-02-08T14:46:00,8
U0011,P0426,click,2025-02-08T17:57:00,2
U0064,P0077,save,2025-02-08T19:08:00,4
U0067,P0208,view,2025-02-08T20:24:00,1
U0009,P0432,click,2025-02-08T20:50:00,2
U0008,P0191,visit,2025-02-08T21:03:00,8
U0093,P0432,booking,2025-02-08T21:42:00,10
U0086,P0362,view,2025-02-08T21:57:00,1
U0008,P0355,view,2025-02-08T21:59:00,1
U0070,P0250,view,2025-02-08T22:14:00,1
U0031,P0333,view,2025-02-09T00:55:00,1
U0038,P0390,save,2025-02-09T01:08:00,4
U0066,P0396,click,2025-02-09T01:57:00,2
U0100,P0295,click,2025-02-09T02:41:00,2
U0048,P0448,view,2025-02-09T02:49:00,1
U0021,P0334,click,2025-02-09T03:10:00,2
U0027,P0382,dismiss,2025-02-09T03:32:00,-3
U0063,P0367,click,2025-02-09T05:06:00,2
U0034,P0059,view,2025-02-09T05:43:00,1
U0099,P0033,view,2025-02-09T06:34:00,1
U0033,P0176,view,2025-02-09T06:43:00,1
U0011,P0303,view,2025-02-09T07:22:00,1
U0008,P0311,share,2025-02-09T09:10:00,5
U0094,P0080,share,2025-02-09T09:23:00,5
U0005,P0346,click,2025-02-09T09:54:00,2
U0005,P0339,view,2025-02-09T10:36:00,1
U0099,P0045,click,2025-02-09T10:44:00,2
U0036,P0382,view,2025-02-09T11:41:00,1
U0025,P0038,view,2025-02-09T11:43:00,1
U0070,P0198,click,2025-02-09T11:49:00,2
U0069,P0247,dismiss,2025-02-09T14:58:00,-3
U0010,P0500,view,2025-02-09T18:23:00,1
U0058,P0266,view,2025-02-09T18:29:00,1
U0073,P0180,visit,2025-02-09T19:04:00,8
U0022,P0445,save,2025-02-09T20:52:00,4
U0022,P0063,save,2025-02-09T21:48:00,4
U0002,P0158,view,2025-02-09T22:18:00,1
U0040,P0448,click,2025-02-10T01:28:00,2
U0079,P0222,view,2025-02-10T01:58:00,1
U0030,P0202,click,2025-02-10T02:46:00,2
U0061,P0294,save,2025-02-10T05:21:00,4
U0050,P0020,view,2025-02-10T07:03:00,1
U0006,P0494,share,2025-02-10T08:12:00,5
U0039,P0055,view,2025-02-10T10:59:00,1
U0059,P0289,view,2025-02-10T11:25:00,1
U0085,P0062,click,2025-02-10T11:36:00,2
U0011,P0391,view,2025-02-10T12:57:00,1
U0006,P0310,visit,2025-02-10T13:38:00,8
U0028,P0158,view,2025-02-10T13:46:00,1
U0080,P0081,view,2025-02-10T14:45:00,1
U0016,P0012,view,2025-02-10T14:51:00,1
U0008,P0344,view,2025-02-10T16:47:00,1
U0053,P0111,view,2025-02-10T19:10:00,1
U0018,P0061,view,2025-02-10T19:38:00,1
U0038,P0036,view,2025-02-10T19:53:00,1
U0067,P0222,click,2025-02-10T20:29:00,2
U0074,P0394,share,2025-02-10T20:59:00,5
U0015,P0122,view,2025-02-10T21:42:00,1
U0050,P0252,click,2025-02-10T22:35:00,2
U0099,P0203,booking,2025-02-10T23:00:00,10
U0024,P0450,share,2025-02-10T23:38:00,5
U0073,P0201,view,2025-02-10T23:47:00,1
U0095,P0101,view,2025-02-11T03:42:00,1
U0065,P0398,click,2025-02-11T04:18:00,2
U0060,P0288,click,2025-02-11T06:07:00,2
U0034,P0103,view,2025-02-11T09:14:00,1
U0046,P0010,share,2025-02-11T13:56:00,5
U0023,P0226,save,2025-02-11T15:30:00,4
U0045,P0197,dismiss,2025-02-11T16:31:00,-3
U0028,P0017,view,2025-02-11T16:58:00,1
U0071,P0381,click,2025-02-11T18:25:00,2
U0008,P0245,view,2025-02-11T20:54:00,1
U0038,P0050,view,2025-02-11T23:15:00,1
U0060,P0070,view,2025-02-11T23:37:00,1
U0042,P0361,click,2025-02-12T00:06:00,2
U0049,P0327,share,2025-02-12T01:39:00,5
U0023,P0162,share,2025-02-12T03:10:00,5
U0078,P0464,booking,2025-02-12T03:25:00,10
U0067,P0008,click,2025-02-12T04:46:00,2
U0056,P0184,save,2025-02-12T07:23:00,4
U0008,P0350,view,2025-02-12T08:09:00,1
U0010,P0424,booking,2025-02-12T09:05:00,10
U0028,P0143,click,2025-02-12T09:38:00,2
U0092,P0187,visit,2025-02-12T09:38:00,8
U0044,P0495,view,2025-02-12T11:38:00,1
U0039,P0217,view,2025-02-12T11:43:00,1
U0098,P0270,view,2025-02-12T12:18:00,1
U0030,P0393,view,2025-02-12T13:15:00,1
U0040,P0121,click,2025-02-12T15:12:00,2
U0068,P0350,view,2025-02-12T15:26:00,1
U0064,P0484,share,2025-02-12T16:21:00,5
U0021,P0006,view,2025-02-12T17:54:00,1
U0077,P0208,share,2025-02-12T20:31:00,5
U0088,P0170,click,2025-02-12T20:32:00,2
U0089,P0398,click,2025-02-12T20:55:00,2
U0098,P0231,visit,2025-02-12T21:03:00,8
U0059,P0043,view,2025-02-12T21:08:00,1
U0032,P0257,share,2025-02-12T21:26:00,5
U0051,P0414,dismiss,2025-02-12T22:12:00,-3
U0068,P0378,view,2025-02-12T23:11:00,1
U0094,P0330,visit,2025-02-13T00:16:00,8
U0005,P0275,save,2025-02-13T01:09:00,4
U0084,P0129,click,2025-02-13T01:43:00,2
U0022,P0174,view,2025-02-13T03:09:00,1
U0017,P0077,visit,2025-02-13T03:47:00,8
U0068,P0038,save,2025-02-13T04:35:00,4
U0003,P0021,click,2025-02-13T07:07:00,2
U0086,P0174,dismiss,2025-02-13T08:39:00,-3
U0095,P0135,click,2025-02-13T10:20:00,2
U0067,P0261,save,2025-02-13T13:19:00,4
U0023,P0277,view,2025-02-13T13:23:00,1
U0055,P0032,save,2025-02-13T13:27:00,4
U0084,P0254,save,2025-02-13T16:54:00,4
U0025,P0443,save,2025-02-13T17:38:00,4
U0051,P0091,click,2025-02-13T17:52:00,2
U0010,P0087,save,2025-02-13T18:06:00,4
U0020,P0159,save,2025-02-13T20:28:00,4
U0009,P0049,share,2025-02-13T21:08:00,5
U0011,P0193,view,2025-02-13T21:22:00,1
U0001,P0424,view,2025-02-13T23:31:00,1
U0018,P0398,visit,2025-02-14T01:06:00,8
U0054,P0320,view,2025-02-14T01:49:00,1
U0038,P0104,view,2025-02-14T05:20:00,1
U0008,P0477,view,2025-02-14T05:27:00,1
U0060,P0073,visit,2025-02-14T05:37:00,8
U0070,P0220,view,2025-02-14T05:57:00,1
U0030,P0442,view,2025-02-14T09:26:00,1
U0014,P0324,view,2025-02-14T09:48:00,1
U0024,P0310,view,2025-02-14T09:49:00,1
U0061,P0316,booking,2025-02-14T10:11:00,10
U0010,P0447,save,2025-02-14T13:07:00,4
U0080,P0350,click,2025-02-14T13:29:00,2
U0032,P0154,dismiss,2025-02-14T15:06:00,-3
U0071,P0223,view,2025-02-14T15:39:00,1
U0061,P0437,visit,2025-02-14T16:22:00,8
U0021,P0062,click,2025-02-14T16:25:00,2
U0010,P0441,visit,2025-02-14T17:29:00,8
U0082,P0075,click,2025-02-14T18:01:00,2
U0047,P0207,view,2025-02-14T18:11:00,1
U0071,P0375,view,2025-02-14T18:14:00,1
U0024,P0294,save,2025-02-14T21:30:00,4
U0072,P0279,save,2025-02-14T21:49:00,4
U0094,P0184,visit,2025-02-14T21:53:00,8
U0072,P0451,view,2025-02-15T02:26:00,1
U0068,P0355,view,2025-02-15T03:06:00,1
U0028,P0374,click,2025-02-15T03:40:00,2
U0096,P0109,click,2025-02-15T03:43:00,2
U0088,P0185,click,2025-02-15T03:51:00,2
U0062,P0150,click,2025-02-15T04:19:00,2
U0090,P0208,visit,2025-02-15T04:43:00,8
U0089,P0413,view,2025-02-15T05:24:00,1
U0060,P0210,view,2025-02-15T08:17:00,1
U0043,P0242,save,2025-02-15T09:57:00,4
U0068,P0102,click,2025-02-15T10:15:00,2
U0003,P0274,click,2025-02-15T10:16:00,2
U0042,P0405,save,2025-02-15T10:22:00,4
U0045,P0483,view,2025-02-15T10:37:00,1
U0023,P0102,click,2025-02-15T10:45:00,2
U0025,P0308,save,2025-02-15T12:44:00,4
U0056,P0499,visit,2025-02-15T13:03:00,8
U0060,P0298,view,2025-02-15T13:43:00,1
U0023,P0150,save,2025-02-15T14:12:00,4
U0013,P0274,view,2025-02-15T15:28:00,1
U0093,P0340,click,2025-02-15T16:03:00,2
U0093,P0090,view,2025-02-15T16:52:00,1
U0100,P0420,visit,2025-02-15T17:57:00,8
U0056,P0447,view,2025-02-15T18:27:00,1
U0085,P0487,visit,2025-02-15T18:53:00,8
U0046,P0338,view,2025-02-15T19:23:00,1
U0007,P0226,view,2025-02-15T20:36:00,1
U0020,P0334,view,2025-02-15T22:41:00,1
U0011,P0462,view,2025-02-15T22:42:00,1
U0068,P0406,visit,2025-02-15T23:56:00,8
U0061,P0323,share,2025-02-16T01:35:00,5
U0015,P0205,save,2025-02-16T04:30:00,4
U0038,P0187,visit,2025-02-16T05:46:00,8
U0100,P0439,share,2025-02-16T05:47:00,5
U0100,P0450,view,2025-02-16T05:51:00,1
U0067,P0016,dismiss,2025-02-16T05:51:00,-3
U0019,P0484,save,2025-02-16T06:52:00,4
U0017,P0206,view,2025-02-16T07:27:00,1
U0003,P0422,click,2025-02-16T07:43:00,2
U0093,P0048,view,2025-02-16T07:52:00,1
U0055,P0026,view,2025-02-16T09:01:00,1
U0027,P0066,visit,2025-02-16T09:41:00,8
U0057,P0368,view,2025-02-16T10:21:00,1
U0044,P0303,view,2025-02-16T10:59:00,1
U0020,P0149,visit,2025-02-16T11:34:00,8
U0080,P0181,click,2025-02-16T14:10:00,2
U0076,P0418,save,2025-02-16T14:34:00,4
U0072,P0008,visit,2025-02-16T14:47:00,8
U0071,P0389,save,2025-02-16T14:52:00,4
U0051,P0034,share,2025-02-16T18:07:00,5
U0013,P0364,visit,2025-02-16T19:39:00,8
U0042,P0104,visit,2025-02-16T20:25:00,8
U0062,P0107,dismiss,2025-02-16T20:49:00,-3
U0084,P0158,view,2025-02-16T21:18:00,1
U0068,P0336,visit,2025-02-16T22:32:00,8
U0040,P0007,share,2025-02-16T23:12:00,5
U0069,P0397,view,2025-02-17T00:20:00,1
U0079,P0348,view,2025-02-17T03:08:00,1
U0001,P0346,view,2025-02-17T06:14:00,1
U0094,P0050,view,2025-02-17T06:48:00,1
U0002,P0328,click,2025-02-17T07:43:00,2
U0072,P0287,share,2025-02-17T10:00:00,5
U0021,P0033,visit,2025-02-17T10:03:00,8
U0039,P0412,visit,2025-02-17T10:24:00,8
U0011,P0317,share,2025-02-17T10:38:00,5
U0078,P0059,share,2025-02-17T10:44:00,5
U0091,P0431,visit,2025-02-17T11:24:00,8
U0033,P0179,click,2025-02-17T11:45:00,2
U0057,P0401,view,2025-02-17T11:58:00,1
U0009,P0483,view,2025-02-17T12:32:00,1
U0018,P0179,save,2025-02-17T14:32:00,4
U0053,P0464,share,2025-02-17T15:57:00,5
U0076,P0025,click,2025-02-17T16:59:00,2
U0083,P0392,save,2025-02-17T17:34:00,4
U0035,P0146,booking,2025-02-17T18:00:00,10
U0070,P0227,save,2025-02-17T18:13:00,4
U0081,P0356,view,2025-02-17T18:59:00,1
U0048,P0136,share,2025-02-17T19:03:00,5
U0055,P0209,visit,2025-02-17T19:07:00,8
U0022,P0235,click,2025-02-17T22:54:00,2
U0088,P0056,save,2025-02-17T23:26:00,4
U0009,P0419,dismiss,2025-02-17T23:29:00,-3
U0053,P0127,view,2025-02-17T23:55:00,1
U0045,P0273,visit,2025-02-18T00:25:00,8
U0085,P0230,share,2025-02-18T02:34:00,5
U0042,P0260,share,2025-02-18T03:48:00,5
U0064,P0172,visit,2025-02-18T04:20:00,8
U0009,P0002,click,2025-02-18T04:48:00,2
U0034,P0422,save,2025-02-18T05:32:00,4
U0067,P0145,view,2025-02-18T07:59:00,1
U0050,P0326,visit,2025-02-18T08:49:00,8
U0088,P0041,dismiss,2025-02-18T12:21:00,-3
U0060,P0177,view,2025-02-18T12:35:00,1
U0043,P0394,booking,2025-02-18T12:36:00,10
U0060,P0135,save,2025-02-18T13:06:00,4
U0053,P0288,view,2025-02-18T13:17:00,1
U0077,P0228,visit,2025-02-18T15:55:00,8
U0043,P0439,visit,2025-02-18T16:16:00,8
U0016,P0296,save,2025-02-18T16:42:00,4
U0008,P0043,click,2025-02-18T16:58:00,2
U0023,P0191,view,2025-02-18T17:03:00,1
U0068,P0142,click,2025-02-18T17:08:00,2
U0005,P0086,booking,2025-02-18T17:43:00,10
U0056,P0172,view,2025-02-18T17:51:00,1
U0050,P0462,save,2025-02-18T18:00:00,4
U0064,P0335,visit,2025-02-18T20:02:00,8
U0026,P0229,dismiss,2025-02-18T20:28:00,-3
U0097,P0087,click,2025-02-18T21:40:00,2
U0078,P0337,view,2025-02-18T21:47:00,1
U0032,P0016,click,2025-02-19T00:09:00,2
U0064,P0010,share,2025-02-19T00:20:00,5
U0032,P0052,click,2025-02-19T01:13:00,2
U0011,P0495,share,2025-02-19T01:25:00,5
U0093,P0408,share,2025-02-19T01:46:00,5
U0044,P0426,share,2025-02-19T02:05:00,5
U0028,P0050,visit,2025-02-19T02:49:00,8
U0046,P0455,view,2025-02-19T06:01:00,1
U0055,P0347,view,2025-02-19T07:29:00,1
U0004,P0119,view,2025-02-19T07:56:00,1
U0089,P0290,view,2025-02-19T09:38:00,1
U0078,P0085,visit,2025-02-19T09:50:00,8
U0078,P0024,visit,2025-02-19T11:55:00,8
U0022,P0442,visit,2025-02-19T13:22:00,8
U0020,P0376,view,2025-02-19T14:39:00,1
U0012,P0078,view,2025-02-19T15:08:00,1
U0086,P0092,save,2025-02-19T15:25:00,4
U0008,P0067,click,2025-02-19T16:09:00,2
U0016,P0050,click,2025-02-19T16:42:00,2
U0026,P0279,click,2025-02-19T19:48:00,2
U0064,P0252,view,2025-02-19T20:10:00,1
U0085,P0276,click,2025-02-19T21:19:00,2
U0061,P0397,save,2025-02-20T00:31:00,4
U0069,P0219,view,2025-02-20T04:14:00,1
U0024,P0449,share,2025-02-20T04:41:00,5
U0014,P0359,dismiss,2025-02-20T06:46:00,-3
U0022,P0226,visit,2025-02-20T06:58:00,8
U0034,P0268,view,2025-02-20T08:58:00,1
U0069,P0203,share,2025-02-20T10:23:00,5
U0017,P0358,share,2025-02-20T10:31:00,5
U0040,P0222,click,2025-02-20T10:32:00,2
U0080,P0215,visit,2025-02-20T12:09:00,8
U0080,P0277,booking,2025-02-20T15:18:00,10
U0004,P0452,save,2025-02-20T15:39:00,4
U0018,P0258,view,2025-02-20T16:43:00,1
U0076,P0454,click,2025-02-20T16:49:00,2
U0025,P0175,share,2025-02-20T17:10:00,5
U0040,P0255,view,2025-02-20T17:56:00,1
U0070,P0007,view,2025-02-20T18:08:00,1
U0084,P0019,click,2025-02-20T18:35:00,2
U0097,P0326,view,2025-02-20T21:53:00,1
U0015,P0180,view,2025-02-20T22:10:00,1
U0026,P0434,view,2025-02-21T00:53:00,1
U0049,P0091,view,2025-02-21T01:37:00,1
U0035,P0022,view,2025-02-21T03:31:00,1
U0075,P0386,view,2025-02-21T05:45:00,1
U0084,P0339,save,2025-02-21T05:48:00,4
U0034,P0101,save,2025-02-21T07:46:00,4
U0034,P0253,click,2025-02-21T08:14:00,2
U0048,P0348,click,2025-02-21T08:52:00,2
U0048,P0039,share,2025-02-21T09:23:00,5
U0011,P0388,visit,2025-02-21T10:13:00,8
U0096,P0136,share,2025-02-21T10:46:00,5
U0050,P0441,save,2025-02-21T11:07:00,4
U0041,P0074,view,2025-02-21T11:23:00,1
U0061,P0079,visit,2025-02-21T11:41:00,8
U0069,P0377,visit,2025-02-21T11:58:00,8
U0039,P0021,view,2025-02-21T12:32:00,1
U0078,P0194,click,2025-02-21T12:46:00,2
U0030,P0054,dismiss,2025-02-21T13:31:00,-3
U0024,P0486,view,2025-02-21T13:31:00,1
U0004,P0263,click,2025-02-21T14:10:00,2
U0059,P0126,save,2025-02-21T14:49:00,4
U0070,P0225,visit,2025-02-21T15:23:00,8
U0065,P0421,save,2025-02-21T16:36:00,4
U0005,P0441,dismiss,2025-02-21T16:49:00,-3
U0040,P0026,view,2025-02-21T17:37:00,1
U0090,P0411,view,2025-02-21T17:49:00,1
U0089,P0183,visit,2025-02-21T19:32:00,8
U0020,P0002,click,2025-02-21T20:39:00,2
U0039,P0059,view,2025-02-21T20:55:00,1
U0042,P0307,save,2025-02-21T21:10:00,4
U0092,P0252,click,2025-02-21T21:21:00,2
U0015,P0005,view,2025-02-21T23:17:00,1
U0033,P0070,view,2025-02-22T00:14:00,1
U0088,P0034,view,2025-02-22T00:26:00,1
U0012,P0271,visit,2025-02-22T00:32:00,8
U0033,P0389,booking,2025-02-22T03:29:00,10
U0058,P0049,save,2025-02-22T04:07:00,4
U0093,P0204,save,2025-02-22T04:16:00,4
U0060,P0333,click,2025-02-22T07:23:00,2
U0054,P0143,view,2025-02-22T07:55:00,1
U0078,P0108,view,2025-02-22T10:04:00,1
U0078,P0111,visit,2025-02-22T10:30:00,8
U0098,P0027,save,2025-02-22T11:10:00,4
U0085,P0492,click,2025-02-22T11:11:00,2
U0012,P0458,share,2025-02-22T12:32:00,5
U0090,P0106,view,2025-02-22T16:24:00,1
U0024,P0219,view,2025-02-22T17:02:00,1
U0033,P0173,view,2025-02-22T17:17:00,1
U0010,P0499,view,2025-02-22T18:43:00,1
U0070,P0121,save,2025-02-22T18:53:00,4
U0093,P0449,view,2025-02-22T20:16:00,1
U0030,P0142,view,2025-02-22T22:46:00,1
U0009,P0118,click,2025-02-22T23:53:00,2
U0038,P0484,view,2025-02-23T01:23:00,1
U0035,P0164,share,2025-02-23T01:31:00,5
U0057,P0039,visit,2025-02-23T02:11:00,8
U0099,P0444,click,2025-02-23T04:40:00,2
U0055,P0198,view,2025-02-23T04:58:00,1
U0057,P0121,visit,2025-02-23T07:53:00,8
U0078,P0270,visit,2025-02-23T08:30:00,8
U0009,P0394,booking,2025-02-23T09:26:00,10
U0033,P0055,save,2025-02-23T10:55:00,4
U0022,P0074,booking,2025-02-23T12:28:00,10
U0077,P0458,click,2025-02-23T16:25:00,2
U0066,P0432,visit,2025-02-23T19:44:00,8
U0050,P0351,view,2025-02-23T20:51:00,1
U0053,P0088,view,2025-02-23T21:16:00,1
U0024,P0178,click,2025-02-23T22:03:00,2
U0088,P0431,share,2025-02-23T22:47:00,5
U0020,P0234,click,2025-02-23T23:03:00,2
U0094,P0320,view,2025-02-24T00:03:00,1
U0013,P0059,view,2025-02-24T00:24:00,1
U0013,P0239,view,2025-02-24T01:57:00,1
U0008,P0314,view,2025-02-24T02:00:00,1
U0096,P0209,view,2025-02-24T02:07:00,1
U0020,P0473,click,2025-02-24T03:31:00,2
U0067,P0039,save,2025-02-24T03:36:00,4
U0016,P0371,view,2025-02-24T04:31:00,1
U0010,P0252,visit,2025-02-24T05:28:00,8
U0022,P0175,click,2025-02-24T05:53:00,2
U0054,P0086,view,2025-02-24T06:46:00,1
U0084,P0275,click,2025-02-24T07:16:00,2
U0050,P0390,view,2025-02-24T07:57:00,1
U0084,P0324,booking,2025-02-24T10:01:00,10
U0007,P0297,dismiss,2025-02-24T10:18:00,-3
U0052,P0438,booking,2025-02-24T10:49:00,10
U0065,P0194,share,2025-02-24T11:27:00,5
U0029,P0167,click,2025-02-24T12:00:00,2
U0066,P0230,view,2025-02-24T12:53:00,1
U0002,P0400,view,2025-02-24T13:14:00,1
U0050,P0010,view,2025-02-24T15:02:00,1
U0098,P0333,view,2025-02-24T15:35:00,1
U0035,P0357,view,2025-02-24T15:59:00,1
U0068,P0498,view,2025-02-24T17:07:00,1
U0071,P0270,save,2025-02-24T17:11:00,4
U0079,P0287,view,2025-02-24T18:40:00,1
U0063,P0371,view,2025-02-24T19:50:00,1
U0001,P0338,view,2025-02-24T20:19:00,1
U0031,P0293,click,2025-02-24T21:37:00,2
U0096,P0448,visit,2025-02-24T23:07:00,8
U0064,P0307,share,2025-02-25T00:04:00,5
U0030,P0311,visit,2025-02-25T00:08:00,8
U0017,P0452,share,2025-02-25T00:18:00,5
U0098,P0124,save,2025-02-25T03:57:00,4
U0097,P0452,view,2025-02-25T05:02:00,1
U0014,P0452,share,2025-02-25T05:41:00,5
U0063,P0499,view,2025-02-25T06:13:00,1
U0067,P0269,visit,2025-02-25T06:34:00,8
U0081,P0413,click,2025-02-25T10:18:00,2
U0027,P0160,dismiss,2025-02-25T10:36:00,-3
U0037,P0389,share,2025-02-25T14:14:00,5
U0004,P0427,visit,2025-02-25T14:32:00,8
U0012,P0200,click,2025-02-25T15:04:00,2
U0052,P0064,visit,2025-02-25T15:40:00,8
U0068,P0133,dismiss,2025-02-25T16:19:00,-3
U0090,P0261,booking,2025-02-25T18:31:00,10
U0033,P0044,click,2025-02-25T19:24:00,2
U0012,P0157,visit,2025-02-25T20:53:00,8
U0034,P0233,click,2025-02-25T21:03:00,2
U0004,P0351,click,2025-02-25T21:14:00,2
U0092,P0046,click,2025-02-25T22:07:00,2
U0035,P0370,click,2025-02-25T22:28:00,2
U0070,P0199,view,2025-02-25T22:38:00,1
U0031,P0176,visit,2025-02-26T00:48:00,8
U0034,P0024,click,2025-02-26T01:52:00,2
U0031,P0018,click,2025-02-26T01:58:00,2
U0024,P0118,click,2025-02-26T03:50:00,2
U0068,P0246,click,2025-02-26T04:05:00,2
U0041,P0378,view,2025-02-26T05:01:00,1
U0057,P0031,view,2025-02-26T05:03:00,1
U0062,P0092,click,2025-02-26T05:33:00,2
U0072,P0387,view,2025-02-26T05:51:00,1
U0031,P0267,click,2025-02-26T07:06:00,2
U0030,P0423,view,2025-02-26T08:23:00,1
U0017,P0184,dismiss,2025-02-26T09:28:00,-3
U0092,P0137,save,2025-02-26T09:58:00,4
U0020,P0035,view,2025-02-26T10:14:00,1
U0055,P0016,view,2025-02-26T14:04:00,1
U0063,P0110,view,2025-02-26T15:06:00,1
U0022,P0144,click,2025-02-26T16:08:00,2
U0011,P0263,view,2025-02-26T16:55:00,1
U0094,P0438,share,2025-02-26T17:40:00,5
U0067,P0220,view,2025-02-26T18:10:00,1
U0035,P0189,share,2025-02-26T18:30:00,5
U0050,P0405,view,2025-02-26T22:00:00,1
U0048,P0209,share,2025-02-26T22:15:00,5
U0064,P0358,booking,2025-02-26T23:35:00,10
U0001,P0374,share,2025-02-27T00:47:00,5
U0064,P0324,booking,2025-02-27T02:30:00,10
U0002,P0143,save,2025-02-27T02:56:00,4
U0095,P0055,view,2025-02-27T03:04:00,1
U0020,P0045,share,2025-02-27T04:43:00,5
U0034,P0239,view,2025-02-27T08:43:00,1
U0037,P0305,view,2025-02-27T09:26:00,1
U0064,P0359,dismiss,2025-02-27T09:46:00,-3
U0007,P0125,share,2025-02-27T10:10:00,5
U0030,P0041,save,2025-02-27T10:58:00,4
U0056,P0166,visit,2025-02-27T11:27:00,8
U0098,P0454,save,2025-02-27T11:49:00,4
U0018,P0103,view,2025-02-27T11:50:00,1
U0055,P0453,view,2025-02-27T12:25:00,1
U0031,P0025,view,2025-02-27T15:10:00,1
U0061,P0153,click,2025-02-27T15:12:00,2
U0054,P0495,click,2025-02-27T15:38:00,2
U0060,P0309,visit,2025-02-27T16:27:00,8
U0046,P0380,view,2025-02-27T16:34:00,1
U0051,P0370,view,2025-02-27T17:30:00,1
U0050,P0426,view,2025-02-27T18:00:00,1
U0009,P0316,save,2025-02-27T18:07:00,4
U0019,P0351,view,2025-02-27T18:30:00,1
U0074,P0432,click,2025-02-27T18:41:00,2
U0019,P0020,click,2025-02-27T19:11:00,2
U0085,P0316,share,2025-02-27T19:25:00,5
U0040,P0379,share,2025-02-27T23:10:00,5
U0021,P0098,visit,2025-02-27T23:30:00,8
U0023,P0126,view,2025-02-27T23:55:00,1
U0040,P0249,save,2025-02-27T23:56:00,4
U0058,P0002,view,2025-02-28T01:58:00,1
U0057,P0161,click,2025-02-28T02:30:00,2
U0066,P0213,save,2025-02-28T02:36:00,4
U0014,P0086,click,2025-02-28T05:42:00,2
U0100,P0449,save,2025-02-28T06:51:00,4
U0009,P0062,visit,2025-02-28T08:42:00,8
U0083,P0495,booking,2025-02-28T09:33:00,10
U0082,P0293,click,2025-02-28T10:31:00,2
U0072,P0404,view,2025-02-28T10:56:00,1
U0009,P0482,view,2025-02-28T11:22:00,1
U0082,P0496,save,2025-02-28T12:41:00,4
U0014,P0320,click,2025-02-28T15:43:00,2
U0062,P0123,click,2025-02-28T15:48:00,2
U0053,P0135,view,2025-02-28T16:11:00,1
U0024,P0295,visit,2025-02-28T19:14:00,8
U0055,P0214,share,2025-02-28T19:49:00,5
U0027,P0113,view,2025-02-28T22:58:00,1
U0098,P0496,save,2025-03-01T02:44:00,4
U0020,P0396,visit,2025-03-01T02:57:00,8
U0066,P0377,visit,2025-03-01T03:24:00,8
U0082,P0352,share,2025-03-01T03:56:00,5
U0100,P0334,visit,2025-03-01T04:01:00,8
U0010,P0019,booking,2025-03-01T07:47:00,10
U0015,P0406,click,2025-03-01T08:04:00,2
U0018,P0241,click,2025-03-01T09:45:00,2
U0061,P0384,save,2025-03-01T09:49:00,4
U0054,P0212,click,2025-03-01T10:55:00,2
U0013,P0190,view,2025-03-01T11:35:00,1
U0012,P0411,dismiss,2025-03-01T13:28:00,-3
U0038,P0400,visit,2025-03-01T16:42:00,8
U0091,P0344,click,2025-03-01T17:29:00,2
U0100,P0292,view,2025-03-01T18:06:00,1
U0091,P0350,view,2025-03-01T18:40:00,1
U0095,P0042,view,2025-03-01T22:40:00,1
U0052,P0001,visit,2025-03-01T23:08:00,8
U0010,P0080,view,2025-03-02T00:21:00,1
U0023,P0406,share,2025-03-02T00:45:00,5
U0076,P0481,save,2025-03-02T01:29:00,4
U0099,P0159,view,2025-03-02T02:23:00,1
U0091,P0170,view,2025-03-02T03:06:00,1
U0055,P0490,share,2025-03-02T04:17:00,5
U0017,P0275,share,2025-03-02T05:20:00,5
U0029,P0114,view,2025-03-02T05:55:00,1
U0029,P0434,save,2025-03-02T07:25:00,4
U0067,P0152,save,2025-03-02T07:36:00,4
U0023,P0378,view,2025-03-02T07:45:00,1
U0061,P0192,booking,2025-03-02T08:11:00,10
U0097,P0184,click,2025-03-02T09:39:00,2
U0079,P0007,view,2025-03-02T11:18:00,1
U0025,P0429,click,2025-03-02T11:19:00,2
U0100,P0030,click,2025-03-02T12:01:00,2
U0022,P0259,visit,2025-03-02T12:28:00,8
U0076,P0343,view,2025-03-02T14:39:00,1
U0012,P0387,booking,2025-03-02T15:03:00,10
U0042,P0427,click,2025-03-02T16:19:00,2
U0029,P0138,click,2025-03-02T16:41:00,2
U0044,P0104,click,2025-03-02T17:58:00,2
U0025,P0477,view,2025-03-02T19:54:00,1
U0083,P0156,visit,2025-03-02T20:35:00,8
U0007,P0436,click,2025-03-02T20:58:00,2
U0014,P0400,view,2025-03-02T21:14:00,1
U0084,P0143,click,2025-03-02T21:41:00,2
U0018,P0195,view,2025-03-02T23:54:00,1
U0047,P0131,save,2025-03-03T00:10:00,4
U0005,P0497,visit,2025-03-03T00:31:00,8
U0010,P0463,share,2025-03-03T00:45:00,5
U0067,P0157,save,2025-03-03T00:51:00,4
U0025,P0344,visit,2025-03-03T01:12:00,8
U0010,P0263,view,2025-03-03T02:10:00,1
U0061,P0276,view,2025-03-03T02:23:00,1
U0029,P0165,view,2025-03-03T03:05:00,1
U0033,P0217,booking,2025-03-03T03:28:00,10
U0030,P0415,share,2025-03-03T04:25:00,5
U0046,P0358,click,2025-03-03T06:11:00,2
U0020,P0099,visit,2025-03-03T08:09:00,8
U0043,P0340,view,2025-03-03T09:59:00,1
U0043,P0373,view,2025-03-03T10:05:00,1
U0021,P0099,view,2025-03-03T11:32:00,1
U0080,P0491,visit,2025-03-03T11:43:00,8
U0013,P0241,view,2025-03-03T12:13:00,1
U0056,P0345,share,2025-03-03T13:24:00,5
U0072,P0446,view,2025-03-03T14:03:00,1
U0056,P0371,view,2025-03-03T14:56:00,1
U0010,P0392,booking,2025-03-03T16:43:00,10
U0092,P0405,visit,2025-03-03T17:09:00,8
U0010,P0367,view,2025-03-03T17:22:00,1
U0062,P0122,click,2025-03-03T18:04:00,2
U0040,P0078,share,2025-03-03T20:12:00,5
U0003,P0353,save,2025-03-03T23:12:00,4
U0021,P0079,click,2025-03-04T00:25:00,2
U0058,P0407,visit,2025-03-04T01:52:00,8
U0066,P0023,view,2025-03-04T03:36:00,1
U0025,P0041,click,2025-03-04T04:46:00,2
U0070,P0113,visit,2025-03-04T04:53:00,8
U0006,P0487,share,2025-03-04T04:54:00,5
U0051,P0240,click,2025-03-04T07:26:00,2
U0088,P0344,share,2025-03-04T08:29:00,5
U0051,P0040,visit,2025-03-04T12:16:00,8
U0093,P0051,view,2025-03-04T12:27:00,1
U0069,P0266,share,2025-03-04T12:37:00,5
U0004,P0280,view,2025-03-04T14:05:00,1
U0061,P0334,save,2025-03-04T15:33:00,4
U0029,P0446,view,2025-03-04T15:41:00,1
U0036,P0387,share,2025-03-04T16:51:00,5
U0045,P0132,view,2025-03-04T19:08:00,1
U0054,P0399,view,2025-03-04T22:37:00,1
U0018,P0299,share,2025-03-04T22:55:00,5
U0031,P0305,click,2025-03-05T00:52:00,2
U0014,P0158,visit,2025-03-05T01:00:00,8
U0052,P0156,visit,2025-03-05T01:06:00,8
U0066,P0035,view,2025-03-05T01:12:00,1
U0041,P0202,save,2025-03-05T02:11:00,4
U0040,P0287,view,2025-03-05T03:09:00,1
U0085,P0377,view,2025-03-05T03:17:00,1
U0094,P0324,view,2025-03-05T03:52:00,1
U0061,P0420,view,2025-03-05T04:25:00,1
U0085,P0437,share,2025-03-05T04:30:00,5
U0050,P0238,view,2025-03-05T05:36:00,1
U0098,P0309,view,2025-03-05T05:48:00,1
U0028,P0169,view,2025-03-05T08:04:00,1
U0050,P0169,share,2025-03-05T11:20:00,5
U0055,P0072,click,2025-03-05T11:39:00,2
U0012,P0261,view,2025-03-05T11:45:00,1
U0088,P0289,click,2025-03-05T12:34:00,2
U0013,P0024,view,2025-03-05T14:29:00,1
U0003,P0237,click,2025-03-05T14:44:00,2
U0030,P0004,save,2025-03-05T15:00:00,4
U0074,P0316,visit,2025-03-05T15:39:00,8
U0060,P0059,view,2025-03-05T16:36:00,1
U0052,P0447,view,2025-03-05T16:40:00,1
U0074,P0130,view,2025-03-05T18:59:00,1
U0057,P0255,save,2025-03-05T19:08:00,4
U0077,P0168,click,2025-03-05T19:47:00,2
U0050,P0335,view,2025-03-05T22:26:00,1
U0032,P0368,save,2025-03-05T22:31:00,4
U0060,P0111,save,2025-03-06T00:58:00,4
U0036,P0113,view,2025-03-06T01:53:00,1
U0051,P0431,visit,2025-03-06T02:03:00,8
U0029,P0008,click,2025-03-06T03:20:00,2
U0057,P0199,click,2025-03-06T03:32:00,2
U0024,P0407,view,2025-03-06T04:00:00,1
U0020,P0221,click,2025-03-06T06:09:00,2
U0067,P0060,view,2025-03-06T06:29:00,1
U0003,P0321,view,2025-03-06T08:02:00,1
U0080,P0083,view,2025-03-06T09:07:00,1
U0025,P0092,view,2025-03-06T09:36:00,1
U0080,P0067,view,2025-03-06T11:48:00,1
U0070,P0278,click,2025-03-06T13:45:00,2
U0035,P0498,share,2025-03-06T14:11:00,5
U0029,P0066,booking,2025-03-06T16:42:00,10
U0077,P0060,view,2025-03-06T17:25:00,1
U0004,P0390,view,2025-03-06T18:13:00,1
U0092,P0058,visit,2025-03-06T19:51:00,8
U0006,P0410,save,2025-03-06T20:19:00,4
U0044,P0403,save,2025-03-06T20:22:00,4
U0084,P0452,view,2025-03-06T21:45:00,1
U0010,P0332,visit,2025-03-06T23:49:00,8
U0073,P0457,save,2025-03-07T00:24:00,4
U0002,P0046,share,2025-03-07T01:19:00,5
U0060,P0481,click,2025-03-07T01:40:00,2
U0061,P0449,share,2025-03-07T02:19:00,5
U0013,P0333,save,2025-03-07T03:24:00,4
U0100,P0483,view,2025-03-07T03:49:00,1
U0047,P0444,save,2025-03-07T03:59:00,4
U0075,P0223,visit,2025-03-07T06:28:00,8
U0090,P0300,save,2025-03-07T06:50:00,4
U0073,P0472,dismiss,2025-03-07T07:20:00,-3
U0088,P0457,view,2025-03-07T08:51:00,1
U0092,P0424,click,2025-03-07T09:56:00,2
U0030,P0472,view,2025-03-07T10:48:00,1
U0045,P0459,click,2025-03-07T10:50:00,2
U0022,P0301,visit,2025-03-07T11:22:00,8
U0045,P0292,click,2025-03-07T11:36:00,2
U0036,P0329,share,2025-03-07T12:44:00,5
U0070,P0008,view,2025-03-07T13:54:00,1
U0047,P0285,share,2025-03-07T15:39:00,5
U0037,P0013,view,2025-03-07T15:53:00,1
U0047,P0264,visit,2025-03-07T16:09:00,8
U0006,P0221,view,2025-03-07T17:40:00,1
U0029,P0007,view,2025-03-07T18:13:00,1
U0068,P0363,view,2025-03-07T18:47:00,1
U0077,P0093,view,2025-03-07T18:51:00,1
U0052,P0452,view,2025-03-07T19:33:00,1
U0062,P0170,view,2025-03-07T19:46:00,1
U0055,P0145,visit,2025-03-07T22:37:00,8
U0060,P0237,view,2025-03-07T22:56:00,1
U0063,P0495,click,2025-03-08T02:05:00,2
U0088,P0175,view,2025-03-08T04:35:00,1
U0024,P0312,click,2025-03-08T05:12:00,2
U0016,P0196,view,2025-03-08T05:55:00,1
U0026,P0138,click,2025-03-08T06:12:00,2
U0091,P0498,view,2025-03-08T06:21:00,1
U0057,P0434,booking,2025-03-08T07:54:00,10
U0074,P0459,view,2025-03-08T11:31:00,1
U0092,P0169,click,2025-03-08T11:38:00,2
U0078,P0309,visit,2025-03-08T12:03:00,8
U0006,P0182,view,2025-03-08T13:32:00,1
U0059,P0363,click,2025-03-08T14:38:00,2
U0033,P0481,view,2025-03-08T14:40:00,1
U0067,P0306,booking,2025-03-08T15:26:00,10
U0060,P0055,click,2025-03-08T16:05:00,2
U0097,P0447,click,2025-03-08T17:21:00,2
U0091,P0414,view,2025-03-08T17:38:00,1
U0076,P0268,click,2025-03-08T19:20:00,2
U0018,P0147,view,2025-03-08T19:36:00,1
U0005,P0463,view,2025-03-08T19:45:00,1
U0057,P0165,click,2025-03-08T20:11:00,2
U0074,P0450,save,2025-03-08T23:33:00,4
U0049,P0478,view,2025-03-08T23:46:00,1
U0073,P0461,view,2025-03-09T00:05:00,1
U0080,P0162,save,2025-03-09T00:19:00,4
U0092,P0080,visit,2025-03-09T00:39:00,8
U0093,P0292,dismiss,2025-03-09T00:55:00,-3
U0063,P0086,view,2025-03-09T01:08:00,1
U0004,P0380,visit,2025-03-09T02:58:00,8
U0017,P0361,save,2025-03-09T05:01:00,4
U0067,P0453,save,2025-03-09T05:23:00,4
U0074,P0473,visit,2025-03-09T06:22:00,8
U0018,P0139,share,2025-03-09T06:46:00,5
U0009,P0407,save,2025-03-09T07:09:00,4
U0063,P0463,view,2025-03-09T09:03:00,1
U0038,P0156,save,2025-03-09T09:03:00,4
U0017,P0427,view,2025-03-09T10:05:00,1
U0053,P0070,dismiss,2025-03-09T10:22:00,-3
U0029,P0286,view,2025-03-09T10:48:00,1
U0054,P0158,view,2025-03-09T15:00:00,1
U0021,P0009,view,2025-03-09T15:22:00,1
U0004,P0296,click,2025-03-09T17:56:00,2
U0081,P0343,share,2025-03-09T18:07:00,5
U0061,P0242,booking,2025-03-09T18:27:00,10
U0065,P0210,save,2025-03-09T19:38:00,4
U0099,P0433,view,2025-03-09T22:58:00,1
U0037,P0356,view,2025-03-09T23:56:00,1
U0019,P0427,click,2025-03-10T00:04:00,2
U0076,P0256,click,2025-03-10T00:41:00,2
U0050,P0275,view,2025-03-10T00:49:00,1
U0070,P0186,view,2025-03-10T01:07:00,1
U0081,P0024,click,2025-03-10T02:18:00,2
U0090,P0066,view,2025-03-10T05:01:00,1
U0050,P0058,view,2025-03-10T06:17:00,1
U0048,P0008,visit,2025-03-10T06:26:00,8
U0028,P0345,save,2025-03-10T06:31:00,4
U0054,P0166,visit,2025-03-10T06:53:00,8
U0088,P0327,view,2025-03-10T07:32:00,1
U0023,P0246,save,2025-03-10T08:11:00,4
U0067,P0209,share,2025-03-10T08:22:00,5
U0057,P0227,view,2025-03-10T10:39:00,1
U0082,P0412,visit,2025-03-10T12:22:00,8
U0030,P0314,save,2025-03-10T12:26:00,4
U0074,P0006,share,2025-03-10T14:22:00,5
U0002,P0275,click,2025-03-10T14:42:00,2
U0013,P0343,view,2025-03-10T15:00:00,1
U0063,P0317,view,2025-03-10T16:09:00,1
U0007,P0054,view,2025-03-10T16:29:00,1
U0066,P0203,share,2025-03-10T20:55:00,5
U0096,P0016,dismiss,2025-03-10T21:50:00,-3
U0044,P0484,click,2025-03-10T23:33:00,2
U0047,P0409,view,2025-03-10T23:44:00,1
U0063,P0184,visit,2025-03-11T00:08:00,8
U0048,P0003,click,2025-03-11T00:18:00,2
U0051,P0205,view,2025-03-11T01:33:00,1
U0019,P0326,save,2025-03-11T02:08:00,4
U0085,P0213,visit,2025-03-11T03:31:00,8
U0078,P0044,share,2025-03-11T04:17:00,5
U0009,P0439,share,2025-03-11T06:52:00,5
U0069,P0149,click,2025-03-11T06:56:00,2
U0027,P0269,view,2025-03-11T10:42:00,1
U0043,P0023,visit,2025-03-11T14:48:00,8
U0018,P0356,click,2025-03-11T15:09:00,2
U0030,P0327,view,2025-03-11T15:31:00,1
U0017,P0119,dismiss,2025-03-11T15:35:00,-3
U0079,P0167,visit,2025-03-11T15:59:00,8
U0064,P0332,click,2025-03-11T18:55:00,2
U0044,P0156,view,2025-03-11T19:19:00,1
U0042,P0403,save,2025-03-11T23:19:00,4
U0062,P0325,booking,2025-03-11T23:42:00,10
U0007,P0091,dismiss,2025-03-12T00:35:00,-3
U0074,P0118,share,2025-03-12T01:20:00,5
U0017,P0260,share,2025-03-12T02:46:00,5
U0007,P0107,view,2025-03-12T03:39:00,1
U0031,P0496,view,2025-03-12T03:44:00,1
U0024,P0493,click,2025-03-12T03:54:00,2
U0081,P0111,booking,2025-03-12T04:01:00,10
U0095,P0421,view,2025-03-12T04:04:00,1
U0002,P0254,view,2025-03-12T04:14:00,1
U0033,P0135,view,2025-03-12T07:05:00,1
U0069,P0450,view,2025-03-12T09:34:00,1
U0081,P0116,share,2025-03-12T10:00:00,5
U0020,P0439,view,2025-03-12T10:53:00,1
U0047,P0002,view,2025-03-12T10:58:00,1
U0081,P0082,visit,2025-03-12T11:07:00,8
U0075,P0422,share,2025-03-12T11:36:00,5
U0034,P0124,click,2025-03-12T11:56:00,2
U0071,P0101,save,2025-03-12T13:35:00,4
U0029,P0348,click,2025-03-12T14:44:00,2
U0097,P0369,click,2025-03-12T15:26:00,2
U0006,P0282,save,2025-03-12T16:23:00,4
U0059,P0378,share,2025-03-12T17:03:00,5
U0088,P0155,view,2025-03-12T18:01:00,1
U0087,P0257,visit,2025-03-12T18:22:00,8
U0004,P0497,save,2025-03-12T20:06:00,4
U0015,P0115,visit,2025-03-12T21:07:00,8
U0010,P0193,share,2025-03-12T22:00:00,5
U0095,P0223,view,2025-03-13T00:26:00,1
U0004,P0086,view,2025-03-13T01:02:00,1
U0099,P0483,save,2025-03-13T02:10:00,4
U0084,P0080,save,2025-03-13T02:42:00,4
U0095,P0343,save,2025-03-13T02:54:00,4
U0072,P0105,share,2025-03-13T03:44:00,5
U0040,P0152,save,2025-03-13T04:33:00,4
U0009,P0221,save,2025-03-13T06:52:00,4
U0049,P0442,visit,2025-03-13T07:32:00,8
U0006,P0483,view,2025-03-13T07:50:00,1
U0035,P0480,view,2025-03-13T08:50:00,1
U0031,P0088,visit,2025-03-13T09:29:00,8
U0045,P0376,view,2025-03-13T10:24:00,1
U0053,P0474,view,2025-03-13T10:36:00,1
U0077,P0003,view,2025-03-13T10:47:00,1
U0080,P0477,click,2025-03-13T11:14:00,2
U0030,P0123,save,2025-03-13T11:47:00,4
U0062,P0081,view,2025-03-13T13:35:00,1
U0007,P0015,save,2025-03-13T15:20:00,4
U0080,P0393,save,2025-03-13T16:24:00,4
U0027,P0329,save,2025-03-13T18:55:00,4
U0091,P0205,share,2025-03-13T19:19:00,5
U0078,P0025,save,2025-03-13T20:01:00,4
U0079,P0300,view,2025-03-13T20:23:00,1
U0076,P0233,dismiss,2025-03-13T21:27:00,-3
U0008,P0308,view,2025-03-13T22:46:00,1
U0001,P0447,view,2025-03-13T23:06:00,1
U0053,P0061,click,2025-03-13T23:25:00,2
U0069,P0416,save,2025-03-14T02:20:00,4
U0065,P0290,click,2025-03-14T04:07:00,2
U0048,P0279,view,2025-03-14T06:05:00,1
U0041,P0301,view,2025-03-14T07:11:00,1
U0045,P0219,view,2025-03-14T07:33:00,1
U0043,P0062,view,2025-03-14T07:52:00,1
U0080,P0301,view,2025-03-14T08:11:00,1
U0033,P0018,share,2025-03-14T09:16:00,5
U0065,P0148,click,2025-03-14T09:28:00,2
U0025,P0126,view,2025-03-14T11:34:00,1
U0053,P0073,view,2025-03-14T12:18:00,1
U0075,P0342,share,2025-03-14T13:05:00,5
U0052,P0087,click,2025-03-14T13:25:00,2
U0088,P0150,click,2025-03-14T13:39:00,2
U0088,P0325,save,2025-03-14T13:52:00,4
U0097,P0302,booking,2025-03-14T13:56:00,10
U0025,P0445,view,2025-03-14T13:57:00,1
U0053,P0398,click,2025-03-14T14:47:00,2
U0044,P0391,share,2025-03-14T15:06:00,5
U0020,P0294,save,2025-03-14T15:41:00,4
U0072,P0269,share,2025-03-14T20:32:00,5
U0017,P0053,view,2025-03-14T22:44:00,1
U0082,P0466,visit,2025-03-14T22:54:00,8
U0064,P0238,share,2025-03-14T22:59:00,5
U0045,P0207,booking,2025-03-14T23:48:00,10
U0090,P0168,click,2025-03-15T01:13:00,2
U0031,P0454,save,2025-03-15T02:27:00,4
U0067,P0404,save,2025-03-15T02:41:00,4
U0046,P0196,share,2025-03-15T02:44:00,5
U0044,P0019,view,2025-03-15T03:43:00,1
U0079,P0039,click,2025-03-15T03:54:00,2
U0021,P0178,dismiss,2025-03-15T06:19:00,-3
U0091,P0155,view,2025-03-15T06:39:00,1
U0080,P0436,view,2025-03-15T07:00:00,1
U0081,P0147,visit,2025-03-15T07:12:00,8
U0070,P0068,click,2025-03-15T07:31:00,2
U0001,P0260,share,2025-03-15T08:08:00,5
U0028,P0335,booking,2025-03-15T08:47:00,10
U0014,P0193,view,2025-03-15T09:43:00,1
U0041,P0472,view,2025-03-15T13:02:00,1
U0096,P0220,view,2025-03-15T14:55:00,1
U0069,P0057,visit,2025-03-15T15:04:00,8
U0066,P0360,view,2025-03-15T15:26:00,1
U0042,P0193,view,2025-03-15T15:52:00,1
U0054,P0077,booking,2025-03-15T15:54:00,10
U0031,P0389,save,2025-03-15T17:59:00,4
U0052,P0187,click,2025-03-15T19:13:00,2
U0064,P0275,save,2025-03-15T19:26:00,4
U0080,P0472,save,2025-03-15T19:50:00,4
U0033,P0398,view,2025-03-15T20:01:00,1
U0037,P0270,save,2025-03-15T20:05:00,4
U0031,P0179,view,2025-03-15T20:38:00,1
U0090,P0120,share,2025-03-15T23:38:00,5
U0088,P0362,click,2025-03-16T00:02:00,2
U0023,P0089,view,2025-03-16T00:18:00,1
U0062,P0354,click,2025-03-16T01:10:00,2
U0013,P0108,click,2025-03-16T01:42:00,2
U0050,P0260,view,2025-03-16T03:17:00,1
U0029,P0257,click,2025-03-16T06:13:00,2
U0045,P0410,save,2025-03-16T08:20:00,4
U0007,P0423,click,2025-03-16T09:02:00,2
U0029,P0368,view,2025-03-16T09:53:00,1
U0032,P0347,booking,2025-03-16T10:42:00,10
U0084,P0399,view,2025-03-16T11:38:00,1
U0055,P0167,view,2025-03-16T12:03:00,1
U0069,P0095,view,2025-03-16T12:04:00,1
U0030,P0126,click,2025-03-16T13:01:00,2
U0017,P0156,visit,2025-03-16T14:02:00,8
U0089,P0321,click,2025-03-16T17:23:00,2
U0039,P0288,view,2025-03-16T20:31:00,1
U0017,P0388,click,2025-03-16T20:59:00,2
U0048,P0113,save,2025-03-16T20:59:00,4
U0017,P0087,view,2025-03-16T23:01:00,1
U0014,P0140,view,2025-03-16T23:46:00,1
U0067,P0160,view,2025-03-17T00:22:00,1
U0093,P0285,visit,2025-03-17T00:46:00,8
U0018,P0055,view,2025-03-17T01:41:00,1
U0097,P0064,click,2025-03-17T03:00:00,2
U0056,P0399,view,2025-03-17T03:05:00,1
U0034,P0088,visit,2025-03-17T03:06:00,8
U0023,P0370,share,2025-03-17T03:22:00,5
U0011,P0141,click,2025-03-17T03:48:00,2
U0038,P0296,click,2025-03-17T04:10:00,2
U0041,P0289,dismiss,2025-03-17T06:19:00,-3
U0063,P0263,click,2025-03-17T07:31:00,2
U0061,P0444,save,2025-03-17T07:57:00,4
U0017,P0359,click,2025-03-17T09:00:00,2
U0063,P0141,view,2025-03-17T10:32:00,1
U0049,P0083,click,2025-03-17T10:43:00,2
U0090,P0136,click,2025-03-17T10:51:00,2
U0029,P0145,click,2025-03-17T12:27:00,2
U0076,P0421,click,2025-03-17T12:52:00,2
U0092,P0495,save,2025-03-17T14:15:00,4
U0068,P0005,booking,2025-03-17T14:15:00,10
U0045,P0045,click,2025-03-17T14:40:00,2
U0021,P0459,click,2025-03-17T15:09:00,2
U0040,P0306,view,2025-03-17T18:00:00,1
U0036,P0232,share,2025-03-17T18:31:00,5
U0004,P0137,visit,2025-03-17T19:00:00,8
U0051,P0467,view,2025-03-17T19:42:00,1
U0076,P0183,visit,2025-03-17T20:55:00,8
U0019,P0371,view,2025-03-17T21:09:00,1
U0087,P0284,save,2025-03-17T22:39:00,4
U0072,P0016,view,2025-03-17T22:43:00,1
U0067,P0093,save,2025-03-17T22:54:00,4
U0050,P0143,view,2025-03-17T23:41:00,1
U0050,P0369,click,2025-03-18T00:20:00,2
U0039,P0364,view,2025-03-18T00:21:00,1
U0099,P0171,visit,2025-03-18T00:32:00,8
U0055,P0249,click,2025-03-18T00:51:00,2
U0087,P0249,click,2025-03-18T00:55:00,2
U0097,P0361,dismiss,2025-03-18T01:02:00,-3
U0023,P0414,visit,2025-03-18T01:14:00,8
U0056,P0187,share,2025-03-18T02:22:00,5
U0044,P0335,booking,2025-03-18T03:59:00,10
U0010,P0302,view,2025-03-18T05:59:00,1
U0087,P0216,dismiss,2025-03-18T07:47:00,-3
U0068,P0164,save,2025-03-18T08:15:00,4
U0051,P0226,view,2025-03-18T08:32:00,1
U0086,P0277,share,2025-03-18T09:00:00,5
U0005,P0391,click,2025-03-18T10:05:00,2
U0083,P0001,view,2025-03-18T10:40:00,1
U0051,P0089,click,2025-03-18T11:20:00,2
U0068,P0457,visit,2025-03-18T12:09:00,8
U0036,P0249,click,2025-03-18T12:48:00,2
U0091,P0417,view,2025-03-18T16:36:00,1
U0012,P0286,share,2025-03-18T16:48:00,5
U0013,P0468,view,2025-03-18T17:57:00,1
U0003,P0413,click,2025-03-18T18:19:00,2
U0055,P0460,visit,2025-03-18T19:18:00,8
U0031,P0233,view,2025-03-18T20:09:00,1
U0029,P0279,view,2025-03-18T20:46:00,1
U0036,P0279,click,2025-03-19T00:37:00,2
U0037,P0217,click,2025-03-19T01:20:00,2
U0073,P0123,click,2025-03-19T01:33:00,2
U0055,P0315,view,2025-03-19T03:13:00,1
U0037,P0464,save,2025-03-19T03:47:00,4
U0012,P0165,view,2025-03-19T04:12:00,1
U0075,P0021,view,2025-03-19T04:31:00,1
U0068,P0151,view,2025-03-19T04:41:00,1
U0044,P0184,share,2025-03-19T05:26:00,5
U0082,P0270,view,2025-03-19T05:59:00,1
U0017,P0399,click,2025-03-19T06:06:00,2
U0100,P0090,view,2025-03-19T07:04:00,1
U0076,P0127,view,2025-03-19T07:37:00,1
U0039,P0372,visit,2025-03-19T09:19:00,8
U0063,P0087,share,2025-03-19T11:06:00,5
U0098,P0258,save,2025-03-19T12:42:00,4
U0082,P0147,visit,2025-03-19T13:00:00,8
U0048,P0255,save,2025-03-19T13:35:00,4
U0061,P0033,visit,2025-03-19T15:54:00,8
U0042,P0169,share,2025-03-19T17:39:00,5
U0042,P0441,view,2025-03-19T18:55:00,1
U0041,P0498,view,2025-03-19T20:21:00,1
U0061,P0494,visit,2025-03-19T20:44:00,8
U0073,P0236,view,2025-03-19T20:53:00,1
U0070,P0228,dismiss,2025-03-19T21:54:00,-3
U0064,P0050,view,2025-03-19T22:25:00,1
U0024,P0483,visit,2025-03-19T22:55:00,8
U0078,P0029,click,2025-03-20T00:25:00,2
U0088,P0406,share,2025-03-20T01:26:00,5
U0017,P0196,save,2025-03-20T01:43:00,4
U0060,P0267,view,2025-03-20T02:36:00,1
U0100,P0035,view,2025-03-20T02:42:00,1
U0064,P0388,booking,2025-03-20T03:43:00,10
U0097,P0324,view,2025-03-20T05:55:00,1
U0046,P0359,view,2025-03-20T06:04:00,1
U0012,P0460,share,2025-03-20T06:44:00,5
U0076,P0322,click,2025-03-20T07:08:00,2
U0006,P0420,visit,2025-03-20T09:10:00,8
U0078,P0070,click,2025-03-20T09:12:00,2
U0100,P0221,view,2025-03-20T10:19:00,1
U0099,P0149,view,2025-03-20T10:21:00,1
U0048,P0329,visit,2025-03-20T12:21:00,8
U0090,P0222,share,2025-03-20T12:52:00,5
U0051,P0202,click,2025-03-20T13:06:00,2
U0094,P0058,click,2025-03-20T14:20:00,2
U0027,P0250,dismiss,2025-03-20T14:22:00,-3
U0044,P0172,click,2025-03-20T14:34:00,2
U0019,P0263,view,2025-03-20T15:48:00,1
U0061,P0483,save,2025-03-20T16:49:00,4
U0048,P0300,view,2025-03-20T17:59:00,1
U0089,P0375,view,2025-03-20T18:43:00,1
U0005,P0438,visit,2025-03-20T20:04:00,8
U0076,P0474,view,2025-03-21T00:43:00,1
U0049,P0245,view,2025-03-21T01:05:00,1
U0060,P0148,visit,2025-03-21T01:16:00,8
U0087,P0136,save,2025-03-21T02:16:00,4
U0015,P0146,view,2025-03-21T03:07:00,1
U0048,P0382,view,2025-03-21T04:15:00,1
U0073,P0144,visit,2025-03-21T04:25:00,8
U0001,P0184,dismiss,2025-03-21T06:48:00,-3
U0004,P0391,click,2025-03-21T13:41:00,2
U0032,P0446,view,2025-03-21T15:09:00,1
U0010,P0058,click,2025-03-21T17:20:00,2
U0073,P0041,click,2025-03-21T18:58:00,2
U0039,P0398,visit,2025-03-21T19:37:00,8
U0093,P0171,click,2025-03-21T20:12:00,2
U0044,P0361,click,2025-03-21T20:25:00,2
U0081,P0256,click,2025-03-21T22:03:00,2
U0046,P0302,view,2025-03-21T22:57:00,1
U0040,P0106,save,2025-03-21T23:51:00,4
U0017,P0326,share,2025-03-22T00:22:00,5
U0004,P0388,save,2025-03-22T02:28:00,4
U0062,P0350,click,2025-03-22T03:00:00,2
U0027,P0401,view,2025-03-22T03:08:00,1
U0051,P0063,save,2025-03-22T06:04:00,4
U0061,P0030,share,2025-03-22T06:23:00,5
U0052,P0367,view,2025-03-22T06:38:00,1
U0003,P0176,view,2025-03-22T07:11:00,1
U0010,P0339,click,2025-03-22T08:49:00,2
U0035,P0235,dismiss,2025-03-22T09:04:00,-3
U0014,P0053,view,2025-03-22T11:38:00,1
U0007,P0480,share,2025-03-22T13:41:00,5
U0061,P0247,click,2025-03-22T13:52:00,2
U0016,P0272,click,2025-03-22T15:05:00,2
U0056,P0001,view,2025-03-22T16:57:00,1
U0025,P0467,view,2025-03-22T17:23:00,1
U0058,P0473,share,2025-03-22T18:13:00,5
U0080,P0363,click,2025-03-22T19:08:00,2
U0024,P0023,save,2025-03-22T19:31:00,4
U0077,P0076,view,2025-03-22T20:11:00,1
U0044,P0119,click,2025-03-22T21:24:00,2
U0074,P0456,visit,2025-03-22T22:12:00,8
U0011,P0087,save,2025-03-22T23:27:00,4
U0006,P0449,save,2025-03-23T00:09:00,4
U0099,P0377,save,2025-03-23T00:13:00,4
U0029,P0157,save,2025-03-23T00:35:00,4
U0075,P0305,save,2025-03-23T00:53:00,4
U0050,P0328,view,2025-03-23T01:50:00,1
U0046,P0140,visit,2025-03-23T03:03:00,8
U0097,P0104,save,2025-03-23T03:35:00,4
U0014,P0254,visit,2025-03-23T05:36:00,8
U0076,P0075,view,2025-03-23T06:00:00,1
U0063,P0427,share,2025-03-23T06:12:00,5
U0059,P0162,booking,2025-03-23T06:36:00,10
U0035,P0327,view,2025-03-23T11:32:00,1
U0058,P0009,view,2025-03-23T12:38:00,1
U0097,P0296,view,2025-03-23T14:15:00,1
U0072,P0007,view,2025-03-23T15:07:00,1
U0045,P0316,view,2025-03-23T15:42:00,1
U0012,P0109,share,2025-03-23T15:50:00,5
U0068,P0479,view,2025-03-23T18:03:00,1
U0046,P0263,click,2025-03-23T18:08:00,2
U0032,P0382,click,2025-03-23T18:25:00,2
U0050,P0064,view,2025-03-23T18:35:00,1
U0040,P0066,click,2025-03-23T18:40:00,2
U0063,P0280,click,2025-03-23T19:47:00,2
U0062,P0040,dismiss,2025-03-23T21:00:00,-3
U0056,P0452,view,2025-03-23T21:42:00,1
U0020,P0264,view,2025-03-23T21:59:00,1
U0002,P0497,click,2025-03-23T23:55:00,2
U0057,P0306,click,2025-03-24T05:07:00,2
U0014,P0371,save,2025-03-24T05:14:00,4
U0042,P0339,dismiss,2025-03-24T06:35:00,-3
U0042,P0012,dismiss,2025-03-24T07:25:00,-3
U0069,P0340,view,2025-03-24T07:46:00,1
U0099,P0486,view,2025-03-24T09:19:00,1
U0013,P0256,view,2025-03-24T09:43:00,1
U0003,P0386,dismiss,2025-03-24T10:26:00,-3
U0006,P0376,view,2025-03-24T10:59:00,1
U0036,P0228,visit,2025-03-24T11:02:00,8
U0037,P0116,dismiss,2025-03-24T11:21:00,-3
U0044,P0324,view,2025-03-24T11:47:00,1
U0093,P0494,share,2025-03-24T12:30:00,5
U0035,P0477,click,2025-03-24T13:52:00,2
U0064,P0395,click,2025-03-24T13:53:00,2
U0062,P0089,view,2025-03-24T14:26:00,1
U0055,P0003,view,2025-03-24T15:14:00,1
U0084,P0499,booking,2025-03-24T16:07:00,10
U0024,P0045,click,2025-03-24T19:13:00,2
U0077,P0255,view,2025-03-24T19:58:00,1
U0080,P0107,visit,2025-03-24T20:39:00,8
U0023,P0430,save,2025-03-24T22:16:00,4
U0032,P0121,save,2025-03-24T22:27:00,4
U0043,P0285,visit,2025-03-24T23:12:00,8
U0025,P0089,click,2025-03-24T23:34:00,2
U0063,P0338,dismiss,2025-03-25T00:23:00,-3
U0048,P0261,dismiss,2025-03-25T01:16:00,-3
U0097,P0238,visit,2025-03-25T03:24:00,8
U0025,P0297,view,2025-03-25T04:32:00,1
U0060,P0183,save,2025-03-25T04:36:00,4
U0054,P0339,visit,2025-03-25T04:59:00,8
U0063,P0332,view,2025-03-25T05:42:00,1
U0005,P0296,share,2025-03-25T05:53:00,5
U0002,P0053,view,2025-03-25T05:56:00,1
U0091,P0107,visit,2025-03-25T07:12:00,8
U0099,P0095,click,2025-03-25T08:02:00,2
U0031,P0243,view,2025-03-25T09:21:00,1
U0073,P0277,visit,2025-03-25T10:14:00,8
U0049,P0344,view,2025-03-25T11:06:00,1
U0046,P0080,share,2025-03-25T11:42:00,5
U0001,P0427,share,2025-03-25T14:24:00,5
U0064,P0441,view,2025-03-25T14:48:00,1
U0058,P0282,view,2025-03-25T16:15:00,1
U0021,P0340,view,2025-03-25T17:19:00,1
U0070,P0387,view,2025-03-25T18:27:00,1
U0064,P0390,visit,2025-03-25T19:16:00,8
U0096,P0249,visit,2025-03-25T22:21:00,8
U0049,P0040,booking,2025-03-25T22:30:00,10
U0092,P0166,view,2025-03-25T23:19:00,1
U0092,P0172,share,2025-03-26T00:57:00,5
U0098,P0253,dismiss,2025-03-26T01:18:00,-3
U0077,P0451,view,2025-03-26T02:32:00,1
U0013,P0389,save,2025-03-26T02:48:00,4
U0070,P0065,click,2025-03-26T05:49:00,2
U0033,P0342,dismiss,2025-03-26T06:46:00,-3
U0014,P0110,dismiss,2025-03-26T07:04:00,-3
U0027,P0255,view,2025-03-26T08:13:00,1
U0081,P0044,click,2025-03-26T08:52:00,2
U0049,P0181,click,2025-03-26T09:21:00,2
U0089,P0239,view,2025-03-26T10:13:00,1
U0007,P0123,view,2025-03-26T10:54:00,1
U0052,P0086,visit,2025-03-26T12:48:00,8
U0013,P0082,view,2025-03-26T15:08:00,1
U0046,P0403,click,2025-03-26T15:30:00,2
U0018,P0244,click,2025-03-26T18:38:00,2
U0100,P0171,save,2025-03-26T19:05:00,4
U0072,P0032,click,2025-03-26T19:26:00,2
U0056,P0500,view,2025-03-26T19:42:00,1
U0092,P0254,click,2025-03-26T19:55:00,2
U0011,P0359,click,2025-03-26T19:56:00,2
U0053,P0299,click,2025-03-26T21:06:00,2
U0025,P0144,visit,2025-03-26T22:01:00,8
U0087,P0161,view,2025-03-26T22:14:00,1
U0085,P0439,save,2025-03-26T23:08:00,4
U0005,P0338,dismiss,2025-03-26T23:28:00,-3
U0051,P0164,save,2025-03-26T23:51:00,4
U0063,P0403,dismiss,2025-03-27T00:55:00,-3
U0048,P0167,save,2025-03-27T01:30:00,4
U0090,P0451,view,2025-03-27T02:16:00,1
U0009,P0312,save,2025-03-27T02:36:00,4
U0036,P0026,click,2025-03-27T03:26:00,2
U0066,P0416,click,2025-03-27T03:28:00,2
U0054,P0248,view,2025-03-27T04:31:00,1
U0024,P0282,click,2025-03-27T04:47:00,2
U0096,P0382,visit,2025-03-27T05:07:00,8
U0099,P0117,view,2025-03-27T06:47:00,1
U0067,P0186,view,2025-03-27T06:47:00,1
U0048,P0379,view,2025-03-27T07:01:00,1
U0051,P0146,booking,2025-03-27T08:45:00,10
U0091,P0122,view,2025-03-27T09:12:00,1
U0042,P0046,save,2025-03-27T11:10:00,4
U0054,P0359,view,2025-03-27T11:18:00,1
U0091,P0005,visit,2025-03-27T11:22:00,8
U0060,P0028,visit,2025-03-27T12:02:00,8
U0092,P0064,share,2025-03-27T12:24:00,5
U0084,P0367,view,2025-03-27T13:16:00,1
U0011,P0251,view,2025-03-27T13:31:00,1
U0094,P0156,click,2025-03-27T13:48:00,2
U0019,P0172,view,2025-03-27T14:25:00,1
U0028,P0046,click,2025-03-27T15:28:00,2
U0095,P0176,click,2025-03-27T15:33:00,2
U0082,P0173,view,2025-03-27T15:50:00,1
U0037,P0465,click,2025-03-27T17:13:00,2
U0073,P0015,save,2025-03-27T17:37:00,4
U0070,P0284,view,2025-03-27T17:41:00,1
U0039,P0243,click,2025-03-27T19:22:00,2
U0074,P0079,share,2025-03-27T19:50:00,5
U0060,P0195,click,2025-03-27T22:44:00,2
U0082,P0465,click,2025-03-27T23:31:00,2
U0055,P0225,view,2025-03-27T23:37:00,1
U0038,P0281,view,2025-03-28T00:13:00,1
U0023,P0259,click,2025-03-28T01:25:00,2
U0025,P0043,dismiss,2025-03-28T01:39:00,-3
U0022,P0211,booking,2025-03-28T02:23:00,10
U0005,P0332,view,2025-03-28T02:32:00,1
U0027,P0453,save,2025-03-28T02:42:00,4
U0071,P0398,view,2025-03-28T05:15:00,1
U0092,P0335,view,2025-03-28T05:27:00,1
U0050,P0495,view,2025-03-28T05:41:00,1
U0071,P0013,view,2025-03-28T09:28:00,1
U0071,P0353,click,2025-03-28T09:35:00,2
U0071,P0352,click,2025-03-28T11:19:00,2
U0028,P0318,click,2025-03-28T15:00:00,2
U0071,P0231,visit,2025-03-28T17:10:00,8
U0019,P0302,view,2025-03-28T18:03:00,1
U0059,P0498,click,2025-03-28T20:01:00,2
U0015,P0004,view,2025-03-28T21:02:00,1
U0002,P0371,click,2025-03-28T21:05:00,2
U0030,P0301,view,2025-03-28T21:59:00,1
U0064,P0272,visit,2025-03-28T22:00:00,8
U0042,P0392,save,2025-03-28T22:44:00,4
U0044,P0169,click,2025-03-28T23:59:00,2
U0038,P0320,click,2025-03-29T01:53:00,2
U0094,P0403,click,2025-03-29T02:17:00,2
U0008,P0406,click,2025-03-29T02:31:00,2
U0085,P0264,share,2025-03-29T03:24:00,5
U0053,P0352,save,2025-03-29T05:04:00,4
U0067,P0365,view,2025-03-29T05:05:00,1
U0053,P0309,click,2025-03-29T05:14:00,2
U0053,P0183,view,2025-03-29T06:22:00,1
U0048,P0128,view,2025-03-29T08:32:00,1
U0034,P0496,visit,2025-03-29T10:43:00,8
U0051,P0067,share,2025-03-29T11:02:00,5
U0095,P0386,dismiss,2025-03-29T11:36:00,-3
U0072,P0060,share,2025-03-29T12:37:00,5
U0049,P0126,booking,2025-03-29T12:52:00,10
U0070,P0157,view,2025-03-29T14:55:00,1
U0020,P0295,click,2025-03-29T18:04:00,2
U0020,P0213,share,2025-03-29T18:35:00,5
U0070,P0052,visit,2025-03-29T19:02:00,8
U0033,P0025,view,2025-03-29T19:20:00,1
U0064,P0328,click,2025-03-29T19:55:00,2
U0039,P0342,click,2025-03-29T21:24:00,2
U0006,P0266,visit,2025-03-29T21:39:00,8
U0012,P0257,visit,2025-03-29T21:56:00,8
U0070,P0368,view,2025-03-30T00:10:00,1
U0068,P0443,dismiss,2025-03-30T00:25:00,-3
U0056,P0020,view,2025-03-30T01:16:00,1
U0055,P0489,visit,2025-03-30T01:56:00,8
U0047,P0459,view,2025-03-30T03:46:00,1
U0063,P0359,visit,2025-03-30T05:09:00,8
U0088,P0415,view,2025-03-30T05:16:00,1
U0066,P0492,view,2025-03-30T05:32:00,1
U0086,P0378,save,2025-03-30T05:36:00,4
U0071,P0103,share,2025-03-30T05:55:00,5
U0041,P0126,view,2025-03-30T05:59:00,1
U0033,P0253,click,2025-03-30T06:43:00,2
U0063,P0291,visit,2025-03-30T07:47:00,8
U0071,P0465,view,2025-03-30T09:44:00,1
U0020,P0071,view,2025-03-30T10:04:00,1
U0069,P0094,click,2025-03-30T10:16:00,2
U0089,P0267,view,2025-03-30T11:23:00,1
U0054,P0405,view,2025-03-30T11:39:00,1
U0095,P0070,view,2025-03-30T12:03:00,1
U0007,P0314,dismiss,2025-03-30T14:58:00,-3
U0010,P0169,view,2025-03-30T15:49:00,1
U0042,P0158,view,2025-03-30T15:54:00,1
U0060,P0356,save,2025-03-30T16:17:00,4
U0058,P0149,click,2025-03-30T16:55:00,2
U0009,P0450,view,2025-03-30T17:10:00,1
U0071,P0177,click,2025-03-30T17:26:00,2
U0034,P0135,view,2025-03-30T18:27:00,1
U0028,P0399,booking,2025-03-30T18:35:00,10
U0061,P0340,share,2025-03-31T00:18:00,5
U0046,P0447,click,2025-03-31T00:36:00,2
U0077,P0032,share,2025-03-31T01:08:00,5
U0053,P0217,visit,2025-03-31T02:36:00,8
U0004,P0332,share,2025-03-31T03:42:00,5
U0057,P0186,save,2025-03-31T04:18:00,4
U0018,P0305,share,2025-03-31T06:21:00,5
U0068,P0211,click,2025-03-31T06:57:00,2
U0058,P0178,view,2025-03-31T08:08:00,1
U0028,P0254,click,2025-03-31T08:24:00,2
U0044,P0499,share,2025-03-31T12:16:00,5
U0011,P0050,visit,2025-03-31T12:19:00,8
U0014,P0050,click,2025-03-31T12:41:00,2
U0080,P0125,save,2025-03-31T15:36:00,4
U0065,P0139,save,2025-03-31T17:04:00,4
U0046,P0110,view,2025-03-31T18:25:00,1
U0002,P0281,click,2025-03-31T19:36:00,2
U0020,P0098,view,2025-03-31T19:44:00,1
U0015,P0164,click,2025-03-31T20:31:00,2
U0085,P0049,click,2025-03-31T20:42:00,2
U0021,P0485,save,2025-03-31T22:44:00,4
U0084,P0391,visit,2025-03-31T23:15:00,8
U0035,P0415,click,2025-03-31T23:57:00,2
U0084,P0087,click,2025-04-01T00:08:00,2
U0098,P0364,save,2025-04-01T00:23:00,4
U0040,P0460,click,2025-04-01T01:38:00,2
U0027,P0286,view,2025-04-01T01:52:00,1
U0007,P0043,view,2025-04-01T01:53:00,1
U0032,P0315,view,2025-04-01T02:09:00,1
U0038,P0367,visit,2025-04-01T04:05:00,8
U0071,P0454,visit,2025-04-01T04:10:00,8
U0068,P0289,visit,2025-04-01T04:28:00,8
U0031,P0223,click,2025-04-01T08:01:00,2
U0034,P0210,click,2025-04-01T08:56:00,2
U0027,P0114,save,2025-04-01T09:07:00,4
U0048,P0165,save,2025-04-01T09:35:00,4
U0011,P0238,view,2025-04-01T10:03:00,1
U0078,P0075,view,2025-04-01T12:25:00,1
U0031,P0029,click,2025-04-01T12:43:00,2
U0061,P0310,booking,2025-04-01T13:56:00,10
U0037,P0343,dismiss,2025-04-01T14:20:00,-3
U0056,P0328,click,2025-04-01T15:18:00,2
U0093,P0397,click,2025-04-01T16:02:00,2
U0043,P0247,view,2025-04-01T16:09:00,1
U0086,P0349,view,2025-04-01T16:47:00,1
U0072,P0490,visit,2025-04-01T16:53:00,8
U0022,P0005,visit,2025-04-01T17:42:00,8
U0028,P0206,save,2025-04-01T19:15:00,4
U0005,P0172,click,2025-04-01T20:31:00,2
U0002,P0351,visit,2025-04-01T22:33:00,8
U0011,P0335,view,2025-04-01T23:00:00,1
U0057,P0160,view,2025-04-02T01:18:00,1
U0037,P0173,view,2025-04-02T01:26:00,1
U0051,P0122,view,2025-04-02T01:27:00,1
U0008,P0202,view,2025-04-02T03:58:00,1
U0043,P0292,click,2025-04-02T05:01:00,2
U0026,P0249,view,2025-04-02T06:01:00,1
U0038,P0140,view,2025-04-02T08:08:00,1
U0064,P0380,view,2025-04-02T08:15:00,1
U0074,P0163,view,2025-04-02T08:19:00,1
U0039,P0356,visit,2025-04-02T09:22:00,8
U0062,P0205,visit,2025-04-02T11:22:00,8
U0031,P0474,view,2025-04-02T13:33:00,1
U0039,P0075,click,2025-04-02T13:34:00,2
U0036,P0072,booking,2025-04-02T14:29:00,10
U0015,P0224,click,2025-04-02T15:20:00,2
U0089,P0018,view,2025-04-02T16:48:00,1
U0048,P0458,save,2025-04-02T17:07:00,4
U0033,P0470,click,2025-04-02T21:36:00,2
U0085,P0099,click,2025-04-02T23:55:00,2
U0042,P0019,share,2025-04-03T00:40:00,5
U0055,P0232,click,2025-04-03T01:07:00,2
U0096,P0261,visit,2025-04-03T01:20:00,8
U0033,P0270,view,2025-04-03T02:04:00,1
U0012,P0250,view,2025-04-03T02:31:00,1
U0041,P0164,click,2025-04-03T03:01:00,2
U0047,P0178,view,2025-04-03T03:23:00,1
U0065,P0389,click,2025-04-03T03:38:00,2
U0064,P0345,visit,2025-04-03T03:39:00,8
U0076,P0124,visit,2025-04-03T03:59:00,8
U0056,P0388,dismiss,2025-04-03T06:24:00,-3
U0060,P0496,save,2025-04-03T06:27:00,4
U0036,P0068,visit,2025-04-03T08:49:00,8
U0037,P0375,visit,2025-04-03T09:53:00,8
U0067,P0446,click,2025-04-03T12:39:00,2
U0025,P0091,view,2025-04-03T13:01:00,1
U0023,P0038,view,2025-04-03T13:50:00,1
U0036,P0269,click,2025-04-03T14:00:00,2
U0031,P0042,save,2025-04-03T14:11:00,4
U0057,P0093,click,2025-04-03T14:27:00,2
U0096,P0105,save,2025-04-03T14:28:00,4
U0019,P0317,save,2025-04-03T16:55:00,4
U0006,P0409,visit,2025-04-03T17:18:00,8
U0051,P0325,click,2025-04-03T17:56:00,2
U0015,P0091,view,2025-04-03T18:08:00,1
U0087,P0469,view,2025-04-03T18:45:00,1
U0035,P0005,click,2025-04-03T18:45:00,2
U0071,P0134,visit,2025-04-03T19:02:00,8
U0018,P0173,dismiss,2025-04-03T19:14:00,-3
U0039,P0111,save,2025-04-03T21:18:00,4
U0085,P0057,share,2025-04-03T23:09:00,5
U0086,P0336,view,2025-04-03T23:36:00,1
U0052,P0338,view,2025-04-04T00:45:00,1
U0023,P0336,save,2025-04-04T01:30:00,4
U0071,P0237,click,2025-04-04T01:56:00,2
U0068,P0122,view,2025-04-04T02:10:00,1
U0073,P0151,view,2025-04-04T07:21:00,1
U0092,P0452,save,2025-04-04T09:35:00,4
U0059,P0443,view,2025-04-04T11:51:00,1
U0092,P0260,visit,2025-04-04T12:19:00,8
U0063,P0346,view,2025-04-04T12:27:00,1
U0034,P0454,view,2025-04-04T12:50:00,1
U0023,P0385,share,2025-04-04T12:56:00,5
U0089,P0244,click,2025-04-04T13:16:00,2
U0052,P0129,save,2025-04-04T13:36:00,4
U0067,P0387,view,2025-04-04T13:41:00,1
U0030,P0354,click,2025-04-04T14:22:00,2
U0059,P0246,click,2025-04-04T14:57:00,2
U0028,P0187,click,2025-04-04T16:07:00,2
U0015,P0301,dismiss,2025-04-04T16:17:00,-3
U0043,P0323,save,2025-04-04T17:13:00,4
U0076,P0210,click,2025-04-04T18:13:00,2
U0091,P0102,booking,2025-04-04T20:45:00,10
U0054,P0019,dismiss,2025-04-04T21:06:00,-3
U0040,P0008,view,2025-04-04T22:59:00,1
U0097,P0080,visit,2025-04-04T23:04:00,8
U0025,P0417,click,2025-04-04T23:31:00,2
U0036,P0106,share,2025-04-04T23:49:00,5
U0059,P0370,click,2025-04-04T23:52:00,2
U0016,P0361,save,2025-04-05T00:39:00,4
U0062,P0301,view,2025-04-05T01:30:00,1
U0071,P0305,booking,2025-04-05T02:30:00,10
U0065,P0364,share,2025-04-05T02:59:00,5
U0080,P0479,click,2025-04-05T04:02:00,2
U0009,P0234,booking,2025-04-05T05:40:00,10
U0021,P0071,share,2025-04-05T06:35:00,5
U0052,P0050,view,2025-04-05T06:52:00,1
U0043,P0416,view,2025-04-05T08:25:00,1
U0030,P0417,view,2025-04-05T08:31:00,1
U0073,P0431,dismiss,2025-04-05T09:54:00,-3
U0080,P0457,click,2025-04-05T10:24:00,2
U0011,P0196,visit,2025-04-05T11:56:00,8
U0079,P0232,visit,2025-04-05T12:04:00,8
U0090,P0138,click,2025-04-05T14:10:00,2
U0022,P0150,click,2025-04-05T14:43:00,2
U0023,P0240,booking,2025-04-05T20:28:00,10
U0072,P0200,save,2025-04-05T20:41:00,4
U0078,P0268,click,2025-04-05T21:11:00,2
U0080,P0126,booking,2025-04-05T22:37:00,10
U0039,P0070,view,2025-04-05T23:16:00,1
U0007,P0122,share,2025-04-06T00:47:00,5
U0082,P0025,view,2025-04-06T03:18:00,1
U0024,P0247,visit,2025-04-06T06:11:00,8
U0017,P0351,visit,2025-04-06T06:32:00,8
U0097,P0196,visit,2025-04-06T07:05:00,8
U0048,P0227,click,2025-04-06T07:26:00,2
U0095,P0333,click,2025-04-06T10:11:00,2
U0061,P0425,visit,2025-04-06T10:29:00,8
U0009,P0396,save,2025-04-06T10:53:00,4
U0033,P0466,visit,2025-04-06T11:15:00,8
U0066,P0408,view,2025-04-06T11:22:00,1
U0074,P0062,view,2025-04-06T12:02:00,1
U0021,P0276,save,2025-04-06T12:18:00,4
U0061,P0094,visit,2025-04-06T12:38:00,8
U0059,P0144,view,2025-04-06T13:05:00,1
U0069,P0376,click,2025-04-06T14:18:00,2
U0064,P0212,share,2025-04-06T14:47:00,5
U0016,P0484,view,2025-04-06T17:22:00,1
U0061,P0341,visit,2025-04-06T18:46:00,8
U0094,P0484,share,2025-04-06T20:25:00,5
U0037,P0210,share,2025-04-06T23:31:00,5
U0062,P0467,view,2025-04-07T00:32:00,1
U0021,P0408,share,2025-04-07T02:01:00,5
U0016,P0053,dismiss,2025-04-07T02:11:00,-3
U0099,P0397,view,2025-04-07T02:51:00,1
U0097,P0391,click,2025-04-07T04:08:00,2
U0081,P0013,click,2025-04-07T04:16:00,2
U0012,P0368,save,2025-04-07T05:58:00,4
U0098,P0389,view,2025-04-07T07:29:00,1
U0086,P0054,view,2025-04-07T08:26:00,1
U0087,P0076,save,2025-04-07T10:38:00,4
U0043,P0204,visit,2025-04-07T11:34:00,8
U0028,P0391,click,2025-04-07T13:10:00,2
U0097,P0187,click,2025-04-07T13:37:00,2
U0096,P0186,visit,2025-04-07T14:37:00,8
U0025,P0015,save,2025-04-07T15:32:00,4
U0050,P0137,share,2025-04-07T15:35:00,5
U0051,P0175,view,2025-04-07T16:41:00,1
U0026,P0113,visit,2025-04-07T17:18:00,8
U0083,P0166,view,2025-04-07T17:23:00,1
U0030,P0362,view,2025-04-07T18:40:00,1
U0071,P0075,click,2025-04-07T18:48:00,2
U0085,P0045,save,2025-04-07T21:44:00,4
U0028,P0260,view,2025-04-08T00:00:00,1
U0007,P0084,view,2025-04-08T00:28:00,1
U0008,P0211,save,2025-04-08T01:17:00,4
U0034,P0231,dismiss,2025-04-08T01:37:00,-3
U0041,P0235,click,2025-04-08T02:49:00,2
U0052,P0488,click,2025-04-08T03:11:00,2
U0020,P0094,save,2025-04-08T04:02:00,4
U0064,P0320,click,2025-04-08T04:42:00,2
U0035,P0240,click,2025-04-08T06:36:00,2
U0097,P0335,booking,2025-04-08T06:45:00,10
U0086,P0479,dismiss,2025-04-08T06:51:00,-3
U0030,P0063,save,2025-04-08T09:02:00,4
U0020,P0394,click,2025-04-08T09:44:00,2
U0073,P0004,view,2025-04-08T09:46:00,1
U0095,P0299,save,2025-04-08T10:32:00,4
U0046,P0367,click,2025-04-08T13:47:00,2
U0055,P0136,visit,2025-04-08T13:59:00,8
U0087,P0440,click,2025-04-08T14:47:00,2
U0088,P0443,share,2025-04-08T17:29:00,5
U0042,P0001,view,2025-04-08T18:19:00,1
U0073,P0327,view,2025-04-08T19:05:00,1
U0004,P0010,view,2025-04-08T19:16:00,1
U0093,P0312,view,2025-04-08T21:13:00,1
U0030,P0034,view,2025-04-08T23:00:00,1
U0008,P0041,click,2025-04-08T23:07:00,2
U0038,P0307,click,2025-04-08T23:48:00,2
U0085,P0023,click,2025-04-09T00:05:00,2
U0020,P0456,share,2025-04-09T00:46:00,5
U0052,P0080,view,2025-04-09T01:33:00,1
U0003,P0059,view,2025-04-09T06:47:00,1
U0070,P0269,view,2025-04-09T07:13:00,1
U0047,P0439,visit,2025-04-09T10:33:00,8
U0097,P0403,click,2025-04-09T10:42:00,2
U0049,P0417,click,2025-04-09T11:04:00,2
U0086,P0350,visit,2025-04-09T14:02:00,8
U0024,P0487,save,2025-04-09T15:22:00,4
U0057,P0152,visit,2025-04-09T16:51:00,8
U0095,P0027,share,2025-04-09T16:54:00,5
U0039,P0258,view,2025-04-09T18:16:00,1
U0075,P0337,click,2025-04-09T18:33:00,2
U0072,P0286,dismiss,2025-04-09T18:37:00,-3
U0097,P0438,click,2025-04-09T18:46:00,2
U0086,P0314,view,2025-04-09T19:34:00,1
U0015,P0092,click,2025-04-10T01:50:00,2
U0060,P0013,visit,2025-04-10T01:57:00,8
U0096,P0315,click,2025-04-10T03:21:00,2
U0066,P0276,view,2025-04-10T04:43:00,1
U0052,P0307,view,2025-04-10T05:56:00,1
U0070,P0287,view,2025-04-10T07:12:00,1
U0054,P0424,click,2025-04-10T09:40:00,2
U0052,P0403,click,2025-04-10T10:19:00,2
U0058,P0023,click,2025-04-10T10:19:00,2
U0014,P0272,visit,2025-04-10T10:31:00,8
U0034,P0021,visit,2025-04-10T12:40:00,8
U0058,P0242,share,2025-04-10T13:26:00,5
U0083,P0137,share,2025-04-10T14:41:00,5
U0021,P0407,view,2025-04-10T15:20:00,1
U0012,P0026,click,2025-04-10T16:07:00,2
U0045,P0163,view,2025-04-10T16:51:00,1
U0088,P0122,click,2025-04-10T17:24:00,2
U0036,P0003,save,2025-04-10T18:18:00,4
U0090,P0186,view,2025-04-10T19:00:00,1
U0038,P0395,view,2025-04-10T20:39:00,1
U0002,P0010,view,2025-04-10T22:44:00,1
U0029,P0154,click,2025-04-10T22:54:00,2
U0044,P0390,click,2025-04-10T23:42:00,2
U0057,P0315,booking,2025-04-11T02:11:00,10
U0063,P0143,save,2025-04-11T06:18:00,4
U0035,P0349,view,2025-04-11T08:31:00,1
U0081,P0061,click,2025-04-11T09:57:00,2
U0008,P0467,view,2025-04-11T10:14:00,1
U0067,P0121,share,2025-04-11T13:34:00,5
U0034,P0025,view,2025-04-11T13:37:00,1
U0081,P0299,share,2025-04-11T13:40:00,5
U0035,P0162,save,2025-04-11T17:38:00,4
U0048,P0199,click,2025-04-11T19:45:00,2
U0100,P0407,view,2025-04-11T21:31:00,1
U0095,P0481,view,2025-04-11T21:59:00,1
U0060,P0024,visit,2025-04-11T22:00:00,8
U0064,P0426,save,2025-04-11T23:10:00,4
U0029,P0032,view,2025-04-11T23:41:00,1
U0010,P0077,click,2025-04-11T23:57:00,2
U0030,P0015,visit,2025-04-12T02:33:00,8
U0094,P0374,booking,2025-04-12T03:16:00,10
U0002,P0172,share,2025-04-12T04:01:00,5
U0001,P0212,view,2025-04-12T04:23:00,1
U0005,P0452,booking,2025-04-12T05:38:00,10
U0037,P0139,view,2025-04-12T05:53:00,1
U0053,P0465,view,2025-04-12T06:29:00,1
U0041,P0189,save,2025-04-12T06:49:00,4
U0082,P0070,click,2025-04-12T07:20:00,2
U0043,P0009,view,2025-04-12T09:40:00,1
U0022,P0015,save,2025-04-12T10:12:00,4
U0061,P0112,click,2025-04-12T12:39:00,2
U0009,P0203,share,2025-04-12T14:37:00,5
U0017,P0302,visit,2025-04-12T15:25:00,8
U0071,P0085,share,2025-04-12T16:27:00,5
U0039,P0147,view,2025-04-12T16:52:00,1
U0054,P0345,share,2025-04-12T16:53:00,5
U0092,P0001,view,2025-04-12T20:56:00,1
U0045,P0486,visit,2025-04-12T22:38:00,8
U0038,P0260,booking,2025-04-13T05:18:00,10
U0013,P0418,view,2025-04-13T06:39:00,1
U0043,P0475,click,2025-04-13T07:22:00,2
U0015,P0211,click,2025-04-13T07:47:00,2
U0065,P0381,save,2025-04-13T07:52:00,4
U0034,P0148,view,2025-04-13T08:08:00,1
U0071,P0188,share,2025-04-13T08:27:00,5
U0087,P0286,visit,2025-04-13T09:05:00,8
U0007,P0491,view,2025-04-13T09:20:00,1
U0043,P0197,view,2025-04-13T09:20:00,1
U0086,P0429,dismiss,2025-04-13T10:24:00,-3
U0061,P0396,booking,2025-04-13T12:02:00,10
U0100,P0408,view,2025-04-13T13:14:00,1
U0002,P0335,save,2025-04-13T14:22:00,4
U0072,P0199,click,2025-04-13T14:49:00,2
U0071,P0021,visit,2025-04-13T17:39:00,8
U0073,P0038,view,2025-04-13T19:33:00,1
U0087,P0379,click,2025-04-13T21:08:00,2
U0071,P0176,view,2025-04-13T22:06:00,1
U0001,P0064,view,2025-04-13T22:19:00,1
U0075,P0177,click,2025-04-13T22:46:00,2
U0050,P0129,view,2025-04-13T22:55:00,1
U0100,P0002,view,2025-04-14T00:32:00,1
U0094,P0158,save,2025-04-14T01:28:00,4
U0006,P0416,save,2025-04-14T01:50:00,4
U0062,P0297,visit,2025-04-14T03:38:00,8
U0017,P0296,save,2025-04-14T04:19:00,4
U0047,P0295,view,2025-04-14T04:19:00,1
U0031,P0021,click,2025-04-14T04:30:00,2
U0010,P0187,visit,2025-04-14T04:49:00,8
U0024,P0171,visit,2025-04-14T09:36:00,8
U0059,P0174,click,2025-04-14T09:51:00,2
U0020,P0397,save,2025-04-14T10:08:00,4
U0040,P0100,save,2025-04-14T11:42:00,4
U0062,P0235,share,2025-04-14T12:56:00,5
U0024,P0283,share,2025-04-14T14:26:00,5
U0082,P0464,share,2025-04-14T23:03:00,5
U0049,P0350,booking,2025-04-14T23:11:00,10
U0100,P0456,click,2025-04-15T01:50:00,2
U0046,P0330,click,2025-04-15T03:58:00,2
U0028,P0441,booking,2025-04-15T04:05:00,10
U0045,P0178,share,2025-04-15T04:18:00,5
U0081,P0210,share,2025-04-15T06:27:00,5
U0064,P0166,visit,2025-04-15T06:52:00,8
U0082,P0018,view,2025-04-15T07:20:00,1
U0072,P0300,click,2025-04-15T07:29:00,2
U0028,P0156,click,2025-04-15T07:32:00,2
U0036,P0052,visit,2025-04-15T10:36:00,8
U0008,P0056,view,2025-04-15T11:20:00,1
U0052,P0500,view,2025-04-15T11:24:00,1
U0034,P0468,view,2025-04-15T11:40:00,1
U0057,P0451,visit,2025-04-15T16:16:00,8
U0021,P0112,view,2025-04-15T16:40:00,1
U0073,P0067,click,2025-04-15T16:51:00,2
U0058,P0283,view,2025-04-15T17:41:00,1
U0054,P0335,click,2025-04-15T20:40:00,2
U0009,P0192,view,2025-04-16T01:36:00,1
U0027,P0228,view,2025-04-16T04:55:00,1
U0034,P0179,click,2025-04-16T05:50:00,2
U0096,P0446,view,2025-04-16T06:24:00,1
U0071,P0356,view,2025-04-16T06:50:00,1
U0044,P0280,visit,2025-04-16T07:13:00,8
U0027,P0249,click,2025-04-16T07:18:00,2
U0084,P0374,view,2025-04-16T08:26:00,1
U0027,P0261,view,2025-04-16T09:27:00,1
U0024,P0182,view,2025-04-16T11:10:00,1
U0081,P0337,visit,2025-04-16T12:00:00,8
U0026,P0120,view,2025-04-16T12:11:00,1
U0044,P0427,booking,2025-04-16T12:36:00,10
U0050,P0037,visit,2025-04-16T14:09:00,8
U0042,P0281,click,2025-04-16T14:09:00,2
U0009,P0099,click,2025-04-16T16:30:00,2
U0014,P0345,visit,2025-04-16T16:58:00,8
U0028,P0484,view,2025-04-16T17:03:00,1
U0047,P0416,view,2025-04-16T19:50:00,1
U0017,P0320,view,2025-04-16T20:08:00,1
U0046,P0390,visit,2025-04-16T22:25:00,8
U0072,P0154,click,2025-04-16T22:44:00,2
U0034,P0085,click,2025-04-16T23:05:00,2
U0039,P0231,dismiss,2025-04-17T00:50:00,-3
U0018,P0454,click,2025-04-17T01:11:00,2
U0060,P0454,booking,2025-04-17T01:17:00,10
U0087,P0490,click,2025-04-17T01:39:00,2
U0082,P0389,save,2025-04-17T04:31:00,4
U0070,P0306,click,2025-04-17T05:26:00,2
U0067,P0229,dismiss,2025-04-17T06:00:00,-3
U0041,P0336,click,2025-04-17T06:19:00,2
U0091,P0162,visit,2025-04-17T07:28:00,8
U0061,P0433,save,2025-04-17T08:08:00,4
U0097,P0193,view,2025-04-17T08:19:00,1
U0078,P0422,share,2025-04-17T08:34:00,5
U0077,P0078,click,2025-04-17T09:18:00,2
U0008,P0151,view,2025-04-17T10:19:00,1
U0044,P0351,booking,2025-04-17T12:26:00,10
U0066,P0192,click,2025-04-17T13:08:00,2
U0085,P0475,save,2025-04-17T13:16:00,4
U0010,P0303,click,2025-04-17T14:19:00,2
U0037,P0223,dismiss,2025-04-17T15:37:00,-3
U0018,P0309,visit,2025-04-17T19:26:00,8
U0003,P0127,click,2025-04-17T20:13:00,2
U0016,P0087,view,2025-04-17T20:31:00,1
U0085,P0071,visit,2025-04-17T20:52:00,8
U0082,P0217,share,2025-04-17T21:16:00,5
U0077,P0404,view,2025-04-17T23:28:00,1
U0069,P0283,click,2025-04-17T23:35:00,2
U0048,P0315,save,2025-04-18T00:04:00,4
U0054,P0001,dismiss,2025-04-18T02:33:00,-3
U0041,P0311,dismiss,2025-04-18T02:51:00,-3
U0012,P0255,view,2025-04-18T05:36:00,1
U0032,P0348,view,2025-04-18T06:43:00,1
U0038,P0388,view,2025-04-18T08:13:00,1
U0026,P0076,dismiss,2025-04-18T09:29:00,-3
U0091,P0215,click,2025-04-18T09:32:00,2
U0018,P0018,booking,2025-04-18T10:12:00,10
U0079,P0387,view,2025-04-18T10:12:00,1
U0086,P0414,share,2025-04-18T10:38:00,5
U0037,P0024,click,2025-04-18T11:34:00,2
U0089,P0223,click,2025-04-18T11:37:00,2
U0015,P0259,click,2025-04-18T12:37:00,2
U0002,P0129,click,2025-04-18T13:50:00,2
U0073,P0125,click,2025-04-18T14:02:00,2
U0080,P0417,save,2025-04-18T15:54:00,4
U0046,P0324,dismiss,2025-04-18T17:40:00,-3
U0093,P0149,click,2025-04-18T18:59:00,2
U0028,P0019,view,2025-04-18T23:25:00,1
U0017,P0400,dismiss,2025-04-18T23:34:00,-3
U0094,P0307,share,2025-04-19T02:01:00,5
U0014,P0238,view,2025-04-19T04:11:00,1
U0005,P0495,click,2025-04-19T04:48:00,2
U0058,P0118,view,2025-04-19T05:09:00,1
U0028,P0272,dismiss,2025-04-19T05:12:00,-3
U0017,P0137,view,2025-04-19T06:34:00,1
U0039,P0085,click,2025-04-19T09:27:00,2
U0080,P0164,view,2025-04-19T09:32:00,1
U0003,P0085,view,2025-04-19T11:51:00,1
U0098,P0342,visit,2025-04-19T14:18:00,8
U0085,P0294,visit,2025-04-19T16:54:00,8
U0060,P0239,view,2025-04-19T17:23:00,1
U0040,P0232,save,2025-04-19T18:19:00,4
U0050,P0019,view,2025-04-19T18:51:00,1
U0050,P0427,share,2025-04-19T19:42:00,5
U0001,P0012,dismiss,2025-04-19T20:31:00,-3
U0020,P0276,visit,2025-04-19T20:42:00,8
U0019,P0338,click,2025-04-19T21:11:00,2
U0078,P0465,save,2025-04-19T21:18:00,4
U0097,P0156,view,2025-04-19T22:21:00,1
U0066,P0099,click,2025-04-19T22:29:00,2
U0069,P0079,save,2025-04-19T22:47:00,4
U0012,P0232,view,2025-04-19T23:01:00,1
U0060,P0082,click,2025-04-19T23:08:00,2
U0066,P0292,view,2025-04-20T00:16:00,1
U0037,P0194,click,2025-04-20T00:27:00,2
U0055,P0229,view,2025-04-20T01:18:00,1
U0020,P0292,click,2025-04-20T01:37:00,2
U0047,P0487,visit,2025-04-20T03:11:00,8
U0078,P0470,view,2025-04-20T05:15:00,1
U0041,P0430,view,2025-04-20T05:20:00,1
U0090,P0255,save,2025-04-20T05:23:00,4
U0047,P0132,view,2025-04-20T06:42:00,1
U0080,P0349,view,2025-04-20T07:42:00,1
U0090,P0404,view,2025-04-20T07:51:00,1
U0090,P0121,visit,2025-04-20T12:58:00,8
U0094,P0441,view,2025-04-20T14:16:00,1
U0088,P0498,save,2025-04-20T16:01:00,4
U0022,P0314,share,2025-04-20T16:14:00,5
U0015,P0311,visit,2025-04-20T16:25:00,8
U0006,P0213,share,2025-04-20T19:18:00,5
U0089,P0116,view,2025-04-20T19:42:00,1
U0010,P0156,visit,2025-04-21T01:59:00,8
U0075,P0176,share,2025-04-21T04:08:00,5
U0046,P0281,save,2025-04-21T05:55:00,4
U0097,P0320,view,2025-04-21T07:41:00,1
U0081,P0042,booking,2025-04-21T08:43:00,10
U0023,P0445,share,2025-04-21T09:46:00,5
U0081,P0464,view,2025-04-21T11:03:00,1
U0074,P0230,save,2025-04-21T12:33:00,4
U0037,P0042,view,2025-04-21T13:03:00,1
U0029,P0109,save,2025-04-21T15:18:00,4
U0074,P0117,click,2025-04-21T18:02:00,2
U0093,P0099,view,2025-04-21T19:09:00,1
U0040,P0072,share,2025-04-21T19:31:00,5
U0065,P0073,save,2025-04-21T20:41:00,4
U0071,P0496,save,2025-04-21T20:55:00,4
U0043,P0002,save,2025-04-21T21:28:00,4
U0032,P0078,click,2025-04-21T21:41:00,2
U0085,P0493,save,2025-04-22T00:18:00,4
U0033,P0124,click,2025-04-22T00:20:00,2
U0099,P0485,visit,2025-04-22T01:08:00,8
U0077,P0026,click,2025-04-22T02:36:00,2
U0065,P0468,save,2025-04-22T03:10:00,4
U0091,P0378,view,2025-04-22T03:34:00,1
U0080,P0144,view,2025-04-22T04:47:00,1
U0054,P0455,view,2025-04-22T05:45:00,1
U0075,P0070,save,2025-04-22T06:04:00,4
U0100,P0159,view,2025-04-22T06:20:00,1
U0052,P0380,view,2025-04-22T08:57:00,1
U0064,P0361,save,2025-04-22T09:42:00,4
U0030,P0102,dismiss,2025-04-22T09:59:00,-3
U0061,P0045,booking,2025-04-22T12:33:00,10
U0082,P0244,view,2025-04-22T12:38:00,1
U0053,P0190,dismiss,2025-04-22T14:04:00,-3
U0012,P0249,click,2025-04-22T14:19:00,2
U0081,P0421,visit,2025-04-22T15:19:00,8
U0027,P0186,visit,2025-04-22T15:26:00,8
U0008,P0144,share,2025-04-22T16:29:00,5
U0062,P0133,visit,2025-04-22T18:42:00,8
U0089,P0253,save,2025-04-22T19:23:00,4
U0048,P0047,dismiss,2025-04-22T20:33:00,-3
U0084,P0358,click,2025-04-22T21:29:00,2
U0085,P0494,click,2025-04-22T21:41:00,2
U0071,P0139,view,2025-04-22T22:33:00,1
U0069,P0360,view,2025-04-23T00:00:00,1
U0001,P0403,view,2025-04-23T00:04:00,1
U0020,P0203,view,2025-04-23T02:30:00,1
U0034,P0293,click,2025-04-23T03:03:00,2
U0060,P0270,save,2025-04-23T04:08:00,4
U0001,P0020,view,2025-04-23T04:32:00,1
U0063,P0238,view,2025-04-23T06:16:00,1
U0037,P0470,booking,2025-04-23T10:40:00,10
U0053,P0353,dismiss,2025-04-23T13:15:00,-3
U0071,P0293,booking,2025-04-23T14:19:00,10
U0021,P0264,visit,2025-04-23T14:22:00,8
U0089,P0025,click,2025-04-23T14:47:00,2
U0020,P0273,click,2025-04-23T14:49:00,2
U0050,P0254,view,2025-04-23T14:57:00,1
U0014,P0328,visit,2025-04-23T15:14:00,8
U0076,P0029,booking,2025-04-23T20:30:00,10
U0081,P0389,share,2025-04-23T21:08:00,5
U0034,P0195,visit,2025-04-23T21:09:00,8
U0015,P0054,view,2025-04-23T21:44:00,1
U0051,P0301,view,2025-04-23T22:40:00,1
U0031,P0468,view,2025-04-23T23:17:00,1
U0079,P0060,view,2025-04-24T00:52:00,1
U0093,P0492,view,2025-04-24T01:49:00,1
U0080,P0378,visit,2025-04-24T02:20:00,8
U0096,P0076,save,2025-04-24T03:27:00,4
U0088,P0181,save,2025-04-24T04:42:00,4
U0065,P0342,dismiss,2025-04-24T06:07:00,-3
U0007,P0417,visit,2025-04-24T07:08:00,8
U0099,P0416,view,2025-04-24T08:40:00,1
U0033,P0088,dismiss,2025-04-24T09:12:00,-3
U0062,P0096,save,2025-04-24T09:45:00,4
U0054,P0374,share,2025-04-24T10:33:00,5
U0066,P0420,click,2025-04-24T11:05:00,2
U0068,P0096,click,2025-04-24T11:29:00,2
U0075,P0353,view,2025-04-24T18:16:00,1
U0028,P0280,click,2025-04-24T19:55:00,2
U0094,P0169,visit,2025-04-24T20:30:00,8
U0085,P0376,view,2025-04-24T22:12:00,1
U0043,P0360,view,2025-04-24T22:20:00,1
U0014,P0212,view,2025-04-24T22:47:00,1
U0008,P0277,save,2025-04-24T23:09:00,4
U0031,P0024,share,2025-04-25T00:14:00,5
U0062,P0314,visit,2025-04-25T01:37:00,8
U0006,P0384,view,2025-04-25T03:12:00,1
U0070,P0208,view,2025-04-25T03:55:00,1
U0040,P0068,view,2025-04-25T04:17:00,1
U0092,P0212,click,2025-04-25T06:21:00,2
U0052,P0405,view,2025-04-25T09:49:00,1
U0035,P0096,view,2025-04-25T09:59:00,1
U0089,P0237,click,2025-04-25T10:17:00,2
U0078,P0176,click,2025-04-25T10:17:00,2
U0064,P0303,save,2025-04-25T11:57:00,4
U0080,P0005,view,2025-04-25T13:42:00,1
U0014,P0495,visit,2025-04-25T16:25:00,8
U0082,P0134,visit,2025-04-25T17:55:00,8
U0036,P0448,click,2025-04-25T18:32:00,2
U0041,P0457,visit,2025-04-25T18:43:00,8
U0065,P0135,booking,2025-04-25T19:27:00,10
U0044,P0046,visit,2025-04-25T20:02:00,8
U0071,P0366,visit,2025-04-25T21:07:00,8
U0078,P0375,share,2025-04-25T21:32:00,5
U0026,P0382,click,2025-04-25T22:14:00,2
U0013,P0337,click,2025-04-25T23:41:00,2
U0093,P0207,dismiss,2025-04-25T23:44:00,-3
U0080,P0240,view,2025-04-26T01:17:00,1
U0005,P0303,click,2025-04-26T04:09:00,2
U0070,P0382,visit,2025-04-26T04:29:00,8
U0035,P0224,visit,2025-04-26T06:47:00,8
U0042,P0080,save,2025-04-26T08:08:00,4
U0047,P0033,visit,2025-04-26T08:26:00,8
U0099,P0276,save,2025-04-26T08:28:00,4
U0011,P0119,view,2025-04-26T08:36:00,1
U0092,P0156,share,2025-04-26T08:59:00,5
U0040,P0348,click,2025-04-26T09:13:00,2
U0067,P0216,view,2025-04-26T09:18:00,1
U0007,P0096,view,2025-04-26T09:49:00,1
U0073,P0240,visit,2025-04-26T13:05:00,8
U0030,P0133,share,2025-04-26T15:25:00,5
U0087,P0003,booking,2025-04-26T16:30:00,10
U0058,P0432,save,2025-04-26T18:28:00,4
U0095,P0305,view,2025-04-26T18:42:00,1
U0062,P0429,view,2025-04-26T18:56:00,1
U0022,P0133,view,2025-04-26T19:47:00,1
U0074,P0295,save,2025-04-26T19:57:00,4
U0090,P0269,visit,2025-04-26T21:10:00,8
U0031,P0244,view,2025-04-26T21:24:00,1
U0004,P0187,visit,2025-04-26T21:46:00,8
U0064,P0427,dismiss,2025-04-26T22:38:00,-3
U0029,P0232,click,2025-04-26T22:47:00,2
U0012,P0068,click,2025-04-26T22:56:00,2
U0096,P0068,booking,2025-04-27T00:43:00,10
U0040,P0199,visit,2025-04-27T00:54:00,8
U0036,P0404,view,2025-04-27T01:45:00,1
U0076,P0270,save,2025-04-27T03:36:00,4
U0055,P0106,click,2025-04-27T04:08:00,2
U0064,P0330,booking,2025-04-27T05:54:00,10
U0045,P0313,share,2025-04-27T06:31:00,5
U0091,P0191,dismiss,2025-04-27T07:11:00,-3
U0040,P0113,click,2025-04-27T07:37:00,2
U0051,P0417,view,2025-04-27T10:23:00,1
U0047,P0006,visit,2025-04-27T10:59:00,8
U0008,P0445,click,2025-04-27T11:35:00,2
U0090,P0469,share,2025-04-27T11:49:00,5
U0017,P0058,share,2025-04-27T13:15:00,5
U0090,P0214,click,2025-04-27T13:25:00,2
U0061,P0471,click,2025-04-27T13:27:00,2
U0059,P0301,dismiss,2025-04-27T14:03:00,-3
U0048,P0214,view,2025-04-27T14:16:00,1
U0092,P0426,save,2025-04-27T15:26:00,4
U0069,P0312,dismiss,2025-04-27T16:01:00,-3
U0063,P0391,view,2025-04-27T17:55:00,1
U0045,P0234,view,2025-04-27T18:10:00,1
U0059,P0319,view,2025-04-27T20:09:00,1
U0078,P0055,booking,2025-04-27T20:11:00,10
U0095,P0111,save,2025-04-27T21:11:00,4
U0046,P0488,click,2025-04-27T21:45:00,2
U0092,P0332,view,2025-04-27T22:09:00,1
U0085,P0482,click,2025-04-27T22:53:00,2
U0095,P0190,save,2025-04-27T23:29:00,4
U0057,P0404,view,2025-04-28T01:00:00,1
U0069,P0131,visit,2025-04-28T01:09:00,8
U0049,P0259,visit,2025-04-28T01:14:00,8
U0001,P0187,share,2025-04-28T02:57:00,5
U0060,P0299,visit,2025-04-28T04:42:00,8
U0058,P0485,click,2025-04-28T05:56:00,2
U0015,P0417,save,2025-04-28T06:53:00,4
U0037,P0190,save,2025-04-28T09:51:00,4
U0015,P0314,view,2025-04-28T10:26:00,1
U0065,P0418,click,2025-04-28T11:40:00,2
U0031,P0188,view,2025-04-28T12:05:00,1
U0094,P0141,click,2025-04-28T12:47:00,2
U0015,P0383,click,2025-04-28T14:50:00,2
U0069,P0433,click,2025-04-28T15:42:00,2
U0084,P0017,view,2025-04-28T16:58:00,1
U0053,P0124,view,2025-04-28T18:48:00,1
U0098,P0305,dismiss,2025-04-28T19:27:00,-3
U0037,P0496,booking,2025-04-28T20:49:00,10
U0074,P0304,visit,2025-04-28T21:46:00,8
U0083,P0317,visit,2025-04-28T21:59:00,8
U0045,P0295,visit,2025-04-28T22:37:00,8
U0057,P0411,view,2025-04-28T23:48:00,1
U0085,P0118,visit,2025-04-29T00:01:00,8
U0095,P0372,click,2025-04-29T00:03:00,2
U0016,P0275,share,2025-04-29T00:35:00,5
U0073,P0142,view,2025-04-29T00:36:00,1
U0035,P0041,click,2025-04-29T01:38:00,2
U0053,P0231,view,2025-04-29T02:59:00,1
U0051,P0123,view,2025-04-29T04:15:00,1
U0060,P0244,share,2025-04-29T07:26:00,5
U0037,P0243,click,2025-04-29T09:42:00,2
U0078,P0343,visit,2025-04-29T11:25:00,8
U0052,P0291,dismiss,2025-04-29T12:33:00,-3
U0009,P0098,view,2025-04-29T12:40:00,1
U0037,P0468,click,2025-04-29T14:23:00,2
U0067,P0278,booking,2025-04-29T14:52:00,10
U0021,P0486,click,2025-04-29T16:41:00,2
U0065,P0356,view,2025-04-29T17:14:00,1
U0007,P0180,dismiss,2025-04-29T17:47:00,-3
U0078,P0190,dismiss,2025-04-29T18:08:00,-3
U0080,P0246,view,2025-04-29T18:10:00,1
U0017,P0080,share,2025-04-29T19:14:00,5
U0022,P0429,visit,2025-04-29T20:08:00,8
U0091,P0327,view,2025-04-29T20:40:00,1
U0017,P0280,view,2025-04-29T21:01:00,1
U0042,P0395,click,2025-04-29T21:28:00,2
U0059,P0015,click,2025-04-29T21:48:00,2
U0046,P0332,view,2025-04-29T22:54:00,1
U0081,P0468,booking,2025-04-29T23:20:00,10
U0070,P0453,view,2025-04-29T23:25:00,1
U0044,P0380,view,2025-04-30T00:24:00,1
U0007,P0022,view,2025-04-30T01:06:00,1
U0014,P0391,click,2025-04-30T01:42:00,2
U0016,P0129,click,2025-04-30T02:09:00,2
U0080,P0226,booking,2025-04-30T02:24:00,10
U0084,P0169,share,2025-04-30T02:38:00,5
U0059,P0226,click,2025-04-30T03:05:00,2
U0036,P0032,save,2025-04-30T03:41:00,4
U0056,P0019,dismiss,2025-04-30T05:48:00,-3
U0017,P0001,click,2025-04-30T06:43:00,2
U0041,P0211,view,2025-04-30T06:49:00,1
U0100,P0323,click,2025-04-30T08:51:00,2
U0068,P0311,click,2025-04-30T09:14:00,2
U0004,P0104,visit,2025-04-30T10:49:00,8
U0022,P0240,visit,2025-04-30T13:46:00,8
U0080,P0091,click,2025-04-30T14:48:00,2
U0010,P0206,click,2025-04-30T17:22:00,2
U0058,P0376,click,2025-04-30T17:27:00,2
U0056,P0129,click,2025-04-30T18:28:00,2
U0043,P0213,view,2025-04-30T18:51:00,1
U0011,P0326,booking,2025-04-30T19:14:00,10
U0083,P0272,booking,2025-04-30T20:01:00,10
U0094,P0455,click,2025-04-30T21:42:00,2
U0063,P0497,click,2025-05-01T00:13:00,2
U0013,P0075,view,2025-05-01T02:29:00,1
U0061,P0373,click,2025-05-01T04:10:00,2
U0020,P0204,click,2025-05-01T06:07:00,2
U0082,P0073,view,2025-05-01T06:18:00,1
U0002,P0086,visit,2025-05-01T08:21:00,8
U0054,P0280,click,2025-05-01T08:50:00,2
U0023,P0041,click,2025-05-01T09:13:00,2
U0049,P0277,view,2025-05-01T09:42:00,1
U0068,P0089,dismiss,2025-05-01T10:55:00,-3
U0046,P0187,click,2025-05-01T14:55:00,2
U0011,P0046,save,2025-05-01T15:19:00,4
U0028,P0424,share,2025-05-01T15:31:00,5
U0023,P0478,click,2025-05-01T15:58:00,2
U0054,P0011,dismiss,2025-05-01T16:33:00,-3
U0015,P0107,save,2025-05-01T17:27:00,4
U0056,P0391,save,2025-05-01T17:49:00,4
U0084,P0206,click,2025-05-01T19:38:00,2
U0037,P0029,dismiss,2025-05-01T20:22:00,-3
U0092,P0403,view,2025-05-01T20:27:00,1
U0050,P0392,click,2025-05-01T20:31:00,2
U0085,P0095,click,2025-05-01T21:38:00,2
U0063,P0260,save,2025-05-01T22:22:00,4
U0020,P0242,booking,2025-05-01T23:28:00,10
U0050,P0166,view,2025-05-02T01:27:00,1
U0026,P0136,dismiss,2025-05-02T02:49:00,-3
U0021,P0182,share,2025-05-02T03:02:00,5
U0035,P0336,visit,2025-05-02T03:57:00,8
U0054,P0252,visit,2025-05-02T04:41:00,8
U0086,P0089,view,2025-05-02T08:13:00,1
U0072,P0157,booking,2025-05-02T10:19:00,10
U0075,P0059,visit,2025-05-02T12:51:00,8
U0067,P0249,booking,2025-05-02T12:57:00,10
U0023,P0142,visit,2025-05-02T14:24:00,8
U0090,P0093,booking,2025-05-02T14:24:00,10
U0025,P0259,click,2025-05-02T15:32:00,2
U0060,P0179,click,2025-05-02T15:34:00,2
U0052,P0359,view,2025-05-02T15:55:00,1
U0058,P0409,view,2025-05-02T18:50:00,1
U0055,P0121,view,2025-05-02T20:34:00,1
U0097,P0392,view,2025-05-02T20:45:00,1
U0084,P0238,visit,2025-05-02T20:49:00,8
U0044,P0260,click,2025-05-02T21:31:00,2
U0019,P0452,view,2025-05-02T22:32:00,1
U0061,P0197,visit,2025-05-03T00:29:00,8
U0010,P0335,dismiss,2025-05-03T01:15:00,-3
U0099,P0197,view,2025-05-03T01:51:00,1
U0030,P0164,visit,2025-05-03T02:10:00,8
U0034,P0470,save,2025-05-03T02:34:00,4
U0032,P0113,view,2025-05-03T06:39:00,1
U0002,P0184,view,2025-05-03T08:28:00,1
U0091,P0074,click,2025-05-03T11:07:00,2
U0042,P0328,dismiss,2025-05-03T11:37:00,-3
U0026,P0199,dismiss,2025-05-03T11:51:00,-3
U0084,P0330,visit,2025-05-03T13:34:00,8
U0074,P0002,share,2025-05-03T13:53:00,5
U0026,P0154,view,2025-05-03T15:47:00,1
U0016,P0438,click,2025-05-03T16:48:00,2
U0025,P0240,visit,2025-05-03T19:37:00,8
U0044,P0238,visit,2025-05-03T22:19:00,8
U0012,P0440,click,2025-05-04T01:51:00,2
U0081,P0481,share,2025-05-04T02:22:00,5
U0085,P0471,view,2025-05-04T02:30:00,1
U0083,P0077,click,2025-05-04T04:01:00,2
U0056,P0307,save,2025-05-04T04:44:00,4
U0100,P0057,dismiss,2025-05-04T05:46:00,-3
U0008,P0478,visit,2025-05-04T06:39:00,8
U0077,P0440,visit,2025-05-04T06:49:00,8
U0089,P0352,dismiss,2025-05-04T11:50:00,-3
U0051,P0344,click,2025-05-04T13:38:00,2
U0004,P0499,save,2025-05-04T15:58:00,4
U0045,P0049,click,2025-05-04T16:00:00,2
U0070,P0261,view,2025-05-04T17:00:00,1
U0066,P0049,view,2025-05-04T18:05:00,1
U0080,P0319,click,2025-05-04T18:11:00,2
U0066,P0090,view,2025-05-04T19:03:00,1
U0089,P0108,share,2025-05-04T21:04:00,5
U0043,P0051,dismiss,2025-05-04T21:52:00,-3
U0003,P0013,share,2025-05-04T22:30:00,5
U0003,P0464,click,2025-05-04T23:26:00,2
U0067,P0109,share,2025-05-05T04:21:00,5
U0051,P0201,dismiss,2025-05-05T04:43:00,-3
U0026,P0208,view,2025-05-05T04:51:00,1
U0080,P0406,click,2025-05-05T06:23:00,2
U0078,P0466,click,2025-05-05T08:42:00,2
U0098,P0029,booking,2025-05-05T10:09:00,10
U0036,P0069,click,2025-05-05T10:15:00,2
U0015,P0327,click,2025-05-05T10:49:00,2
U0084,P0338,click,2025-05-05T12:19:00,2
U0082,P0470,save,2025-05-05T13:03:00,4
U0010,P0452,share,2025-05-05T14:23:00,5
U0028,P0380,save,2025-05-05T15:02:00,4
U0040,P0458,view,2025-05-05T15:13:00,1
U0001,P0281,visit,2025-05-05T15:51:00,8
U0047,P0492,click,2025-05-05T15:51:00,2
U0068,P0063,view,2025-05-05T16:09:00,1
U0009,P0340,click,2025-05-05T16:11:00,2
U0074,P0264,view,2025-05-05T18:17:00,1
U0092,P0390,visit,2025-05-05T20:48:00,8
U0008,P0240,save,2025-05-05T22:14:00,4
U0062,P0327,save,2025-05-05T22:27:00,4
U0066,P0207,click,2025-05-05T23:27:00,2
U0039,P0268,share,2025-05-05T23:52:00,5
U0021,P0456,save,2025-05-06T00:07:00,4
U0072,P0222,save,2025-05-06T01:44:00,4
U0003,P0124,click,2025-05-06T02:17:00,2
U0048,P0460,view,2025-05-06T04:01:00,1
U0066,P0410,click,2025-05-06T06:22:00,2
U0040,P0315,view,2025-05-06T08:21:00,1
U0097,P0426,save,2025-05-06T08:30:00,4
U0040,P0365,visit,2025-05-06T08:51:00,8
U0087,P0229,click,2025-05-06T09:37:00,2
U0070,P0451,save,2025-05-06T11:04:00,4
U0071,P0147,view,2025-05-06T11:48:00,1
U0037,P0454,save,2025-05-06T12:01:00,4
U0047,P0373,view,2025-05-06T12:30:00,1
U0097,P0158,click,2025-05-06T12:36:00,2
U0054,P0484,click,2025-05-06T13:16:00,2
U0031,P0470,share,2025-05-06T14:58:00,5
U0008,P0215,click,2025-05-06T15:35:00,2
U0004,P0248,dismiss,2025-05-06T16:26:00,-3
U0034,P0055,visit,2025-05-06T18:47:00,8
U0069,P0449,save,2025-05-06T18:54:00,4
U0066,P0171,booking,2025-05-06T19:31:00,10
U0095,P0321,view,2025-05-06T20:26:00,1
U0073,P0443,share,2025-05-06T20:59:00,5
U0006,P0048,click,2025-05-06T21:25:00,2
U0050,P0012,view,2025-05-06T21:59:00,1
U0096,P0128,dismiss,2025-05-06T22:10:00,-3
U0032,P0232,click,2025-05-06T22:52:00,2
U0044,P0263,save,2025-05-06T23:08:00,4
U0030,P0155,click,2025-05-06T23:42:00,2
U0050,P0141,view,2025-05-07T02:21:00,1
U0045,P0482,view,2025-05-07T06:20:00,1
U0073,P0349,save,2025-05-07T06:20:00,4
U0001,P0320,click,2025-05-07T07:04:00,2
U0045,P0340,booking,2025-05-07T07:40:00,10
U0022,P0181,visit,2025-05-07T07:41:00,8
U0073,P0043,view,2025-05-07T09:31:00,1
U0061,P0062,visit,2025-05-07T11:08:00,8
U0070,P0286,click,2025-05-07T12:58:00,2
U0084,P0438,view,2025-05-07T14:16:00,1
U0017,P0345,click,2025-05-07T16:19:00,2
U0027,P0076,view,2025-05-07T16:21:00,1
U0025,P0181,click,2025-05-07T17:41:00,2
U0064,P0080,save,2025-05-07T17:44:00,4
U0002,P0260,click,2025-05-07T20:17:00,2
U0078,P0402,click,2025-05-07T20:32:00,2
U0047,P0316,visit,2025-05-07T20:48:00,8
U0009,P0094,visit,2025-05-07T21:25:00,8
U0078,P0239,save,2025-05-07T21:36:00,4
U0008,P0262,dismiss,2025-05-07T22:04:00,-3
U0001,P0104,click,2025-05-07T23:35:00,2
U0037,P0342,view,2025-05-08T00:02:00,1
U0007,P0038,view,2025-05-08T00:16:00,1
U0099,P0079,save,2025-05-08T01:13:00,4
U0037,P0321,click,2025-05-08T02:09:00,2
U0031,P0147,click,2025-05-08T02:17:00,2
U0002,P0080,share,2025-05-08T03:29:00,5
U0052,P0427,view,2025-05-08T04:21:00,1
U0027,P0154,view,2025-05-08T05:57:00,1
U0096,P0078,view,2025-05-08T06:54:00,1
U0078,P0021,save,2025-05-08T06:54:00,4
U0055,P0286,view,2025-05-08T06:59:00,1
U0002,P0012,dismiss,2025-05-08T08:10:00,-3
U0100,P0049,view,2025-05-08T08:51:00,1
U0042,P0196,save,2025-05-08T11:04:00,4
U0010,P0391,view,2025-05-08T13:58:00,1
U0045,P0071,dismiss,2025-05-08T15:36:00,-3
U0023,P0498,dismiss,2025-05-08T16:45:00,-3
U0092,P0328,view,2025-05-08T19:01:00,1
U0043,P0033,visit,2025-05-08T19:49:00,8
U0063,P0296,view,2025-05-08T20:12:00,1
U0002,P0392,save,2025-05-08T21:06:00,4
U0094,P0172,share,2025-05-08T21:36:00,5
U0030,P0431,click,2025-05-08T21:38:00,2
U0050,P0500,view,2025-05-08T23:02:00,1
U0095,P0233,share,2025-05-08T23:40:00,5
U0002,P0248,visit,2025-05-09T01:05:00,8
U0016,P0086,click,2025-05-09T01:31:00,2
U0097,P0328,visit,2025-05-09T02:12:00,8
U0035,P0038,save,2025-05-09T03:02:00,4
U0053,P0021,view,2025-05-09T03:25:00,1
U0069,P0316,visit,2025-05-09T04:00:00,8
U0071,P0217,share,2025-05-09T05:41:00,5
U0013,P0299,click,2025-05-09T06:39:00,2
U0059,P0211,save,2025-05-09T09:59:00,4
U0096,P0093,save,2025-05-09T10:49:00,4
U0085,P0247,visit,2025-05-09T12:20:00,8
U0014,P0303,view,2025-05-09T12:58:00,1
U0004,P0275,click,2025-05-09T14:54:00,2
U0022,P0277,click,2025-05-09T15:31:00,2
U0015,P0415,view,2025-05-09T17:54:00,1
U0090,P0157,share,2025-05-09T18:02:00,5
U0071,P0386,visit,2025-05-09T19:18:00,8
U0038,P0361,click,2025-05-09T21:07:00,2
U0063,P0064,view,2025-05-09T22:22:00,1
U0056,P0143,view,2025-05-10T01:01:00,1
U0100,P0218,view,2025-05-10T02:08:00,1
U0047,P0197,click,2025-05-10T03:24:00,2
U0046,P0399,dismiss,2025-05-10T04:21:00,-3
U0062,P0349,click,2025-05-10T05:27:00,2
U0046,P0019,visit,2025-05-10T06:32:00,8
U0038,P0452,view,2025-05-10T08:40:00,1
U0049,P0498,share,2025-05-10T12:11:00,5
U0058,P0132,save,2025-05-10T12:14:00,4
U0082,P0028,click,2025-05-10T12:15:00,2
U0039,P0237,dismiss,2025-05-10T13:21:00,-3
U0046,P0141,share,2025-05-10T14:07:00,5
U0043,P0444,view,2025-05-10T15:05:00,1
U0003,P0108,view,2025-05-10T15:07:00,1
U0016,P0158,visit,2025-05-10T15:40:00,8
U0099,P0234,click,2025-05-10T16:01:00,2
U0081,P0386,save,2025-05-10T17:13:00,4
U0033,P0231,view,2025-05-10T18:26:00,1
U0081,P0018,save,2025-05-10T19:58:00,4
U0050,P0452,view,2025-05-10T22:08:00,1
U0091,P0083,click,2025-05-10T22:24:00,2
U0095,P0290,visit,2025-05-10T23:39:00,8
U0073,P0259,save,2025-05-11T01:38:00,4
U0052,P0248,share,2025-05-11T01:44:00,5
U0025,P0430,click,2025-05-11T02:09:00,2
U0033,P0268,save,2025-05-11T03:12:00,4
U0042,P0302,save,2025-05-11T03:40:00,4
U0098,P0028,click,2025-05-11T05:22:00,2
U0063,P0248,view,2025-05-11T07:14:00,1
U0066,P0433,view,2025-05-11T08:04:00,1
U0084,P0037,view,2025-05-11T08:20:00,1
U0023,P0457,click,2025-05-11T09:05:00,2
U0005,P0403,save,2025-05-11T09:20:00,4
U0099,P0419,view,2025-05-11T10:13:00,1
U0039,P0402,view,2025-05-11T12:02:00,1
U0077,P0145,view,2025-05-11T12:11:00,1
U0060,P0025,view,2025-05-11T14:29:00,1
U0015,P0174,visit,2025-05-11T15:53:00,8
U0073,P0224,save,2025-05-11T16:11:00,4
U0063,P0374,click,2025-05-11T16:46:00,2
U0077,P0154,view,2025-05-11T17:13:00,1
U0077,P0387,click,2025-05-11T17:15:00,2
U0075,P0183,visit,2025-05-11T18:41:00,8
U0047,P0310,save,2025-05-11T19:04:00,4
U0050,P0318,save,2025-05-11T20:38:00,4
U0019,P0361,visit,2025-05-12T00:47:00,8
U0025,P0040,click,2025-05-12T02:07:00,2
U0062,P0443,dismiss,2025-05-12T02:50:00,-3
U0073,P0415,click,2025-05-12T03:45:00,2
U0095,P0241,view,2025-05-12T08:19:00,1
U0078,P0364,visit,2025-05-12T10:47:00,8
U0032,P0451,click,2025-05-12T14:41:00,2
U0008,P0175,dismiss,2025-05-12T15:46:00,-3
U0084,P0488,view,2025-05-12T16:07:00,1
U0068,P0478,share,2025-05-12T18:50:00,5
U0063,P0104,visit,2025-05-12T19:44:00,8
U0031,P0217,click,2025-05-12T20:40:00,2
U0007,P0240,view,2025-05-12T23:30:00,1
U0067,P0198,view,2025-05-13T00:32:00,1
U0069,P0334,click,2025-05-13T04:24:00,2
U0069,P0285,dismiss,2025-05-13T04:31:00,-3
U0035,P0363,view,2025-05-13T04:44:00,1
U0069,P0485,click,2025-05-13T05:18:00,2
U0010,P0020,click,2025-05-13T05:23:00,2
U0021,P0171,view,2025-05-13T05:37:00,1
U0049,P0461,click,2025-05-13T05:42:00,2
U0088,P0102,save,2025-05-13T06:02:00,4
U0082,P0331,view,2025-05-13T07:39:00,1
U0036,P0160,view,2025-05-13T08:01:00,1
U0051,P0102,visit,2025-05-13T08:21:00,8
U0068,P0354,click,2025-05-13T09:24:00,2
U0003,P0044,click,2025-05-13T10:17:00,2
U0040,P0161,visit,2025-05-13T11:46:00,8
U0063,P0388,view,2025-05-13T15:10:00,1
U0040,P0016,booking,2025-05-13T18:17:00,10
U0094,P0046,save,2025-05-13T19:40:00,4
U0051,P0436,click,2025-05-13T20:11:00,2
U0024,P0482,save,2025-05-13T21:06:00,4
U0091,P0089,save,2025-05-13T21:24:00,4
U0098,P0085,save,2025-05-13T21:41:00,4
U0091,P0151,click,2025-05-13T22:14:00,2
U0038,P0087,view,2025-05-13T22:28:00,1
U0023,P0043,click,2025-05-14T03:20:00,2
U0079,P0157,view,2025-05-14T04:03:00,1
U0023,P0144,visit,2025-05-14T04:05:00,8
U0015,P0414,share,2025-05-14T05:26:00,5
U0002,P0447,view,2025-05-14T05:37:00,1
U0049,P0311,dismiss,2025-05-14T05:41:00,-3
U0023,P0180,save,2025-05-14T05:45:00,4
U0083,P0424,view,2025-05-14T05:57:00,1
U0054,P0012,dismiss,2025-05-14T07:00:00,-3
U0021,P0425,save,2025-05-14T07:30:00,4
U0036,P0446,view,2025-05-14T09:21:00,1
U0065,P0024,click,2025-05-14T09:54:00,2
U0090,P0448,click,2025-05-14T12:42:00,2
U0087,P0105,click,2025-05-14T14:19:00,2
U0098,P0343,view,2025-05-14T17:01:00,1
U0073,P0107,click,2025-05-14T17:57:00,2
U0086,P0498,save,2025-05-14T18:56:00,4
U0092,P0318,dismiss,2025-05-14T19:09:00,-3
U0051,P0265,click,2025-05-14T19:13:00,2
U0025,P0215,save,2025-05-14T22:28:00,4
U0053,P0337,view,2025-05-15T00:25:00,1
U0053,P0101,save,2025-05-15T02:12:00,4
U0094,P0251,share,2025-05-15T02:17:00,5
U0017,P0166,view,2025-05-15T02:25:00,1
U0094,P0275,visit,2025-05-15T03:38:00,8
U0098,P0481,click,2025-05-15T04:35:00,2
U0057,P0072,view,2025-05-15T05:40:00,1
U0002,P0330,visit,2025-05-15T05:47:00,8
U0015,P0349,save,2025-05-15T07:18:00,4
U0023,P0301,save,2025-05-15T07:39:00,4
U0062,P0211,share,2025-05-15T09:47:00,5
U0058,P0397,click,2025-05-15T13:03:00,2
U0075,P0454,save,2025-05-15T13:46:00,4
U0044,P0339,view,2025-05-15T14:27:00,1
U0046,P0254,share,2025-05-15T14:59:00,5
U0069,P0483,dismiss,2025-05-15T16:58:00,-3
U0036,P0208,view,2025-05-15T17:45:00,1
U0100,P0130,view,2025-05-15T18:23:00,1
U0040,P0453,click,2025-05-15T18:48:00,2
U0023,P0215,click,2025-05-15T19:53:00,2
U0035,P0417,share,2025-05-15T20:01:00,5
U0069,P0117,click,2025-05-15T20:30:00,2
U0030,P0040,booking,2025-05-15T22:15:00,10
U0023,P0034,click,2025-05-15T22:54:00,2
U0026,P0458,view,2025-05-15T23:11:00,1
U0049,P0074,share,2025-05-16T00:33:00,5
U0002,P0307,booking,2025-05-16T01:06:00,10
U0004,P0339,booking,2025-05-16T01:08:00,10
U0022,P0477,visit,2025-05-16T01:19:00,8
U0066,P0312,dismiss,2025-05-16T01:23:00,-3
U0063,P0405,click,2025-05-16T01:24:00,2
U0085,P0473,share,2025-05-16T01:24:00,5
U0038,P0077,click,2025-05-16T02:31:00,2
U0019,P0405,click,2025-05-16T03:03:00,2
U0040,P0382,view,2025-05-16T03:21:00,1
U0030,P0089,view,2025-05-16T06:00:00,1
U0011,P0441,view,2025-05-16T06:15:00,1
U0023,P0311,view,2025-05-16T16:20:00,1
U0002,P0193,click,2025-05-16T16:31:00,2
U0001,P0166,click,2025-05-16T16:55:00,2
U0057,P0076,booking,2025-05-16T17:27:00,10
U0078,P0481,booking,2025-05-16T18:32:00,10
U0091,P0015,save,2025-05-16T18:50:00,4
U0082,P0135,visit,2025-05-16T18:57:00,8
U0041,P0096,share,2025-05-16T19:20:00,5
U0047,P0408,visit,2025-05-16T19:27:00,8
U0061,P0450,booking,2025-05-16T20:34:00,10
U0037,P0353,click,2025-05-16T20:36:00,2
U0003,P0088,click,2025-05-16T20:37:00,2
U0003,P0342,view,2025-05-16T21:05:00,1
U0095,P0474,view,2025-05-16T21:16:00,1
U0034,P0333,view,2025-05-16T21:22:00,1
U0031,P0124,view,2025-05-16T22:51:00,1
U0052,P0495,save,2025-05-16T23:18:00,4
U0074,P0494,save,2025-05-16T23:47:00,4
U0082,P0024,dismiss,2025-05-17T00:01:00,-3
U0046,P0345,save,2025-05-17T00:42:00,4
U0045,P0006,click,2025-05-17T02:28:00,2
U0042,P0058,save,2025-05-17T03:49:00,4
U0003,P0073,view,2025-05-17T04:04:00,1
U0066,P0285,dismiss,2025-05-17T06:01:00,-3
U0071,P0061,visit,2025-05-17T08:04:00,8
U0023,P0115,click,2025-05-17T09:47:00,2
U0016,P0206,view,2025-05-17T12:04:00,1
U0095,P0253,dismiss,2025-05-17T12:15:00,-3
U0028,P0438,view,2025-05-17T15:30:00,1
U0040,P0200,share,2025-05-17T17:17:00,5
U0088,P0054,view,2025-05-17T17:21:00,1
U0031,P0375,share,2025-05-17T20:34:00,5
U0076,P0195,view,2025-05-17T21:33:00,1
U0061,P0035,view,2025-05-17T21:41:00,1
U0001,P0143,click,2025-05-17T22:59:00,2
U0089,P0331,view,2025-05-17T23:52:00,1
U0025,P0236,visit,2025-05-18T01:20:00,8
U0094,P0129,view,2025-05-18T01:29:00,1
U0051,P0215,click,2025-05-18T01:59:00,2
U0001,P0380,dismiss,2025-05-18T02:13:00,-3
U0038,P0275,view,2025-05-18T02:32:00,1
U0081,P0021,save,2025-05-18T04:04:00,4
U0081,P0029,view,2025-05-18T04:24:00,1
U0071,P0421,view,2025-05-18T05:05:00,1
U0063,P0011,view,2025-05-18T05:28:00,1
U0078,P0231,view,2025-05-18T05:47:00,1
U0031,P0108,visit,2025-05-18T06:37:00,8
U0050,P0158,click,2025-05-18T07:39:00,2
U0047,P0051,dismiss,2025-05-18T08:55:00,-3
U0067,P0199,view,2025-05-18T09:29:00,1
U0009,P0294,view,2025-05-18T10:53:00,1
U0071,P0055,visit,2025-05-18T11:27:00,8
U0019,P0345,view,2025-05-18T13:59:00,1
U0083,P0251,click,2025-05-18T16:12:00,2
U0009,P0006,share,2025-05-18T17:52:00,5
U0085,P0373,click,2025-05-18T18:02:00,2
U0092,P0441,dismiss,2025-05-18T20:03:00,-3
U0024,P0051,view,2025-05-18T20:26:00,1
U0064,P0339,view,2025-05-18T20:30:00,1
U0010,P0346,click,2025-05-18T23:56:00,2
U0037,P0044,visit,2025-05-19T02:04:00,8
U0098,P0386,view,2025-05-19T02:53:00,1
U0008,P0089,view,2025-05-19T03:08:00,1
U0050,P0403,view,2025-05-19T05:30:00,1
U0032,P0469,dismiss,2025-05-19T08:40:00,-3
U0081,P0070,view,2025-05-19T10:04:00,1
U0066,P0117,view,2025-05-19T10:48:00,1
U0075,P0134,visit,2025-05-19T12:01:00,8
U0062,P0164,click,2025-05-19T13:16:00,2
U0066,P0450,view,2025-05-19T14:07:00,1
U0073,P0185,view,2025-05-19T15:27:00,1
U0088,P0277,click,2025-05-19T15:36:00,2
U0047,P0213,visit,2025-05-19T18:29:00,8
U0083,P0452,click,2025-05-19T19:45:00,2
U0001,P0296,click,2025-05-19T20:44:00,2
U0063,P0012,visit,2025-05-19T22:58:00,8
U0035,P0431,view,2025-05-19T23:02:00,1
U0039,P0352,view,2025-05-20T00:26:00,1
U0042,P0275,view,2025-05-20T01:24:00,1
U0057,P0448,view,2025-05-20T02:28:00,1
U0079,P0032,booking,2025-05-20T03:31:00,10
U0006,P0316,share,2025-05-20T03:51:00,5
U0046,P0129,click,2025-05-20T06:15:00,2
U0068,P0215,visit,2025-05-20T06:19:00,8
U0010,P0400,click,2025-05-20T07:04:00,2
U0072,P0121,share,2025-05-20T07:35:00,5
U0046,P0184,save,2025-05-20T08:01:00,4
U0016,P0388,save,2025-05-20T09:41:00,4
U0033,P0356,dismiss,2025-05-20T10:39:00,-3
U0054,P0361,dismiss,2025-05-20T11:08:00,-3
U0080,P0480,share,2025-05-20T11:28:00,5
U0018,P0029,click,2025-05-20T13:05:00,2
U0021,P0492,visit,2025-05-20T13:11:00,8
U0089,P0342,save,2025-05-20T13:56:00,4
U0008,P0133,view,2025-05-20T14:31:00,1
U0092,P0391,share,2025-05-20T14:51:00,5
U0028,P0184,view,2025-05-20T15:05:00,1
U0003,P0179,save,2025-05-20T16:34:00,4
U0059,P0423,visit,2025-05-20T17:27:00,8
U0023,P0175,share,2025-05-20T18:57:00,5
U0022,P0115,share,2025-05-20T20:25:00,5
U0074,P0131,visit,2025-05-20T20:37:00,8
U0064,P0129,visit,2025-05-20T21:27:00,8
U0037,P0413,booking,2025-05-20T23:07:00,10
U0086,P0457,share,2025-05-21T00:39:00,5
U0071,P0135,click,2025-05-21T02:18:00,2
U0083,P0275,share,2025-05-21T05:36:00,5
U0025,P0107,click,2025-05-21T06:15:00,2
U0039,P0027,visit,2025-05-21T08:29:00,8
U0098,P0274,save,2025-05-21T08:37:00,4
U0052,P0196,save,2025-05-21T10:21:00,4
U0018,P0389,save,2025-05-21T10:33:00,4
U0067,P0458,view,2025-05-21T13:11:00,1
U0045,P0494,view,2025-05-21T14:17:00,1
U0033,P0464,visit,2025-05-21T15:12:00,8
U0070,P0100,visit,2025-05-21T15:20:00,8
U0051,P0038,share,2025-05-21T16:09:00,5
U0081,P0267,share,2025-05-21T16:41:00,5
U0005,P0345,view,2025-05-21T18:03:00,1
U0029,P0489,view,2025-05-21T20:41:00,1
U0014,P0339,click,2025-05-21T23:16:00,2
U0002,P0463,view,2025-05-22T01:00:00,1
U0020,P0153,click,2025-05-22T01:12:00,2
U0021,P0002,visit,2025-05-22T03:44:00,8
U0004,P0463,visit,2025-05-22T04:08:00,8
U0061,P0264,visit,2025-05-22T04:15:00,8
U0042,P0484,view,2025-05-22T08:40:00,1
U0036,P0121,booking,2025-05-22T08:55:00,10
U0047,P0312,view,2025-05-22T09:27:00,1
U0015,P0043,click,2025-05-22T12:22:00,2
U0041,P0123,view,2025-05-22T14:28:00,1
U0021,P0094,save,2025-05-22T15:04:00,4
U0050,P0296,view,2025-05-22T15:24:00,1
U0069,P0482,view,2025-05-22T15:26:00,1
U0047,P0099,click,2025-05-22T16:36:00,2
U0034,P0134,view,2025-05-22T16:38:00,1
U0003,P0231,click,2025-05-22T17:00:00,2
U0068,P0383,view,2025-05-22T18:51:00,1
U0089,P0412,view,2025-05-22T19:34:00,1
U0059,P0054,click,2025-05-22T22:03:00,2
U0045,P0304,share,2025-05-22T22:09:00,5
U0061,P0292,booking,2025-05-23T01:41:00,10
U0082,P0375,click,2025-05-23T04:12:00,2
U0080,P0089,view,2025-05-23T05:23:00,1
U0003,P0024,visit,2025-05-23T05:37:00,8
U0021,P0207,click,2025-05-23T06:01:00,2
U0006,P0035,view,2025-05-23T07:07:00,1
U0096,P0379,click,2025-05-23T08:04:00,2
U0055,P0476,view,2025-05-23T09:15:00,1
U0075,P0073,save,2025-05-23T10:31:00,4
U0047,P0485,view,2025-05-23T12:17:00,1
U0093,P0419,booking,2025-05-23T13:15:00,10
U0071,P0364,view,2025-05-23T13:51:00,1
U0048,P0228,save,2025-05-23T14:15:00,4
U0070,P0329,view,2025-05-23T14:27:00,1
U0001,P0326,visit,2025-05-23T14:40:00,8
U0085,P0159,visit,2025-05-23T17:14:00,8
U0094,P0077,visit,2025-05-23T19:01:00,8
U0072,P0152,view,2025-05-23T21:50:00,1
U0038,P0141,view,2025-05-23T22:09:00,1
U0009,P0437,click,2025-05-23T22:51:00,2
U0009,P0171,view,2025-05-23T22:59:00,1
U0087,P0329,visit,2025-05-23T23:02:00,8
U0085,P0304,click,2025-05-23T23:13:00,2
U0018,P0322,dismiss,2025-05-24T00:21:00,-3
U0030,P0162,save,2025-05-24T03:55:00,4
U0014,P0499,view,2025-05-24T04:57:00,1
U0050,P0272,view,2025-05-24T05:27:00,1
U0080,P0383,click,2025-05-24T06:30:00,2
U0017,P0426,save,2025-05-24T07:09:00,4
U0094,P0281,visit,2025-05-24T07:14:00,8
U0091,P0133,click,2025-05-24T07:19:00,2
U0086,P0004,visit,2025-05-24T07:51:00,8
U0030,P0038,view,2025-05-24T11:45:00,1
U0091,P0084,share,2025-05-24T12:01:00,5
U0033,P0188,save,2025-05-24T12:06:00,4
U0070,P0161,share,2025-05-24T12:36:00,5
U0094,P0497,click,2025-05-24T14:18:00,2
U0090,P0003,view,2025-05-24T15:05:00,1
U0008,P0201,view,2025-05-24T17:36:00,1
U0076,P0468,click,2025-05-24T19:53:00,2
U0057,P0286,visit,2025-05-24T22:06:00,8
U0046,P0087,view,2025-05-24T22:18:00,1
U0023,P0107,click,2025-05-24T23:23:00,2
U0042,P0251,view,2025-05-24T23:46:00,1
U0019,P0374,click,2025-05-25T00:15:00,2
U0081,P0244,click,2025-05-25T01:17:00,2
U0035,P0457,share,2025-05-25T01:20:00,5
U0003,P0454,view,2025-05-25T03:53:00,1
U0036,P0114,click,2025-05-25T04:01:00,2
U0037,P0293,share,2025-05-25T04:12:00,5
U0082,P0055,visit,2025-05-25T04:43:00,8
U0045,P0118,view,2025-05-25T05:04:00,1
U0055,P0069,click,2025-05-25T05:06:00,2
U0018,P0075,click,2025-05-25T08:50:00,2
U0050,P0388,view,2025-05-25T08:51:00,1
U0037,P0073,save,2025-05-25T09:01:00,4
U0011,P0380,click,2025-05-25T09:15:00,2
U0010,P0320,visit,2025-05-25T09:20:00,8
U0012,P0066,save,2025-05-25T09:43:00,4
U0074,P0213,save,2025-05-25T10:25:00,4
U0016,P0328,view,2025-05-25T10:26:00,1
U0031,P0101,save,2025-05-25T11:04:00,4
U0072,P0052,visit,2025-05-25T11:49:00,8
U0005,P0143,view,2025-05-25T12:26:00,1
U0079,P0065,share,2025-05-25T15:46:00,5
U0055,P0279,visit,2025-05-25T16:41:00,8
U0093,P0242,share,2025-05-25T17:30:00,5
U0090,P0072,click,2025-05-25T17:33:00,2
U0075,P0256,share,2025-05-25T19:44:00,5
U0068,P0362,visit,2025-05-25T20:52:00,8
U0071,P0124,view,2025-05-25T22:05:00,1
U0024,P0009,save,2025-05-25T22:47:00,4
U0029,P0458,click,2025-05-26T04:47:00,2
U0023,P0151,view,2025-05-26T05:53:00,1
U0086,P0084,visit,2025-05-26T07:46:00,8
U0100,P0482,click,2025-05-26T09:00:00,2
U0054,P0238,view,2025-05-26T09:18:00,1
U0049,P0146,visit,2025-05-26T10:01:00,8
U0022,P0083,save,2025-05-26T10:03:00,4
U0009,P0449,click,2025-05-26T10:35:00,2
U0093,P0009,click,2025-05-26T13:46:00,2
U0021,P0197,booking,2025-05-26T14:10:00,10
U0022,P0122,visit,2025-05-26T14:38:00,8
U0082,P0013,dismiss,2025-05-26T15:42:00,-3
U0034,P0018,view,2025-05-26T16:42:00,1
U0002,P0058,click,2025-05-26T16:42:00,2
U0085,P0221,view,2025-05-26T18:39:00,1
U0014,P0484,click,2025-05-26T19:04:00,2
U0071,P0464,visit,2025-05-26T20:02:00,8
U0082,P0044,share,2025-05-26T21:53:00,5
U0086,P0155,save,2025-05-26T22:13:00,4
U0015,P0074,view,2025-05-26T23:53:00,1
U0087,P0072,click,2025-05-27T00:20:00,2
U0061,P0407,save,2025-05-27T01:42:00,4
U0090,P0161,visit,2025-05-27T02:07:00,8
U0005,P0371,view,2025-05-27T02:41:00,1
U0004,P0361,view,2025-05-27T07:38:00,1
U0094,P0296,view,2025-05-27T09:05:00,1
U0074,P0396,click,2025-05-27T10:14:00,2
U0061,P0439,visit,2025-05-27T11:01:00,8
U0080,P0355,visit,2025-05-27T11:46:00,8
U0032,P0411,view,2025-05-27T12:26:00,1
U0081,P0233,click,2025-05-27T13:56:00,2
U0030,P0414,save,2025-05-27T17:59:00,4
U0010,P0129,save,2025-05-27T20:45:00,4
U0044,P0441,view,2025-05-27T20:46:00,1
U0074,P0221,click,2025-05-27T23:35:00,2
U0094,P0395,dismiss,2025-05-28T00:03:00,-3
U0040,P0278,booking,2025-05-28T00:14:00,10
U0007,P0150,view,2025-05-28T03:36:00,1
U0049,P0133,share,2025-05-28T03:54:00,5
U0071,P0111,save,2025-05-28T03:58:00,4
U0050,P0080,view,2025-05-28T04:18:00,1
U0038,P0058,view,2025-05-28T06:21:00,1
U0080,P0415,save,2025-05-28T07:28:00,4
U0049,P0043,save,2025-05-28T09:34:00,4
U0096,P0368,visit,2025-05-28T09:50:00,8
U0021,P0285,visit,2025-05-28T13:11:00,8
U0051,P0074,view,2025-05-28T15:33:00,1
U0068,P0185,view,2025-05-28T16:55:00,1
U0088,P0423,click,2025-05-28T17:01:00,2
U0091,P0442,share,2025-05-28T17:30:00,5
U0022,P0205,save,2025-05-28T17:46:00,4
U0089,P0029,share,2025-05-28T19:16:00,5
U0047,P0057,visit,2025-05-28T19:32:00,8
U0019,P0367,dismiss,2025-05-28T21:08:00,-3
U0085,P0117,click,2025-05-28T21:24:00,2
U0004,P0036,click,2025-05-28T21:34:00,2
U0077,P0287,view,2025-05-28T21:40:00,1
U0065,P0134,booking,2025-05-28T21:50:00,10
U0007,P0215,visit,2025-05-28T22:05:00,8
U0007,P0429,share,2025-05-28T22:13:00,5
U0003,P0223,view,2025-05-28T22:18:00,1
U0034,P0042,visit,2025-05-28T22:38:00,8
U0034,P0464,click,2025-05-28T23:00:00,2
U0078,P0356,visit,2025-05-28T23:06:00,8
U0039,P0464,view,2025-05-28T23:45:00,1
U0073,P0325,view,2025-05-29T00:19:00,1
U0057,P0113,visit,2025-05-29T01:06:00,8
U0024,P0163,click,2025-05-29T01:31:00,2
U0075,P0375,save,2025-05-29T02:24:00,4
U0001,P0037,view,2025-05-29T02:54:00,1
U0005,P0280,dismiss,2025-05-29T03:25:00,-3
U0093,P0456,booking,2025-05-29T04:03:00,10
U0063,P0358,click,2025-05-29T04:09:00,2
U0014,P0403,click,2025-05-29T04:29:00,2
U0036,P0261,view,2025-05-29T04:58:00,1
U0091,P0461,click,2025-05-29T05:30:00,2
U0066,P0095,view,2025-05-29T07:25:00,1
U0034,P0194,save,2025-05-29T07:33:00,4
U0037,P0290,click,2025-05-29T08:32:00,2
U0030,P0205,save,2025-05-29T09:31:00,4
U0052,P0143,view,2025-05-29T09:36:00,1
U0017,P0367,view,2025-05-29T12:09:00,1
U0026,P0152,view,2025-05-29T14:12:00,1
U0012,P0136,share,2025-05-29T14:46:00,5
U0009,P0230,view,2025-05-29T18:17:00,1
U0034,P0073,click,2025-05-29T19:35:00,2
U0100,P0475,click,2025-05-29T20:53:00,2
U0087,P0348,view,2025-05-29T23:16:00,1
U0003,P0101,visit,2025-05-30T01:14:00,8
U0043,P0264,save,2025-05-30T03:22:00,4
U0046,P0001,share,2025-05-30T04:52:00,5
U0072,P0228,save,2025-05-30T05:01:00,4
U0051,P0262,view,2025-05-30T08:10:00,1
U0080,P0146,view,2025-05-30T11:11:00,1
U0040,P0227,click,2025-05-30T12:53:00,2
U0018,P0210,visit,2025-05-30T15:08:00,8
U0069,P0002,visit,2025-05-30T16:04:00,8
U0083,P0187,share,2025-05-30T18:37:00,5
U0010,P0291,view,2025-05-30T18:50:00,1
U0047,P0283,view,2025-05-30T20:15:00,1
U0049,P0349,view,2025-05-30T21:16:00,1
U0024,P0475,save,2025-05-30T22:28:00,4
U0034,P0356,visit,2025-05-31T00:29:00,8
U0019,P0424,view,2025-05-31T01:23:00,1
U0099,P0221,click,2025-05-31T03:06:00,2
U0036,P0209,view,2025-05-31T03:21:00,1
U0052,P0046,view,2025-05-31T04:33:00,1
U0048,P0271,visit,2025-05-31T04:54:00,8
U0069,P0473,view,2025-05-31T06:51:00,1
U0003,P0018,dismiss,2025-05-31T07:25:00,-3
U0019,P0388,click,2025-05-31T09:10:00,2
U0063,P0050,view,2025-05-31T09:28:00,1
U0026,P0214,view,2025-05-31T12:25:00,1
U0001,P0317,visit,2025-05-31T13:10:00,8
U0054,P0275,dismiss,2025-05-31T14:06:00,-3
U0092,P0143,view,2025-05-31T15:37:00,1
U0071,P0088,click,2025-05-31T17:23:00,2
U0016,P0324,click,2025-05-31T17:44:00,2
U0036,P0458,save,2025-05-31T19:01:00,4
U0033,P0085,click,2025-05-31T19:52:00,2
U0001,P0426,view,2025-05-31T20:39:00,1
U0024,P0090,save,2025-05-31T23:45:00,4
U0073,P0429,save,2025-06-01T00:21:00,4
U0083,P0010,view,2025-06-01T00:35:00,1
U0096,P0222,click,2025-06-01T03:07:00,2
U0037,P0148,view,2025-06-01T03:14:00,1
U0031,P0466,view,2025-06-01T03:32:00,1
U0065,P0085,save,2025-06-01T03:53:00,4
U0032,P0106,view,2025-06-01T05:04:00,1
U0058,P0360,visit,2025-06-01T06:23:00,8
U0065,P0386,save,2025-06-01T09:16:00,4
U0069,P0409,visit,2025-06-01T09:27:00,8
U0072,P0209,view,2025-06-01T09:53:00,1
U0085,P0130,save,2025-06-01T11:33:00,4
U0007,P0040,view,2025-06-01T11:39:00,1
U0074,P0234,visit,2025-06-01T15:46:00,8
U0085,P0323,click,2025-06-01T16:14:00,2
U0083,P0143,view,2025-06-01T17:47:00,1
U0020,P0419,click,2025-06-01T19:10:00,2
U0082,P0309,booking,2025-06-01T21:18:00,10
U0096,P0365,save,2025-06-01T21:46:00,4
U0040,P0300,visit,2025-06-01T22:28:00,8
U0059,P0074,click,2025-06-01T22:28:00,2
U0045,P0048,save,2025-06-01T23:03:00,4
U0046,P0326,visit,2025-06-02T01:57:00,8
U0095,P0194,click,2025-06-02T02:34:00,2
U0089,P0217,click,2025-06-02T03:22:00,2
U0042,P0391,click,2025-06-02T03:34:00,2
U0090,P0225,visit,2025-06-02T03:37:00,8
U0048,P0198,view,2025-06-02T03:38:00,1
U0050,P0324,view,2025-06-02T03:57:00,1
U0032,P0008,view,2025-06-02T05:12:00,1
U0073,P0479,visit,2025-06-02T05:47:00,8
U0062,P0162,visit,2025-06-02T10:48:00,8
U0099,P0316,save,2025-06-02T11:39:00,4
U0006,P0482,view,2025-06-02T14:04:00,1
U0050,P0291,visit,2025-06-02T17:42:00,8
U0007,P0191,click,2025-06-02T18:38:00,2
U0078,P0243,click,2025-06-02T19:28:00,2
U0009,P0213,click,2025-06-02T19:37:00,2
U0033,P0309,click,2025-06-02T22:29:00,2
U0029,P0136,click,2025-06-03T01:33:00,2
U0009,P0095,dismiss,2025-06-03T01:51:00,-3
U0094,P0405,share,2025-06-03T02:00:00,5
U0077,P0072,click,2025-06-03T02:24:00,2
U0073,P0336,view,2025-06-03T03:01:00,1
U0044,P0193,save,2025-06-03T04:02:00,4
U0075,P0322,view,2025-06-03T05:52:00,1
U0062,P0265,click,2025-06-03T07:05:00,2
U0084,P0427,view,2025-06-03T07:27:00,1
U0070,P0229,click,2025-06-03T07:39:00,2
U0083,P0064,click,2025-06-03T07:55:00,2
U0077,P0152,save,2025-06-03T08:42:00,4
U0040,P0250,visit,2025-06-03T08:55:00,8
U0018,P0321,share,2025-06-03T10:23:00,5
U0048,P0157,booking,2025-06-03T11:01:00,10
U0064,P0017,share,2025-06-03T11:42:00,5
U0030,P0175,view,2025-06-03T15:18:00,1
U0045,P0247,save,2025-06-03T15:20:00,4
U0091,P0355,view,2025-06-03T15:26:00,1
U0002,P0426,share,2025-06-03T16:19:00,5
U0083,P0252,click,2025-06-03T16:20:00,2
U0089,P0309,view,2025-06-03T17:00:00,1
U0040,P0138,click,2025-06-03T18:00:00,2
U0044,P0017,view,2025-06-03T19:26:00,1
U0021,P0409,click,2025-06-03T20:53:00,2
U0086,P0041,save,2025-06-03T21:33:00,4
U0008,P0146,view,2025-06-03T21:52:00,1
U0029,P0460,click,2025-06-03T21:58:00,2
U0070,P0458,visit,2025-06-04T00:26:00,8
U0065,P0103,save,2025-06-04T01:24:00,4
U0073,P0393,booking,2025-06-04T03:15:00,10
U0069,P0006,save,2025-06-04T03:47:00,4
U0087,P0032,view,2025-06-04T04:00:00,1
U0057,P0261,click,2025-06-04T04:19:00,2
U0091,P0265,view,2025-06-04T04:23:00,1
U0004,P0328,click,2025-06-04T06:24:00,2
U0061,P0213,visit,2025-06-04T07:36:00,8
U0034,P0428,view,2025-06-04T09:05:00,1
U0011,P0212,view,2025-06-04T10:08:00,1
U0076,P0173,click,2025-06-04T11:32:00,2
U0012,P0401,view,2025-06-04T13:42:00,1
U0081,P0364,view,2025-06-04T13:55:00,1
U0080,P0202,view,2025-06-04T14:49:00,1
U0062,P0151,view,2025-06-04T16:22:00,1
U0028,P0367,dismiss,2025-06-04T16:34:00,-3
U0038,P0317,click,2025-06-04T16:48:00,2
U0022,P0164,save,2025-06-04T16:51:00,4
U0072,P0411,click,2025-06-04T18:08:00,2
U0021,P0377,click,2025-06-04T18:19:00,2
U0100,P0182,view,2025-06-04T23:46:00,1
U0040,P0208,booking,2025-06-05T01:13:00,10
U0027,P0229,click,2025-06-05T02:10:00,2
U0088,P0357,click,2025-06-05T03:50:00,2
U0044,P0302,click,2025-06-05T03:51:00,2
U0078,P0274,share,2025-06-05T05:32:00,5
U0035,P0350,view,2025-06-05T07:01:00,1
U0024,P0057,dismiss,2025-06-05T07:13:00,-3
U0093,P0420,click,2025-06-05T07:59:00,2
U0077,P0222,view,2025-06-05T08:52:00,1
U0077,P0249,booking,2025-06-05T12:58:00,10
U0046,P0405,view,2025-06-05T13:39:00,1
U0017,P0212,save,2025-06-05T14:47:00,4
U0004,P0172,booking,2025-06-05T15:07:00,10
U0052,P0272,save,2025-06-05T17:00:00,4
U0045,P0213,visit,2025-06-05T17:17:00,8
U0021,P0118,booking,2025-06-05T18:08:00,10
U0039,P0028,view,2025-06-05T19:32:00,1
U0024,P0112,click,2025-06-05T19:52:00,2
U0095,P0435,save,2025-06-05T21:24:00,4
U0082,P0059,visit,2025-06-05T21:47:00,8
U0022,P0142,view,2025-06-05T22:10:00,1
U0003,P0103,click,2025-06-05T22:25:00,2
U0034,P0435,view,2025-06-05T23:21:00,1
U0094,P0254,view,2025-06-05T23:31:00,1
U0010,P0086,view,2025-06-05T23:39:00,1
U0043,P0094,visit,2025-06-06T00:51:00,8
U0009,P0334,booking,2025-06-06T03:11:00,10
U0022,P0362,visit,2025-06-06T03:21:00,8
U0086,P0265,save,2025-06-06T04:17:00,4
U0092,P0345,view,2025-06-06T05:10:00,1
U0017,P0046,share,2025-06-06T05:22:00,5
U0021,P0473,view,2025-06-06T05:50:00,1
U0014,P0196,save,2025-06-06T06:47:00,4
U0002,P0318,view,2025-06-06T07:14:00,1
U0067,P0052,save,2025-06-06T07:26:00,4
U0046,P0361,save,2025-06-06T07:48:00,4
U0089,P0299,visit,2025-06-06T07:49:00,8
U0003,P0188,click,2025-06-06T08:14:00,2
U0025,P0142,view,2025-06-06T09:13:00,1
U0049,P0289,visit,2025-06-06T09:41:00,8
U0058,P0482,visit,2025-06-06T10:30:00,8
U0023,P0056,click,2025-06-06T10:36:00,2
U0083,P0184,view,2025-06-06T10:51:00,1
U0088,P0363,click,2025-06-06T10:56:00,2
U0006,P0334,booking,2025-06-06T14:38:00,10
U0087,P0208,dismiss,2025-06-06T15:28:00,-3
U0014,P0447,dismiss,2025-06-06T15:35:00,-3
U0040,P0052,click,2025-06-06T15:45:00,2
U0054,P0462,view,2025-06-06T19:05:00,1
U0062,P0430,view,2025-06-06T19:07:00,1
U0034,P0389,share,2025-06-06T22:15:00,5
U0023,P0355,save,2025-06-07T00:41:00,4
U0010,P0238,view,2025-06-07T03:13:00,1
U0055,P0287,view,2025-06-07T04:13:00,1
U0077,P0209,view,2025-06-07T04:55:00,1
U0078,P0352,save,2025-06-07T06:14:00,4
U0044,P0143,view,2025-06-07T06:25:00,1
U0092,P0019,visit,2025-06-07T07:57:00,8
U0065,P0321,share,2025-06-07T08:30:00,5
U0053,P0253,view,2025-06-07T08:37:00,1
U0057,P0066,share,2025-06-07T10:14:00,5
U0025,P0180,share,2025-06-07T13:43:00,5
U0012,P0014,booking,2025-06-07T13:50:00,10
U0008,P0162,share,2025-06-07T14:23:00,5
U0087,P0068,dismiss,2025-06-07T15:19:00,-3
U0047,P0247,visit,2025-06-07T15:32:00,8
U0065,P0454,click,2025-06-07T15:57:00,2
U0084,P0053,click,2025-06-07T16:22:00,2
U0032,P0138,view,2025-06-07T16:52:00,1
U0065,P0217,save,2025-06-07T19:05:00,4
U0072,P0225,visit,2025-06-07T19:16:00,8
U0003,P0412,view,2025-06-07T19:47:00,1
U0088,P0478,save,2025-06-07T21:05:00,4
U0038,P0358,click,2025-06-07T21:41:00,2
U0007,P0370,view,2025-06-07T23:01:00,1
U0028,P0037,click,2025-06-07T23:26:00,2
U0080,P0092,booking,2025-06-08T00:46:00,10
U0062,P0383,view,2025-06-08T02:26:00,1
U0041,P0226,view,2025-06-08T02:27:00,1
U0096,P0100,save,2025-06-08T04:11:00,4
U0005,P0488,save,2025-06-08T05:13:00,4
U0090,P0154,visit,2025-06-08T05:31:00,8
U0099,P0242,dismiss,2025-06-08T05:34:00,-3
U0051,P0423,click,2025-06-08T05:50:00,2
U0031,P0352,save,2025-06-08T05:56:00,4
U0097,P0077,share,2025-06-08T06:19:00,5
U0095,P0024,view,2025-06-08T07:14:00,1
U0002,P0196,visit,2025-06-08T07:51:00,8
U0073,P0344,click,2025-06-08T08:54:00,2
U0004,P0317,click,2025-06-08T14:02:00,2
U0086,P0150,visit,2025-06-08T15:22:00,8
U0068,P0467,view,2025-06-08T15:54:00,1
U0048,P0287,share,2025-06-08T16:10:00,5
U0006,P0178,share,2025-06-08T16:25:00,5
U0069,P0475,save,2025-06-08T17:05:00,4
U0062,P0005,save,2025-06-08T17:42:00,4
U0043,P0221,share,2025-06-08T17:44:00,5
U0052,P0281,click,2025-06-08T18:39:00,2
U0094,P0390,save,2025-06-08T19:12:00,4
U0093,P0117,view,2025-06-08T19:16:00,1
U0084,P0001,save,2025-06-08T20:22:00,4
U0005,P0017,view,2025-06-08T23:21:00,1
U0050,P0367,click,2025-06-08T23:25:00,2
U0079,P0168,booking,2025-06-09T02:00:00,10
U0026,P0225,view,2025-06-09T02:40:00,1
U0076,P0024,click,2025-06-09T04:02:00,2
U0091,P0430,save,2025-06-09T04:33:00,4
U0048,P0052,visit,2025-06-09T05:33:00,8
U0042,P0371,visit,2025-06-09T06:59:00,8
U0056,P0077,visit,2025-06-09T10:40:00,8
U0043,P0049,save,2025-06-09T11:11:00,4
U0035,P0056,view,2025-06-09T12:39:00,1
U0057,P0453,visit,2025-06-09T16:24:00,8
U0059,P0362,view,2025-06-09T17:45:00,1
U0022,P0383,view,2025-06-09T18:05:00,1
U0026,P0379,view,2025-06-09T18:27:00,1
U0017,P0405,click,2025-06-09T19:21:00,2
U0018,P0223,visit,2025-06-09T20:57:00,8
U0022,P0043,view,2025-06-09T21:53:00,1
U0022,P0355,view,2025-06-09T22:24:00,1
U0037,P0256,click,2025-06-09T23:21:00,2
U0065,P0470,visit,2025-06-10T00:31:00,8
U0075,P0366,visit,2025-06-10T00:55:00,8
U0087,P0382,view,2025-06-10T02:05:00,1
U0036,P0076,click,2025-06-10T02:28:00,2
U0030,P0092,view,2025-06-10T02:40:00,1
U0033,P0413,click,2025-06-10T03:00:00,2
U0029,P0315,save,2025-06-10T03:02:00,4
U0036,P0286,visit,2025-06-10T03:05:00,8
U0047,P0023,click,2025-06-10T03:08:00,2
U0009,P0360,view,2025-06-10T03:15:00,1
U0065,P0337,share,2025-06-10T03:25:00,5
U0022,P0457,click,2025-06-10T03:29:00,2
U0100,P0432,visit,2025-06-10T03:55:00,8
U0045,P0090,view,2025-06-10T03:59:00,1
U0089,P0256,visit,2025-06-10T04:15:00,8
U0100,P0099,click,2025-06-10T04:47:00,2
U0065,P0352,visit,2025-06-10T05:07:00,8
U0075,P0364,view,2025-06-10T05:39:00,1
U0063,P0390,visit,2025-06-10T06:50:00,8
U0076,P0028,view,2025-06-10T10:12:00,1
U0088,P0383,view,2025-06-10T10:29:00,1
U0093,P0049,visit,2025-06-10T11:31:00,8
U0041,P0133,view,2025-06-10T11:57:00,1
U0029,P0401,save,2025-06-10T12:36:00,4
U0007,P0477,view,2025-06-10T13:09:00,1
U0002,P0452,visit,2025-06-10T13:38:00,8
U0071,P0148,view,2025-06-10T15:47:00,1
U0036,P0031,view,2025-06-10T16:45:00,1
U0059,P0040,save,2025-06-10T18:22:00,4
U0024,P0360,share,2025-06-10T18:46:00,5
U0060,P0061,view,2025-06-10T18:47:00,1
U0094,P0196,visit,2025-06-10T18:58:00,8
U0062,P0357,view,2025-06-10T19:18:00,1
U0009,P0130,view,2025-06-10T19:24:00,1
U0093,P0178,share,2025-06-10T19:35:00,5
U0012,P0300,booking,2025-06-10T20:03:00,10
U0033,P0073,dismiss,2025-06-10T20:58:00,-3
U0045,P0095,booking,2025-06-10T20:58:00,10
U0059,P0084,view,2025-06-10T21:00:00,1
U0097,P0166,booking,2025-06-10T22:42:00,10
U0013,P0231,view,2025-06-10T22:47:00,1
U0014,P0369,view,2025-06-11T00:24:00,1
U0043,P0112,click,2025-06-11T00:39:00,2
U0013,P0179,save,2025-06-11T03:31:00,4
U0003,P0061,view,2025-06-11T03:47:00,1
U0099,P0456,view,2025-06-11T07:06:00,1
U0056,P0335,click,2025-06-11T07:42:00,2
U0041,P0162,view,2025-06-11T07:42:00,1
U0066,P0310,visit,2025-06-11T11:07:00,8
U0073,P0034,save,2025-06-11T12:06:00,4
U0022,P0056,click,2025-06-11T12:28:00,2
U0094,P0338,save,2025-06-11T12:42:00,4
U0010,P0143,visit,2025-06-11T12:44:00,8
U0080,P0004,save,2025-06-11T14:18:00,4
U0094,P0361,click,2025-06-11T15:08:00,2
U0048,P0286,view,2025-06-11T15:12:00,1
U0015,P0336,view,2025-06-11T15:19:00,1
U0084,P0361,click,2025-06-11T16:25:00,2
U0024,P0159,view,2025-06-11T17:04:00,1
U0049,P0236,view,2025-06-11T18:14:00,1
U0044,P0137,visit,2025-06-11T18:57:00,8
U0099,P0285,view,2025-06-11T19:17:00,1
U0094,P0020,view,2025-06-11T20:07:00,1
U0072,P0348,view,2025-06-11T20:20:00,1
U0062,P0189,click,2025-06-11T22:14:00,2
U0036,P0379,save,2025-06-11T23:07:00,4
U0036,P0016,click,2025-06-12T01:35:00,2
U0054,P0400,view,2025-06-12T02:13:00,1
U0068,P0146,share,2025-06-12T03:47:00,5
U0032,P0387,click,2025-06-12T03:50:00,2
U0080,P0325,visit,2025-06-12T04:28:00,8
U0011,P0345,dismiss,2025-06-12T05:45:00,-3
U0018,P0116,click,2025-06-12T08:33:00,2
U0061,P0394,share,2025-06-12T09:13:00,5
U0032,P0271,visit,2025-06-12T10:38:00,8
U0021,P0057,share,2025-06-12T11:09:00,5
U0041,P0175,click,2025-06-12T13:12:00,2
U0063,P0320,view,2025-06-12T13:14:00,1
U0002,P0361,save,2025-06-12T14:39:00,4
U0007,P0181,dismiss,2025-06-12T15:22:00,-3
U0084,P0077,share,2025-06-12T15:23:00,5
U0087,P0152,click,2025-06-12T16:13:00,2
U0021,P0204,view,2025-06-12T18:08:00,1
U0063,P0080,dismiss,2025-06-12T19:02:00,-3
U0023,P0084,share,2025-06-12T20:26:00,5
U0095,P0177,view,2025-06-12T20:39:00,1
U0078,P0333,click,2025-06-12T21:14:00,2
U0021,P0130,view,2025-06-13T04:00:00,1
U0100,P0377,click,2025-06-13T04:03:00,2
U0031,P0044,share,2025-06-13T04:24:00,5
U0039,P0468,save,2025-06-13T04:36:00,4
U0082,P0268,booking,2025-06-13T04:44:00,10
U0011,P0080,view,2025-06-13T05:40:00,1
U0010,P0317,share,2025-06-13T08:52:00,5
U0080,P0022,visit,2025-06-13T10:35:00,8
U0095,P0256,click,2025-06-13T11:42:00,2
U0017,P0010,visit,2025-06-13T13:26:00,8
U0090,P0306,save,2025-06-13T14:16:00,4
U0045,P0377,save,2025-06-13T14:22:00,4
U0023,P0040,view,2025-06-13T14:30:00,1
U0002,P0037,click,2025-06-13T17:05:00,2
U0089,P0194,view,2025-06-13T17:08:00,1
U0089,P0305,click,2025-06-13T18:57:00,2
U0086,P0015,save,2025-06-13T19:17:00,4
U0058,P0449,save,2025-06-13T20:15:00,4
U0033,P0288,dismiss,2025-06-13T22:00:00,-3
U0071,P0268,click,2025-06-13T23:23:00,2
U0075,P0028,share,2025-06-13T23:28:00,5
U0074,P0097,view,2025-06-13T23:29:00,1
U0016,P0390,booking,2025-06-14T00:09:00,10
U0093,P0033,share,2025-06-14T00:42:00,5
U0095,P0470,click,2025-06-14T04:38:00,2
U0095,P0342,booking,2025-06-14T05:59:00,10
U0062,P0414,view,2025-06-14T06:03:00,1
U0030,P0265,click,2025-06-14T06:18:00,2
U0047,P0360,click,2025-06-14T06:51:00,2
U0094,P0036,click,2025-06-14T07:25:00,2
U0058,P0292,click,2025-06-14T07:41:00,2
U0063,P0119,view,2025-06-14T08:26:00,1
U0074,P0197,save,2025-06-14T08:51:00,4
U0036,P0460,click,2025-06-14T08:54:00,2
U0008,P0443,view,2025-06-14T09:24:00,1
U0044,P0455,visit,2025-06-14T09:45:00,8
U0044,P0011,click,2025-06-14T11:02:00,2
U0017,P0303,view,2025-06-14T11:38:00,1
U0047,P0009,view,2025-06-14T12:01:00,1
U0071,P0059,click,2025-06-14T12:17:00,2
U0051,P0236,visit,2025-06-14T14:10:00,8
U0076,P0299,click,2025-06-14T15:38:00,2
U0012,P0306,view,2025-06-14T16:12:00,1
U0013,P0366,view,2025-06-14T16:56:00,1
U0043,P0493,click,2025-06-14T17:30:00,2
U0003,P0042,visit,2025-06-14T21:06:00,8
U0042,P0238,save,2025-06-15T00:07:00,4
U0004,P0110,view,2025-06-15T00:11:00,1
U0092,P0248,booking,2025-06-15T03:04:00,10
U0031,P0082,click,2025-06-15T04:11:00,2
U0079,P0249,save,2025-06-15T05:48:00,4
U0090,P0069,share,2025-06-15T05:51:00,5
U0047,P0219,click,2025-06-15T07:36:00,2
U0025,P0170,view,2025-06-15T08:24:00,1
U0083,P0399,share,2025-06-15T10:39:00,5
U0061,P0178,visit,2025-06-15T11:36:00,8
U0065,P0331,save,2025-06-15T11:39:00,4
U0075,P0044,booking,2025-06-15T11:57:00,10
U0080,P0054,save,2025-06-15T11:58:00,4
U0056,P0251,share,2025-06-15T13:11:00,5
U0037,P0364,visit,2025-06-15T13:32:00,8
U0049,P0175,view,2025-06-15T14:08:00,1
U0001,P0392,save,2025-06-15T15:01:00,4
U0022,P0498,click,2025-06-15T18:06:00,2
U0092,P0104,view,2025-06-15T19:26:00,1
U0076,P0239,save,2025-06-15T22:16:00,4
U0009,P0057,click,2025-06-15T22:18:00,2
U0088,P0442,share,2025-06-15T23:15:00,5
U0086,P0246,view,2025-06-16T00:41:00,1
U0001,P0254,dismiss,2025-06-16T01:14:00,-3
U0022,P0162,share,2025-06-16T01:29:00,5
U0059,P0215,click,2025-06-16T03:02:00,2
U0025,P0005,save,2025-06-16T05:01:00,4
U0083,P0488,view,2025-06-16T05:11:00,1
U0065,P0173,view,2025-06-16T05:11:00,1
U0003,P0268,save,2025-06-16T05:31:00,4
U0009,P0323,share,2025-06-16T06:29:00,5
U0067,P0329,booking,2025-06-16T07:17:00,10
U0064,P0499,save,2025-06-16T07:38:00,4
U0068,P0224,visit,2025-06-16T07:52:00,8
U0070,P0106,click,2025-06-16T08:03:00,2
U0012,P0279,save,2025-06-16T08:16:00,4
U0011,P0302,view,2025-06-16T08:33:00,1
U0039,P0101,view,2025-06-16T09:40:00,1
U0096,P0007,view,2025-06-16T10:32:00,1
U0065,P0237,visit,2025-06-16T11:38:00,8
U0027,P0434,view,2025-06-16T13:28:00,1
U0027,P0069,save,2025-06-16T18:01:00,4
U0054,P0193,view,2025-06-16T18:32:00,1
U0091,P0354,click,2025-06-16T20:53:00,2
U0044,P0187,booking,2025-06-16T21:25:00,10
U0069,P0420,view,2025-06-16T22:29:00,1
U0064,P0087,view,2025-06-16T22:48:00,1
U0046,P0252,visit,2025-06-16T23:53:00,8
U0098,P0194,view,2025-06-17T02:05:00,1
U0007,P0479,view,2025-06-17T02:25:00,1
U0010,P0371,visit,2025-06-17T04:05:00,8
U0022,P0236,share,2025-06-17T04:19:00,5
U0077,P0066,view,2025-06-17T04:40:00,1
U0018,P0127,dismiss,2025-06-17T04:49:00,-3
U0065,P0018,booking,2025-06-17T05:06:00,10
U0023,P0133,dismiss,2025-06-17T09:12:00,-3
U0054,P0303,view,2025-06-17T10:12:00,1
U0010,P0345,view,2025-06-17T10:28:00,1
U0095,P0298,visit,2025-06-17T13:04:00,8
U0021,P0234,view,2025-06-17T15:37:00,1
U0080,P0142,visit,2025-06-17T17:21:00,8
U0041,P0040,visit,2025-06-17T17:29:00,8
U0045,P0030,view,2025-06-17T17:30:00,1
U0041,P0038,visit,2025-06-17T18:34:00,8
U0057,P0168,share,2025-06-17T19:11:00,5
U0036,P0347,booking,2025-06-17T19:50:00,10
U0006,P0456,visit,2025-06-17T21:18:00,8
U0059,P0414,dismiss,2025-06-17T22:18:00,-3
U0074,P0035,dismiss,2025-06-17T22:48:00,-3
U0049,P0370,view,2025-06-17T23:45:00,1
U0067,P0250,save,2025-06-18T00:56:00,4
U0042,P0140,view,2025-06-18T03:18:00,1
U0038,P0499,share,2025-06-18T03:58:00,5
U0005,P0426,dismiss,2025-06-18T04:42:00,-3
U0026,P0106,view,2025-06-18T05:06:00,1
U0049,P0423,dismiss,2025-06-18T05:34:00,-3
U0096,P0271,view,2025-06-18T05:52:00,1
U0033,P0372,view,2025-06-18T06:29:00,1
U0079,P0161,save,2025-06-18T09:35:00,4
U0086,P0357,click,2025-06-18T10:01:00,2
U0090,P0200,click,2025-06-18T12:16:00,2
U0092,P0307,save,2025-06-18T13:36:00,4
U0062,P0083,save,2025-06-18T16:26:00,4
U0040,P0329,booking,2025-06-18T16:30:00,10
U0039,P0381,click,2025-06-18T17:24:00,2
U0066,P0242,click,2025-06-18T17:47:00,2
U0085,P0266,visit,2025-06-18T19:14:00,8
U0049,P0096,save,2025-06-18T20:15:00,4
U0070,P0209,view,2025-06-18T22:43:00,1
U0084,P0390,share,2025-06-18T23:39:00,5
U0063,P0020,booking,2025-06-19T00:17:00,10
U0098,P0223,view,2025-06-19T00:36:00,1
U0062,P0417,view,2025-06-19T01:01:00,1
U0053,P0188,click,2025-06-19T01:38:00,2
U0093,P0203,share,2025-06-19T06:15:00,5
U0081,P0474,view,2025-06-19T06:33:00,1
U0013,P0183,click,2025-06-19T08:03:00,2
U0084,P0351,click,2025-06-19T09:37:00,2
U0060,P0398,visit,2025-06-19T09:55:00,8
U0059,P0125,save,2025-06-19T10:03:00,4
U0080,P0442,visit,2025-06-19T10:15:00,8
U0028,P0388,view,2025-06-19T10:15:00,1
U0012,P0476,view,2025-06-19T11:16:00,1
U0070,P0031,view,2025-06-19T11:54:00,1
U0063,P0212,click,2025-06-19T12:36:00,2
U0034,P0028,view,2025-06-19T12:37:00,1
U0019,P0495,view,2025-06-19T13:22:00,1
U0096,P0157,visit,2025-06-19T14:26:00,8
U0040,P0136,save,2025-06-19T14:44:00,4
U0014,P0462,view,2025-06-19T15:29:00,1
U0096,P0401,booking,2025-06-19T17:01:00,10
U0054,P0172,share,2025-06-19T17:51:00,5
U0008,P0005,view,2025-06-19T18:54:00,1
U0002,P0427,view,2025-06-19T19:20:00,1
U0045,P0485,view,2025-06-19T22:12:00,1
U0083,P0499,view,2025-06-19T23:04:00,1
U0091,P0314,save,2025-06-20T00:30:00,4
U0059,P0096,save,2025-06-20T01:09:00,4
U0081,P0183,share,2025-06-20T03:09:00,5
U0006,P0030,share,2025-06-20T04:02:00,5
U0078,P0116,view,2025-06-20T04:13:00,1
U0002,P0156,click,2025-06-20T04:40:00,2
U0028,P0405,view,2025-06-20T04:45:00,1
U0065,P0176,visit,2025-06-20T07:31:00,8
U0050,P0371,view,2025-06-20T08:47:00,1
U0018,P0024,booking,2025-06-20T10:25:00,10
U0050,P0455,click,2025-06-20T10:56:00,2
U0002,P0499,view,2025-06-20T13:51:00,1
U0034,P0061,view,2025-06-20T14:09:00,1
U0073,P0350,view,2025-06-20T15:09:00,1
U0017,P0110,view,2025-06-20T15:25:00,1
U0085,P0153,save,2025-06-20T16:14:00,4
U0034,P0352,visit,2025-06-20T16:49:00,8
U0066,P0376,view,2025-06-20T17:20:00,1
U0060,P0413,view,2025-06-20T17:35:00,1
U0073,P0189,view,2025-06-20T19:47:00,1
U0012,P0100,click,2025-06-20T20:11:00,2
U0087,P0368,save,2025-06-20T20:42:00,4
U0049,P0063,visit,2025-06-20T22:20:00,8
U0076,P0101,click,2025-06-20T23:05:00,2
U0065,P0274,click,2025-06-20T23:22:00,2
U0084,P0119,click,2025-06-21T01:45:00,2
U0032,P0229,click,2025-06-21T03:59:00,2
U0049,P0429,visit,2025-06-21T04:02:00,8
U0088,P0096,view,2025-06-21T05:57:00,1
U0079,P0329,visit,2025-06-21T06:21:00,8
U0071,P0290,click,2025-06-21T06:32:00,2
U0093,P0130,share,2025-06-21T12:48:00,5
U0085,P0408,share,2025-06-21T13:22:00,5
U0021,P0273,view,2025-06-21T13:37:00,1
U0011,P0405,booking,2025-06-21T14:00:00,10
U0053,P0243,view,2025-06-21T17:28:00,1
U0031,P0299,share,2025-06-21T19:11:00,5
U0062,P0319,visit,2025-06-21T19:25:00,8
U0081,P0176,save,2025-06-21T20:43:00,4
U0051,P0354,view,2025-06-22T00:02:00,1
U0055,P0161,view,2025-06-22T00:36:00,1
U0084,P0318,click,2025-06-22T02:27:00,2
U0047,P0071,click,2025-06-22T02:44:00,2
U0001,P0196,save,2025-06-22T03:05:00,4
U0045,P0433,view,2025-06-22T06:01:00,1
U0022,P0415,click,2025-06-22T08:04:00,2
U0012,P0114,visit,2025-06-22T08:40:00,8
U0091,P0054,view,2025-06-22T08:43:00,1
U0007,P0277,save,2025-06-22T09:36:00,4
U0099,P0449,view,2025-06-22T09:58:00,1
U0069,P0071,view,2025-06-22T10:47:00,1
U0028,P0426,view,2025-06-22T11:43:00,1
U0030,P0107,click,2025-06-22T13:30:00,2
U0089,P0243,click,2025-06-22T13:51:00,2
U0012,P0379,click,2025-06-22T13:56:00,2
U0042,P0455,dismiss,2025-06-22T14:57:00,-3
U0043,P0334,save,2025-06-22T14:59:00,4
U0098,P0299,click,2025-06-22T16:25:00,2
U0083,P0254,save,2025-06-22T17:02:00,4
U0044,P0251,click,2025-06-22T17:56:00,2
U0066,P0048,click,2025-06-22T18:00:00,2
U0036,P0100,share,2025-06-22T18:38:00,5
U0005,P0361,booking,2025-06-22T19:08:00,10
U0028,P0238,click,2025-06-22T19:27:00,2
U0047,P0475,view,2025-06-22T19:46:00,1
U0033,P0147,dismiss,2025-06-22T20:01:00,-3
U0068,P0417,booking,2025-06-22T20:27:00,10
U0068,P0349,click,2025-06-22T21:37:00,2
U0020,P0494,share,2025-06-22T23:43:00,5
U0054,P0156,click,2025-06-22T23:57:00,2
U0086,P0383,view,2025-06-23T02:34:00,1
U0044,P0462,save,2025-06-23T02:56:00,4
U0004,P0169,view,2025-06-23T03:29:00,1
U0013,P0124,save,2025-06-23T03:48:00,4
U0040,P0076,view,2025-06-23T04:58:00,1
U0078,P0179,save,2025-06-23T06:35:00,4
U0075,P0290,click,2025-06-23T07:16:00,2
U0043,P0419,dismiss,2025-06-23T07:23:00,-3
U0023,P0477,visit,2025-06-23T14:08:00,8
U0067,P0411,click,2025-06-23T14:30:00,2
U0043,P0219,save,2025-06-23T14:48:00,4
U0099,P0048,save,2025-06-23T16:22:00,4
U0026,P0065,view,2025-06-23T17:15:00,1
U0015,P0363,click,2025-06-23T17:39:00,2
U0029,P0031,view,2025-06-23T18:27:00,1
U0026,P0220,view,2025-06-23T20:43:00,1
U0018,P0021,share,2025-06-23T21:30:00,5
U0080,P0467,save,2025-06-23T21:38:00,4
U0031,P0268,click,2025-06-23T22:05:00,2
U0062,P0478,view,2025-06-23T22:36:00,1
U0078,P0134,click,2025-06-23T23:15:00,2
U0086,P0226,visit,2025-06-24T00:36:00,8
U0020,P0487,visit,2025-06-24T02:53:00,8
U0071,P0309,click,2025-06-24T03:32:00,2
U0091,P0349,view,2025-06-24T03:49:00,1
U0003,P0372,click,2025-06-24T05:03:00,2
U0091,P0491,click,2025-06-24T07:06:00,2
U0047,P0266,view,2025-06-24T09:53:00,1
U0052,P0335,click,2025-06-24T11:03:00,2
U0013,P0412,view,2025-06-24T11:52:00,1
U0013,P0042,view,2025-06-24T11:53:00,1
U0038,P0488,share,2025-06-24T14:36:00,5
U0032,P0249,visit,2025-06-24T14:50:00,8
U0005,P0272,share,2025-06-24T15:12:00,5
U0018,P0042,click,2025-06-24T15:46:00,2
U0046,P0400,click,2025-06-24T17:40:00,2
U0097,P0332,click,2025-06-24T18:21:00,2
U0045,P0493,view,2025-06-24T18:50:00,1
U0085,P0079,visit,2025-06-24T22:26:00,8
U0061,P0131,click,2025-06-24T23:52:00,2
U0028,P0275,dismiss,2025-06-25T00:37:00,-3
U0071,P0342,visit,2025-06-25T01:37:00,8
U0015,P0378,save,2025-06-25T02:35:00,4
U0089,P0381,save,2025-06-25T02:42:00,4
U0094,P0317,save,2025-06-25T02:44:00,4
U0085,P0204,share,2025-06-25T03:28:00,5
U0095,P0073,view,2025-06-25T04:50:00,1
U0043,P0163,visit,2025-06-25T05:06:00,8
U0067,P0434,view,2025-06-25T05:13:00,1
U0090,P0113,view,2025-06-25T05:42:00,1
U0087,P0347,save,2025-06-25T05:58:00,4
U0091,P0443,click,2025-06-25T07:30:00,2
U0087,P0489,view,2025-06-25T07:33:00,1
U0020,P0425,booking,2025-06-25T07:56:00,10
U0026,P0490,view,2025-06-25T09:23:00,1
U0092,P0119,dismiss,2025-06-25T09:39:00,-3
U0039,P0274,share,2025-06-25T10:20:00,5
U0015,P0357,view,2025-06-25T11:11:00,1
U0012,P0199,view,2025-06-25T13:36:00,1
U0030,P0083,click,2025-06-25T13:38:00,2
U0009,P0456,click,2025-06-25T14:50:00,2
U0098,P0148,visit,2025-06-25T15:49:00,8
U0022,P0224,share,2025-06-25T17:34:00,5
U0009,P0149,save,2025-06-25T20:06:00,4
U0021,P0218,save,2025-06-25T20:41:00,4
U0055,P0306,dismiss,2025-06-25T21:47:00,-3
U0066,P0159,click,2025-06-25T22:50:00,2
U0017,P0332,view,2025-06-25T22:51:00,1
U0093,P0213,click,2025-06-26T00:22:00,2
U0019,P0086,share,2025-06-26T01:41:00,5
U0039,P0116,view,2025-06-26T02:13:00,1
U0019,P0080,view,2025-06-26T02:37:00,1
U0090,P0060,booking,2025-06-26T03:48:00,10
U0043,P0494,share,2025-06-26T03:55:00,5
U0026,P0284,view,2025-06-26T06:12:00,1
U0036,P0453,view,2025-06-26T06:24:00,1
U0014,P0137,view,2025-06-26T06:26:00,1
U0012,P0469,click,2025-06-26T09:08:00,2
U0021,P0341,view,2025-06-26T11:19:00,1
U0073,P0354,view,2025-06-26T11:34:00,1
U0073,P0308,click,2025-06-26T12:39:00,2
U0003,P0305,visit,2025-06-26T13:47:00,8
U0099,P0192,save,2025-06-26T14:59:00,4
U0081,P0331,visit,2025-06-26T15:46:00,8
U0081,P0194,view,2025-06-26T16:45:00,1
U0004,P0441,view,2025-06-26T18:19:00,1
U0001,P0011,view,2025-06-26T19:16:00,1
U0013,P0353,view,2025-06-26T21:08:00,1
U0045,P0192,booking,2025-06-26T23:03:00,10
U0008,P0122,save,2025-06-27T01:06:00,4
U0073,P0311,click,2025-06-27T02:17:00,2
U0065,P0111,click,2025-06-27T04:45:00,2
U0055,P0076,visit,2025-06-27T05:13:00,8
U0086,P0354,view,2025-06-27T05:48:00,1
U0086,P0262,view,2025-06-27T07:14:00,1
U0015,P0041,view,2025-06-27T08:14:00,1
U0034,P0027,view,2025-06-27T09:07:00,1
U0093,P0276,view,2025-06-27T09:38:00,1
U0063,P0438,view,2025-06-27T10:15:00,1
U0089,P0481,click,2025-06-27T10:16:00,2
U0061,P0159,visit,2025-06-27T11:45:00,8
U0015,P0472,view,2025-06-27T12:55:00,1
U0062,P0175,view,2025-06-27T13:44:00,1
U0007,P0155,click,2025-06-27T14:41:00,2
U0033,P0386,share,2025-06-27T15:39:00,5
U0084,P0251,share,2025-06-27T19:47:00,5
U0077,P0014,view,2025-06-27T20:47:00,1
U0006,P0475,visit,2025-06-27T22:04:00,8
U0018,P0268,save,2025-06-28T01:09:00,4
U0041,P0201,click,2025-06-28T02:20:00,2
U0009,P0384,view,2025-06-28T02:28:00,1
U0063,P0019,view,2025-06-28T02:39:00,1
U0025,P0393,click,2025-06-28T02:55:00,2
U0038,P0011,click,2025-06-28T05:01:00,2
U0062,P0226,dismiss,2025-06-28T09:26:00,-3
U0005,P0390,share,2025-06-28T11:46:00,5
U0031,P0070,view,2025-06-28T11:54:00,1
U0003,P0243,click,2025-06-28T13:21:00,2
U0089,P0177,share,2025-06-28T13:28:00,5
U0032,P0109,view,2025-06-28T13:30:00,1
U0012,P0186,view,2025-06-28T14:16:00,1
U0032,P0039,view,2025-06-28T14:29:00,1
U0009,P0242,visit,2025-06-28T15:06:00,8
U0062,P0144,view,2025-06-28T15:51:00,1
U0035,P0126,view,2025-06-28T18:39:00,1
U0074,P0207,save,2025-06-28T20:22:00,4
U0038,P0272,view,2025-06-28T20:33:00,1
U0055,P0220,view,2025-06-28T21:01:00,1
U0096,P0208,view,2025-06-28T21:59:00,1
U0071,P0194,share,2025-06-29T00:48:00,5
U0068,P0175,click,2025-06-29T02:08:00,2
U0088,P0125,click,2025-06-29T02:18:00,2
U0036,P0109,view,2025-06-29T03:04:00,1
U0066,P0033,view,2025-06-29T03:54:00,1
U0096,P0014,click,2025-06-29T08:47:00,2
U0005,P0064,click,2025-06-29T09:41:00,2
U0089,P0027,view,2025-06-29T12:49:00,1
U0034,P0274,view,2025-06-29T17:16:00,1
U0009,P0030,visit,2025-06-29T17:17:00,8
U0018,P0375,visit,2025-06-29T17:51:00,8
U0035,P0089,view,2025-06-29T19:41:00,1
U0030,P0289,click,2025-06-29T23:11:00,2
U0046,P0064,view,2025-06-29T23:26:00,1
U0062,P0457,visit,2025-06-30T00:49:00,8
U0032,P0261,view,2025-06-30T02:04:00,1
U0092,P0141,save,2025-06-30T04:15:00,4
U0008,P0174,view,2025-06-30T05:08:00,1
U0065,P0116,click,2025-06-30T05:30:00,2
U0004,P0346,share,2025-06-30T07:40:00,5
U0034,P0305,save,2025-06-30T09:45:00,4
U0048,P0068,share,2025-06-30T10:12:00,5
U0033,P0183,dismiss,2025-06-30T11:57:00,-3
U0073,P0383,click,2025-06-30T12:12:00,2
U0069,P0207,view,2025-06-30T14:16:00,1
U0085,P0035,view,2025-06-30T14:52:00,1
U0005,P0484,save,2025-06-30T16:04:00,4
U0015,P0478,click,2025-06-30T16:34:00,2
U0060,P0173,save,2025-06-30T16:50:00,4
U0037,P0055,booking,2025-06-30T17:04:00,10
U0006,P0283,visit,2025-06-30T17:21:00,8
U0036,P0225,visit,2025-06-30T17:32:00,8
U0059,P0133,view,2025-06-30T17:42:00,1
U0076,P0194,click,2025-06-30T18:04:00,2
U0096,P0106,save,2025-06-30T18:26:00,4
U0064,P0400,click,2025-06-30T18:26:00,2
U0006,P0432,visit,2025-06-30T19:27:00,8
U0031,P0210,share,2025-06-30T20:18:00,5
U0083,P0129,save,2025-06-30T20:35:00,4
U0071,P0183,share,2025-06-30T23:50:00,5
U0041,P0144,save,2025-07-01T00:08:00,4
U0024,P0033,view,2025-07-01T01:49:00,1
U0018,P0274,share,2025-07-01T02:09:00,5
U0087,P0007,visit,2025-07-01T02:19:00,8
U0030,P0226,save,2025-07-01T03:00:00,4
U0054,P0499,dismiss,2025-07-01T05:29:00,-3
U0001,P0339,view,2025-07-01T06:42:00,1
U0015,P0063,booking,2025-07-01T06:57:00,10
U0061,P0219,share,2025-07-01T07:08:00,5
U0019,P0064,save,2025-07-01T07:11:00,4
U0034,P0331,view,2025-07-01T07:51:00,1
U0008,P0125,click,2025-07-01T08:50:00,2
U0038,P0426,visit,2025-07-01T09:53:00,8
U0022,P0022,view,2025-07-01T12:27:00,1
U0099,P0071,view,2025-07-01T13:20:00,1
U0001,P0252,save,2025-07-01T13:26:00,4
U0036,P0007,click,2025-07-01T14:58:00,2
U0073,P0235,view,2025-07-01T16:00:00,1
U0042,P0438,visit,2025-07-01T16:38:00,8
U0076,P0364,click,2025-07-01T16:38:00,2
U0064,P0187,share,2025-07-01T17:44:00,5
U0002,P0212,click,2025-07-01T17:56:00,2
U0038,P0010,visit,2025-07-01T18:23:00,8
U0064,P0248,save,2025-07-01T18:53:00,4
U0023,P0362,share,2025-07-01T19:42:00,5
U0007,P0092,share,2025-07-01T21:49:00,5
U0032,P0014,click,2025-07-01T22:36:00,2
U0059,P0461,save,2025-07-01T22:47:00,4
U0030,P0262,visit,2025-07-02T00:39:00,8
U0083,P0326,booking,2025-07-02T00:48:00,10
U0069,P0396,view,2025-07-02T02:27:00,1
U0073,P0084,booking,2025-07-02T02:30:00,10
U0087,P0300,click,2025-07-02T02:34:00,2
U0014,P0019,click,2025-07-02T04:42:00,2
U0061,P0071,save,2025-07-02T04:52:00,4
U0061,P0409,save,2025-07-02T05:09:00,4
U0068,P0174,view,2025-07-02T05:22:00,1
U0044,P0438,share,2025-07-02T06:47:00,5
U0089,P0298,view,2025-07-02T10:46:00,1
U0060,P0274,save,2025-07-02T12:57:00,4
U0022,P0472,click,2025-07-02T13:22:00,2
U0034,P0386,visit,2025-07-02T15:01:00,8
U0040,P0440,click,2025-07-02T15:29:00,2
U0022,P0491,view,2025-07-02T15:42:00,1
U0037,P0061,booking,2025-07-02T17:30:00,10
U0098,P0356,view,2025-07-02T18:26:00,1
U0077,P0279,view,2025-07-02T18:48:00,1
U0016,P0326,visit,2025-07-02T20:09:00,8
U0039,P0108,share,2025-07-02T23:02:00,5
U0087,P0434,click,2025-07-02T23:32:00,2
U0096,P0072,save,2025-07-03T00:20:00,4
U0009,P0163,click,2025-07-03T00:31:00,2
U0017,P0011,view,2025-07-03T02:44:00,1
U0009,P0408,booking,2025-07-03T02:50:00,10
U0035,P0107,share,2025-07-03T02:55:00,5
U0080,P0115,dismiss,2025-07-03T04:33:00,-3
U0062,P0236,view,2025-07-03T04:36:00,1
U0002,P0399,click,2025-07-03T06:43:00,2
U0004,P0080,visit,2025-07-03T07:37:00,8
U0024,P0207,click,2025-07-03T08:22:00,2
U0008,P0074,dismiss,2025-07-03T09:16:00,-3
U0026,P0157,click,2025-07-03T09:37:00,2
U0079,P0106,click,2025-07-03T13:24:00,2
U0086,P0142,click,2025-07-03T13:27:00,2
U0057,P0379,share,2025-07-03T14:59:00,5
U0095,P0239,save,2025-07-03T15:54:00,4
U0055,P0458,view,2025-07-03T17:20:00,1
U0096,P0225,visit,2025-07-03T17:57:00,8
U0043,P0410,dismiss,2025-07-03T18:07:00,-3
U0068,P0442,save,2025-07-03T20:12:00,4
U0046,P0012,click,2025-07-03T20:29:00,2
U0093,P0002,save,2025-07-03T21:41:00,4
U0011,P0338,view,2025-07-04T00:27:00,1
U0026,P0109,view,2025-07-04T01:01:00,1
U0010,P0369,save,2025-07-04T01:31:00,4
U0014,P0330,view,2025-07-04T04:43:00,1
U0100,P0264,click,2025-07-04T05:12:00,2
U0003,P0470,view,2025-07-04T05:19:00,1
U0015,P0436,save,2025-07-04T07:41:00,4
U0036,P0214,view,2025-07-04T10:26:00,1
U0028,P0302,view,2025-07-04T12:24:00,1
U0094,P0499,click,2025-07-04T13:00:00,2
U0019,P0046,visit,2025-07-04T13:09:00,8
U0071,P0239,save,2025-07-04T13:12:00,4
U0077,P0128,view,2025-07-04T13:56:00,1
U0059,P0415,dismiss,2025-07-04T14:16:00,-3
U0024,P0273,view,2025-07-04T15:51:00,1
U0038,P0405,view,2025-07-04T16:12:00,1
U0008,P0091,view,2025-07-04T16:56:00,1
U0097,P0488,view,2025-07-04T18:17:00,1
U0063,P0281,click,2025-07-04T20:34:00,2
U0007,P0378,visit,2025-07-04T22:15:00,8
U0031,P0435,view,2025-07-05T00:13:00,1
U0005,P0140,view,2025-07-05T00:23:00,1
U0098,P0239,click,2025-07-05T00:46:00,2
U0060,P0190,view,2025-07-05T01:19:00,1
U0007,P0144,view,2025-07-05T02:58:00,1
U0004,P0077,share,2025-07-05T03:43:00,5
U0042,P0424,save,2025-07-05T05:10:00,4
U0088,P0133,visit,2025-07-05T07:19:00,8
U0042,P0141,visit,2025-07-05T07:55:00,8
U0086,P0133,view,2025-07-05T09:11:00,1
U0041,P0259,click,2025-07-05T10:12:00,2
U0089,P0173,share,2025-07-05T10:19:00,5
U0076,P0139,view,2025-07-05T10:36:00,1
U0095,P0028,click,2025-07-05T10:46:00,2
U0069,P0159,click,2025-07-05T12:51:00,2
U0032,P0026,click,2025-07-05T13:30:00,2
U0044,P0497,visit,2025-07-05T14:37:00,8
U0098,P0413,view,2025-07-05T16:19:00,1
U0004,P0455,view,2025-07-05T16:37:00,1
U0020,P0006,view,2025-07-05T17:32:00,1
U0001,P0367,click,2025-07-05T18:12:00,2
U0045,P0282,share,2025-07-05T22:43:00,5
U0051,P0162,visit,2025-07-05T23:33:00,8
U0074,P0057,click,2025-07-06T00:04:00,2
U0032,P0200,dismiss,2025-07-06T00:19:00,-3
U0096,P0387,share,2025-07-06T01:49:00,5
U0069,P0234,dismiss,2025-07-06T01:52:00,-3
U0002,P0424,click,2025-07-06T01:57:00,2
U0033,P0194,visit,2025-07-06T03:57:00,8
U0074,P0282,visit,2025-07-06T04:01:00,8
U0082,P0364,save,2025-07-06T04:49:00,4
U0001,P0388,view,2025-07-06T05:23:00,1
U0049,P0162,click,2025-07-06T05:25:00,2
U0078,P0088,visit,2025-07-06T05:33:00,8
U0054,P0058,view,2025-07-06T06:25:00,1
U0082,P0468,share,2025-07-06T06:49:00,5
U0083,P0141,click,2025-07-06T07:30:00,2
U0044,P0358,save,2025-07-06T08:12:00,4
U0020,P0030,dismiss,2025-07-06T09:13:00,-3
U0024,P0002,click,2025-07-06T10:52:00,2
U0005,P0251,view,2025-07-06T11:58:00,1
U0055,P0128,click,2025-07-06T12:46:00,2
U0034,P0299,view,2025-07-06T14:00:00,1
U0061,P0304,click,2025-07-06T15:44:00,2
U0090,P0167,booking,2025-07-06T17:52:00,10
U0096,P0003,visit,2025-07-06T19:56:00,8
U0029,P0261,view,2025-07-06T21:59:00,1
U0069,P0049,view,2025-07-06T22:35:00,1
U0082,P0231,dismiss,2025-07-06T22:39:00,-3
U0069,P0098,view,2025-07-06T22:47:00,1
U0079,P0068,share,2025-07-07T00:16:00,5
U0084,P0403,visit,2025-07-07T01:54:00,8
U0039,P0124,visit,2025-07-07T01:56:00,8
U0098,P0021,view,2025-07-07T02:57:00,1
U0074,P0439,click,2025-07-07T06:06:00,2
U0016,P0405,click,2025-07-07T07:38:00,2
U0074,P0095,visit,2025-07-07T07:54:00,8
U0017,P0020,view,2025-07-07T11:12:00,1
U0055,P0300,view,2025-07-07T11:46:00,1
U0093,P0444,view,2025-07-07T12:13:00,1
U0040,P0451,click,2025-07-07T13:42:00,2
U0038,P0137,view,2025-07-07T14:49:00,1
U0075,P0468,visit,2025-07-07T16:10:00,8
U0004,P0166,view,2025-07-07T16:32:00,1
U0009,P0376,view,2025-07-07T17:52:00,1
U0022,P0123,visit,2025-07-07T22:37:00,8
U0086,P0040,visit,2025-07-08T00:44:00,8
U0048,P0014,view,2025-07-08T01:51:00,1
U0081,P0288,view,2025-07-08T03:01:00,1
U0045,P0062,click,2025-07-08T04:20:00,2
U0022,P0004,click,2025-07-08T05:00:00,2
U0023,P0224,save,2025-07-08T05:36:00,4
U0046,P0335,view,2025-07-08T06:41:00,1
U0038,P0500,click,2025-07-08T08:32:00,2
U0080,P0357,save,2025-07-08T11:38:00,4
U0097,P0110,share,2025-07-08T11:44:00,5
U0083,P0058,save,2025-07-08T13:43:00,4
U0006,P0204,share,2025-07-08T13:56:00,5
U0009,P0295,view,2025-07-08T14:31:00,1
U0045,P0098,view,2025-07-08T14:49:00,1
U0006,P0131,share,2025-07-08T16:17:00,5
U0058,P0095,share,2025-07-08T17:48:00,5
U0004,P0447,share,2025-07-08T17:57:00,5
U0052,P0280,dismiss,2025-07-08T18:37:00,-3
U0086,P0175,click,2025-07-08T19:56:00,2
U0004,P0484,visit,2025-07-08T21:47:00,8
U0028,P0392,view,2025-07-08T22:03:00,1
U0061,P0493,view,2025-07-08T22:37:00,1
U0048,P0257,save,2025-07-08T23:11:00,4
U0044,P0369,save,2025-07-09T02:11:00,4
U0015,P0370,view,2025-07-09T02:38:00,1
U0023,P0063,share,2025-07-09T04:57:00,5
U0078,P0386,view,2025-07-09T05:18:00,1
U0078,P0217,save,2025-07-09T07:15:00,4
U0059,P0327,view,2025-07-09T07:20:00,1
U0069,P0178,click,2025-07-09T08:27:00,2
U0068,P0393,dismiss,2025-07-09T09:12:00,-3
U0058,P0219,view,2025-07-09T09:55:00,1
U0066,P0384,click,2025-07-09T10:09:00,2
U0078,P0061,save,2025-07-09T10:36:00,4
U0097,P0272,dismiss,2025-07-09T10:51:00,-3
U0075,P0195,booking,2025-07-09T12:19:00,10
U0073,P0245,view,2025-07-09T12:34:00,1
U0084,P0046,click,2025-07-09T14:24:00,2
U0050,P0156,click,2025-07-09T16:16:00,2
U0020,P0285,click,2025-07-09T17:10:00,2
U0064,P0391,visit,2025-07-09T18:10:00,8
U0025,P0479,view,2025-07-09T18:18:00,1
U0040,P0109,visit,2025-07-09T18:23:00,8
U0043,P0397,view,2025-07-09T21:44:00,1
U0021,P0192,view,2025-07-10T00:18:00,1
U0048,P0069,save,2025-07-10T00:28:00,4
U0039,P0148,booking,2025-07-10T01:09:00,10
U0031,P0418,view,2025-07-10T01:44:00,1
U0016,P0011,dismiss,2025-07-10T02:15:00,-3
U0046,P0036,click,2025-07-10T02:17:00,2
U0077,P0200,view,2025-07-10T02:35:00,1
U0096,P0329,booking,2025-07-10T05:44:00,10
U0083,P0361,visit,2025-07-10T07:16:00,8
U0021,P0487,share,2025-07-10T09:49:00,5
U0033,P0042,save,2025-07-10T11:09:00,4
U0015,P0246,view,2025-07-10T11:54:00,1
U0073,P0170,booking,2025-07-10T13:00:00,10
U0046,P0086,view,2025-07-10T14:22:00,1
U0021,P0384,view,2025-07-10T14:34:00,1
U0010,P0359,click,2025-07-10T14:47:00,2
U0037,P0195,view,2025-07-10T17:45:00,1
U0057,P0460,click,2025-07-10T19:03:00,2
U0026,P0039,booking,2025-07-10T21:10:00,10
U0036,P0229,view,2025-07-10T21:26:00,1
U0065,P0465,share,2025-07-10T22:07:00,5
U0098,P0331,view,2025-07-10T22:55:00,1
U0046,P0441,dismiss,2025-07-10T23:35:00,-3
U0090,P0271,view,2025-07-11T00:30:00,1
U0068,P0126,view,2025-07-11T00:31:00,1
U0012,P0154,visit,2025-07-11T00:57:00,8
U0063,P0484,visit,2025-07-11T01:28:00,8
U0008,P0393,view,2025-07-11T01:39:00,1
U0043,P0304,view,2025-07-11T03:10:00,1
U0017,P0141,visit,2025-07-11T04:48:00,8
U0028,P0463,visit,2025-07-11T05:45:00,8
U0038,P0380,view,2025-07-11T05:59:00,1
U0084,P0141,click,2025-07-11T06:03:00,2
U0074,P0384,booking,2025-07-11T06:43:00,10
U0025,P0498,share,2025-07-11T09:18:00,5
U0093,P0045,visit,2025-07-11T09:21:00,8
U0030,P0235,share,2025-07-11T09:23:00,5
U0026,P0250,view,2025-07-11T10:38:00,1
U0097,P0053,click,2025-07-11T10:43:00,2
U0047,P0094,view,2025-07-11T12:28:00,1
U0028,P0427,save,2025-07-11T12:31:00,4
U0040,P0165,share,2025-07-11T12:55:00,5
U0004,P0399,visit,2025-07-11T13:09:00,8
U0091,P0477,save,2025-07-11T14:02:00,4
U0001,P0500,view,2025-07-11T14:57:00,1
U0028,P0455,visit,2025-07-11T15:25:00,8
U0046,P0169,view,2025-07-11T17:59:00,1
U0043,P0132,dismiss,2025-07-11T18:11:00,-3
U0061,P0473,save,2025-07-11T19:22:00,4
U0035,P0063,booking,2025-07-11T19:40:00,10
U0070,P0411,click,2025-07-11T20:51:00,2
U0098,P0267,view,2025-07-11T21:43:00,1
U0009,P0283,click,2025-07-11T22:09:00,2
U0045,P0131,visit,2025-07-11T22:55:00,8
U0096,P0286,save,2025-07-12T01:00:00,4
U0077,P0460,click,2025-07-12T01:07:00,2
U0053,P0342,save,2025-07-12T03:12:00,4
U0020,P0247,view,2025-07-12T05:01:00,1
U0011,P0332,dismiss,2025-07-12T05:46:00,-3
U0091,P0201,view,2025-07-12T07:31:00,1
U0077,P0227,dismiss,2025-07-12T08:51:00,-3
U0080,P0259,view,2025-07-12T09:28:00,1
U0092,P0330,visit,2025-07-12T11:30:00,8
U0064,P0338,view,2025-07-12T11:44:00,1
U0057,P0387,save,2025-07-12T12:43:00,4
U0008,P0378,visit,2025-07-12T13:11:00,8
U0045,P0117,click,2025-07-12T13:44:00,2
U0045,P0159,save,2025-07-12T17:01:00,4
U0060,P0468,save,2025-07-12T19:09:00,4
U0072,P0229,share,2025-07-12T20:17:00,5
U0018,P0176,save,2025-07-12T20:34:00,4
U0052,P0497,view,2025-07-12T21:18:00,1
U0063,P0251,view,2025-07-12T21:20:00,1
U0029,P0068,visit,2025-07-12T22:50:00,8
U0080,P0362,view,2025-07-13T00:10:00,1
U0082,P0188,view,2025-07-13T00:20:00,1
U0058,P0323,view,2025-07-13T00:44:00,1
U0099,P0230,view,2025-07-13T01:08:00,1
U0043,P0482,save,2025-07-13T02:31:00,4
U0001,P0193,dismiss,2025-07-13T02:35:00,-3
U0090,P0476,visit,2025-07-13T02:59:00,8
U0078,P0293,view,2025-07-13T03:50:00,1
U0016,P0351,view,2025-07-13T07:16:00,1
U0062,P0022,dismiss,2025-07-13T08:18:00,-3
U0052,P0036,save,2025-07-13T10:30:00,4
U0011,P0447,view,2025-07-13T11:34:00,1
U0014,P0346,view,2025-07-13T11:37:00,1
U0090,P0026,view,2025-07-13T11:44:00,1
U0031,P0134,click,2025-07-13T12:01:00,2
U0086,P0091,view,2025-07-13T13:43:00,1
U0077,P0069,click,2025-07-13T14:29:00,2
U0097,P0251,save,2025-07-13T15:33:00,4
U0093,P0410,click,2025-07-13T15:44:00,2
U0025,P0146,save,2025-07-13T15:53:00,4
U0079,P0113,click,2025-07-13T16:41:00,2
U0063,P0303,dismiss,2025-07-13T16:43:00,-3
U0068,P0277,click,2025-07-13T17:09:00,2
U0085,P0163,visit,2025-07-13T17:36:00,8
U0023,P0155,view,2025-07-13T18:14:00,1
U0022,P0040,visit,2025-07-13T18:24:00,8
U0037,P0268,click,2025-07-13T20:25:00,2
U0097,P0307,visit,2025-07-13T20:39:00,8
U0069,P0373,view,2025-07-13T21:13:00,1
U0008,P0096,click,2025-07-13T21:38:00,2
U0035,P0355,view,2025-07-13T22:08:00,1
U0051,P0289,view,2025-07-13T22:48:00,1
U0100,P0459,view,2025-07-13T23:13:00,1
U0097,P0338,share,2025-07-13T23:42:00,5
U0067,P0490,view,2025-07-14T01:58:00,1
U0032,P0284,view,2025-07-14T01:59:00,1
U0018,P0243,save,2025-07-14T02:48:00,4
U0008,P0063,save,2025-07-14T02:49:00,4
U0055,P0014,view,2025-07-14T02:51:00,1
U0001,P0303,dismiss,2025-07-14T03:22:00,-3
U0012,P0348,booking,2025-07-14T03:35:00,10
U0007,P0445,view,2025-07-14T04:52:00,1
U0030,P0383,view,2025-07-14T05:23:00,1
U0055,P0165,click,2025-07-14T10:13:00,2
U0019,P0087,save,2025-07-14T10:31:00,4
U0066,P0071,view,2025-07-14T12:08:00,1
U0041,P0246,view,2025-07-14T13:25:00,1
U0057,P0348,save,2025-07-14T15:00:00,4
U0093,P0482,click,2025-07-14T16:32:00,2
U0017,P0324,view,2025-07-14T16:45:00,1
U0098,P0288,click,2025-07-14T17:07:00,2
U0005,P0196,save,2025-07-14T17:45:00,4
U0083,P0046,visit,2025-07-14T17:57:00,8
U0041,P0308,click,2025-07-14T18:52:00,2
U0008,P0357,save,2025-07-14T18:53:00,4
U0095,P0413,view,2025-07-14T19:15:00,1
U0037,P0134,share,2025-07-14T20:37:00,5
U0051,P0189,visit,2025-07-14T21:07:00,8
U0035,P0259,booking,2025-07-14T21:43:00,10
U0082,P0305,share,2025-07-14T21:45:00,5
U0038,P0455,click,2025-07-14T22:18:00,2
U0008,P0170,click,2025-07-14T22:50:00,2
U0016,P0495,visit,2025-07-15T00:07:00,8
U0071,P0481,view,2025-07-15T00:44:00,1
U0081,P0217,click,2025-07-15T00:50:00,2
U0067,P0105,click,2025-07-15T01:08:00,2
U0061,P0207,share,2025-07-15T02:27:00,5
U0075,P0139,booking,2025-07-15T03:08:00,10
U0056,P0263,view,2025-07-15T03:09:00,1
U0088,P0429,click,2025-07-15T04:01:00,2
U0015,P0034,click,2025-07-15T06:09:00,2
U0062,P0038,save,2025-07-15T10:19:00,4
U0088,P0472,save,2025-07-15T11:27:00,4
U0061,P0410,save,2025-07-15T12:19:00,4
U0013,P0398,view,2025-07-15T12:26:00,1
U0089,P0372,visit,2025-07-15T13:35:00,8
U0086,P0406,booking,2025-07-15T13:37:00,10
U0028,P0077,view,2025-07-15T13:54:00,1
U0044,P0010,visit,2025-07-15T15:24:00,8
U0028,P0317,view,2025-07-15T16:20:00,1
U0017,P0455,click,2025-07-15T16:43:00,2
U0045,P0487,save,2025-07-15T17:10:00,4
U0004,P0184,click,2025-07-15T18:22:00,2
U0004,P0020,visit,2025-07-15T19:43:00,8
U0022,P0102,click,2025-07-15T19:43:00,2
U0015,P0442,view,2025-07-15T20:50:00,1
U0058,P0313,share,2025-07-15T22:16:00,5
U0046,P0497,share,2025-07-15T23:36:00,5
U0012,P0446,view,2025-07-16T00:02:00,1
U0069,P0304,view,2025-07-16T00:09:00,1
U0058,P0419,click,2025-07-16T02:18:00,2
U0074,P0340,share,2025-07-16T02:47:00,5
U0007,P0301,click,2025-07-16T07:28:00,2
U0050,P0206,view,2025-07-16T07:35:00,1
U0040,P0128,click,2025-07-16T08:40:00,2
U0075,P0217,visit,2025-07-16T12:08:00,8
U0054,P0447,click,2025-07-16T12:37:00,2
U0013,P0372,view,2025-07-16T13:38:00,1
U0035,P0226,view,2025-07-16T13:59:00,1
U0002,P0104,save,2025-07-16T15:25:00,4
U0077,P0329,visit,2025-07-16T15:45:00,8
U0009,P0425,view,2025-07-16T17:32:00,1
U0081,P0305,save,2025-07-16T17:59:00,4
U0054,P0307,view,2025-07-16T19:33:00,1
U0052,P0058,view,2025-07-16T20:36:00,1
U0039,P0210,click,2025-07-16T21:05:00,2
U0002,P0388,visit,2025-07-16T22:09:00,8
U0023,P0081,click,2025-07-16T22:27:00,2
U0094,P0391,save,2025-07-17T00:14:00,4
U0058,P0294,visit,2025-07-17T03:00:00,8
U0084,P0500,visit,2025-07-17T03:53:00,8
U0061,P0360,booking,2025-07-17T03:59:00,10
U0027,P0306,booking,2025-07-17T06:30:00,10
U0093,P0219,view,2025-07-17T07:35:00,1
U0005,P0358,view,2025-07-17T09:16:00,1
U0097,P0263,booking,2025-07-17T09:18:00,10
U0033,P0418,view,2025-07-17T09:38:00,1
U0044,P0399,click,2025-07-17T09:43:00,2
U0006,P0132,view,2025-07-17T10:11:00,1
U0031,P0073,visit,2025-07-17T11:20:00,8
U0066,P0316,visit,2025-07-17T12:15:00,8
U0063,P0399,save,2025-07-17T12:48:00,4
U0045,P0416,save,2025-07-17T13:01:00,4
U0091,P0429,view,2025-07-17T17:16:00,1
U0054,P0206,visit,2025-07-17T17:20:00,8
U0081,P0342,share,2025-07-17T19:30:00,5
U0083,P0212,view,2025-07-17T20:45:00,1
U0048,P0469,view,2025-07-17T20:55:00,1
U0064,P0399,visit,2025-07-17T21:50:00,8
U0038,P0263,share,2025-07-17T22:30:00,5
U0017,P0391,view,2025-07-18T00:35:00,1
U0016,P0058,save,2025-07-18T06:33:00,4
U0050,P0087,visit,2025-07-18T06:52:00,8
U0075,P0243,visit,2025-07-18T06:56:00,8
U0070,P0167,save,2025-07-18T07:22:00,4
U0090,P0489,view,2025-07-18T09:41:00,1
U0083,P0248,save,2025-07-18T10:30:00,4
U0020,P0459,view,2025-07-18T11:08:00,1
U0046,P0158,view,2025-07-18T11:13:00,1
U0068,P0054,view,2025-07-18T11:59:00,1
U0087,P0114,click,2025-07-18T12:02:00,2
U0074,P0178,dismiss,2025-07-18T13:08:00,-3
U0029,P0284,view,2025-07-18T13:20:00,1
U0036,P0165,share,2025-07-18T13:22:00,5
U0093,P0062,visit,2025-07-18T15:16:00,8
U0071,P0024,view,2025-07-18T16:23:00,1
U0047,P0049,booking,2025-07-18T17:40:00,10
U0044,P0206,click,2025-07-18T18:07:00,2
U0085,P0459,dismiss,2025-07-18T18:32:00,-3
U0055,P0469,view,2025-07-18T20:05:00,1
U0076,P0179,click,2025-07-18T20:50:00,2
U0091,P0189,click,2025-07-18T21:36:00,2
U0069,P0030,click,2025-07-18T22:18:00,2
U0046,P0426,click,2025-07-18T23:20:00,2
U0090,P0032,save,2025-07-19T00:12:00,4
U0077,P0365,view,2025-07-19T00:29:00,1
U0032,P0225,view,2025-07-19T00:35:00,1
U0096,P0489,click,2025-07-19T00:35:00,2
U0020,P0492,view,2025-07-19T02:50:00,1
U0025,P0067,view,2025-07-19T03:20:00,1
U0020,P0485,booking,2025-07-19T03:40:00,10
U0030,P0245,click,2025-07-19T04:07:00,2
U0078,P0237,booking,2025-07-19T05:23:00,10
U0076,P0305,view,2025-07-19T05:25:00,1
U0018,P0337,visit,2025-07-19T05:38:00,8
U0082,P0027,visit,2025-07-19T06:00:00,8
U0045,P0341,click,2025-07-19T06:50:00,2
U0008,P0289,share,2025-07-19T10:23:00,5
U0084,P0369,save,2025-07-19T10:51:00,4
U0050,P0001,share,2025-07-19T11:12:00,5
U0071,P0413,share,2025-07-19T11:17:00,5
U0024,P0048,visit,2025-07-19T13:53:00,8
U0043,P0207,save,2025-07-19T14:07:00,4
U0087,P0145,click,2025-07-19T14:26:00,2
U0071,P0029,view,2025-07-19T18:16:00,1
U0099,P0410,visit,2025-07-19T18:59:00,8
U0019,P0254,view,2025-07-19T19:36:00,1
U0088,P0092,visit,2025-07-19T21:03:00,8
U0008,P0092,click,2025-07-19T21:57:00,2
U0074,P0486,click,2025-07-19T23:04:00,2
U0047,P0334,save,2025-07-20T00:23:00,4
U0024,P0071,view,2025-07-20T01:21:00,1
U0027,P0451,dismiss,2025-07-20T02:34:00,-3
U0081,P0085,view,2025-07-20T03:30:00,1
U0084,P0497,save,2025-07-20T05:00:00,4
U0053,P0055,view,2025-07-20T05:03:00,1
U0021,P0475,view,2025-07-20T05:18:00,1
U0061,P0149,booking,2025-07-20T05:58:00,10
U0072,P0379,view,2025-07-20T06:11:00,1
U0014,P0011,view,2025-07-20T07:57:00,1
U0091,P0308,view,2025-07-20T10:49:00,1
U0081,P0466,share,2025-07-20T10:59:00,5
U0052,P0193,click,2025-07-20T11:39:00,2
U0029,P0014,view,2025-07-20T12:04:00,1
U0085,P0283,save,2025-07-20T12:11:00,4
U0027,P0121,booking,2025-07-20T12:13:00,10
U0037,P0398,click,2025-07-20T14:27:00,2
U0049,P0491,share,2025-07-20T16:37:00,5
U0100,P0341,click,2025-07-20T17:46:00,2
U0042,P0020,click,2025-07-20T18:12:00,2
U0056,P0272,view,2025-07-20T18:42:00,1
U0083,P0403,click,2025-07-20T21:38:00,2
U0071,P0018,view,2025-07-20T23:17:00,1
U0024,P0213,share,2025-07-21T01:05:00,5
U0089,P0176,view,2025-07-21T01:39:00,1
U0055,P0448,view,2025-07-21T01:51:00,1
U0010,P0326,click,2025-07-21T02:37:00,2
U0065,P0101,visit,2025-07-21T04:42:00,8
U0094,P0369,click,2025-07-21T06:46:00,2
U0048,P0120,visit,2025-07-21T07:02:00,8
U0046,P0499,visit,2025-07-21T07:36:00,8
U0059,P0393,dismiss,2025-07-21T09:43:00,-3
U0097,P0330,save,2025-07-21T10:12:00,4
U0049,P0123,save,2025-07-21T10:42:00,4
U0059,P0142,share,2025-07-21T11:28:00,5
U0038,P0369,view,2025-07-21T12:49:00,1
U0078,P0028,view,2025-07-21T13:46:00,1
U0068,P0461,view,2025-07-21T14:00:00,1
U0060,P0466,view,2025-07-21T14:48:00,1
U0017,P0158,click,2025-07-21T14:48:00,2
U0088,P0067,click,2025-07-21T15:00:00,2
U0082,P0418,booking,2025-07-21T17:21:00,10
U0089,P0085,view,2025-07-21T17:21:00,1
U0043,P0471,view,2025-07-21T17:41:00,1
U0019,P0462,view,2025-07-21T20:20:00,1
U0057,P0347,visit,2025-07-21T20:24:00,8
U0069,P0459,save,2025-07-21T21:33:00,4
U0053,P0176,view,2025-07-21T21:55:00,1
U0042,P0374,booking,2025-07-21T22:47:00,10
U0004,P0053,view,2025-07-22T00:16:00,1
U0089,P0042,view,2025-07-22T00:28:00,1
U0066,P0009,save,2025-07-22T00:47:00,4
U0075,P0061,click,2025-07-22T03:03:00,2
U0069,P0171,save,2025-07-22T05:10:00,4
U0060,P0029,booking,2025-07-22T06:00:00,10
U0025,P0096,view,2025-07-22T08:37:00,1
U0090,P0257,click,2025-07-22T09:29:00,2
U0025,P0289,view,2025-07-22T10:34:00,1
U0007,P0189,visit,2025-07-22T11:49:00,8
U0022,P0370,view,2025-07-22T12:44:00,1
U0081,P0188,share,2025-07-22T15:25:00,5
U0057,P0114,save,2025-07-22T15:45:00,4
U0041,P0155,dismiss,2025-07-22T15:51:00,-3
U0048,P0109,share,2025-07-22T17:34:00,5
U0005,P0110,view,2025-07-22T19:03:00,1
U0001,P0036,click,2025-07-22T20:29:00,2
U0051,P0041,click,2025-07-22T20:37:00,2
U0076,P0298,view,2025-07-22T22:32:00,1
U0098,P0422,dismiss,2025-07-22T23:36:00,-3
U0033,P0293,share,2025-07-23T00:07:00,5
U0067,P0448,save,2025-07-23T00:09:00,4
U0008,P0107,save,2025-07-23T02:23:00,4
U0083,P0484,booking,2025-07-23T02:25:00,10
U0021,P0149,save,2025-07-23T04:45:00,4
U0008,P0461,view,2025-07-23T07:35:00,1
U0015,P0170,click,2025-07-23T07:48:00,2
U0095,P0288,save,2025-07-23T09:07:00,4
U0080,P0445,view,2025-07-23T09:17:00,1
U0013,P0342,view,2025-07-23T10:18:00,1
U0014,P0129,click,2025-07-23T11:32:00,2
U0011,P0086,visit,2025-07-23T15:31:00,8
U0089,P0073,visit,2025-07-23T15:41:00,8
U0052,P0020,view,2025-07-23T19:05:00,1
U0080,P0327,save,2025-07-23T19:06:00,4
U0057,P0167,view,2025-07-23T20:21:00,1
U0046,P0374,visit,2025-07-23T21:24:00,8
U0069,P0408,view,2025-07-23T21:30:00,1
U0039,P0139,visit,2025-07-23T21:33:00,8
U0075,P0147,share,2025-07-23T22:29:00,5
U0049,P0479,click,2025-07-23T22:55:00,2
U0098,P0233,save,2025-07-24T00:05:00,4
U0071,P0256,visit,2025-07-24T00:16:00,8
U0071,P0299,view,2025-07-24T03:59:00,1
U0073,P0478,share,2025-07-24T04:53:00,5
U0037,P0435,view,2025-07-24T08:58:00,1
U0078,P0042,view,2025-07-24T09:49:00,1
U0002,P0438,visit,2025-07-24T10:17:00,8
U0082,P0274,save,2025-07-24T12:49:00,4
U0024,P0097,view,2025-07-24T15:32:00,1
U0030,P0378,share,2025-07-24T16:46:00,5
U0064,P0156,save,2025-07-24T17:24:00,4
U0061,P0218,visit,2025-07-24T19:09:00,8
U0093,P0316,view,2025-07-24T19:28:00,1
U0080,P0180,save,2025-07-24T19:39:00,4
U0051,P0327,dismiss,2025-07-24T19:43:00,-3
U0061,P0132,visit,2025-07-24T21:20:00,8
U0001,P0499,click,2025-07-24T21:41:00,2
U0088,P0215,share,2025-07-24T22:38:00,5
U0006,P0273,view,2025-07-24T23:28:00,1
U0074,P0283,save,2025-07-25T01:21:00,4
U0053,P0375,view,2025-07-25T03:29:00,1
U0042,P0187,booking,2025-07-25T03:46:00,10
U0072,P0068,save,2025-07-25T04:33:00,4
U0099,P0099,dismiss,2025-07-25T04:45:00,-3
U0070,P0489,dismiss,2025-07-25T06:04:00,-3
U0023,P0472,dismiss,2025-07-25T06:40:00,-3
U0089,P0233,view,2025-07-25T08:06:00,1
U0015,P0181,view,2025-07-25T08:28:00,1
U0066,P0459,view,2025-07-25T08:44:00,1
U0075,P0042,click,2025-07-25T09:46:00,2
U0020,P0323,save,2025-07-25T10:07:00,4
U0030,P0240,visit,2025-07-25T11:00:00,8
U0065,P0267,visit,2025-07-25T11:10:00,8
U0042,P0499,click,2025-07-25T11:49:00,2
U0099,P0030,booking,2025-07-25T12:14:00,10
U0076,P0290,view,2025-07-25T12:45:00,1
U0078,P0210,visit,2025-07-25T13:57:00,8
U0069,P0035,click,2025-07-25T15:26:00,2
U0085,P0207,click,2025-07-25T20:03:00,2
U0072,P0448,share,2025-07-25T21:46:00,5
U0091,P0445,view,2025-07-25T22:56:00,1
U0046,P0251,view,2025-07-26T00:44:00,1
U0050,P0104,click,2025-07-26T01:19:00,2
U0043,P0407,share,2025-07-26T01:22:00,5
U0033,P0474,view,2025-07-26T01:57:00,1
U0035,P0150,save,2025-07-26T02:02:00,4
U0077,P0257,view,2025-07-26T03:17:00,1
U0079,P0136,click,2025-07-26T04:48:00,2
U0019,P0187,save,2025-07-26T04:54:00,4
U0069,P0394,save,2025-07-26T04:57:00,4
U0058,P0416,view,2025-07-26T05:00:00,1
U0064,P0351,view,2025-07-26T05:25:00,1
U0056,P0212,share,2025-07-26T05:52:00,5
U0087,P0401,share,2025-07-26T10:38:00,5
U0048,P0032,visit,2025-07-26T10:51:00,8
U0013,P0293,view,2025-07-26T13:02:00,1
U0012,P0315,click,2025-07-26T13:30:00,2
U0091,P0226,click,2025-07-26T14:29:00,2
U0045,P0373,visit,2025-07-26T14:55:00,8
U0048,P0411,visit,2025-07-26T16:29:00,8
U0015,P0226,visit,2025-07-26T18:00:00,8
U0037,P0299,click,2025-07-26T19:53:00,2
U0041,P0092,view,2025-07-26T20:23:00,1
U0089,P0386,view,2025-07-26T20:44:00,1
U0002,P0011,dismiss,2025-07-26T22:18:00,-3
U0069,P0419,save,2025-07-26T22:50:00,4
U0039,P0183,view,2025-07-27T00:10:00,1
U0030,P0491,click,2025-07-27T00:39:00,2
U0097,P0495,view,2025-07-27T03:57:00,1
U0096,P0165,click,2025-07-27T05:21:00,2
U0074,P0048,visit,2025-07-27T05:55:00,8
U0075,P0024,view,2025-07-27T06:51:00,1
U0048,P0186,booking,2025-07-27T08:33:00,10
U0046,P0351,view,2025-07-27T09:52:00,1
U0068,P0004,dismiss,2025-07-27T12:16:00,-3
U0008,P0102,view,2025-07-27T12:24:00,1
U0034,P0075,view,2025-07-27T12:25:00,1
U0051,P0015,save,2025-07-27T12:36:00,4
U0080,P0262,visit,2025-07-27T12:38:00,8
U0057,P0284,view,2025-07-27T12:50:00,1
U0081,P0025,visit,2025-07-27T12:57:00,8
U0007,P0457,view,2025-07-27T13:32:00,1
U0008,P0431,click,2025-07-27T14:36:00,2
U0095,P0402,save,2025-07-27T15:08:00,4
U0053,P0413,view,2025-07-27T18:09:00,1
U0070,P0300,view,2025-07-27T18:32:00,1
U0078,P0013,click,2025-07-27T18:44:00,2
U0007,P0201,view,2025-07-27T21:32:00,1
U0024,P0266,visit,2025-07-27T21:47:00,8
U0089,P0270,save,2025-07-27T22:15:00,4
U0067,P0284,share,2025-07-27T22:18:00,5
U0059,P0472,view,2025-07-27T22:39:00,1
U0092,P0358,view,2025-07-27T22:54:00,1
U0100,P0473,visit,2025-07-28T00:05:00,8
U0037,P0183,share,2025-07-28T00:17:00,5
U0050,P0302,view,2025-07-28T00:43:00,1
U0091,P0480,view,2025-07-28T02:13:00,1
U0094,P0326,visit,2025-07-28T03:10:00,8
U0067,P0113,share,2025-07-28T03:31:00,5
U0022,P0311,visit,2025-07-28T03:48:00,8
U0084,P0058,view,2025-07-28T04:43:00,1
U0073,P0174,view,2025-07-28T05:12:00,1
U0074,P0153,save,2025-07-28T05:15:00,4
U0048,P0306,click,2025-07-28T05:32:00,2
U0001,P0441,view,2025-07-28T06:06:00,1
U0052,P0374,view,2025-07-28T06:10:00,1
U0061,P0221,save,2025-07-28T06:12:00,4
U0085,P0192,visit,2025-07-28T06:53:00,8
U0085,P0006,booking,2025-07-28T07:06:00,10
U0062,P0423,view,2025-07-28T07:22:00,1
U0004,P0324,view,2025-07-28T08:02:00,1
U0096,P0228,click,2025-07-28T09:09:00,2
U0069,P0432,save,2025-07-28T09:52:00,4
U0022,P0262,visit,2025-07-28T09:54:00,8
U0043,P0312,view,2025-07-28T12:44:00,1
U0087,P0287,save,2025-07-28T13:19:00,4
U0025,P0155,view,2025-07-28T14:05:00,1
U0079,P0448,share,2025-07-28T17:16:00,5
U0037,P0412,click,2025-07-28T17:17:00,2
U0035,P0084,click,2025-07-28T18:34:00,2
U0064,P0371,save,2025-07-28T18:39:00,4
U0040,P0229,click,2025-07-28T19:17:00,2
U0096,P0250,share,2025-07-28T19:36:00,5
U0052,P0320,click,2025-07-28T19:44:00,2
U0002,P0296,visit,2025-07-28T19:47:00,8
U0025,P0478,save,2025-07-28T20:14:00,4
U0036,P0138,view,2025-07-28T21:37:00,1
U0088,P0480,save,2025-07-28T23:53:00,4
U0068,P0265,share,2025-07-29T00:03:00,5
U0094,P0206,booking,2025-07-29T00:24:00,10
U0013,P0244,dismiss,2025-07-29T03:16:00,-3
U0064,P0193,save,2025-07-29T03:29:00,4
U0074,P0313,save,2025-07-29T03:51:00,4
U0037,P0103,save,2025-07-29T07:36:00,4
U0065,P0496,view,2025-07-29T10:53:00,1
U0087,P0065,view,2025-07-29T11:25:00,1
U0044,P0500,share,2025-07-29T11:41:00,5
U0025,P0265,click,2025-07-29T12:14:00,2
U0073,P0215,visit,2025-07-29T13:06:00,8
U0036,P0186,booking,2025-07-29T13:32:00,10
U0086,P0430,view,2025-07-29T13:54:00,1
U0063,P0172,view,2025-07-29T14:28:00,1
U0028,P0058,view,2025-07-29T14:40:00,1
U0055,P0138,view,2025-07-29T14:48:00,1
U0045,P0473,save,2025-07-29T14:56:00,4
U0078,P0103,click,2025-07-29T15:02:00,2
U0068,P0107,visit,2025-07-29T17:28:00,8
U0091,P0185,visit,2025-07-29T17:30:00,8
U0094,P0017,view,2025-07-29T17:35:00,1
U0099,P0439,click,2025-07-29T17:51:00,2
U0006,P0009,share,2025-07-29T18:04:00,5
U0058,P0425,booking,2025-07-29T18:20:00,10
U0036,P0368,visit,2025-07-29T20:28:00,8
U0021,P0294,click,2025-07-29T20:58:00,2
U0014,P0388,view,2025-07-30T00:15:00,1
U0071,P0428,visit,2025-07-30T03:00:00,8
U0097,P0339,click,2025-07-30T03:30:00,2
U0093,P0057,save,2025-07-30T04:54:00,4
U0092,P0346,click,2025-07-30T05:24:00,2
U0085,P0334,click,2025-07-30T06:31:00,2
U0026,P0068,share,2025-07-30T07:55:00,5
U0081,P0454,save,2025-07-30T08:33:00,4
U0068,P0226,view,2025-07-30T09:10:00,1
U0044,P0320,booking,2025-07-30T10:29:00,10
U0032,P0152,view,2025-07-30T11:22:00,1
U0086,P0240,click,2025-07-30T11:44:00,2
U0087,P0255,view,2025-07-30T12:42:00,1
U0087,P0269,view,2025-07-30T13:02:00,1
U0079,P0490,save,2025-07-30T13:34:00,4
U0099,P0219,view,2025-07-30T16:38:00,1
U0007,P0363,click,2025-07-30T16:49:00,2
U0078,P0195,visit,2025-07-30T17:21:00,8
U0050,P0212,dismiss,2025-07-30T18:18:00,-3
U0073,P0362,view,2025-07-30T18:39:00,1
U0066,P0437,view,2025-07-30T18:51:00,1
U0053,P0496,click,2025-07-30T21:08:00,2
U0078,P0101,save,2025-07-30T21:18:00,4
U0098,P0244,dismiss,2025-07-30T21:27:00,-3
U0057,P0249,save,2025-07-30T22:41:00,4
U0070,P0249,view,2025-07-31T00:10:00,1
U0002,P0263,click,2025-07-31T00:11:00,2
U0042,P0488,view,2025-07-31T00:46:00,1
U0018,P0481,click,2025-07-31T01:21:00,2
U0008,P0004,booking,2025-07-31T01:36:00,10
U0050,P0196,view,2025-07-31T03:21:00,1
U0050,P0110,view,2025-07-31T03:56:00,1
U0095,P0309,view,2025-07-31T05:56:00,1
U0020,P0316,visit,2025-07-31T06:24:00,8
U0037,P0231,save,2025-07-31T06:35:00,4
U0061,P0204,view,2025-07-31T07:42:00,1
U0067,P0100,view,2025-07-31T08:30:00,1
U0100,P0310,click,2025-07-31T09:51:00,2
U0023,P0363,click,2025-07-31T10:45:00,2
U0007,P0443,save,2025-07-31T10:45:00,4
U0059,P0067,visit,2025-07-31T11:08:00,8
U0019,P0399,click,2025-07-31T12:15:00,2
U0048,P0161,share,2025-07-31T12:24:00,5
U0081,P0237,visit,2025-07-31T18:08:00,8
U0059,P0115,dismiss,2025-07-31T18:35:00,-3
U0013,P0465,view,2025-07-31T19:44:00,1
U0072,P0113,click,2025-07-31T20:19:00,2
U0047,P0149,view,2025-07-31T20:23:00,1
U0082,P0127,click,2025-07-31T20:24:00,2
U0099,P0487,visit,2025-07-31T20:41:00,8
U0052,P0296,click,2025-08-01T00:56:00,2
U0048,P0220,view,2025-08-01T01:15:00,1
U0013,P0217,click,2025-08-01T01:59:00,2
U0100,P0384,view,2025-08-01T02:11:00,1
U0049,P0102,view,2025-08-01T02:31:00,1
U0095,P0496,click,2025-08-01T02:54:00,2
U0080,P0224,click,2025-08-01T02:59:00,2
U0093,P0439,save,2025-08-01T03:23:00,4
U0085,P0310,booking,2025-08-01T03:26:00,10
U0052,P0345,view,2025-08-01T03:35:00,1
U0031,P0111,save,2025-08-01T04:00:00,4
U0021,P0295,view,2025-08-01T04:53:00,1
U0004,P0338,view,2025-08-01T05:12:00,1
U0041,P0362,view,2025-08-01T05:26:00,1
U0020,P0450,click,2025-08-01T05:44:00,2
U0049,P0378,visit,2025-08-01T05:57:00,8
U0090,P0446,save,2025-08-01T07:57:00,4
U0014,P0248,save,2025-08-01T10:46:00,4
U0024,P0410,view,2025-08-01T11:40:00,1
U0016,P0046,visit,2025-08-01T11:50:00,8
U0028,P0172,click,2025-08-01T12:47:00,2
U0056,P0140,view,2025-08-01T13:06:00,1
U0002,P0345,view,2025-08-01T13:21:00,1
U0084,P0426,save,2025-08-01T14:12:00,4
U0099,P0094,share,2025-08-01T15:35:00,5
U0002,P0019,booking,2025-08-01T20:36:00,10
U0065,P0244,view,2025-08-01T20:51:00,1
U0039,P0474,click,2025-08-01T21:08:00,2
U0096,P0065,click,2025-08-01T22:25:00,2
U0067,P0047,view,2025-08-01T23:08:00,1
U0075,P0027,visit,2025-08-01T23:32:00,8
U0039,P0465,booking,2025-08-02T00:28:00,10
U0091,P0357,view,2025-08-02T00:53:00,1
U0049,P0155,share,2025-08-02T01:49:00,5
U0079,P0379,view,2025-08-02T03:25:00,1
U0090,P0227,save,2025-08-02T05:06:00,4
U0018,P0435,click,2025-08-02T05:10:00,2
U0034,P0413,click,2025-08-02T08:19:00,2
U0040,P0401,share,2025-08-02T08:56:00,5
U0008,P0417,click,2025-08-02T09:09:00,2
U0060,P0342,booking,2025-08-02T10:56:00,10
U0073,P0074,view,2025-08-02T12:04:00,1
U0075,P0082,visit,2025-08-02T13:18:00,8
U0078,P0183,save,2025-08-02T13:19:00,4
U0093,P0360,view,2025-08-02T14:23:00,1
U0044,P0359,view,2025-08-02T14:46:00,1
U0049,P0477,click,2025-08-02T14:58:00,2
U0034,P0183,view,2025-08-02T17:12:00,1
U0046,P0291,click,2025-08-02T20:01:00,2
U0028,P0390,view,2025-08-02T20:18:00,1
U0024,P0473,click,2025-08-02T22:19:00,2
U0059,P0089,view,2025-08-02T22:58:00,1
U0020,P0475,view,2025-08-03T00:35:00,1
U0095,P0356,visit,2025-08-03T02:38:00,8
U0038,P0424,view,2025-08-03T03:03:00,1
U0080,P0354,view,2025-08-03T03:42:00,1
U0091,P0180,dismiss,2025-08-03T05:11:00,-3
U0053,P0321,save,2025-08-03T05:36:00,4
U0078,P0253,visit,2025-08-03T06:47:00,8
U0020,P0283,visit,2025-08-03T06:47:00,8
U0030,P0445,view,2025-08-03T07:20:00,1
U0010,P0110,view,2025-08-03T07:20:00,1
U0001,P0251,click,2025-08-03T07:28:00,2
U0068,P0205,click,2025-08-03T07:54:00,2
U0081,P0293,save,2025-08-03T08:36:00,4
U0097,P0019,view,2025-08-03T09:16:00,1
U0099,P0494,click,2025-08-03T10:39:00,2
U0057,P0003,visit,2025-08-03T10:44:00,8
U0012,P0404,view,2025-08-03T12:24:00,1
U0033,P0101,booking,2025-08-03T12:56:00,10
U0084,P0424,view,2025-08-03T14:14:00,1
U0070,P0257,view,2025-08-03T14:25:00,1
U0060,P0223,share,2025-08-03T15:00:00,5
U0032,P0453,dismiss,2025-08-03T16:13:00,-3
U0068,P0423,save,2025-08-03T17:01:00,4
U0031,P0464,view,2025-08-03T17:31:00,1
U0097,P0001,view,2025-08-03T17:44:00,1
U0036,P0039,share,2025-08-03T17:46:00,5
U0030,P0319,view,2025-08-03T22:29:00,1
U0015,P0289,view,2025-08-03T22:48:00,1
U0068,P0325,click,2025-08-03T22:51:00,2
U0068,P0436,view,2025-08-03T23:48:00,1
U0087,P0209,view,2025-08-04T02:05:00,1
U0050,P0281,view,2025-08-04T02:42:00,1
U0085,P0407,booking,2025-08-04T03:51:00,10
U0074,P0493,click,2025-08-04T04:19:00,2
U0081,P0190,view,2025-08-04T04:48:00,1
U0039,P0179,visit,2025-08-04T05:10:00,8
U0076,P0398,view,2025-08-04T05:15:00,1
U0079,P0440,view,2025-08-04T05:16:00,1
U0047,P0340,view,2025-08-04T06:17:00,1
U0031,P0342,save,2025-08-04T07:13:00,4
U0093,P0373,dismiss,2025-08-04T09:01:00,-3
U0057,P0440,save,2025-08-04T10:15:00,4
U0062,P0041,click,2025-08-04T11:15:00,2
U0074,P0444,view,2025-08-04T12:01:00,1
U0002,P0317,booking,2025-08-04T12:57:00,10
U0021,P0221,click,2025-08-04T14:47:00,2
U0077,P0220,view,2025-08-04T15:22:00,1
U0030,P0406,save,2025-08-04T15:35:00,4
U0026,P0186,view,2025-08-04T15:46:00,1
U0074,P0485,share,2025-08-04T15:51:00,5
U0004,P0392,click,2025-08-04T16:07:00,2
U0093,P0035,click,2025-08-04T19:02:00,2
U0093,P0023,share,2025-08-04T19:28:00,5
U0023,P0308,click,2025-08-04T19:46:00,2
U0090,P0047,click,2025-08-04T20:30:00,2
U0039,P0195,click,2025-08-04T20:38:00,2
U0082,P0381,view,2025-08-04T20:58:00,1
U0002,P0320,view,2025-08-04T21:24:00,1
U0091,P0370,view,2025-08-04T23:53:00,1
U0024,P0203,save,2025-08-05T00:07:00,4
U0001,P0405,save,2025-08-05T01:01:00,4
U0094,P0346,share,2025-08-05T01:02:00,5
U0039,P0029,share,2025-08-05T01:19:00,5
U0074,P0433,view,2025-08-05T01:22:00,1
U0023,P0479,click,2025-08-05T03:52:00,2
U0083,P0400,dismiss,2025-08-05T04:16:00,-3
U0087,P0198,visit,2025-08-05T05:58:00,8
U0058,P0098,visit,2025-08-05T08:05:00,8
U0087,P0121,visit,2025-08-05T11:15:00,8
U0057,P0100,save,2025-08-05T11:31:00,4
U0046,P0248,save,2025-08-05T11:42:00,4
U0039,P0343,view,2025-08-05T12:01:00,1
U0012,P0453,view,2025-08-05T12:54:00,1
U0095,P0375,view,2025-08-05T16:12:00,1
U0028,P0248,view,2025-08-05T16:39:00,1
U0077,P0167,view,2025-08-05T17:14:00,1
U0025,P0235,click,2025-08-05T17:28:00,2
U0065,P0333,click,2025-08-05T17:57:00,2
U0056,P0484,dismiss,2025-08-05T17:57:00,-3
U0066,P0397,click,2025-08-05T18:13:00,2
U0064,P0019,visit,2025-08-05T18:19:00,8
U0064,P0346,view,2025-08-05T20:46:00,1
U0049,P0457,save,2025-08-05T21:20:00,4
U0051,P0443,view,2025-08-05T23:40:00,1
U0084,P0050,view,2025-08-05T23:46:00,1
U0084,P0320,click,2025-08-06T00:32:00,2
U0061,P0130,save,2025-08-06T00:38:00,4
U0057,P0228,visit,2025-08-06T02:09:00,8
U0087,P0261,view,2025-08-06T02:32:00,1
U0069,P0182,view,2025-08-06T03:20:00,1
U0065,P0293,visit,2025-08-06T05:11:00,8
U0099,P0057,click,2025-08-06T05:12:00,2
U0051,P0246,visit,2025-08-06T05:39:00,8
U0038,P0328,save,2025-08-06T06:39:00,4
U0065,P0183,click,2025-08-06T08:34:00,2
U0039,P0223,save,2025-08-06T08:47:00,4
U0093,P0459,visit,2025-08-06T09:22:00,8
U0054,P0281,share,2025-08-06T17:47:00,5
U0019,P0196,click,2025-08-06T19:11:00,2
U0097,P0169,click,2025-08-06T19:21:00,2
U0069,P0090,share,2025-08-06T19:51:00,5
U0028,P0196,visit,2025-08-06T23:15:00,8
U0021,P0051,click,2025-08-06T23:57:00,2
U0052,P0392,view,2025-08-07T00:02:00,1
U0075,P0103,click,2025-08-07T01:37:00,2
U0087,P0306,view,2025-08-07T02:19:00,1
U0082,P0148,visit,2025-08-07T03:43:00,8
U0084,P0405,click,2025-08-07T04:43:00,2
U0063,P0330,click,2025-08-07T04:49:00,2
U0006,P0197,click,2025-08-07T05:44:00,2
U0022,P0067,click,2025-08-07T06:22:00,2
U0049,P0431,view,2025-08-07T06:46:00,1
U0028,P0251,save,2025-08-07T08:44:00,4
U0021,P0310,visit,2025-08-07T11:24:00,8
U0031,P0270,view,2025-08-07T12:09:00,1
U0043,P0486,view,2025-08-07T12:27:00,1
U0054,P0129,share,2025-08-07T14:54:00,5
U0085,P0097,view,2025-08-07T15:22:00,1
U0062,P0308,visit,2025-08-07T15:57:00,8
U0002,P0036,view,2025-08-07T17:00:00,1
U0018,P0333,visit,2025-08-07T17:04:00,8
U0099,P0062,view,2025-08-07T17:44:00,1
U0096,P0279,dismiss,2025-08-07T19:24:00,-3
U0018,P0496,click,2025-08-07T19:54:00,2
U0086,P0191,booking,2025-08-07T19:55:00,10
U0078,P0372,visit,2025-08-08T00:11:00,8
U0097,P0212,share,2025-08-08T00:31:00,5
U0076,P0231,share,2025-08-08T00:47:00,5
U0083,P0330,visit,2025-08-08T01:03:00,8
U0037,P0237,click,2025-08-08T02:14:00,2
U0030,P0477,view,2025-08-08T05:34:00,1
U0009,P0182,save,2025-08-08T05:39:00,4
U0009,P0377,view,2025-08-08T06:31:00,1
U0033,P0195,dismiss,2025-08-08T06:36:00,-3
U0079,P0100,view,2025-08-08T06:38:00,1
U0092,P0359,view,2025-08-08T06:51:00,1
U0022,P0417,visit,2025-08-08T06:54:00,8
U0010,P0395,dismiss,2025-08-08T08:33:00,-3
U0034,P0343,dismiss,2025-08-08T10:01:00,-3
U0053,P0042,click,2025-08-08T12:43:00,2
U0068,P0385,view,2025-08-08T13:48:00,1
U0024,P0323,view,2025-08-08T13:58:00,1
U0063,P0380,view,2025-08-08T14:23:00,1
U0075,P0466,booking,2025-08-08T14:26:00,10
U0090,P0232,click,2025-08-08T16:19:00,2
U0083,P0260,view,2025-08-08T17:34:00,1
U0090,P0382,share,2025-08-08T18:06:00,5
U0083,P0328,view,2025-08-08T20:10:00,1
U0026,P0368,view,2025-08-08T20:15:00,1
U0075,P0435,save,2025-08-08T21:28:00,4
U0095,P0464,click,2025-08-08T22:46:00,2
U0036,P0278,view,2025-08-09T00:44:00,1
U0093,P0473,view,2025-08-09T01:22:00,1
U0002,P0087,click,2025-08-09T02:42:00,2
U0005,P0367,click,2025-08-09T03:18:00,2
U0028,P0452,view,2025-08-09T05:11:00,1
U0023,P0415,save,2025-08-09T06:38:00,4
U0084,P0137,click,2025-08-09T07:01:00,2
U0039,P0375,visit,2025-08-09T08:22:00,8
U0016,P0254,click,2025-08-09T09:38:00,2
U0023,P0436,click,2025-08-09T09:57:00,2
U0034,P0070,dismiss,2025-08-09T11:42:00,-3
U0078,P0321,view,2025-08-09T13:12:00,1
U0057,P0136,booking,2025-08-09T15:26:00,10
U0052,P0400,view,2025-08-09T16:35:00,1
U0067,P0315,view,2025-08-09T17:56:00,1
U0080,P0015,visit,2025-08-09T18:40:00,8
U0053,P0210,view,2025-08-09T19:38:00,1
U0083,P0291,click,2025-08-09T19:44:00,2
U0100,P0492,view,2025-08-09T20:25:00,1
U0056,P0332,share,2025-08-09T21:08:00,5
U0041,P0265,visit,2025-08-10T00:25:00,8
U0048,P0060,view,2025-08-10T02:38:00,1
U0046,P0296,visit,2025-08-10T02:38:00,8
U0028,P0137,share,2025-08-10T04:52:00,5
U0025,P0202,dismiss,2025-08-10T06:39:00,-3
U0093,P0098,booking,2025-08-10T07:20:00,10
U0099,P0304,view,2025-08-10T12:33:00,1
U0064,P0455,booking,2025-08-10T13:26:00,10
U0045,P0475,visit,2025-08-10T13:54:00,8
U0079,P0069,share,2025-08-10T14:22:00,5
U0046,P0260,view,2025-08-10T14:26:00,1
U0089,P0188,click,2025-08-10T17:30:00,2
U0086,P0423,view,2025-08-10T18:03:00,1
U0019,P0050,view,2025-08-10T19:58:00,1
U0075,P0293,click,2025-08-10T20:46:00,2
U0097,P0462,view,2025-08-10T20:58:00,1
U0058,P0153,click,2025-08-10T21:24:00,2
U0042,P0332,booking,2025-08-10T21:58:00,10
U0030,P0349,click,2025-08-11T00:22:00,2
U0077,P0229,view,2025-08-11T02:00:00,1
U0090,P0209,booking,2025-08-11T03:34:00,10
U0004,P0254,view,2025-08-11T03:48:00,1
U0051,P0415,view,2025-08-11T07:44:00,1
U0020,P0360,click,2025-08-11T08:21:00,2
U0071,P0402,save,2025-08-11T09:08:00,4
U0029,P0404,view,2025-08-11T09:36:00,1
U0031,P0116,view,2025-08-11T11:09:00,1
U0082,P0042,click,2025-08-11T11:49:00,2
U0080,P0123,share,2025-08-11T12:11:00,5
U0091,P0150,booking,2025-08-11T12:46:00,10
U0051,P0480,visit,2025-08-11T14:01:00,8
U0062,P0067,click,2025-08-11T15:25:00,2
U0075,P0496,save,2025-08-11T15:50:00,4
U0024,P0456,visit,2025-08-11T17:01:00,8
U0064,P0291,visit,2025-08-11T17:19:00,8
U0008,P0115,view,2025-08-11T20:50:00,1
U0019,P0019,click,2025-08-11T22:58:00,2
U0049,P0151,view,2025-08-11T23:51:00,1
U0005,P0169,click,2025-08-12T00:29:00,2
U0050,P0339,view,2025-08-12T01:16:00,1
U0034,P0342,save,2025-08-12T03:08:00,4
U0005,P0058,booking,2025-08-12T03:15:00,10
U0064,P0140,save,2025-08-12T04:11:00,4
U0020,P0171,share,2025-08-12T04:13:00,5
U0023,P0164,click,2025-08-12T05:20:00,2
U0022,P0378,click,2025-08-12T06:31:00,2
U0008,P0349,click,2025-08-12T07:53:00,2
U0064,P0447,click,2025-08-12T07:54:00,2
U0057,P0106,click,2025-08-12T08:10:00,2
U0067,P0138,click,2025-08-12T08:28:00,2
U0021,P0397,view,2025-08-12T08:40:00,1
U0039,P0253,view,2025-08-12T08:47:00,1
U0028,P0326,save,2025-08-12T08:49:00,4
U0099,P0425,share,2025-08-12T09:08:00,5
U0036,P0047,dismiss,2025-08-12T09:48:00,-3
U0096,P0066,click,2025-08-12T12:16:00,2
U0056,P0080,save,2025-08-12T12:27:00,4
U0088,P0417,view,2025-08-12T12:44:00,1
U0076,P0288,click,2025-08-12T14:23:00,2
U0078,P0331,view,2025-08-12T14:40:00,1
U0089,P0075,click,2025-08-12T15:54:00,2
U0038,P0169,save,2025-08-12T17:28:00,4
U0005,P0302,view,2025-08-12T18:25:00,1
U0095,P0428,view,2025-08-12T19:15:00,1
U0097,P0374,share,2025-08-12T19:30:00,5
U0003,P0398,click,2025-08-12T20:52:00,2
U0010,P0046,save,2025-08-12T23:54:00,4
U0015,P0457,view,2025-08-13T00:12:00,1
U0006,P0234,view,2025-08-13T01:08:00,1
U0035,P0083,booking,2025-08-13T03:57:00,10
U0024,P0316,visit,2025-08-13T07:32:00,8
U0020,P0182,click,2025-08-13T07:59:00,2
U0041,P0091,dismiss,2025-08-13T09:07:00,-3
U0014,P0296,visit,2025-08-13T12:25:00,8
U0005,P0424,view,2025-08-13T14:33:00,1
U0024,P0416,view,2025-08-13T14:53:00,1
U0027,P0476,click,2025-08-13T14:54:00,2
U0060,P0108,save,2025-08-13T15:22:00,4
U0048,P0106,save,2025-08-13T15:27:00,4
U0061,P0006,view,2025-08-13T17:04:00,1
U0091,P0034,save,2025-08-13T17:56:00,4
U0062,P0415,dismiss,2025-08-13T20:24:00,-3
U0035,P0211,click,2025-08-13T21:18:00,2
U0016,P0335,dismiss,2025-08-13T23:00:00,-3
U0016,P0317,view,2025-08-13T23:12:00,1
U0011,P0252,dismiss,2025-08-13T23:26:00,-3
U0009,P0487,booking,2025-08-13T23:44:00,10
U0023,P0096,share,2025-08-14T01:12:00,5
U0086,P0480,save,2025-08-14T02:05:00,4
U0066,P0419,view,2025-08-14T02:13:00,1
U0005,P0374,view,2025-08-14T02:30:00,1
U0083,P0339,view,2025-08-14T02:41:00,1
U0041,P0414,dismiss,2025-08-14T03:53:00,-3
U0083,P0086,booking,2025-08-14T03:57:00,10
U0088,P0479,click,2025-08-14T04:35:00,2
U0063,P0046,click,2025-08-14T04:50:00,2
U0070,P0066,view,2025-08-14T05:36:00,1
U0021,P0316,view,2025-08-14T08:23:00,1
U0056,P0426,save,2025-08-14T08:53:00,4
U0036,P0401,click,2025-08-14T10:17:00,2
U0032,P0434,visit,2025-08-14T11:32:00,8
U0040,P0347,visit,2025-08-14T13:50:00,8
U0011,P0137,dismiss,2025-08-14T14:16:00,-3
U0089,P0148,view,2025-08-14T14:27:00,1
U0060,P0474,view,2025-08-14T14:29:00,1
U0042,P0252,click,2025-08-14T14:36:00,2
U0081,P0195,share,2025-08-14T16:18:00,5
U0088,P0040,share,2025-08-14T17:05:00,5
U0081,P0028,click,2025-08-14T18:49:00,2
U0099,P0294,save,2025-08-14T21:11:00,4
U0040,P0489,share,2025-08-14T21:18:00,5
U0076,P0070,view,2025-08-14T21:29:00,1
U0043,P0057,view,2025-08-14T22:54:00,1
U0025,P0083,save,2025-08-14T22:59:00,4
U0054,P0302,dismiss,2025-08-14T23:18:00,-3
U0098,P0366,dismiss,2025-08-14T23:37:00,-3
U0075,P0372,visit,2025-08-15T00:13:00,8
U0072,P0365,booking,2025-08-15T00:26:00,10
U0044,P0254,visit,2025-08-15T00:44:00,8
U0026,P0200,view,2025-08-15T01:19:00,1
U0082,P0124,save,2025-08-15T02:09:00,4
U0069,P0425,dismiss,2025-08-15T03:01:00,-3
U0100,P0493,view,2025-08-15T04:14:00,1
U0031,P0085,view,2025-08-15T07:20:00,1
U0061,P0408,share,2025-08-15T07:44:00,5
U0013,P0352,view,2025-08-15T07:58:00,1
U0078,P0290,click,2025-08-15T08:59:00,2
U0003,P0331,booking,2025-08-15T09:55:00,10
U0096,P0255,view,2025-08-15T10:28:00,1
U0057,P0069,click,2025-08-15T10:34:00,2
U0021,P0230,view,2025-08-15T10:44:00,1
U0076,P0013,view,2025-08-15T13:13:00,1
U0091,P0457,visit,2025-08-15T14:56:00,8
U0002,P0137,save,2025-08-15T17:45:00,4
U0074,P0292,visit,2025-08-15T18:16:00,8
U0053,P0179,view,2025-08-15T19:18:00,1
U0098,P0474,dismiss,2025-08-15T19:24:00,-3
U0040,P0047,share,2025-08-15T20:12:00,5
U0084,P0303,save,2025-08-15T20:18:00,4
U0097,P0367,visit,2025-08-15T20:42:00,8
U0002,P0272,booking,2025-08-15T21:13:00,10
U0005,P0263,click,2025-08-15T21:27:00,2
U0059,P0181,share,2025-08-15T22:12:00,5
U0025,P0151,click,2025-08-15T23:17:00,2
U0099,P0341,view,2025-08-15T23:30:00,1
U0081,P0173,click,2025-08-16T00:25:00,2
U0043,P0203,visit,2025-08-16T00:39:00,8
U0056,P0367,view,2025-08-16T00:46:00,1
U0038,P0053,view,2025-08-16T01:17:00,1
U0074,P0045,visit,2025-08-16T02:18:00,8
U0006,P0264,booking,2025-08-16T02:36:00,10
U0091,P0004,visit,2025-08-16T02:42:00,8
U0060,P0389,view,2025-08-16T03:05:00,1
U0044,P0395,view,2025-08-16T03:48:00,1
U0079,P0278,booking,2025-08-16T03:56:00,10
U0075,P0481,save,2025-08-16T04:12:00,4
U0076,P0241,view,2025-08-16T06:44:00,1
U0022,P0385,save,2025-08-16T07:35:00,4
U0098,P0195,click,2025-08-16T08:16:00,2
U0096,P0026,share,2025-08-16T08:34:00,5
U0080,P0174,click,2025-08-16T08:59:00,2
U0070,P0060,click,2025-08-16T10:48:00,2
U0029,P0120,save,2025-08-16T11:00:00,4
U0006,P0006,visit,2025-08-16T11:28:00,8
U0076,P0464,share,2025-08-16T13:31:00,5
U0091,P0297,view,2025-08-16T13:48:00,1
U0098,P0135,view,2025-08-16T13:50:00,1
U0004,P0371,save,2025-08-16T14:15:00,4
U0061,P0283,share,2025-08-16T14:28:00,5
U0083,P0080,view,2025-08-16T16:53:00,1
U0013,P0055,visit,2025-08-16T18:28:00,8
U0094,P0086,click,2025-08-16T18:42:00,2
U0038,P0330,booking,2025-08-16T20:45:00,10
U0081,P0402,visit,2025-08-16T20:46:00,8
U0050,P0499,click,2025-08-16T21:12:00,2
U0065,P0124,save,2025-08-16T22:19:00,4
U0064,P0137,view,2025-08-16T23:19:00,1
U0021,P0312,visit,2025-08-16T23:26:00,8
U0056,P0400,view,2025-08-17T00:04:00,1
U0088,P0205,view,2025-08-17T02:48:00,1
U0055,P0222,click,2025-08-17T04:46:00,2
U0084,P0296,view,2025-08-17T05:04:00,1
U0061,P0023,click,2025-08-17T05:07:00,2
U0037,P0274,click,2025-08-17T10:15:00,2
U0045,P0419,click,2025-08-17T11:26:00,2
U0014,P0488,dismiss,2025-08-17T11:49:00,-3
U0033,P0239,view,2025-08-17T13:38:00,1
U0059,P0265,view,2025-08-17T14:59:00,1
U0044,P0110,share,2025-08-17T15:21:00,5
U0067,P0460,click,2025-08-17T15:56:00,2
U0007,P0383,click,2025-08-17T16:45:00,2
U0021,P0117,view,2025-08-17T17:05:00,1
U0083,P0324,dismiss,2025-08-17T17:53:00,-3
U0056,P0053,dismiss,2025-08-17T18:31:00,-3
U0069,P0163,view,2025-08-17T20:57:00,1
U0021,P0095,view,2025-08-17T21:42:00,1
U0031,P0028,view,2025-08-17T23:50:00,1
U0041,P0491,view,2025-08-17T23:56:00,1
U0003,P0474,dismiss,2025-08-18T00:05:00,-3
U0074,P0475,save,2025-08-18T00:18:00,4
U0086,P0122,share,2025-08-18T03:21:00,5
U0049,P0150,click,2025-08-18T04:09:00,2
U0025,P0074,view,2025-08-18T04:55:00,1
U0011,P0499,view,2025-08-18T05:10:00,1
U0064,P0143,share,2025-08-18T06:19:00,5
U0059,P0150,click,2025-08-18T06:37:00,2
U0075,P0321,view,2025-08-18T08:20:00,1
U0087,P0200,click,2025-08-18T08:25:00,2
U0073,P0092,click,2025-08-18T09:35:00,2
U0070,P0014,click,2025-08-18T10:39:00,2
U0036,P0490,view,2025-08-18T13:14:00,1
U0069,P0242,save,2025-08-18T13:27:00,4
U0081,P0055,click,2025-08-18T13:45:00,2
U0085,P0203,save,2025-08-18T16:39:00,4
U0017,P0403,click,2025-08-18T17:08:00,2
U0008,P0383,save,2025-08-18T17:35:00,4
U0071,P0042,view,2025-08-18T18:48:00,1
U0085,P0273,click,2025-08-18T19:38:00,2
U0074,P0312,view,2025-08-18T20:09:00,1
U0028,P0371,view,2025-08-18T20:12:00,1
U0024,P0132,click,2025-08-18T22:27:00,2
U0072,P0249,visit,2025-08-19T00:24:00,8
U0094,P0064,click,2025-08-19T01:32:00,2
U0005,P0260,view,2025-08-19T03:51:00,1
U0097,P0260,save,2025-08-19T04:16:00,4
U0032,P0287,click,2025-08-19T04:40:00,2
U0033,P0028,click,2025-08-19T05:11:00,2
U0090,P0109,save,2025-08-19T06:32:00,4
U0087,P0138,visit,2025-08-19T07:13:00,8
U0023,P0431,view,2025-08-19T07:23:00,1
U0049,P0170,view,2025-08-19T07:25:00,1
U0003,P0465,share,2025-08-19T07:48:00,5
U0049,P0067,booking,2025-08-19T08:19:00,10
U0077,P0347,view,2025-08-19T09:01:00,1
U0014,P0037,click,2025-08-19T10:39:00,2
U0094,P0037,click,2025-08-19T11:14:00,2
U0091,P0240,view,2025-08-19T11:18:00,1
U0006,P0323,click,2025-08-19T11:23:00,2
U0020,P0341,view,2025-08-19T13:15:00,1
U0075,P0135,visit,2025-08-19T13:47:00,8
U0075,P0029,share,2025-08-19T14:29:00,5
U0034,P0044,dismiss,2025-08-19T16:11:00,-3
U0039,P0135,click,2025-08-19T16:23:00,2
U0046,P0307,click,2025-08-19T17:55:00,2
U0024,P0234,click,2025-08-19T18:15:00,2
U0080,P0344,click,2025-08-19T18:39:00,2
U0009,P0410,view,2025-08-19T19:03:00,1
U0032,P0136,save,2025-08-19T20:37:00,4
U0038,P0064,view,2025-08-19T20:43:00,1
U0058,P0373,visit,2025-08-19T21:08:00,8
U0080,P0150,click,2025-08-20T01:15:00,2
U0097,P0020,view,2025-08-20T01:58:00,1
U0011,P0392,save,2025-08-20T02:51:00,4
U0013,P0018,share,2025-08-20T03:06:00,5
U0013,P0134,booking,2025-08-20T03:39:00,10
U0085,P0002,view,2025-08-20T05:08:00,1
U0051,P0308,save,2025-08-20T05:53:00,4
U0053,P0239,view,2025-08-20T06:43:00,1
U0052,P0012,view,2025-08-20T08:37:00,1
U0016,P0260,view,2025-08-20T08:44:00,1
U0018,P0101,booking,2025-08-20T09:13:00,10
U0009,P0071,click,2025-08-20T10:04:00,2
U0091,P0277,save,2025-08-20T10:58:00,4
U0049,P0092,booking,2025-08-20T11:32:00,10
U0084,P0252,click,2025-08-20T12:03:00,2
U0044,P0252,save,2025-08-20T14:24:00,4
U0084,P0156,save,2025-08-20T15:00:00,4
U0099,P0178,dismiss,2025-08-20T15:41:00,-3
U0034,P0241,save,2025-08-20T15:47:00,4
U0019,P0166,save,2025-08-20T17:18:00,4
U0081,P0253,save,2025-08-20T17:43:00,4
U0063,P0137,click,2025-08-20T18:49:00,2
U0077,P0165,save,2025-08-20T19:04:00,4
U0081,P0258,view,2025-08-20T21:36:00,1
U0098,P0293,click,2025-08-20T22:09:00,2
U0077,P0106,share,2025-08-20T22:58:00,5
U0076,P0073,view,2025-08-20T23:13:00,1
U0098,P0179,view,2025-08-20T23:19:00,1
U0001,P0017,dismiss,2025-08-21T00:46:00,-3
U0014,P0263,visit,2025-08-21T01:02:00,8
U0027,P0278,booking,2025-08-21T01:23:00,10
U0026,P0448,view,2025-08-21T01:31:00,1
U0032,P0076,share,2025-08-21T01:34:00,5
U0094,P0143,view,2025-08-21T02:55:00,1
U0022,P0461,view,2025-08-21T03:07:00,1
U0095,P0422,save,2025-08-21T03:11:00,4
U0064,P0317,save,2025-08-21T03:15:00,4
U0066,P0295,save,2025-08-21T04:54:00,4
U0048,P0453,share,2025-08-21T05:45:00,5
U0089,P0135,view,2025-08-21T07:49:00,1
U0045,P0397,visit,2025-08-21T09:10:00,8
U0089,P0101,click,2025-08-21T10:55:00,2
U0004,P0252,save,2025-08-21T11:42:00,4
U0062,P0289,visit,2025-08-21T12:02:00,8
U0018,P0353,share,2025-08-21T13:28:00,5
U0038,P0254,visit,2025-08-21T15:11:00,8
U0073,P0417,click,2025-08-21T18:37:00,2
U0034,P0398,dismiss,2025-08-21T18:50:00,-3
U0010,P0438,share,2025-08-21T19:38:00,5
U0007,P0063,click,2025-08-21T20:34:00,2
U0023,P0005,click,2025-08-21T21:31:00,2
U0091,P0472,click,2025-08-21T21:40:00,2
U0023,P0174,view,2025-08-21T22:01:00,1
U0040,P0225,share,2025-08-22T00:16:00,5
U0072,P0003,share,2025-08-22T01:16:00,5
U0052,P0330,visit,2025-08-22T02:56:00,8
U0091,P0467,view,2025-08-22T04:10:00,1
U0079,P0052,view,2025-08-22T04:24:00,1
U0029,P0225,click,2025-08-22T04:38:00,2
U0042,P0388,view,2025-08-22T08:22:00,1
U0099,P0420,save,2025-08-22T11:26:00,4
U0027,P0039,visit,2025-08-22T11:44:00,8
U0082,P0356,share,2025-08-22T13:18:00,5
U0094,P0019,visit,2025-08-22T14:00:00,8
U0091,P0175,dismiss,2025-08-22T14:38:00,-3
U0046,P0020,click,2025-08-22T15:34:00,2
U0082,P0298,view,2025-08-22T17:58:00,1
U0096,P0287,click,2025-08-22T20:28:00,2
U0090,P0348,view,2025-08-22T21:46:00,1
U0023,P0202,save,2025-08-23T02:00:00,4
U0021,P0420,click,2025-08-23T02:05:00,2
U0086,P0308,click,2025-08-23T03:51:00,2
U0032,P0198,view,2025-08-23T04:31:00,1
U0025,P0327,dismiss,2025-08-23T04:45:00,-3
U0070,P0105,click,2025-08-23T05:16:00,2
U0043,P0234,view,2025-08-23T05:57:00,1
U0037,P0418,view,2025-08-23T06:06:00,1
U0093,P0409,share,2025-08-23T06:22:00,5
U0013,P0402,click,2025-08-23T06:45:00,2
U0061,P0099,visit,2025-08-23T07:06:00,8
U0027,P0489,view,2025-08-23T08:12:00,1
U0081,P0127,view,2025-08-23T10:22:00,1
U0060,P0021,view,2025-08-23T11:22:00,1
U0046,P0438,share,2025-08-23T12:38:00,5
U0027,P0152,click,2025-08-23T12:58:00,2
U0096,P0152,visit,2025-08-23T13:43:00,8
U0085,P0149,booking,2025-08-23T13:49:00,10
U0063,P0500,view,2025-08-23T16:02:00,1
U0017,P0129,view,2025-08-23T17:59:00,1
U0009,P0310,visit,2025-08-23T18:47:00,8
U0097,P0252,click,2025-08-23T19:02:00,2
U0009,P0045,visit,2025-08-23T19:11:00,8
U0078,P0322,click,2025-08-23T20:44:00,2
U0068,P0236,view,2025-08-23T21:11:00,1
U0015,P0175,click,2025-08-23T21:29:00,2
U0040,P0157,visit,2025-08-23T22:31:00,8
U0039,P0418,dismiss,2025-08-23T22:39:00,-3
U0020,P0482,click,2025-08-23T23:12:00,2
U0058,P0384,click,2025-08-24T00:33:00,2
U0061,P0171,visit,2025-08-24T01:32:00,8
U0093,P0486,view,2025-08-24T02:19:00,1
U0099,P0131,click,2025-08-24T02:50:00,2
U0008,P0180,view,2025-08-24T05:46:00,1
U0092,P0281,save,2025-08-24T05:52:00,4
U0069,P0471,save,2025-08-24T06:03:00,4
U0004,P0326,click,2025-08-24T08:42:00,2
U0087,P0014,click,2025-08-24T08:56:00,2
U0020,P0057,save,2025-08-24T09:41:00,4
U0030,P0498,visit,2025-08-24T10:19:00,8
U0015,P0362,click,2025-08-24T10:44:00,2
U0074,P0409,view,2025-08-24T11:36:00,1
U0044,P0272,view,2025-08-24T13:45:00,1
U0076,P0177,view,2025-08-24T13:53:00,1
U0025,P0125,visit,2025-08-24T14:42:00,8
U0048,P0216,view,2025-08-24T16:51:00,1
U0076,P0176,view,2025-08-24T23:09:00,1
U0097,P0395,click,2025-08-25T00:58:00,2
U0067,P0348,click,2025-08-25T02:12:00,2
U0093,P0341,view,2025-08-25T02:16:00,1
U0065,P0299,visit,2025-08-25T03:22:00,8
U0049,P0211,visit,2025-08-25T04:45:00,8
U0094,P0339,visit,2025-08-25T07:29:00,8
U0099,P0266,save,2025-08-25T07:47:00,4
U0033,P0305,save,2025-08-25T09:08:00,4
U0066,P0149,view,2025-08-25T10:40:00,1
U0045,P0099,visit,2025-08-25T10:59:00,8
U0085,P0051,view,2025-08-25T11:53:00,1
U0058,P0420,view,2025-08-25T13:24:00,1
U0100,P0247,click,2025-08-25T13:34:00,2
U0069,P0213,booking,2025-08-25T14:09:00,10
U0092,P0087,click,2025-08-25T16:31:00,2
U0048,P0401,click,2025-08-25T17:48:00,2
U0027,P0279,dismiss,2025-08-25T18:02:00,-3
U0095,P0237,visit,2025-08-25T18:16:00,8
U0047,P0230,dismiss,2025-08-25T18:33:00,-3
U0045,P0221,view,2025-08-25T19:57:00,1
U0004,P0087,booking,2025-08-25T20:16:00,10
U0032,P0165,view,2025-08-25T21:05:00,1
U0007,P0162,view,2025-08-25T21:51:00,1
U0087,P0128,dismiss,2025-08-25T23:37:00,-3
U0063,P0158,visit,2025-08-26T00:51:00,8
U0002,P0169,view,2025-08-26T01:35:00,1
U0038,P0017,view,2025-08-26T02:07:00,1
U0059,P0442,view,2025-08-26T03:52:00,1
U0024,P0396,view,2025-08-26T04:30:00,1
U0021,P0449,view,2025-08-26T07:01:00,1
U0039,P0305,save,2025-08-26T09:02:00,4
U0044,P0012,click,2025-08-26T11:21:00,2
U0062,P0262,save,2025-08-26T12:19:00,4
U0026,P0069,view,2025-08-26T13:56:00,1
U0089,P0241,booking,2025-08-26T14:07:00,10
U0045,P0439,dismiss,2025-08-26T14:09:00,-3
U0065,P0042,booking,2025-08-26T15:10:00,10
U0027,P0106,click,2025-08-26T15:29:00,2
U0071,P0466,visit,2025-08-26T15:42:00,8
U0025,P0133,click,2025-08-26T17:26:00,2
U0044,P0338,share,2025-08-26T17:55:00,5
U0003,P0190,dismiss,2025-08-26T18:39:00,-3
U0005,P0326,visit,2025-08-26T18:48:00,8
U0025,P0262,view,2025-08-26T19:18:00,1
U0029,P0411,click,2025-08-26T20:24:00,2
U0047,P0163,click,2025-08-26T20:51:00,2
U0079,P0315,click,2025-08-26T21:55:00,2
U0004,P0395,click,2025-08-26T22:19:00,2
U0060,P0418,dismiss,2025-08-26T22:30:00,-3
U0073,P0175,booking,2025-08-26T22:31:00,10
U0099,P0218,share,2025-08-27T00:42:00,5
U0036,P0066,view,2025-08-27T01:22:00,1
U0032,P0329,save,2025-08-27T03:05:00,4
U0084,P0140,click,2025-08-27T05:38:00,2
U0022,P0189,booking,2025-08-27T06:18:00,10
U0007,P0415,share,2025-08-27T09:10:00,5
U0010,P0158,save,2025-08-27T10:26:00,4
U0097,P0497,visit,2025-08-27T14:24:00,8
U0076,P0021,click,2025-08-27T14:37:00,2
U0093,P0030,click,2025-08-27T16:14:00,2
U0008,P0142,click,2025-08-27T17:41:00,2
U0080,P0211,visit,2025-08-27T17:49:00,8
U0026,P0227,share,2025-08-27T19:13:00,5
U0018,P0233,view,2025-08-27T20:50:00,1
U0062,P0201,save,2025-08-27T23:00:00,4
U0092,P0272,click,2025-08-27T23:49:00,2
U0061,P0456,save,2025-08-28T00:07:00,4
U0018,P0381,share,2025-08-28T01:06:00,5
U0068,P0083,visit,2025-08-28T02:42:00,8
U0024,P0197,view,2025-08-28T04:56:00,1
U0095,P0013,save,2025-08-28T05:07:00,4
U0092,P0238,view,2025-08-28T07:37:00,1
U0038,P0019,click,2025-08-28T08:02:00,2
U0028,P0400,click,2025-08-28T09:10:00,2
U0059,P0063,booking,2025-08-28T09:13:00,10
U0082,P0111,click,2025-08-28T10:38:00,2
U0023,P0289,share,2025-08-28T13:07:00,5
U0030,P0067,visit,2025-08-28T16:18:00,8
U0089,P0103,view,2025-08-28T16:21:00,1
U0066,P0475,click,2025-08-28T18:03:00,2
U0074,P0049,save,2025-08-28T18:03:00,4
U0091,P0063,view,2025-08-28T18:11:00,1
U0084,P0110,click,2025-08-28T19:08:00,2
U0064,P0001,share,2025-08-28T19:28:00,5
U0041,P0081,click,2025-08-28T19:41:00,2
U0072,P0168,visit,2025-08-28T20:17:00,8
U0074,P0482,visit,2025-08-28T22:38:00,8
U0001,P0080,save,2025-08-28T23:03:00,4
U0075,P0274,click,2025-08-28T23:36:00,2
U0033,P0111,click,2025-08-28T23:51:00,2
U0045,P0002,view,2025-08-29T00:20:00,1
U0051,P0457,visit,2025-08-29T01:32:00,8
U0098,P0372,share,2025-08-29T01:52:00,5
U0055,P0379,view,2025-08-29T02:13:00,1
U0093,P0283,visit,2025-08-29T03:21:00,8
U0082,P0321,click,2025-08-29T03:48:00,2
U0023,P0181,visit,2025-08-29T04:55:00,8
U0062,P0406,booking,2025-08-29T06:02:00,10
U0028,P0193,view,2025-08-29T06:09:00,1
U0060,P0412,save,2025-08-29T09:24:00,4
U0026,P0404,view,2025-08-29T09:38:00,1
U0008,P0414,save,2025-08-29T10:58:00,4
U0050,P0193,click,2025-08-29T11:25:00,2
U0098,P0070,save,2025-08-29T11:57:00,4
U0097,P0141,view,2025-08-29T12:07:00,1
U0073,P0205,click,2025-08-29T13:20:00,2
U0003,P0267,view,2025-08-29T15:28:00,1
U0013,P0044,click,2025-08-29T15:55:00,2
U0074,P0204,save,2025-08-29T21:00:00,4
U0044,P0248,save,2025-08-29T22:17:00,4
U0093,P0131,click,2025-08-29T22:30:00,2
U0036,P0065,view,2025-08-29T23:06:00,1
U0092,P0036,view,2025-08-29T23:28:00,1
U0017,P0392,click,2025-08-30T00:21:00,2
U0004,P0140,click,2025-08-30T00:39:00,2
U0024,P0425,share,2025-08-30T00:55:00,5
U0059,P0224,save,2025-08-30T03:26:00,4
U0007,P0344,click,2025-08-30T03:43:00,2
U0045,P0203,view,2025-08-30T04:17:00,1
U0099,P0373,view,2025-08-30T04:33:00,1
U0082,P0082,view,2025-08-30T04:56:00,1
U0041,P0349,click,2025-08-30T04:56:00,2
U0087,P0168,save,2025-08-30T06:41:00,4
U0069,P0439,click,2025-08-30T07:35:00,2
U0065,P0055,booking,2025-08-30T07:59:00,10
U0076,P0223,view,2025-08-30T09:34:00,1
U0086,P0181,view,2025-08-30T11:06:00,1
U0010,P0388,save,2025-08-30T11:24:00,4
U0037,P0298,save,2025-08-30T12:18:00,4
U0072,P0214,visit,2025-08-30T12:25:00,8
U0058,P0486,visit,2025-08-30T16:43:00,8
U0072,P0434,view,2025-08-30T16:55:00,1
U0007,P0126,save,2025-08-30T17:51:00,4
U0090,P0249,save,2025-08-30T18:16:00,4
U0038,P0129,click,2025-08-30T19:40:00,2
U0073,P0357,view,2025-08-30T20:02:00,1
U0019,P0328,visit,2025-08-30T20:47:00,8
U0076,P0274,view,2025-08-30T21:52:00,1
U0078,P0413,share,2025-08-30T22:10:00,5
U0018,P0188,click,2025-08-31T01:41:00,2
U0025,P0414,visit,2025-08-31T01:47:00,8
U0045,P0409,share,2025-08-31T02:01:00,5
U0011,P0452,share,2025-08-31T03:19:00,5
U0043,P0282,view,2025-08-31T04:54:00,1
U0031,P0372,view,2025-08-31T04:58:00,1
U0029,P0016,view,2025-08-31T05:03:00,1
U0098,P0088,share,2025-08-31T05:43:00,5
U0088,P0265,dismiss,2025-08-31T06:40:00,-3
U0039,P0366,booking,2025-08-31T06:48:00,10
U0026,P0489,save,2025-08-31T07:21:00,4
U0057,P0232,share,2025-08-31T09:25:00,5
U0021,P0045,view,2025-08-31T09:48:00,1
U0024,P0192,share,2025-08-31T10:18:00,5
U0056,P0302,view,2025-08-31T10:30:00,1
U0051,P0056,click,2025-08-31T12:00:00,2
U0091,P0259,view,2025-08-31T12:19:00,1
U0053,P0103,view,2025-08-31T12:59:00,1
U0020,P0112,view,2025-08-31T15:11:00,1
U0035,P0443,booking,2025-08-31T16:22:00,10
U0037,P0244,save,2025-08-31T16:46:00,4
U0003,P0381,visit,2025-08-31T17:33:00,8
U0034,P0322,click,2025-08-31T18:00:00,2
U0057,P0154,visit,2025-08-31T18:33:00,8
U0049,P0201,view,2025-08-31T20:02:00,1
U0073,P0355,visit,2025-08-31T21:23:00,8
U0030,P0436,save,2025-08-31T22:50:00,4
U0038,P0427,view,2025-08-31T23:55:00,1
U0056,P0260,view,2025-09-01T00:02:00,1
U0038,P0345,view,2025-09-01T00:20:00,1
U0032,P0278,visit,2025-09-01T03:17:00,8
U0082,P0088,view,2025-09-01T03:24:00,1
U0019,P0438,view,2025-09-01T04:12:00,1
U0025,P0054,view,2025-09-01T06:28:00,1
U0019,P0206,click,2025-09-01T09:30:00,2
U0047,P0482,view,2025-09-01T13:24:00,1
U0002,P0405,visit,2025-09-01T14:16:00,8
U0042,P0037,view,2025-09-01T14:20:00,1
U0074,P0487,booking,2025-09-01T15:17:00,10
U0082,P0177,save,2025-09-01T15:29:00,4
U0047,P0376,click,2025-09-01T15:30:00,2
U0021,P0396,click,2025-09-01T16:21:00,2
U0079,P0453,save,2025-09-01T16:23:00,4
U0039,P0088,save,2025-09-01T17:00:00,4
U0001,P0361,view,2025-09-01T17:10:00,1
U0044,P0424,save,2025-09-01T18:41:00,4
U0062,P0034,view,2025-09-01T20:34:00,1
U0085,P0485,booking,2025-09-01T21:10:00,10
U0012,P0060,visit,2025-09-01T21:22:00,8
U0075,P0085,save,2025-09-02T00:59:00,4
U0031,P0465,booking,2025-09-02T02:07:00,10
U0092,P0196,booking,2025-09-02T02:22:00,10
U0040,P0120,share,2025-09-02T03:28:00,5
U0065,P0412,visit,2025-09-02T04:20:00,8
U0007,P0262,dismiss,2025-09-02T04:29:00,-3
U0017,P0187,save,2025-09-02T04:32:00,4
U0060,P0044,save,2025-09-02T05:00:00,4
U0044,P0281,booking,2025-09-02T05:49:00,10
U0055,P0446,view,2025-09-02T08:41:00,1
U0052,P0019,view,2025-09-02T10:53:00,1
U0057,P0157,click,2025-09-02T11:15:00,2
U0071,P0435,click,2025-09-02T13:57:00,2
U0024,P0409,view,2025-09-02T14:44:00,1
U0083,P0320,click,2025-09-02T15:29:00,2
U0037,P0179,view,2025-09-02T18:06:00,1
U0100,P0312,click,2025-09-02T18:20:00,2
U0092,P0296,share,2025-09-02T18:21:00,5
U0045,P0218,click,2025-09-02T19:18:00,2
U0063,P0392,view,2025-09-02T19:39:00,1
U0100,P0419,click,2025-09-02T19:58:00,2
U0036,P0008,visit,2025-09-02T22:08:00,8
U0057,P0225,visit,2025-09-02T22:42:00,8
U0062,P0311,dismiss,2025-09-02T23:59:00,-3
U0049,P0004,booking,2025-09-03T00:06:00,10
U0085,P0295,share,2025-09-03T00:53:00,5
U0031,P0183,view,2025-09-03T02:31:00,1
U0058,P0247,save,2025-09-03T03:17:00,4
U0085,P0432,click,2025-09-03T03:33:00,2
U0031,P0258,view,2025-09-03T04:15:00,1
U0007,P0067,view,2025-09-03T05:33:00,1
U0011,P0254,view,2025-09-03T06:06:00,1
U0046,P0392,view,2025-09-03T06:51:00,1
U0099,P0312,view,2025-09-03T07:21:00,1
U0008,P0491,visit,2025-09-03T07:44:00,8
U0085,P0218,view,2025-09-03T10:43:00,1
U0045,P0033,view,2025-09-03T11:31:00,1
U0077,P0160,view,2025-09-03T12:44:00,1
U0086,P0325,view,2025-09-03T12:45:00,1
U0087,P0078,dismiss,2025-09-03T13:29:00,-3
U0014,P0036,save,2025-09-03T15:13:00,4
U0006,P0171,visit,2025-09-03T16:26:00,8
U0013,P0481,share,2025-09-03T18:36:00,5
U0006,P0493,save,2025-09-03T20:11:00,4
U0036,P0222,share,2025-09-03T20:54:00,5
U0086,P0211,click,2025-09-03T20:55:00,2
U0090,P0287,share,2025-09-03T22:49:00,5
U0065,P0366,click,2025-09-03T23:58:00,2
U0055,P0109,save,2025-09-04T01:27:00,4
U0051,P0125,save,2025-09-04T03:28:00,4
U0076,P0356,view,2025-09-04T04:37:00,1
U0093,P0485,click,2025-09-04T07:01:00,2
U0004,P0037,click,2025-09-04T09:47:00,2
U0015,P0443,view,2025-09-04T11:39:00,1
U0095,P0108,view,2025-09-04T12:04:00,1
U0070,P0348,save,2025-09-04T14:19:00,4
U0064,P0452,save,2025-09-04T15:24:00,4
U0014,P0080,view,2025-09-04T19:00:00,1
U0082,P0322,click,2025-09-04T20:32:00,2
U0073,P0262,view,2025-09-04T21:39:00,1
U0040,P0368,visit,2025-09-04T23:03:00,8
U0085,P0048,click,2025-09-05T00:13:00,2
U0085,P0341,save,2025-09-05T01:24:00,4
U0090,P0198,view,2025-09-05T01:46:00,1
U0004,P0238,click,2025-09-05T03:15:00,2
U0054,P0187,save,2025-09-05T05:03:00,4
U0007,P0350,dismiss,2025-09-05T06:15:00,-3
U0062,P0056,dismiss,2025-09-05T07:05:00,-3
U0058,P0304,save,2025-09-05T08:26:00,4
U0003,P0194,click,2025-09-05T08:46:00,2
U0029,P0209,click,2025-09-05T09:57:00,2
U0037,P0027,save,2025-09-05T09:58:00,4
U0014,P0307,view,2025-09-05T11:02:00,1
U0040,P0286,click,2025-09-05T12:00:00,2
U0064,P0184,visit,2025-09-05T13:57:00,8
U0099,P0334,booking,2025-09-05T14:35:00,10
U0065,P0231,view,2025-09-05T16:03:00,1
U0037,P0267,visit,2025-09-05T16:42:00,8
U0036,P0198,booking,2025-09-05T19:14:00,10
U0017,P0447,save,2025-09-05T19:46:00,4
U0029,P0152,click,2025-09-05T20:44:00,2
U0018,P0231,view,2025-09-05T23:44:00,1
U0025,P0311,share,2025-09-06T00:50:00,5
U0037,P0241,click,2025-09-06T01:10:00,2
U0019,P0129,view,2025-09-06T02:08:00,1
U0089,P0210,click,2025-09-06T03:59:00,2
U0066,P0294,save,2025-09-06T05:29:00,4
U0016,P0036,click,2025-09-06T06:06:00,2
U0032,P0047,click,2025-09-06T06:44:00,2
U0045,P0449,visit,2025-09-06T10:38:00,8
U0073,P0202,click,2025-09-06T13:27:00,2
U0052,P0184,view,2025-09-06T13:48:00,1
U0023,P0491,visit,2025-09-06T14:31:00,8
U0037,P0018,click,2025-09-06T15:50:00,2
U0064,P0302,share,2025-09-06T16:58:00,5
U0005,P0011,view,2025-09-06T19:28:00,1
U0040,P0446,save,2025-09-06T20:10:00,4
U0071,P0244,dismiss,2025-09-06T21:02:00,-3
U0077,P0379,click,2025-09-06T21:28:00,2
U0075,P0013,visit,2025-09-06T23:36:00,8
U0008,P0265,view,2025-09-07T00:00:00,1
U0032,P0306,view,2025-09-07T01:23:00,1
U0020,P0444,view,2025-09-07T02:00:00,1
U0097,P0058,view,2025-09-07T02:18:00,1
U0022,P0325,visit,2025-09-07T03:36:00,8
U0024,P0459,save,2025-09-07T08:21:00,4
U0060,P0381,booking,2025-09-07T08:41:00,10
U0034,P0353,view,2025-09-07T09:04:00,1
U0089,P0293,view,2025-09-07T09:06:00,1
U0042,P0326,booking,2025-09-07T09:14:00,10
U0069,P0493,share,2025-09-07T10:19:00,5
U0044,P0463,visit,2025-09-07T10:39:00,8
U0048,P0065,share,2025-09-07T12:29:00,5
U0047,P0341,dismiss,2025-09-07T12:48:00,-3
U0033,P0421,dismiss,2025-09-07T13:56:00,-3
U0005,P0184,view,2025-09-07T16:42:00,1
U0099,P0396,dismiss,2025-09-07T17:48:00,-3
U0009,P0218,share,2025-09-07T20:34:00,5
U0054,P0326,view,2025-09-07T21:18:00,1
U0019,P0272,dismiss,2025-09-07T21:27:00,-3
U0085,P0094,click,2025-09-07T21:38:00,2
U0029,P0078,click,2025-09-07T23:25:00,2
U0076,P0018,view,2025-09-08T00:58:00,1
U0100,P0219,view,2025-09-08T01:19:00,1
U0022,P0185,dismiss,2025-09-08T03:44:00,-3
U0054,P0395,visit,2025-09-08T05:13:00,8
U0082,P0428,view,2025-09-08T06:56:00,1
U0034,P0412,click,2025-09-08T07:30:00,2
U0084,P0328,click,2025-09-08T07:52:00,2
U0034,P0337,view,2025-09-08T09:00:00,1
U0029,P0347,view,2025-09-08T09:44:00,1
U0047,P0420,click,2025-09-08T10:34:00,2
U0065,P0029,save,2025-09-08T11:39:00,4
U0081,P0418,dismiss,2025-09-08T11:43:00,-3
U0012,P0434,visit,2025-09-08T11:48:00,8
U0073,P0445,view,2025-09-08T15:12:00,1
U0087,P0271,visit,2025-09-08T15:16:00,8
U0050,P0374,click,2025-09-08T15:17:00,2
U0054,P0050,view,2025-09-08T16:16:00,1
U0009,P0219,click,2025-09-08T16:40:00,2
U0047,P0486,dismiss,2025-09-08T19:06:00,-3
U0037,P0288,view,2025-09-08T19:26:00,1
U0028,P0332,view,2025-09-08T20:44:00,1
U0048,P0168,share,2025-09-08T21:48:00,5
U0038,P0346,view,2025-09-08T22:50:00,1
U0060,P0176,booking,2025-09-08T23:00:00,10
U0045,P0360,share,2025-09-09T00:19:00,5
U0033,P0148,click,2025-09-09T00:26:00,2
U0010,P0403,view,2025-09-09T01:09:00,1
U0028,P0252,dismiss,2025-09-09T02:12:00,-3
U0003,P0352,view,2025-09-09T02:30:00,1
U0099,P0295,click,2025-09-09T02:34:00,2
U0082,P0241,click,2025-09-09T02:38:00,2
U0093,P0282,visit,2025-09-09T03:05:00,8
U0049,P0314,booking,2025-09-09T03:17:00,10
U0066,P0483,view,2025-09-09T03:29:00,1
U0011,P0399,dismiss,2025-09-09T04:03:00,-3
U0023,P0314,click,2025-09-09T04:35:00,2
U0051,P0043,view,2025-09-09T06:08:00,1
U0013,P0309,save,2025-09-09T10:15:00,4
U0083,P0438,visit,2025-09-09T11:40:00,8
U0079,P0121,visit,2025-09-09T12:18:00,8
U0022,P0289,click,2025-09-09T13:08:00,2
U0086,P0491,view,2025-09-09T21:18:00,1
U0067,P0031,view,2025-09-09T21:47:00,1
U0021,P0394,save,2025-09-09T22:41:00,4
U0031,P0239,save,2025-09-09T23:11:00,4
U0053,P0322,click,2025-09-09T23:40:00,2
U0053,P0274,click,2025-09-09T23:43:00,2
U0030,P0357,save,2025-09-10T00:27:00,4
U0084,P0332,visit,2025-09-10T01:19:00,8
U0001,P0484,click,2025-09-10T02:48:00,2
U0035,P0308,visit,2025-09-10T02:51:00,8
U0022,P0308,booking,2025-09-10T03:24:00,10
U0070,P0232,view,2025-09-10T05:34:00,1
U0081,P0073,booking,2025-09-10T05:38:00,10
U0085,P0178,view,2025-09-10T06:40:00,1
U0018,P0372,view,2025-09-10T07:13:00,1
U0100,P0048,visit,2025-09-10T07:18:00,8
U0037,P0135,save,2025-09-10T08:26:00,4
U0074,P0397,click,2025-09-10T09:42:00,2
U0069,P0099,share,2025-09-10T10:51:00,5
U0080,P0122,save,2025-09-10T11:37:00,4
U0052,P0318,dismiss,2025-09-10T12:27:00,-3
U0063,P0166,click,2025-09-10T12:47:00,2
U0003,P0333,view,2025-09-10T14:05:00,1
U0081,P0027,click,2025-09-10T14:35:00,2
U0021,P0163,click,2025-09-10T17:47:00,2
U0040,P0145,view,2025-09-10T20:11:00,1
U0059,P0146,view,2025-09-10T20:44:00,1
U0033,P0274,dismiss,2025-09-10T20:58:00,-3
U0044,P0212,click,2025-09-11T00:39:00,2
U0074,P0373,save,2025-09-11T01:20:00,4
U0023,P0442,share,2025-09-11T01:28:00,5
U0079,P0209,click,2025-09-11T03:13:00,2
U0067,P0032,visit,2025-09-11T04:11:00,8
U0036,P0365,click,2025-09-11T04:14:00,2
U0061,P0482,booking,2025-09-11T05:58:00,10
U0045,P0009,save,2025-09-11T06:26:00,4
U0075,P0356,visit,2025-09-11T08:01:00,8
U0083,P0050,view,2025-09-11T08:03:00,1
U0096,P0232,booking,2025-09-11T08:24:00,10
U0087,P0448,click,2025-09-11T11:39:00,2
U0033,P0256,click,2025-09-11T11:58:00,2
U0023,P0393,save,2025-09-11T12:08:00,4
U0085,P0456,booking,2025-09-11T13:13:00,10
U0031,P0061,view,2025-09-11T13:30:00,1
U0033,P0103,click,2025-09-11T13:32:00,2
U0100,P0494,save,2025-09-11T14:22:00,4
U0057,P0257,booking,2025-09-11T17:08:00,10
U0009,P0153,save,2025-09-11T17:32:00,4
U0084,P0280,click,2025-09-11T17:39:00,2
U0022,P0423,view,2025-09-11T18:24:00,1
U0096,P0008,visit,2025-09-11T19:38:00,8
U0030,P0308,click,2025-09-11T21:45:00,2
U0024,P0432,click,2025-09-11T23:37:00,2
U0050,P0280,view,2025-09-12T00:07:00,1
U0055,P0039,dismiss,2025-09-12T00:49:00,-3
U0047,P0294,booking,2025-09-12T02:27:00,10
U0074,P0090,save,2025-09-12T03:20:00,4
U0061,P0282,click,2025-09-12T03:48:00,2
U0011,P0058,click,2025-09-12T04:21:00,2
U0071,P0337,click,2025-09-12T05:14:00,2
U0064,P0020,dismiss,2025-09-12T05:47:00,-3
U0041,P0150,save,2025-09-12T06:19:00,4
U0078,P0135,visit,2025-09-12T06:30:00,8
U0018,P0124,click,2025-09-12T07:23:00,2
U0053,P0237,click,2025-09-12T07:57:00,2
U0043,P0035,view,2025-09-12T09:49:00,1
U0073,P0414,booking,2025-09-12T11:03:00,10
U0045,P0097,save,2025-09-12T12:10:00,4
U0056,P0380,view,2025-09-12T12:50:00,1
U0008,P0126,booking,2025-09-12T14:06:00,10
U0010,P0064,save,2025-09-12T14:32:00,4
U0049,P0430,view,2025-09-12T14:42:00,1
U0018,P0402,click,2025-09-12T15:34:00,2
U0050,P0036,share,2025-09-12T16:00:00,5
U0018,P0013,click,2025-09-12T16:46:00,2
U0022,P0393,click,2025-09-12T16:51:00,2
U0049,P0406,visit,2025-09-12T19:14:00,8
U0006,P0057,visit,2025-09-12T22:31:00,8
U0037,P0239,share,2025-09-12T23:25:00,5
U0058,P0090,share,2025-09-13T00:25:00,5
U0090,P0199,save,2025-09-13T04:02:00,4
U0048,P0232,save,2025-09-13T04:51:00,4
U0015,P0240,view,2025-09-13T04:57:00,1
U0080,P0056,view,2025-09-13T05:20:00,1
U0022,P0478,share,2025-09-13T08:48:00,5
U0091,P0245,save,2025-09-13T08:55:00,4
U0016,P0251,view,2025-09-13T11:29:00,1
U0088,P0164,click,2025-09-13T11:59:00,2
U0015,P0344,save,2025-09-13T13:13:00,4
U0097,P0280,view,2025-09-13T15:49:00,1
U0006,P0377,view,2025-09-13T16:24:00,1
U0077,P0105,view,2025-09-13T16:42:00,1
U0020,P0304,save,2025-09-13T17:53:00,4
U0020,P0163,click,2025-09-13T19:05:00,2
U0083,P0427,dismiss,2025-09-13T20:12:00,-3
U0025,P0406,save,2025-09-13T20:27:00,4
U0053,P0085,save,2025-09-13T21:32:00,4
U0081,P0290,share,2025-09-13T23:47:00,5
U0060,P0085,view,2025-09-14T01:23:00,1
U0068,P0123,visit,2025-09-14T02:31:00,8
U0005,P0212,view,2025-09-14T04:03:00,1
U0018,P0468,click,2025-09-14T04:12:00,2
U0076,P0435,share,2025-09-14T04:18:00,5
U0014,P0187,save,2025-09-14T04:28:00,4
U0038,P0332,share,2025-09-14T04:46:00,5
U0099,P0118,click,2025-09-14T05:44:00,2
U0100,P0394,visit,2025-09-14T05:49:00,8
U0049,P0015,visit,2025-09-14T06:13:00,8
U0017,P0371,click,2025-09-14T08:51:00,2
U0082,P0422,visit,2025-09-14T09:08:00,8
U0087,P0016,view,2025-09-14T10:10:00,1
U0040,P0220,save,2025-09-14T10:33:00,4
U0071,P0073,save,2025-09-14T10:40:00,4
U0089,P0028,view,2025-09-14T11:47:00,1
U0037,P0124,click,2025-09-14T12:50:00,2
U0010,P0001,view,2025-09-14T13:27:00,1
U0017,P0495,view,2025-09-14T13:49:00,1
U0069,P0437,visit,2025-09-14T14:07:00,8
U0014,P0104,dismiss,2025-09-14T16:05:00,-3
U0075,P0253,view,2025-09-14T16:09:00,1
U0032,P0069,save,2025-09-14T16:46:00,4
U0076,P0253,share,2025-09-14T16:48:00,5
U0093,P0487,view,2025-09-14T17:06:00,1
U0068,P0155,view,2025-09-14T18:30:00,1
U0094,P0318,view,2025-09-14T18:53:00,1
U0064,P0064,visit,2025-09-14T19:57:00,8
U0039,P0061,dismiss,2025-09-14T21:02:00,-3
U0092,P0184,view,2025-09-14T22:06:00,1
U0078,P0381,dismiss,2025-09-14T23:27:00,-3
U0028,P0346,view,2025-09-14T23:46:00,1
U0049,P0383,view,2025-09-14T23:50:00,1
U0024,P0341,save,2025-09-15T01:51:00,4
U0100,P0071,dismiss,2025-09-15T02:14:00,-3
U0014,P0275,visit,2025-09-15T03:18:00,8
U0088,P0142,click,2025-09-15T04:09:00,2
U0068,P0034,dismiss,2025-09-15T05:46:00,-3
U0057,P0329,save,2025-09-15T08:34:00,4
U0075,P0398,save,2025-09-15T09:08:00,4
U0094,P0345,booking,2025-09-15T14:33:00,10
U0072,P0216,visit,2025-09-15T15:25:00,8
U0023,P0423,save,2025-09-15T15:59:00,4
U0055,P0113,view,2025-09-15T16:55:00,1
U0096,P0031,view,2025-09-15T17:12:00,1
U0013,P0210,visit,2025-09-15T17:44:00,8
U0076,P0428,view,2025-09-15T18:01:00,1
U0030,P0457,save,2025-09-15T19:11:00,4
U0029,P0387,view,2025-09-15T22:07:00,1
U0064,P0263,click,2025-09-15T22:07:00,2
U0017,P0252,click,2025-09-15T22:14:00,2
U0087,P0458,visit,2025-09-15T22:21:00,8
U0100,P0273,share,2025-09-15T22:23:00,5
U0027,P0008,click,2025-09-15T22:43:00,2
U0081,P0059,visit,2025-09-16T01:12:00,8
U0093,P0310,booking,2025-09-16T01:47:00,10
U0019,P0369,view,2025-09-16T02:54:00,1
U0084,P0036,view,2025-09-16T03:02:00,1
U0046,P0077,view,2025-09-16T03:31:00,1
U0010,P0196,share,2025-09-16T04:40:00,5
U0024,P0408,visit,2025-09-16T05:05:00,8
U0064,P0374,save,2025-09-16T05:12:00,4
U0092,P0484,booking,2025-09-16T05:37:00,10
U0061,P0097,view,2025-09-16T05:53:00,1
U0049,P0005,click,2025-09-16T08:33:00,2
U0022,P0126,view,2025-09-16T08:34:00,1
U0045,P0171,click,2025-09-16T09:15:00,2
U0025,P0084,visit,2025-09-16T10:56:00,8
U0025,P0205,dismiss,2025-09-16T12:07:00,-3
U0038,P0303,view,2025-09-16T13:11:00,1
U0002,P0238,view,2025-09-16T13:53:00,1
U0061,P0163,click,2025-09-16T14:16:00,2
U0069,P0276,view,2025-09-16T15:38:00,1
U0070,P0379,save,2025-09-16T17:27:00,4
U0066,P0204,booking,2025-09-16T17:48:00,10
U0001,P0400,click,2025-09-16T19:01:00,2
U0023,P0211,view,2025-09-16T19:24:00,1
U0005,P0399,click,2025-09-16T20:11:00,2
U0051,P0259,click,2025-09-16T20:18:00,2
U0022,P0350,save,2025-09-16T22:30:00,4
U0075,P0241,view,2025-09-16T22:31:00,1
U0096,P0440,save,2025-09-17T00:45:00,4
U0089,P0496,view,2025-09-17T01:17:00,1
U0023,P0354,share,2025-09-17T02:22:00,5
U0024,P0276,share,2025-09-17T03:10:00,5
U0015,P0355,visit,2025-09-17T03:35:00,8
U0013,P0288,booking,2025-09-17T07:35:00,10
U0035,P0265,share,2025-09-17T07:41:00,5
U0012,P0227,click,2025-09-17T09:54:00,2
U0056,P0196,view,2025-09-17T11:28:00,1
U0059,P0004,click,2025-09-17T12:06:00,2
U0005,P0500,click,2025-09-17T12:29:00,2
U0039,P0044,booking,2025-09-17T12:43:00,10
U0083,P0172,save,2025-09-17T12:53:00,4
U0036,P0152,view,2025-09-17T14:07:00,1
U0036,P0306,view,2025-09-17T14:37:00,1
U0090,P0458,save,2025-09-17T16:24:00,4
U0018,P0465,booking,2025-09-17T17:20:00,10
U0014,P0497,visit,2025-09-17T20:01:00,8
U0035,P0344,click,2025-09-17T21:33:00,2
U0010,P0251,click,2025-09-18T00:02:00,2
U0066,P0409,view,2025-09-18T03:16:00,1
U0013,P0103,save,2025-09-18T05:44:00,4
U0081,P0270,view,2025-09-18T05:44:00,1
U0066,P0471,view,2025-09-18T07:30:00,1
U0094,P0272,view,2025-09-18T08:33:00,1
U0081,P0241,visit,2025-09-18T10:04:00,8
U0068,P0150,click,2025-09-18T12:54:00,2
U0043,P0030,visit,2025-09-18T13:09:00,8
U0047,P0221,save,2025-09-18T13:41:00,4
U0086,P0289,view,2025-09-18T14:13:00,1
U0093,P0425,dismiss,2025-09-18T15:45:00,-3
U0067,P0257,dismiss,2025-09-18T15:56:00,-3
U0088,P0084,click,2025-09-18T16:28:00,2
U0013,P0331,view,2025-09-18T17:13:00,1
U0060,P0352,view,2025-09-18T18:30:00,1
U0081,P0088,save,2025-09-18T18:40:00,4
U0036,P0411,dismiss,2025-09-18T18:45:00,-3
U0050,P0438,view,2025-09-18T20:59:00,1
U0075,P0194,visit,2025-09-18T21:22:00,8
U0040,P0105,click,2025-09-18T23:55:00,2
U0058,P0218,dismiss,2025-09-19T01:50:00,-3
U0053,P0270,view,2025-09-19T01:52:00,1
U0036,P0168,click,2025-09-19T02:15:00,2
U0002,P0380,click,2025-09-19T03:24:00,2
U0045,P0276,click,2025-09-19T03:24:00,2
U0030,P0478,visit,2025-09-19T05:15:00,8
U0010,P0260,visit,2025-09-19T06:51:00,8
U0005,P0020,view,2025-09-19T06:57:00,1
U0022,P0041,visit,2025-09-19T08:09:00,8
U0068,P0259,save,2025-09-19T08:50:00,4
U0025,P0442,view,2025-09-19T09:02:00,1
U0099,P0098,click,2025-09-19T10:32:00,2
U0009,P0247,view,2025-09-19T12:26:00,1
U0038,P0248,save,2025-09-19T14:27:00,4
U0087,P0069,view,2025-09-19T15:42:00,1
U0002,P0302,click,2025-09-19T15:50:00,2
U0088,P0211,visit,2025-09-19T16:25:00,8
U0098,P0217,click,2025-09-19T19:35:00,2
U0084,P0086,view,2025-09-19T20:28:00,1
U0040,P0214,share,2025-09-19T20:41:00,5
U0041,P0084,view,2025-09-20T02:36:00,1
U0005,P0392,booking,2025-09-20T03:22:00,10
U0095,P0270,click,2025-09-20T04:41:00,2
U0085,P0425,save,2025-09-20T05:17:00,4
U0089,P0356,click,2025-09-20T08:18:00,2
U0044,P0001,save,2025-09-20T08:33:00,4
U0015,P0126,view,2025-09-20T08:56:00,1
U0013,P0070,share,2025-09-20T09:53:00,5
U0041,P0107,view,2025-09-20T11:01:00,1
U0060,P0233,dismiss,2025-09-20T12:23:00,-3
U0008,P0083,view,2025-09-20T13:06:00,1
U0007,P0442,view,2025-09-20T13:29:00,1
U0076,P0258,view,2025-09-20T13:47:00,1
U0019,P0058,view,2025-09-20T15:36:00,1
U0048,P0250,click,2025-09-20T17:30:00,2
U0088,P0089,view,2025-09-20T20:01:00,1
U0072,P0232,share,2025-09-20T20:34:00,5
U0026,P0066,visit,2025-09-20T20:48:00,8
U0058,P0033,click,2025-09-20T21:16:00,2
U0053,P0148,click,2025-09-20T21:20:00,2
U0006,P0094,share,2025-09-20T23:43:00,5
U0072,P0114,view,2025-09-20T23:49:00,1
U0048,P0160,view,2025-09-21T01:42:00,1
U0058,P0035,click,2025-09-21T01:45:00,2
U0074,P0323,visit,2025-09-21T02:07:00,8
U0060,P0253,visit,2025-09-21T04:10:00,8
U0030,P0277,save,2025-09-21T04:26:00,4
U0014,P0302,click,2025-09-21T04:28:00,2
U0059,P0189,booking,2025-09-21T04:30:00,10
U0058,P0112,view,2025-09-21T04:56:00,1
U0096,P0121,save,2025-09-21T06:17:00,4
U0083,P0302,view,2025-09-21T06:42:00,1
U0001,P0391,view,2025-09-21T07:17:00,1
U0040,P0411,view,2025-09-21T09:41:00,1
U0055,P0199,view,2025-09-21T11:11:00,1
U0022,P0357,visit,2025-09-21T13:17:00,8
U0086,P0043,save,2025-09-21T13:42:00,4
U0036,P0120,share,2025-09-21T16:58:00,5
U0024,P0334,visit,2025-09-21T19:42:00,8
U0078,P0389,visit,2025-09-21T20:12:00,8
U0014,P0206,save,2025-09-21T20:17:00,4
U0067,P0168,view,2025-09-21T21:26:00,1
U0056,P0281,save,2025-09-21T21:37:00,4
U0030,P0370,view,2025-09-21T21:43:00,1
U0064,P0438,share,2025-09-21T22:12:00,5
U0054,P0391,view,2025-09-21T23:45:00,1
U0038,P0196,click,2025-09-22T00:42:00,2
U0010,P0281,click,2025-09-22T01:25:00,2
U0060,P0375,share,2025-09-22T01:45:00,5
U0093,P0433,view,2025-09-22T02:37:00,1
U0041,P0423,visit,2025-09-22T03:10:00,8
U0076,P0309,click,2025-09-22T06:06:00,2
U0069,P0407,dismiss,2025-09-22T09:02:00,-3
U0086,P0096,click,2025-09-22T10:01:00,2
U0040,P0032,visit,2025-09-22T12:30:00,8
U0090,P0279,save,2025-09-22T12:35:00,4
U0044,P0077,click,2025-09-22T13:11:00,2
U0001,P0129,view,2025-09-22T14:07:00,1
U0073,P0442,visit,2025-09-22T15:12:00,8
U0098,P0298,save,2025-09-22T16:05:00,4
U0072,P0014,view,2025-09-22T16:42:00,1
U0048,P0154,view,2025-09-22T18:07:00,1
U0096,P0460,view,2025-09-22T18:39:00,1
U0047,P0242,save,2025-09-22T19:40:00,4
U0057,P0109,save,2025-09-22T20:24:00,4
U0085,P0090,click,2025-09-22T23:06:00,2
U0027,P0128,click,2025-09-23T00:10:00,2
U0041,P0089,click,2025-09-23T04:08:00,2
U0078,P0468,view,2025-09-23T04:08:00,1
U0082,P0256,save,2025-09-23T04:19:00,4
U0041,P0034,click,2025-09-23T04:47:00,2
U0091,P0415,visit,2025-09-23T04:59:00,8
U0043,P0459,click,2025-09-23T05:57:00,2
U0055,P0451,view,2025-09-23T07:08:00,1
U0081,P0223,save,2025-09-23T09:32:00,4
U0094,P0104,view,2025-09-23T09:42:00,1
U0006,P0485,view,2025-09-23T09:54:00,1
U0063,P0254,view,2025-09-23T15:32:00,1
U0094,P0452,click,2025-09-23T18:17:00,2
U0029,P0287,view,2025-09-23T18:34:00,1
U0035,P0043,view,2025-09-23T19:32:00,1
U0003,P0364,visit,2025-09-23T20:28:00,8
U0050,P0346,save,2025-09-23T21:17:00,4
U0092,P0374,click,2025-09-23T21:41:00,2
U0052,P0053,click,2025-09-23T22:06:00,2
U0034,P0244,view,2025-09-23T23:40:00,1
U0090,P0152,view,2025-09-24T00:12:00,1
U0091,P0096,click,2025-09-24T00:16:00,2
U0095,P0217,view,2025-09-24T00:20:00,1
U0066,P0153,view,2025-09-24T02:24:00,1
U0055,P0228,save,2025-09-24T03:09:00,4
U0090,P0008,save,2025-09-24T03:51:00,4
U0060,P0027,click,2025-09-24T05:04:00,2
U0084,P0196,view,2025-09-24T07:35:00,1
U0089,P0190,view,2025-09-24T08:27:00,1
U0018,P0364,visit,2025-09-24T09:36:00,8
U0081,P0333,share,2025-09-24T09:44:00,5
U0015,P0235,click,2025-09-24T09:45:00,2
U0094,P0001,save,2025-09-24T12:29:00,4
U0081,P0428,view,2025-09-24T13:12:00,1
U0010,P0426,share,2025-09-24T13:44:00,5
U0007,P0174,view,2025-09-24T14:07:00,1
U0002,P0187,click,2025-09-24T15:40:00,2
U0054,P0369,click,2025-09-24T16:39:00,2
U0093,P0407,click,2025-09-24T19:37:00,2
U0085,P0030,click,2025-09-24T20:16:00,2
U0018,P0474,view,2025-09-24T21:47:00,1
U0034,P0176,visit,2025-09-24T22:21:00,8
U0051,P0314,click,2025-09-24T22:35:00,2
U0032,P0003,save,2025-09-24T23:00:00,4
U0099,P0384,share,2025-09-25T00:10:00,5
U0028,P0010,view,2025-09-25T00:24:00,1
U0075,P0267,save,2025-09-25T01:24:00,4
U0042,P0137,view,2025-09-25T01:25:00,1
U0042,P0110,view,2025-09-25T03:05:00,1
U0093,P0132,view,2025-09-25T03:26:00,1
U0099,P0097,view,2025-09-25T05:21:00,1
U0075,P0402,booking,2025-09-25T06:37:00,10
U0090,P0315,click,2025-09-25T07:12:00,2
U0017,P0390,click,2025-09-25T08:35:00,2
U0050,P0391,view,2025-09-25T08:36:00,1
U0052,P0361,save,2025-09-25T09:09:00,4
U0038,P0110,view,2025-09-25T10:33:00,1
U0003,P0173,click,2025-09-25T12:28:00,2
U0011,P0427,view,2025-09-25T13:34:00,1
U0098,P0428,save,2025-09-25T14:00:00,4
U0020,P0377,click,2025-09-25T14:43:00,2
U0010,P0427,click,2025-09-25T16:50:00,2
U0062,P0259,click,2025-09-25T18:54:00,2
U0058,P0048,booking,2025-09-25T19:00:00,10
U0005,P0156,share,2025-09-25T19:10:00,5
U0086,P0005,save,2025-09-25T19:23:00,4
U0061,P0057,visit,2025-09-25T19:38:00,8
U0027,P0411,click,2025-09-25T20:42:00,2
U0022,P0265,share,2025-09-25T21:43:00,5
U0013,P0027,save,2025-09-25T22:44:00,4
U0076,P0027,visit,2025-09-26T00:55:00,8
U0008,P0015,click,2025-09-26T01:53:00,2
U0054,P0196,view,2025-09-26T03:15:00,1
U0042,P0156,view,2025-09-26T03:49:00,1
U0017,P0499,click,2025-09-26T04:27:00,2
U0030,P0180,view,2025-09-26T07:11:00,1
U0017,P0172,share,2025-09-26T07:15:00,5
U0059,P0478,click,2025-09-26T07:21:00,2
U0040,P0003,save,2025-09-26T07:47:00,4
U0052,P0399,view,2025-09-26T08:18:00,1
U0086,P0067,click,2025-09-26T08:50:00,2
U0018,P0253,click,2025-09-26T09:11:00,2
U0050,P0399,click,2025-09-26T09:13:00,2
U0030,P0115,dismiss,2025-09-26T09:44:00,-3
U0018,P0044,visit,2025-09-26T09:49:00,8
U0094,P0260,click,2025-09-26T14:00:00,2
U0040,P0279,save,2025-09-26T15:11:00,4
U0054,P0254,view,2025-09-26T15:35:00,1
U0007,P0311,save,2025-09-26T15:56:00,4
U0051,P0336,visit,2025-09-26T17:05:00,8
U0062,P0015,visit,2025-09-26T19:54:00,8
U0074,P0276,share,2025-09-26T20:36:00,5
U0053,P0177,dismiss,2025-09-26T21:34:00,-3
U0060,P0464,view,2025-09-26T23:07:00,1
U0005,P0129,visit,2025-09-27T01:42:00,8
U0005,P0318,save,2025-09-27T02:41:00,4
U0049,P0354,click,2025-09-27T02:53:00,2
U0031,P0190,view,2025-09-27T04:46:00,1
U0019,P0036,view,2025-09-27T08:29:00,1
U0008,P0429,save,2025-09-27T08:52:00,4
U0072,P0220,save,2025-09-27T10:48:00,4
U0089,P0422,view,2025-09-27T12:25:00,1
U0086,P0327,view,2025-09-27T12:27:00,1
U0025,P0162,visit,2025-09-27T12:37:00,8
U0073,P0089,save,2025-09-27T13:36:00,4
U0023,P0074,click,2025-09-27T13:49:00,2
U0074,P0219,click,2025-09-27T14:36:00,2
U0034,P0029,save,2025-09-27T14:44:00,4
U0043,P0048,click,2025-09-27T18:36:00,2
U0031,P0075,view,2025-09-27T18:49:00,1
U0075,P0233,click,2025-09-27T20:34:00,2
U0043,P0487,visit,2025-09-28T01:12:00,8
U0094,P0447,click,2025-09-28T03:07:00,2
U0095,P0188,click,2025-09-28T03:31:00,2
U0051,P0224,view,2025-09-28T03:56:00,1
U0052,P0302,click,2025-09-28T04:26:00,2
U0071,P0372,click,2025-09-28T04:29:00,2
U0035,P0074,click,2025-09-28T06:05:00,2
U0067,P0128,view,2025-09-28T06:25:00,1
U0088,P0107,save,2025-09-28T06:40:00,4
U0050,P0303,click,2025-09-28T09:22:00,2
U0025,P0461,click,2025-09-28T10:24:00,2
U0093,P0493,view,2025-09-28T11:27:00,1
U0091,P0174,view,2025-09-28T11:47:00,1
U0099,P0407,click,2025-09-28T12:53:00,2
U0069,P0486,save,2025-09-28T13:46:00,4
U0052,P0141,visit,2025-09-28T14:49:00,8
U0055,P0200,view,2025-09-28T14:59:00,1
U0066,P0282,visit,2025-09-28T18:14:00,8
U0030,P0363,view,2025-09-28T21:38:00,1
U0100,P0079,save,2025-09-28T22:04:00,4
U0041,P0442,view,2025-09-28T22:47:00,1
U0065,P0044,click,2025-09-28T23:47:00,2
U0047,P0098,click,2025-09-29T00:19:00,2
U0050,P0140,view,2025-09-29T02:37:00,1
U0020,P0483,view,2025-09-29T03:39:00,1
U0016,P0399,view,2025-09-29T04:28:00,1
U0050,P0307,click,2025-09-29T05:40:00,2
U0085,P0449,visit,2025-09-29T05:44:00,8
U0060,P0422,save,2025-09-29T06:07:00,4
U0074,P0410,view,2025-09-29T06:18:00,1
U0065,P0059,view,2025-09-29T06:26:00,1
U0010,P0296,booking,2025-09-29T07:26:00,10
U0064,P0254,save,2025-09-29T07:35:00,4
U0007,P0211,click,2025-09-29T07:40:00,2
U0045,P0023,view,2025-09-29T09:21:00,1
U0041,P0185,visit,2025-09-29T09:44:00,8
U0039,P0331,save,2025-09-29T11:19:00,4
U0019,P0248,share,2025-09-29T13:00:00,5
U0023,P0236,visit,2025-09-29T13:09:00,8
U0043,P0079,view,2025-09-29T13:46:00,1
U0065,P0239,view,2025-09-29T15:10:00,1
U0066,P0221,click,2025-09-29T15:13:00,2
U0042,P0254,booking,2025-09-29T16:03:00,10
U0095,P0231,click,2025-09-29T17:08:00,2
U0091,P0038,share,2025-09-29T17:21:00,5
U0062,P0498,booking,2025-09-29T17:39:00,10
U0057,P0105,save,2025-09-29T18:16:00,4
U0091,P0479,view,2025-09-29T20:28:00,1
U0013,P0413,click,2025-09-29T23:03:00,2
U0083,P0110,view,2025-09-30T00:20:00,1
U0066,P0449,view,2025-09-30T04:54:00,1
U0025,P0056,dismiss,2025-09-30T05:01:00,-3
U0064,P0326,click,2025-09-30T06:50:00,2
U0058,P0285,view,2025-09-30T06:52:00,1
U0040,P0060,view,2025-09-30T07:21:00,1
U0019,P0281,visit,2025-09-30T07:24:00,8
U0016,P0403,view,2025-09-30T08:26:00,1
U0099,P0112,view,2025-09-30T09:28:00,1
U0007,P0202,view,2025-09-30T10:34:00,1
U0080,P0370,dismiss,2025-09-30T11:00:00,-3
U0074,P0408,save,2025-09-30T12:27:00,4
U0026,P0105,view,2025-09-30T12:44:00,1
U0008,P0155,share,2025-09-30T17:26:00,5
U0031,P0135,click,2025-09-30T17:52:00,2
U0062,P0142,save,2025-09-30T18:41:00,4
U0019,P0455,view,2025-09-30T20:22:00,1
U0069,P0294,view,2025-09-30T20:48:00,1
U0062,P0336,visit,2025-09-30T20:49:00,8
U0074,P0334,visit,2025-09-30T21:57:00,8
U0030,P0355,view,2025-09-30T22:07:00,1
U0039,P0127,view,2025-09-30T23:25:00,1
U0085,P0360,share,2025-09-30T23:26:00,5
U0039,P0321,booking,2025-10-01T03:08:00,10
U0066,P0247,view,2025-10-01T03:54:00,1
U0056,P0169,share,2025-10-01T04:10:00,5
U0095,P0059,share,2025-10-01T04:56:00,5
U0068,P0074,visit,2025-10-01T05:10:00,8
U0097,P0017,save,2025-10-01T06:24:00,4
U0074,P0159,visit,2025-10-01T09:01:00,8
U0063,P0307,view,2025-10-01T09:45:00,1
U0013,P0188,share,2025-10-01T09:56:00,5
U0039,P0293,dismiss,2025-10-01T11:07:00,-3
U0058,P0079,booking,2025-10-01T11:44:00,10
U0009,P0048,click,2025-10-01T12:13:00,2
U0074,P0266,share,2025-10-01T13:02:00,5
U0073,P0162,share,2025-10-01T13:55:00,5
U0079,P0105,view,2025-10-01T14:54:00,1
U0035,P0215,save,2025-10-01T18:15:00,4
U0012,P0031,dismiss,2025-10-01T19:03:00,-3
U0094,P0388,share,2025-10-01T19:25:00,5
U0041,P0461,click,2025-10-01T19:54:00,2
U0092,P0351,dismiss,2025-10-01T20:01:00,-3
U0075,P0268,click,2025-10-01T20:04:00,2
U0061,P0203,visit,2025-10-01T20:43:00,8
U0012,P0160,view,2025-10-01T20:50:00,1
U0064,P0141,booking,2025-10-01T22:27:00,10
U0001,P0077,click,2025-10-01T23:15:00,2
U0027,P0208,click,2025-10-01T23:25:00,2
U0040,P0031,view,2025-10-01T23:34:00,1
U0058,P0494,view,2025-10-01T23:36:00,1
U0057,P0007,view,2025-10-02T00:06:00,1
U0018,P0412,share,2025-10-02T00:13:00,5
U0055,P0401,view,2025-10-02T00:42:00,1
U0083,P0367,view,2025-10-02T03:08:00,1
U0085,P0384,view,2025-10-02T03:28:00,1
U0004,P0251,view,2025-10-02T03:29:00,1
U0001,P0172,click,2025-10-02T03:59:00,2
U0060,P0465,share,2025-10-02T04:40:00,5
U0020,P0197,share,2025-10-02T04:47:00,5
U0009,P0197,visit,2025-10-02T05:23:00,8
U0022,P0201,view,2025-10-02T06:18:00,1
U0045,P0294,save,2025-10-02T06:52:00,4
U0033,P0331,click,2025-10-02T07:46:00,2
U0099,P0264,save,2025-10-02T07:52:00,4
U0066,P0456,click,2025-10-02T08:39:00,2
U0001,P0358,share,2025-10-02T08:49:00,5
U0021,P0482,click,2025-10-02T09:11:00,2
U0018,P0148,view,2025-10-02T10:29:00,1
U0052,P0206,view,2025-10-02T11:37:00,1
U0037,P0059,visit,2025-10-02T12:55:00,8
U0027,P0458,view,2025-10-02T13:30:00,1
U0058,P0131,visit,2025-10-02T14:32:00,8
U0051,P0430,visit,2025-10-02T14:59:00,8
U0089,P0134,view,2025-10-02T15:08:00,1
U0094,P0302,click,2025-10-02T17:53:00,2
U0035,P0081,click,2025-10-02T18:02:00,2
U0067,P0114,dismiss,2025-10-02T18:59:00,-3
U0047,P0407,view,2025-10-02T19:20:00,1
U0093,P0475,view,2025-10-02T21:23:00,1
U0003,P0468,view,2025-10-02T22:11:00,1
U0061,P0313,click,2025-10-02T22:58:00,2
U0093,P0159,click,2025-10-02T23:22:00,2
U0070,P0216,click,2025-10-03T00:22:00,2
U0059,P0102,click,2025-10-03T02:13:00,2
U0066,P0493,share,2025-10-03T02:17:00,5
U0099,P0482,view,2025-10-03T02:23:00,1
U0072,P0106,click,2025-10-03T03:26:00,2
U0040,P0387,save,2025-10-03T03:45:00,4
U0078,P0288,click,2025-10-03T04:18:00,2
U0028,P0488,view,2025-10-03T04:35:00,1
U0020,P0048,view,2025-10-03T05:10:00,1
U0029,P0250,view,2025-10-03T05:25:00,1
U0096,P0214,click,2025-10-03T05:25:00,2
U0014,P0143,click,2025-10-03T06:16:00,2
U0060,P0243,click,2025-10-03T07:08:00,2
U0069,P0410,view,2025-10-03T07:36:00,1
U0036,P0284,click,2025-10-03T07:49:00,2
U0007,P0498,save,2025-10-03T08:59:00,4
U0009,P0266,visit,2025-10-03T09:10:00,8
U0047,P0130,click,2025-10-03T10:09:00,2
U0049,P0301,click,2025-10-03T14:02:00,2
U0072,P0271,view,2025-10-03T14:12:00,1
U0029,P0269,view,2025-10-03T14:20:00,1
U0041,P0385,click,2025-10-03T15:18:00,2
U0064,P0462,click,2025-10-03T16:06:00,2
U0014,P0156,visit,2025-10-03T17:05:00,8
U0031,P0195,view,2025-10-03T17:31:00,1
U0015,P0162,view,2025-10-03T18:16:00,1
U0093,P0071,save,2025-10-03T19:13:00,4
U0086,P0205,visit,2025-10-03T19:14:00,8
U0097,P0351,save,2025-10-03T19:51:00,4
U0051,P0245,view,2025-10-03T20:23:00,1
U0002,P0020,dismiss,2025-10-03T21:46:00,-3
U0058,P0264,click,2025-10-03T23:24:00,2
U0072,P0145,save,2025-10-04T00:27:00,4
U0056,P0291,view,2025-10-04T01:26:00,1
U0015,P0480,save,2025-10-04T01:32:00,4
U0090,P0068,click,2025-10-04T03:44:00,2
U0046,P0053,visit,2025-10-04T04:20:00,8
U0001,P0318,view,2025-10-04T04:46:00,1
U0056,P0359,dismiss,2025-10-04T05:06:00,-3
U0070,P0448,view,2025-10-04T07:36:00,1
U0039,P0013,share,2025-10-04T07:44:00,5
U0053,P0293,click,2025-10-04T07:56:00,2
U0067,P0069,visit,2025-10-04T08:32:00,8
U0011,P0206,visit,2025-10-04T08:42:00,8
U0004,P0260,save,2025-10-04T08:51:00,4
U0052,P0263,dismiss,2025-10-04T09:14:00,-3
U0063,P0426,dismiss,2025-10-04T09:29:00,-3
U0035,P0054,view,2025-10-04T10:01:00,1
U0064,P0500,share,2025-10-04T10:12:00,5
U0008,P0319,save,2025-10-04T10:24:00,4
U0059,P0175,click,2025-10-04T10:57:00,2
U0067,P0200,view,2025-10-04T11:07:00,1
U0055,P0114,view,2025-10-04T11:24:00,1
U0099,P0247,save,2025-10-04T12:27:00,4
U0073,P0319,dismiss,2025-10-04T13:41:00,-3
U0076,P0237,view,2025-10-04T16:41:00,1
U0064,P0206,click,2025-10-04T16:46:00,2
U0081,P0103,share,2025-10-04T19:25:00,5
U0020,P0420,view,2025-10-04T20:19:00,1
U0091,P0423,click,2025-10-04T20:58:00,2
U0043,P0449,view,2025-10-04T21:37:00,1
U0001,P0050,view,2025-10-04T23:44:00,1
U0013,P0061,booking,2025-10-05T01:22:00,10
U0015,P0477,click,2025-10-05T01:54:00,2
U0050,P0011,dismiss,2025-10-05T03:16:00,-3
U0026,P0145,click,2025-10-05T04:09:00,2
U0080,P0155,booking,2025-10-05T05:57:00,10
U0090,P0228,visit,2025-10-05T06:58:00,8
U0044,P0064,click,2025-10-05T07:25:00,2
U0060,P0134,click,2025-10-05T08:04:00,2
U0053,P0305,save,2025-10-05T09:50:00,4
U0074,P0377,visit,2025-10-05T13:01:00,8
U0046,P0495,share,2025-10-05T13:23:00,5
U0095,P0389,visit,2025-10-05T13:32:00,8
U0002,P0326,visit,2025-10-05T14:26:00,8
U0059,P0201,view,2025-10-05T16:12:00,1
U0070,P0093,visit,2025-10-05T18:58:00,8
U0037,P0111,click,2025-10-05T19:58:00,2
U0008,P0226,save,2025-10-05T20:03:00,4
U0044,P0371,save,2025-10-05T20:28:00,4
U0075,P0470,visit,2025-10-05T22:17:00,8
U0075,P0413,visit,2025-10-06T01:36:00,8
U0079,P0016,click,2025-10-06T01:47:00,2
U0053,P0018,save,2025-10-06T02:29:00,4
U0054,P0351,save,2025-10-06T03:47:00,4
U0029,P0106,booking,2025-10-06T05:27:00,10
U0099,P0432,visit,2025-10-06T05:35:00,8
U0038,P0212,view,2025-10-06T08:54:00,1
U0079,P0066,click,2025-10-06T12:03:00,2
U0064,P0011,view,2025-10-06T12:12:00,1
U0096,P0306,visit,2025-10-06T13:04:00,8
U0073,P0091,view,2025-10-06T15:08:00,1
U0065,P0305,visit,2025-10-06T15:12:00,8
U0006,P0207,view,2025-10-06T15:16:00,1
U0014,P0046,click,2025-10-06T17:30:00,2
U0076,P0366,view,2025-10-06T17:39:00,1
U0053,P0466,view,2025-10-06T21:20:00,1
U0053,P0364,view,2025-10-06T23:40:00,1
U0009,P0420,visit,2025-10-07T06:27:00,8
U0010,P0390,share,2025-10-07T07:09:00,5
U0014,P0392,view,2025-10-07T09:40:00,1
U0053,P0025,view,2025-10-07T10:47:00,1
U0099,P0323,share,2025-10-07T12:08:00,5
U0049,P0297,save,2025-10-07T13:01:00,4
U0085,P0009,save,2025-10-07T13:50:00,4
U0063,P0193,view,2025-10-07T14:46:00,1
U0008,P0363,visit,2025-10-07T15:11:00,8
U0021,P0437,click,2025-10-07T16:21:00,2
U0057,P0052,click,2025-10-07T20:02:00,2
U0045,P0112,view,2025-10-07T23:12:00,1
U0067,P0225,save,2025-10-08T02:30:00,4
U0058,P0051,view,2025-10-08T02:52:00,1
U0087,P0460,share,2025-10-08T03:43:00,5
U0100,P0153,dismiss,2025-10-08T04:19:00,-3
U0058,P0071,visit,2025-10-08T06:18:00,8
U0093,P0095,click,2025-10-08T06:26:00,2
U0096,P0257,booking,2025-10-08T07:01:00,10
U0059,P0205,visit,2025-10-08T07:45:00,8
U0018,P0088,share,2025-10-08T08:39:00,5
U0059,P0191,click,2025-10-08T09:11:00,2
U0077,P0348,view,2025-10-08T10:00:00,1
U0076,P0496,view,2025-10-08T12:45:00,1
U0021,P0132,view,2025-10-08T14:29:00,1
U0002,P0251,view,2025-10-08T14:57:00,1
U0051,P0004,dismiss,2025-10-08T15:31:00,-3
U0076,P0243,dismiss,2025-10-08T17:06:00,-3
U0047,P0117,view,2025-10-08T17:17:00,1
U0098,P0127,dismiss,2025-10-08T18:23:00,-3
U0075,P0237,save,2025-10-08T18:45:00,4
U0076,P0375,dismiss,2025-10-08T18:53:00,-3
U0074,P0033,view,2025-10-08T19:24:00,1
U0042,P0010,save,2025-10-08T20:20:00,4
U0023,P0325,click,2025-10-08T23:20:00,2
U0048,P0208,dismiss,2025-10-08T23:47:00,-3
U0019,P0077,view,2025-10-09T01:00:00,1
U0003,P0195,view,2025-10-09T01:29:00,1
U0059,P0277,save,2025-10-09T01:59:00,4
U0014,P0332,view,2025-10-09T02:18:00,1
U0068,P0181,click,2025-10-09T02:33:00,2
U0035,P0436,click,2025-10-09T04:07:00,2
U0051,P0081,click,2025-10-09T04:52:00,2
U0072,P0306,click,2025-10-09T05:41:00,2
U0088,P0477,click,2025-10-09T09:42:00,2
U0003,P0418,share,2025-10-09T10:22:00,5
U0047,P0234,visit,2025-10-09T12:00:00,8
U0077,P0008,click,2025-10-09T12:15:00,2
U0071,P0322,view,2025-10-09T14:01:00,1
U0061,P0285,save,2025-10-09T14:05:00,4
U0014,P0251,click,2025-10-09T14:41:00,2
U0016,P0019,visit,2025-10-09T16:07:00,8
U0086,P0445,dismiss,2025-10-09T16:12:00,-3
U0050,P0184,save,2025-10-09T17:58:00,4
U0047,P0377,view,2025-10-09T18:52:00,1
U0058,P0207,click,2025-10-09T20:08:00,2
U0083,P0263,view,2025-10-09T20:38:00,1
U0046,P0388,save,2025-10-09T21:10:00,4
U0092,P0317,view,2025-10-09T23:46:00,1
U0096,P0451,view,2025-10-10T01:20:00,1
U0003,P0309,click,2025-10-10T02:10:00,2
U0051,P0277,click,2025-10-10T02:21:00,2
U0056,P0296,dismiss,2025-10-10T02:52:00,-3
U0021,P0219,click,2025-10-10T03:19:00,2
U0057,P0068,save,2025-10-10T04:06:00,4
U0002,P0367,share,2025-10-10T04:27:00,5
U0016,P0001,click,2025-10-10T04:39:00,2
U0009,P0131,booking,2025-10-10T05:21:00,10
U0076,P0402,visit,2025-10-10T08:51:00,8
U0019,P0238,click,2025-10-10T14:24:00,2
U0008,P0235,click,2025-10-10T15:03:00,2
U0083,P0196,save,2025-10-10T18:12:00,4
U0087,P0157,view,2025-10-10T18:53:00,1
U0097,P0254,share,2025-10-10T20:12:00,5
U0056,P0497,view,2025-10-10T20:15:00,1
U0033,P0116,dismiss,2025-10-10T20:18:00,-3
U0052,P0212,view,2025-10-10T20:38:00,1
U0090,P0440,view,2025-10-10T20:41:00,1
U0068,P0235,click,2025-10-10T22:21:00,2
U0008,P0297,dismiss,2025-10-11T02:38:00,-3
U0027,P0284,click,2025-10-11T03:23:00,2
U0093,P0376,view,2025-10-11T03:43:00,1
U0002,P0495,visit,2025-10-11T04:12:00,8
U0001,P0330,share,2025-10-11T07:37:00,5
U0061,P0487,visit,2025-10-11T07:57:00,8
U0058,P0396,share,2025-10-11T09:59:00,5
U0013,P0305,share,2025-10-11T13:53:00,5
U0054,P0388,dismiss,2025-10-11T14:22:00,-3
U0021,P0049,click,2025-10-11T15:02:00,2
U0055,P0250,save,2025-10-11T15:38:00,4
U0066,P0062,view,2025-10-11T17:07:00,1
U0014,P0119,view,2025-10-11T17:09:00,1
U0070,P0440,click,2025-10-11T17:18:00,2
U0006,P0095,click,2025-10-11T18:23:00,2
U0085,P0397,dismiss,2025-10-11T19:34:00,-3
U0013,P0101,booking,2025-10-11T20:13:00,10
U0022,P0081,click,2025-10-11T21:34:00,2
U0073,P0022,view,2025-10-11T23:30:00,1
U0011,P0140,dismiss,2025-10-11T23:59:00,-3
U0094,P0252,click,2025-10-12T01:22:00,2
U0026,P0161,view,2025-10-12T03:09:00,1
U0036,P0451,visit,2025-10-12T06:26:00,8
U0064,P0369,save,2025-10-12T06:56:00,4
U0088,P0430,view,2025-10-12T08:55:00,1
U0025,P0314,view,2025-10-12T08:56:00,1
U0033,P0343,dismiss,2025-10-12T10:31:00,-3
U0065,P0298,view,2025-10-12T10:45:00,1
U0057,P0128,dismiss,2025-10-12T12:13:00,-3
U0011,P0374,view,2025-10-12T12:35:00,1
U0019,P0339,view,2025-10-12T12:53:00,1
U0065,P0021,booking,2025-10-12T13:11:00,10
U0067,P0347,visit,2025-10-12T13:50:00,8
U0074,P0071,visit,2025-10-12T14:00:00,8
U0021,P0242,save,2025-10-12T14:45:00,4
U0084,P0012,click,2025-10-12T16:02:00,2
U0051,P0096,view,2025-10-12T16:47:00,1
U0100,P0192,view,2025-10-12T17:41:00,1
U0029,P0490,dismiss,2025-10-12T17:50:00,-3
U0091,P0125,share,2025-10-12T18:20:00,5
U0050,P0187,visit,2025-10-12T19:36:00,8
U0027,P0161,booking,2025-10-13T00:23:00,10
U0074,P0449,click,2025-10-13T00:40:00,2
U0067,P0232,save,2025-10-13T00:43:00,4
U0043,P0159,save,2025-10-13T01:43:00,4
U0012,P0347,visit,2025-10-13T05:18:00,8
U0077,P0157,view,2025-10-13T06:26:00,1
U0056,P0010,view,2025-10-13T07:21:00,1
U0001,P0087,dismiss,2025-10-13T07:43:00,-3
U0036,P0078,view,2025-10-13T07:45:00,1
U0089,P0127,view,2025-10-13T07:55:00,1
U0061,P0095,visit,2025-10-13T08:20:00,8
U0047,P0118,view,2025-10-13T08:30:00,1
U0024,P0035,dismiss,2025-10-13T08:57:00,-3
U0075,P0124,share,2025-10-13T11:03:00,5
U0004,P0158,visit,2025-10-13T11:05:00,8
U0054,P0317,click,2025-10-13T11:25:00,2
U0091,P0181,share,2025-10-13T13:35:00,5
U0003,P0293,view,2025-10-13T13:38:00,1
U0038,P0403,booking,2025-10-13T13:41:00,10
U0063,P0447,visit,2025-10-13T14:11:00,8
U0093,P0221,visit,2025-10-13T15:06:00,8
U0055,P0329,view,2025-10-13T15:17:00,1
U0087,P0165,share,2025-10-13T15:18:00,5
U0096,P0227,click,2025-10-13T15:46:00,2
U0013,P0470,view,2025-10-13T17:00:00,1
U0058,P0444,dismiss,2025-10-13T17:33:00,-3
U0093,P0163,visit,2025-10-13T17:48:00,8
U0057,P0278,click,2025-10-13T19:27:00,2
U0023,P0201,save,2025-10-13T20:39:00,4
U0058,P0483,share,2025-10-13T21:30:00,5
U0061,P0273,booking,2025-10-13T21:35:00,10
U0088,P0038,view,2025-10-13T23:11:00,1
U0016,P0447,dismiss,2025-10-13T23:56:00,-3
U0096,P0434,booking,2025-10-14T00:55:00,10
U0047,P0396,view,2025-10-14T01:14:00,1
U0023,P0083,click,2025-10-14T01:37:00,2
U0025,P0423,dismiss,2025-10-14T02:12:00,-3
U0080,P0175,click,2025-10-14T02:19:00,2
U0035,P0472,view,2025-10-14T04:51:00,1
U0088,P0461,save,2025-10-14T05:45:00,4
U0038,P0463,view,2025-10-14T06:24:00,1
U0008,P0185,view,2025-10-14T06:30:00,1
U0082,P0481,visit,2025-10-14T10:17:00,8
U0077,P0284,save,2025-10-14T11:58:00,4
U0009,P0033,visit,2025-10-14T13:29:00,8
U0066,P0266,save,2025-10-14T13:59:00,4
U0088,P0083,view,2025-10-14T15:33:00,1
U0025,P0378,view,2025-10-14T16:49:00,1
U0015,P0445,save,2025-10-14T18:22:00,4
U0082,P0474,view,2025-10-14T18:45:00,1
U0062,P0461,visit,2025-10-14T18:48:00,8
U0086,P0144,view,2025-10-14T20:57:00,1
U0047,P0203,view,2025-10-14T21:38:00,1
U0077,P0214,click,2025-10-14T23:13:00,2
U0007,P0414,view,2025-10-14T23:17:00,1
U0032,P0186,view,2025-10-15T00:09:00,1
U0006,P0397,view,2025-10-15T03:16:00,1
U0074,P0376,click,2025-10-15T03:45:00,2
U0034,P0418,view,2025-10-15T04:05:00,1
U0072,P0160,visit,2025-10-15T04:26:00,8
U0062,P0155,click,2025-10-15T05:09:00,2
U0086,P0126,save,2025-10-15T05:24:00,4
U0044,P0050,visit,2025-10-15T05:57:00,8
U0001,P0263,dismiss,2025-10-15T06:45:00,-3
U0095,P0366,view,2025-10-15T08:50:00,1
U0029,P0365,view,2025-10-15T08:54:00,1
U0037,P0466,visit,2025-10-15T10:16:00,8
U0004,P0193,visit,2025-10-15T10:58:00,8
U0038,P0046,save,2025-10-15T11:07:00,4
U0081,P0101,click,2025-10-15T11:58:00,2
U0013,P0375,view,2025-10-15T12:15:00,1
U0094,P0012,click,2025-10-15T12:49:00,2
U0079,P0014,view,2025-10-15T13:54:00,1
U0095,P0331,view,2025-10-15T15:30:00,1
U0037,P0422,share,2025-10-15T15:34:00,5
U0085,P0419,dismiss,2025-10-15T16:04:00,-3
U0044,P0037,click,2025-10-15T17:40:00,2
U0046,P0371,click,2025-10-15T19:18:00,2
U0052,P0010,view,2025-10-15T20:57:00,1
U0007,P0336,view,2025-10-15T22:17:00,1
U0067,P0227,view,2025-10-16T00:01:00,1
U0093,P0006,share,2025-10-16T01:27:00,5
U0006,P0437,visit,2025-10-16T01:52:00,8
U0073,P0102,dismiss,2025-10-16T02:13:00,-3
U0056,P0087,view,2025-10-16T02:19:00,1
U0025,P0431,view,2025-10-16T02:19:00,1
U0007,P0005,view,2025-10-16T03:03:00,1
U0089,P0013,view,2025-10-16T05:09:00,1
U0008,P0385,visit,2025-10-16T07:36:00,8
U0097,P0303,save,2025-10-16T07:59:00,4
U0019,P0447,view,2025-10-16T08:03:00,1
U0070,P0434,save,2025-10-16T13:03:00,4
U0046,P0017,view,2025-10-16T13:35:00,1
U0031,P0337,visit,2025-10-16T14:52:00,8
U0069,P0384,view,2025-10-16T15:32:00,1
U0015,P0133,view,2025-10-16T15:49:00,1
U0052,P0324,save,2025-10-16T17:03:00,4
U0044,P0328,share,2025-10-16T17:04:00,5
U0035,P0325,booking,2025-10-16T19:44:00,10
U0089,P0333,click,2025-10-16T22:36:00,2
U0056,P0424,view,2025-10-16T22:54:00,1
U0088,P0123,save,2025-10-16T23:03:00,4
U0070,P0255,visit,2025-10-16T23:47:00,8
U0041,P0431,click,2025-10-17T00:08:00,2
U0068,P0319,view,2025-10-17T00:18:00,1
U0077,P0232,save,2025-10-17T02:21:00,4
U0041,P0297,view,2025-10-17T02:35:00,1
U0052,P0391,click,2025-10-17T03:18:00,2
U0067,P0161,click,2025-10-17T03:36:00,2
U0011,P0330,save,2025-10-17T03:59:00,4
U0017,P0263,save,2025-10-17T04:20:00,4
U0028,P0064,click,2025-10-17T05:12:00,2
U0017,P0143,view,2025-10-17T05:20:00,1
U0064,P0251,visit,2025-10-17T05:21:00,8
U0038,P0447,share,2025-10-17T10:26:00,5
U0041,P0181,save,2025-10-17T13:02:00,4
U0039,P0082,view,2025-10-17T13:26:00,1
U0092,P0291,dismiss,2025-10-17T14:53:00,-3
U0078,P0435,view,2025-10-17T15:37:00,1
U0048,P0076,view,2025-10-17T16:04:00,1
U0062,P0442,visit,2025-10-17T16:30:00,8
U0084,P0020,view,2025-10-17T16:43:00,1
U0064,P0392,visit,2025-10-17T19:03:00,8
U0058,P0276,booking,2025-10-17T19:25:00,10
U0072,P0460,view,2025-10-17T19:26:00,1
U0005,P0317,save,2025-10-17T20:40:00,4
U0004,P0129,click,2025-10-17T21:50:00,2
U0014,P0058,visit,2025-10-17T21:55:00,8
U0021,P0373,save,2025-10-17T23:58:00,4
U0071,P0343,view,2025-10-18T01:17:00,1
U0015,P0319,click,2025-10-18T01:25:00,2
U0032,P0060,view,2025-10-18T01:38:00,1
U0014,P0390,click,2025-10-18T01:54:00,2
U0027,P0227,save,2025-10-18T01:59:00,4
U0021,P0159,save,2025-10-18T04:12:00,4
U0051,P0181,view,2025-10-18T06:28:00,1
U0037,P0352,save,2025-10-18T07:03:00,4
U0048,P0434,save,2025-10-18T08:58:00,4
U0092,P0399,view,2025-10-18T09:00:00,1
U0057,P0198,booking,2025-10-18T09:44:00,10
U0033,P0241,view,2025-10-18T10:57:00,1
U0014,P0455,visit,2025-10-18T11:51:00,8
U0044,P0196,view,2025-10-18T11:56:00,1
U0081,P0465,share,2025-10-18T13:20:00,5
U0090,P0220,share,2025-10-18T13:28:00,5
U0081,P0366,share,2025-10-18T14:54:00,5
U0040,P0039,visit,2025-10-18T16:15:00,8
U0059,P0041,view,2025-10-18T16:29:00,1
U0022,P0414,save,2025-10-18T16:30:00,4
U0072,P0227,share,2025-10-18T17:59:00,5
U0043,P0153,visit,2025-10-18T18:23:00,8
U0032,P0032,visit,2025-10-18T20:31:00,8
U0027,P0016,click,2025-10-18T20:51:00,2
U0001,P0137,view,2025-10-18T22:20:00,1
U0081,P0148,save,2025-10-18T22:45:00,4
U0064,P0169,share,2025-10-18T22:55:00,5
U0082,P0190,visit,2025-10-19T02:52:00,8
U0056,P0403,view,2025-10-19T03:39:00,1
U0059,P0091,view,2025-10-19T04:12:00,1
U0036,P0128,save,2025-10-19T04:59:00,4
U0048,P0007,save,2025-10-19T06:26:00,4
U0088,P0004,visit,2025-10-19T07:08:00,8
U0086,P0385,save,2025-10-19T08:05:00,4
U0045,P0130,view,2025-10-19T08:46:00,1
U0088,P0189,visit,2025-10-19T09:19:00,8
U0096,P0300,click,2025-10-19T11:33:00,2
U0055,P0008,visit,2025-10-19T14:22:00,8
U0027,P0232,click,2025-10-19T15:29:00,2
U0073,P0406,view,2025-10-19T17:58:00,1
U0071,P0210,share,2025-10-19T18:11:00,5
U0018,P0464,save,2025-10-19T19:01:00,4
U0003,P0253,view,2025-10-19T19:03:00,1
U0079,P0160,click,2025-10-19T19:14:00,2
U0055,P0255,view,2025-10-19T19:22:00,1
U0040,P0014,view,2025-10-19T20:58:00,1
U0019,P0251,view,2025-10-19T21:19:00,1
U0083,P0388,visit,2025-10-19T22:44:00,8
U0050,P0077,view,2025-10-19T22:55:00,1
U0092,P0392,visit,2025-10-20T01:48:00,8
U0055,P0382,share,2025-10-20T02:01:00,5
U0049,P0226,view,2025-10-20T02:02:00,1
U0083,P0374,click,2025-10-20T02:52:00,2
U0044,P0330,booking,2025-10-20T05:28:00,10
U0012,P0039,visit,2025-10-20T06:21:00,8
U0095,P0364,view,2025-10-20T06:38:00,1
U0056,P0318,view,2025-10-20T08:15:00,1
U0080,P0235,view,2025-10-20T09:44:00,1
U0033,P0013,view,2025-10-20T12:01:00,1
U0082,P0258,click,2025-10-20T12:30:00,2
U0006,P0425,save,2025-10-20T13:39:00,4
U0096,P0453,save,2025-10-20T14:58:00,4
U0089,P0231,click,2025-10-20T15:17:00,2
U0022,P0091,visit,2025-10-20T15:30:00,8
U0011,P0280,dismiss,2025-10-20T16:51:00,-3
U0043,P0118,save,2025-10-20T17:11:00,4
U0011,P0400,view,2025-10-20T17:53:00,1
U0001,P0280,dismiss,2025-10-20T18:30:00,-3
U0005,P0080,view,2025-10-20T20:12:00,1
U0025,P0191,view,2025-10-20T20:50:00,1
U0011,P0390,visit,2025-10-20T21:39:00,8
U0067,P0066,click,2025-10-20T23:46:00,2
U0090,P0434,view,2025-10-21T00:26:00,1
U0076,P0413,click,2025-10-21T01:02:00,2
U0089,P0428,visit,2025-10-21T02:06:00,8
U0070,P0469,click,2025-10-21T03:52:00,2
U0017,P0488,view,2025-10-21T04:27:00,1
U0047,P0112,view,2025-10-21T04:30:00,1
U0096,P0168,save,2025-10-21T04:54:00,4
U0041,P0102,view,2025-10-21T06:35:00,1
U0059,P0185,click,2025-10-21T06:55:00,2
U0015,P0277,save,2025-10-21T08:11:00,4
U0025,P0189,click,2025-10-21T09:36:00,2
U0029,P0069,click,2025-10-21T11:08:00,2
U0028,P0320,click,2025-10-21T11:52:00,2
U0022,P0155,visit,2025-10-21T12:51:00,8
U0078,P0244,view,2025-10-21T17:40:00,1
U0095,P0082,save,2025-10-21T19:03:00,4
U0014,P0424,view,2025-10-21T19:25:00,1
U0048,P0121,booking,2025-10-21T20:50:00,10
U0066,P0482,share,2025-10-21T20:54:00,5
U0007,P0151,save,2025-10-21T22:07:00,4
U0094,P0351,view,2025-10-21T22:48:00,1
U0094,P0303,click,2025-10-21T23:17:00,2
U0046,P0275,click,2025-10-22T00:16:00,2
U0021,P0090,view,2025-10-22T00:54:00,1
U0017,P0318,view,2025-10-22T02:07:00,1
U0078,P0258,view,2025-10-22T03:12:00,1
U0096,P0348,share,2025-10-22T03:27:00,5
U0029,P0113,click,2025-10-22T03:43:00,2
U0044,P0086,view,2025-10-22T06:09:00,1
U0090,P0076,view,2025-10-22T07:02:00,1
U0015,P0354,save,2025-10-22T08:31:00,4
U0041,P0406,booking,2025-10-22T09:00:00,10
U0086,P0370,dismiss,2025-10-22T09:06:00,-3
U0004,P0212,visit,2025-10-22T09:44:00,8
U0041,P0043,dismiss,2025-10-22T10:29:00,-3
U0041,P0146,view,2025-10-22T10:40:00,1
U0059,P0431,view,2025-10-22T11:00:00,1
U0041,P0363,click,2025-10-22T11:57:00,2
U0073,P0314,view,2025-10-22T15:20:00,1
U0092,P0371,click,2025-10-22T17:40:00,2
U0003,P0375,booking,2025-10-22T18:01:00,10
U0018,P0237,booking,2025-10-22T19:22:00,10
U0036,P0154,dismiss,2025-10-22T20:35:00,-3
U0073,P0005,view,2025-10-22T21:11:00,1
U0015,P0215,save,2025-10-22T21:14:00,4
U0064,P0488,save,2025-10-22T22:33:00,4
U0033,P0337,save,2025-10-23T00:18:00,4
U0037,P0421,save,2025-10-23T00:25:00,4
U0015,P0040,save,2025-10-23T04:03:00,4
U0041,P0477,view,2025-10-23T04:12:00,1
U0050,P0358,view,2025-10-23T05:52:00,1
U0002,P0403,view,2025-10-23T06:16:00,1
U0080,P0034,click,2025-10-23T07:41:00,2
U0079,P0411,click,2025-10-23T09:10:00,2
U0081,P0398,booking,2025-10-23T09:45:00,10
U0098,P0465,visit,2025-10-23T11:40:00,8
U0051,P0151,share,2025-10-23T12:46:00,5
U0074,P0273,click,2025-10-23T12:59:00,2
U0019,P0346,view,2025-10-23T15:54:00,1
U0085,P0340,view,2025-10-23T15:57:00,1
U0051,P0393,click,2025-10-23T17:30:00,2
U0058,P0045,click,2025-10-23T17:59:00,2
U0088,P0235,share,2025-10-23T19:00:00,5
U0098,P0111,booking,2025-10-23T19:05:00,10
U0060,P0402,share,2025-10-23T19:45:00,5
U0057,P0365,view,2025-10-23T19:56:00,1
U0010,P0141,save,2025-10-23T20:04:00,4
U0018,P0466,share,2025-10-23T21:21:00,5
U0050,P0361,view,2025-10-23T22:34:00,1
U0019,P0140,view,2025-10-23T23:53:00,1
U0088,P0491,dismiss,2025-10-24T00:16:00,-3
U0026,P0453,share,2025-10-24T03:05:00,5
U0022,P0089,dismiss,2025-10-24T03:37:00,-3
U0034,P0258,view,2025-10-24T04:43:00,1
U0013,P0013,visit,2025-10-24T05:46:00,8
U0049,P0265,booking,2025-10-24T07:45:00,10
U0020,P0373,view,2025-10-24T07:59:00,1
U0057,P0382,view,2025-10-24T08:20:00,1
U0049,P0363,view,2025-10-24T08:25:00,1
U0086,P0081,view,2025-10-24T08:29:00,1
U0019,P0212,visit,2025-10-24T09:39:00,8
U0072,P0167,share,2025-10-24T10:36:00,5
U0095,P0293,view,2025-10-24T10:48:00,1
U0004,P0001,click,2025-10-24T11:46:00,2
U0018,P0422,view,2025-10-24T11:59:00,1
U0100,P0203,share,2025-10-24T12:43:00,5
U0062,P0115,dismiss,2025-10-24T14:18:00,-3
U0005,P0252,view,2025-10-24T14:43:00,1
U0099,P0163,click,2025-10-24T14:57:00,2
U0014,P0426,view,2025-10-24T17:36:00,1
U0064,P0058,visit,2025-10-24T17:41:00,8
U0026,P0016,click,2025-10-24T18:21:00,2
U0082,P0103,click,2025-10-24T18:40:00,2
U0062,P0126,visit,2025-10-24T20:21:00,8
U0058,P0203,view,2025-10-24T22:08:00,1
U0046,P0119,view,2025-10-24T22:35:00,1
U0091,P0311,click,2025-10-24T22:56:00,2
U0029,P0220,click,2025-10-25T01:54:00,2
U0065,P0233,dismiss,2025-10-25T09:44:00,-3
U0060,P0194,click,2025-10-25T09:49:00,2
U0057,P0008,save,2025-10-25T12:44:00,4
U0096,P0476,save,2025-10-25T13:53:00,4
U0040,P0093,view,2025-10-25T13:55:00,1
U0096,P0145,click,2025-10-25T14:00:00,2
U0014,P0184,visit,2025-10-25T15:21:00,8
U0021,P0266,view,2025-10-25T15:36:00,1
U0017,P0238,view,2025-10-25T17:43:00,1
U0063,P0328,dismiss,2025-10-25T17:49:00,-3
U0005,P0328,click,2025-10-25T17:50:00,2
U0014,P0010,visit,2025-10-25T18:25:00,8
U0094,P0392,save,2025-10-25T19:08:00,4
U0094,P0359,view,2025-10-25T19:58:00,1
U0031,P0309,share,2025-10-25T22:26:00,5
U0078,P0428,save,2025-10-25T22:44:00,4
U0072,P0072,view,2025-10-25T23:42:00,1
U0006,P0419,click,2025-10-25T23:48:00,2
U0067,P0287,save,2025-10-26T00:00:00,4
U0035,P0491,click,2025-10-26T00:40:00,2
U0022,P0245,click,2025-10-26T00:48:00,2
U0036,P0167,view,2025-10-26T01:42:00,1
U0004,P0345,save,2025-10-26T04:14:00,4
U0095,P0210,view,2025-10-26T04:23:00,1
U0097,P0172,view,2025-10-26T05:09:00,1
U0061,P0234,visit,2025-10-26T06:15:00,8
U0067,P0068,click,2025-10-26T08:19:00,2
U0078,P0124,visit,2025-10-26T11:15:00,8
U0091,P0289,view,2025-10-26T11:52:00,1
U0001,P0140,dismiss,2025-10-26T12:23:00,-3
U0047,P0313,view,2025-10-26T13:07:00,1
U0099,P0292,click,2025-10-26T13:40:00,2
U0077,P0039,click,2025-10-26T13:51:00,2
U0007,P0170,view,2025-10-26T15:05:00,1
U0077,P0225,share,2025-10-26T15:23:00,5
U0098,P0108,view,2025-10-26T16:12:00,1
U0021,P0483,click,2025-10-26T16:14:00,2
U0079,P0255,click,2025-10-26T17:38:00,2
U0100,P0444,view,2025-10-26T18:03:00,1
U0073,P0246,view,2025-10-26T19:46:00,1
U0005,P0248,save,2025-10-26T21:09:00,4
U0079,P0138,visit,2025-10-26T21:19:00,8
U0017,P0251,save,2025-10-26T21:33:00,4
U0023,P0383,view,2025-10-26T21:41:00,1
U0007,P0319,view,2025-10-26T23:36:00,1
U0080,P0429,save,2025-10-27T00:24:00,4
U0080,P0311,click,2025-10-27T01:06:00,2
U0085,P0416,dismiss,2025-10-27T01:25:00,-3
U0014,P0374,save,2025-10-27T01:44:00,4
U0099,P0310,booking,2025-10-27T01:58:00,10
U0056,P0346,view,2025-10-27T02:33:00,1
U0010,P0374,save,2025-10-27T03:09:00,4
U0060,P0139,save,2025-10-27T03:39:00,4
U0084,P0455,visit,2025-10-27T03:43:00,8
U0014,P0317,view,2025-10-27T04:36:00,1
U0089,P0021,view,2025-10-27T04:57:00,1
U0012,P0220,view,2025-10-27T09:29:00,1
U0077,P0368,view,2025-10-27T11:47:00,1
U0001,P0046,save,2025-10-27T13:57:00,4
U0095,P0124,share,2025-10-27T14:12:00,5
U0056,P0455,booking,2025-10-27T14:57:00,10
U0020,P0437,click,2025-10-27T15:03:00,2
U0042,P0206,share,2025-10-27T15:14:00,5
U0084,P0281,share,2025-10-27T15:30:00,5
U0066,P0094,booking,2025-10-27T15:36:00,10
U0013,P0148,view,2025-10-27T15:59:00,1
U0088,P0378,visit,2025-10-27T16:21:00,8
U0008,P0325,view,2025-10-27T18:46:00,1
U0042,P0335,click,2025-10-27T21:09:00,2
U0065,P0243,click,2025-10-27T21:19:00,2
U0002,P0141,share,2025-10-27T22:01:00,5
U0096,P0069,click,2025-10-28T00:15:00,2
U0015,P0089,click,2025-10-28T00:30:00,2
U0074,P0341,booking,2025-10-28T03:00:00,10
U0011,P0328,view,2025-10-28T03:21:00,1
U0094,P0212,view,2025-10-28T03:58:00,1
U0076,P0381,view,2025-10-28T04:14:00,1
U0045,P0334,view,2025-10-28T04:20:00,1
U0008,P0164,click,2025-10-28T04:48:00,2
U0006,P0117,save,2025-10-28T05:49:00,4
U0075,P0018,visit,2025-10-28T06:06:00,8
U0015,P0038,view,2025-10-28T06:33:00,1
U0004,P0050,save,2025-10-28T06:52:00,4
U0007,P0327,dismiss,2025-10-28T07:15:00,-3
U0056,P0303,view,2025-10-28T09:59:00,1
U0049,P0308,save,2025-10-28T09:59:00,4
U0070,P0347,share,2025-10-28T11:01:00,5
U0087,P0315,view,2025-10-28T11:01:00,1
U0080,P0205,click,2025-10-28T17:03:00,2
U0085,P0444,click,2025-10-28T17:48:00,2
U0021,P0323,click,2025-10-28T19:05:00,2
U0097,P0399,save,2025-10-28T19:21:00,4
U0063,P0077,share,2025-10-28T19:39:00,5
U0025,P0301,save,2025-10-28T21:06:00,4
U0038,P0251,save,2025-10-28T23:23:00,4
U0008,P0362,click,2025-10-28T23:42:00,2
U0004,P0156,view,2025-10-28T23:46:00,1
U0043,P0492,dismiss,2025-10-28T23:57:00,-3
U0056,P0193,view,2025-10-29T00:48:00,1
U0087,P0106,booking,2025-10-29T01:50:00,10
U0091,P0067,share,2025-10-29T07:16:00,5
U0011,P0371,view,2025-10-29T07:35:00,1
U0057,P0014,view,2025-10-29T08:20:00,1
U0059,P0457,share,2025-10-29T08:28:00,5
U0088,P0144,click,2025-10-29T08:42:00,2
U0001,P0390,save,2025-10-29T08:51:00,4
U0070,P0069,dismiss,2025-10-29T11:17:00,-3
U0037,P0082,view,2025-10-29T12:12:00,1
U0058,P0334,view,2025-10-29T12:28:00,1
U0025,P0226,view,2025-10-29T13:03:00,1
U0081,P0381,save,2025-10-29T13:10:00,4
U0003,P0435,view,2025-10-29T13:19:00,1
U0054,P0104,share,2025-10-29T13:23:00,5
U0070,P0026,view,2025-10-29T15:16:00,1
U0036,P0200,view,2025-10-29T16:05:00,1
U0012,P0076,share,2025-10-29T16:10:00,5
U0003,P0298,view,2025-10-29T16:38:00,1
U0086,P0415,view,2025-10-29T17:39:00,1
U0013,P0021,share,2025-10-29T17:47:00,5
U0053,P0331,dismiss,2025-10-29T17:52:00,-3
U0078,P0496,click,2025-10-29T18:09:00,2
U0084,P0260,share,2025-10-29T19:59:00,5
U0040,P0216,click,2025-10-29T20:39:00,2
U0018,P0366,booking,2025-10-29T21:30:00,10
U0009,P0494,save,2025-10-29T22:22:00,4
U0062,P0191,click,2025-10-29T23:24:00,2
U0014,P0291,view,2025-10-29T23:54:00,1
U0036,P0257,visit,2025-10-30T00:06:00,8
U0055,P0066,view,2025-10-30T00:26:00,1
U0100,P0425,view,2025-10-30T01:32:00,1
U0095,P0021,view,2025-10-30T02:26:00,1
U0079,P0401,save,2025-10-30T03:13:00,4
U0022,P0170,view,2025-10-30T03:47:00,1
U0043,P0408,share,2025-10-30T03:54:00,5
U0055,P0257,click,2025-10-30T06:44:00,2
U0014,P0380,click,2025-10-30T06:58:00,2
U0056,P0238,visit,2025-10-30T08:50:00,8
U0074,P0425,visit,2025-10-30T10:19:00,8
U0033,P0127,view,2025-10-30T12:15:00,1
U0044,P0036,visit,2025-10-30T13:10:00,8
U0058,P0062,visit,2025-10-30T13:11:00,8
U0042,P0463,visit,2025-10-30T13:42:00,8
U0056,P0330,save,2025-10-30T14:43:00,4
U0010,P0462,click,2025-10-30T15:49:00,2
U0084,P0345,click,2025-10-30T17:09:00,2
U0029,P0161,view,2025-10-30T17:12:00,1
U0072,P0489,view,2025-10-30T17:43:00,1
U0053,P0333,view,2025-10-30T17:49:00,1
U0051,P0383,view,2025-10-30T18:21:00,1
U0038,P0438,view,2025-10-30T20:01:00,1
U0059,P0477,view,2025-10-30T21:23:00,1
U0048,P0347,view,2025-10-30T23:08:00,1
U0019,P0332,visit,2025-10-30T23:09:00,8
U0087,P0052,click,2025-10-30T23:25:00,2
U0091,P0144,visit,2025-10-30T23:38:00,8
U0024,P0094,visit,2025-10-30T23:39:00,8
U0093,P0118,visit,2025-10-31T01:06:00,8
U0034,P0372,click,2025-10-31T03:03:00,2
U0074,P0182,view,2025-10-31T03:10:00,1
U0078,P0147,visit,2025-10-31T04:19:00,8
U0086,P0235,view,2025-10-31T05:02:00,1
U0045,P0153,click,2025-10-31T05:13:00,2
U0029,P0039,click,2025-10-31T05:24:00,2
U0093,P0450,click,2025-10-31T05:53:00,2
U0090,P0229,save,2025-10-31T06:28:00,4
U0026,P0255,visit,2025-10-31T06:57:00,8
U0003,P0134,visit,2025-10-31T08:20:00,8
U0020,P0310,view,2025-10-31T09:26:00,1
U0100,P0006,view,2025-10-31T09:35:00,1
U0049,P0235,save,2025-10-31T09:39:00,4
U0066,P0264,visit,2025-10-31T10:50:00,8
U0036,P0105,save,2025-10-31T11:43:00,4
U0069,P0197,view,2025-10-31T11:48:00,1
U0060,P0372,click,2025-10-31T13:19:00,2
U0062,P0431,click,2025-10-31T14:59:00,2
U0096,P0120,visit,2025-10-31T15:07:00,8
U0076,P0082,view,2025-10-31T16:04:00,1
U0006,P0118,save,2025-10-31T18:09:00,4
U0020,P0130,click,2025-10-31T18:20:00,2
U0086,P0123,visit,2025-10-31T18:21:00,8
U0072,P0047,share,2025-10-31T21:07:00,5
U0071,P0233,save,2025-11-01T00:50:00,4
U0053,P0258,share,2025-11-01T01:35:00,5
U0040,P0065,visit,2025-11-01T01:48:00,8
U0018,P0239,click,2025-11-01T02:21:00,2
U0092,P0388,visit,2025-11-01T02:45:00,8
U0031,P0055,share,2025-11-01T05:01:00,5
U0060,P0268,click,2025-11-01T07:59:00,2
U0059,P0123,view,2025-11-01T08:17:00,1
U0011,P0166,click,2025-11-01T08:20:00,2
U0056,P0338,share,2025-11-01T09:37:00,5
U0071,P0190,view,2025-11-01T10:14:00,1
U0056,P0395,view,2025-11-01T12:05:00,1
U0022,P0479,view,2025-11-01T12:07:00,1
U0066,P0097,dismiss,2025-11-01T13:49:00,-3
U0045,P0396,click,2025-11-01T14:48:00,2
U0075,P0331,save,2025-11-01T15:41:00,4
U0051,P0491,visit,2025-11-01T17:42:00,8
U0017,P0463,view,2025-11-01T18:32:00,1
U0018,P0470,click,2025-11-01T18:50:00,2
U0020,P0407,view,2025-11-01T19:14:00,1
U0064,P0046,visit,2025-11-01T19:17:00,8
U0023,P0092,view,2025-11-01T21:26:00,1
U0097,P0500,visit,2025-11-01T22:03:00,8
U0026,P0411,click,2025-11-01T22:04:00,2
U0015,P0385,click,2025-11-02T01:49:00,2
U0076,P0342,view,2025-11-02T01:55:00,1
U0033,P0299,view,2025-11-02T03:06:00,1
U0058,P0492,view,2025-11-02T03:09:00,1
U0052,P0326,click,2025-11-02T03:46:00,2
U0009,P0204,save,2025-11-02T04:36:00,4
U0097,P0248,view,2025-11-02T05:36:00,1
U0032,P0440,save,2025-11-02T06:04:00,4
U0098,P0418,view,2025-11-02T07:52:00,1
U0023,P0344,visit,2025-11-02T08:04:00,8
U0068,P0314,share,2025-11-02T09:00:00,5
U0046,P0156,visit,2025-11-02T09:21:00,8
U0005,P0158,click,2025-11-02T12:09:00,2
U0002,P0077,share,2025-11-02T13:22:00,5
U0065,P0088,visit,2025-11-02T13:55:00,8
U0087,P0222,share,2025-11-02T14:22:00,5
U0001,P0141,share,2025-11-02T14:33:00,5
U0017,P0019,visit,2025-11-02T17:05:00,8
U0009,P0373,view,2025-11-02T17:10:00,1
U0088,P0350,save,2025-11-02T18:06:00,4
U0045,P0204,save,2025-11-02T19:07:00,4
U0003,P0389,click,2025-11-02T22:56:00,2
U0019,P0335,view,2025-11-02T23:19:00,1
U0024,P0471,save,2025-11-02T23:35:00,4
U0003,P0366,visit,2025-11-03T01:56:00,8
U0075,P0352,view,2025-11-03T02:16:00,1
U0081,P0177,click,2025-11-03T04:01:00,2
U0072,P0278,share,2025-11-03T05:04:00,5
U0092,P0499,view,2025-11-03T07:03:00,1
U0078,P0177,share,2025-11-03T08:21:00,5
U0088,P0201,dismiss,2025-11-03T08:21:00,-3
U0025,P0201,click,2025-11-03T08:53:00,2
U0094,P0166,booking,2025-11-03T09:56:00,10
U0029,P0278,visit,2025-11-03T10:19:00,8
U0070,P0271,click,2025-11-03T12:20:00,2
U0066,P0439,click,2025-11-03T12:36:00,2
U0043,P0098,share,2025-11-03T15:27:00,5
U0047,P0079,click,2025-11-03T16:18:00,2
U0015,P0123,view,2025-11-03T16:33:00,1
U0087,P0186,save,2025-11-03T16:36:00,4
U0058,P0408,save,2025-11-03T17:47:00,4
U0075,P0055,save,2025-11-03T17:55:00,4
U0039,P0454,visit,2025-11-03T20:20:00,8
U0098,P0073,share,2025-11-03T21:02:00,5
U0057,P0209,save,2025-11-03T21:11:00,4
U0039,P0267,share,2025-11-03T21:23:00,5
U0026,P0287,save,2025-11-03T21:39:00,4
U0047,P0097,view,2025-11-03T21:50:00,1
U0089,P0088,save,2025-11-03T22:09:00,4
U0029,P0227,view,2025-11-03T22:11:00,1
U0075,P0421,view,2025-11-03T22:32:00,1
U0052,P0252,click,2025-11-03T22:36:00,2
U0023,P0022,save,2025-11-03T22:47:00,4
U0021,P0313,click,2025-11-03T23:23:00,2
U0041,P0325,view,2025-11-03T23:33:00,1
U0047,P0323,share,2025-11-04T00:26:00,5
U0097,P0012,click,2025-11-04T01:16:00,2
U0092,P0326,save,2025-11-04T02:26:00,4
U0065,P0082,dismiss,2025-11-04T05:27:00,-3
U0089,P0364,click,2025-11-04T05:30:00,2
U0063,P0455,click,2025-11-04T05:59:00,2
U0086,P0146,booking,2025-11-04T09:28:00,10
U0085,P0433,view,2025-11-04T11:47:00,1
U0048,P0078,view,2025-11-04T11:53:00,1
U0072,P0031,visit,2025-11-04T12:54:00,8
U0033,P0061,save,2025-11-04T17:00:00,4
U0026,P0315,booking,2025-11-04T19:28:00,10
U0059,P0385,share,2025-11-04T21:01:00,5
U0049,P0125,dismiss,2025-11-04T21:03:00,-3
U0087,P0047,view,2025-11-04T22:48:00,1
U0052,P0390,booking,2025-11-04T23:46:00,10
U0064,P0110,visit,2025-11-04T23:54:00,8
U0082,P0342,view,2025-11-05T01:00:00,1
U0085,P0450,view,2025-11-05T01:15:00,1
U0008,P0457,click,2025-11-05T01:55:00,2
U0042,P0367,save,2025-11-05T03:37:00,4
U0043,P0071,view,2025-11-05T04:39:00,1
U0062,P0102,view,2025-11-05T05:08:00,1
U0083,P0390,save,2025-11-05T05:16:00,4
U0065,P0253,view,2025-11-05T06:02:00,1
U0018,P0418,view,2025-11-05T09:21:00,1
U0067,P0476,visit,2025-11-05T09:46:00,8
U0022,P0363,view,2025-11-05T12:31:00,1
U0083,P0447,share,2025-11-05T15:24:00,5
U0052,P0339,view,2025-11-05T16:09:00,1
U0056,P0374,visit,2025-11-05T17:47:00,8
U0029,P0121,visit,2025-11-05T18:14:00,8
U0021,P0283,share,2025-11-05T19:32:00,5
U0027,P0120,visit,2025-11-05T19:36:00,8
U0050,P0330,view,2025-11-05T19:54:00,1
U0042,P0086,click,2025-11-05T19:55:00,2
U0024,P0264,save,2025-11-05T22:42:00,4
U0024,P0485,click,2025-11-05T23:31:00,2
U0073,P0498,click,2025-11-05T23:35:00,2
U0051,P0350,dismiss,2025-11-06T00:46:00,-3
U0080,P0189,save,2025-11-06T01:00:00,4
U0052,P0484,share,2025-11-06T02:51:00,5
U0069,P0132,view,2025-11-06T04:13:00,1
U0083,P0296,save,2025-11-06T06:52:00,4
U0094,P0119,click,2025-11-06T07:15:00,2
U0099,P0049,view,2025-11-06T07:27:00,1
U0003,P0082,view,2025-11-06T08:01:00,1
U0079,P0200,view,2025-11-06T09:32:00,1
U0074,P0471,view,2025-11-06T09:44:00,1
U0006,P0340,click,2025-11-06T10:53:00,2
U0041,P0151,click,2025-11-06T11:47:00,2
U0039,P0421,visit,2025-11-06T12:58:00,8
U0042,P0087,save,2025-11-06T13:52:00,4
U0080,P0084,click,2025-11-06T15:05:00,2
U0049,P0362,click,2025-11-06T15:17:00,2
U0017,P0339,view,2025-11-06T15:45:00,1
U0037,P0331,visit,2025-11-06T17:01:00,8
U0031,P0481,view,2025-11-06T17:13:00,1
U0057,P0208,click,2025-11-06T19:22:00,2
U0095,P0268,click,2025-11-06T19:36:00,2
U0085,P0098,click,2025-11-06T20:09:00,2
U0092,P0438,visit,2025-11-06T20:28:00,8
U0008,P0022,click,2025-11-06T22:13:00,2
U0018,P0217,visit,2025-11-06T22:18:00,8
U0084,P0447,click,2025-11-06T23:50:00,2
U0033,P0468,view,2025-11-07T00:34:00,1
U0052,P0275,visit,2025-11-07T01:32:00,8
U0023,P0170,share,2025-11-07T01:53:00,5
U0032,P0489,click,2025-11-07T02:09:00,2
U0014,P0064,click,2025-11-07T02:53:00,2
U0030,P0043,visit,2025-11-07T03:27:00,8
U0096,P0200,click,2025-11-07T03:55:00,2
U0025,P0081,view,2025-11-07T04:48:00,1
U0054,P0441,click,2025-11-07T04:56:00,2
U0015,P0236,click,2025-11-07T06:29:00,2
U0047,P0449,view,2025-11-07T07:47:00,1
U0037,P0386,view,2025-11-07T09:50:00,1
U0053,P0194,click,2025-11-07T10:54:00,2
U0007,P0034,dismiss,2025-11-07T11:26:00,-3
U0001,P0395,save,2025-11-07T13:13:00,4
U0053,P0454,view,2025-11-07T14:14:00,1
U0028,P0086,dismiss,2025-11-07T15:04:00,-3
U0072,P0161,share,2025-11-07T16:10:00,5
U0056,P0017,view,2025-11-07T16:31:00,1
U0051,P0174,click,2025-11-07T17:56:00,2
U0042,P0390,visit,2025-11-07T18:24:00,8
U0048,P0114,visit,2025-11-07T18:45:00,8
U0040,P0476,share,2025-11-07T20:34:00,5
U0045,P0312,view,2025-11-07T21:04:00,1
U0004,P0335,click,2025-11-07T23:31:00,2
U0045,P0450,view,2025-11-07T23:31:00,1
U0057,P0047,view,2025-11-08T00:27:00,1
U0064,P0367,click,2025-11-08T00:28:00,2
U0083,P0332,visit,2025-11-08T00:29:00,8
U0073,P0063,click,2025-11-08T00:49:00,2
U0060,P0231,visit,2025-11-08T01:55:00,8
U0073,P0096,view,2025-11-08T03:39:00,1
U0094,P0399,click,2025-11-08T03:45:00,2
U0031,P0322,view,2025-11-08T06:04:00,1
U0079,P0220,view,2025-11-08T06:27:00,1
U0038,P0338,click,2025-11-08T06:44:00,2
U0036,P0220,view,2025-11-08T06:51:00,1
U0096,P0469,click,2025-11-08T07:23:00,2
U0062,P0224,view,2025-11-08T07:53:00,1
U0074,P0310,booking,2025-11-08T08:21:00,10
U0086,P0063,view,2025-11-08T08:56:00,1
U0083,P0391,share,2025-11-08T09:15:00,5
U0012,P0225,click,2025-11-08T09:45:00,2
U0040,P0154,share,2025-11-08T09:54:00,5
U0048,P0476,view,2025-11-08T11:36:00,1
U0039,P0333,share,2025-11-08T14:37:00,5
U0092,P0275,visit,2025-11-08T15:42:00,8
U0080,P0038,dismiss,2025-11-08T17:27:00,-3
U0078,P0018,booking,2025-11-08T17:50:00,10
U0001,P0488,view,2025-11-08T20:10:00,1
U0021,P0213,dismiss,2025-11-08T20:12:00,-3
U0032,P0100,visit,2025-11-08T20:33:00,8
U0033,P0210,share,2025-11-08T21:04:00,5
U0054,P0141,view,2025-11-08T21:23:00,1
U0006,P0203,save,2025-11-08T21:50:00,4
U0039,P0176,share,2025-11-08T23:40:00,5
U0067,P0003,view,2025-11-08T23:40:00,1
U0040,P0228,view,2025-11-08T23:50:00,1
U0084,P0166,visit,2025-11-09T02:07:00,8
U0019,P0053,view,2025-11-09T02:15:00,1
U0002,P0206,view,2025-11-09T02:29:00,1
U0077,P0121,visit,2025-11-09T03:27:00,8
U0059,P0083,view,2025-11-09T05:54:00,1
U0013,P0454,share,2025-11-09T06:12:00,5
U0037,P0337,save,2025-11-09T06:45:00,4
U0045,P0407,view,2025-11-09T07:52:00,1
U0037,P0322,view,2025-11-09T10:08:00,1
U0076,P0190,visit,2025-11-09T11:07:00,8
U0059,P0202,view,2025-11-09T12:14:00,1
U0043,P0396,share,2025-11-09T12:19:00,5
U0009,P0285,visit,2025-11-09T12:37:00,8
U0042,P0064,share,2025-11-09T14:09:00,5
U0053,P0268,click,2025-11-09T16:35:00,2
U0092,P0077,click,2025-11-09T16:47:00,2
U0083,P0371,click,2025-11-09T17:13:00,2
U0056,P0280,view,2025-11-09T19:32:00,1
U0024,P0285,click,2025-11-09T19:50:00,2
U0086,P0202,view,2025-11-09T20:25:00,1
U0026,P0209,share,2025-11-09T20:27:00,5
U0007,P0004,view,2025-11-09T20:57:00,1
U0013,P0233,view,2025-11-10T01:00:00,1
U0033,P0333,view,2025-11-10T01:25:00,1
U0097,P0380,view,2025-11-10T01:29:00,1
U0089,P0435,save,2025-11-10T01:31:00,4
U0090,P0387,view,2025-11-10T02:25:00,1
U0035,P0067,click,2025-11-10T02:56:00,2
U0034,P0108,share,2025-11-10T03:27:00,5
U0047,P0473,view,2025-11-10T04:51:00,1
U0055,P0120,view,2025-11-10T06:58:00,1
U0011,P0272,save,2025-11-10T07:40:00,4
U0098,P0176,view,2025-11-10T07:55:00,1
U0015,P0189,view,2025-11-10T08:11:00,1
U0044,P0317,save,2025-11-10T08:22:00,4
U0089,P0024,click,2025-11-10T08:41:00,2
U0086,P0215,view,2025-11-10T08:46:00,1
U0049,P0357,booking,2025-11-10T09:08:00,10
U0091,P0478,click,2025-11-10T11:41:00,2
U0048,P0031,view,2025-11-10T14:22:00,1
U0007,P0357,dismiss,2025-11-10T15:55:00,-3
U0044,P0367,view,2025-11-10T16:47:00,1
U0042,P0330,share,2025-11-10T19:04:00,5
U0049,P0240,view,2025-11-10T19:12:00,1
U0017,P0193,click,2025-11-10T19:17:00,2
U0070,P0016,click,2025-11-10T19:39:00,2
U0077,P0401,visit,2025-11-10T20:21:00,8
U0017,P0497,view,2025-11-10T20:43:00,1
U0016,P0248,share,2025-11-10T22:43:00,5
U0063,P0053,view,2025-11-11T01:42:00,1
U0078,P0188,view,2025-11-11T01:54:00,1
U0071,P0025,click,2025-11-11T02:03:00,2
U0058,P0094,view,2025-11-11T02:23:00,1
U0079,P0284,click,2025-11-11T03:42:00,2
U0011,P0438,booking,2025-11-11T06:51:00,10
U0094,P0137,view,2025-11-11T09:05:00,1
U0022,P0215,view,2025-11-11T09:23:00,1
U0080,P0191,share,2025-11-11T09:48:00,5
U0069,P0492,view,2025-11-11T10:14:00,1
U0084,P0400,click,2025-11-11T11:14:00,2
U0011,P0296,visit,2025-11-11T11:14:00,8
U0090,P0216,visit,2025-11-11T13:29:00,8
U0095,P0195,view,2025-11-11T13:48:00,1
U0064,P0196,booking,2025-11-11T14:09:00,10
U0011,P0020,view,2025-11-11T15:45:00,1
U0085,P0396,share,2025-11-11T16:21:00,5
U0006,P0450,dismiss,2025-11-11T17:05:00,-3
U0051,P0092,share,2025-11-11T17:29:00,5
U0058,P0471,save,2025-11-11T18:17:00,4
U0056,P0441,click,2025-11-11T18:32:00,2
U0077,P0489,view,2025-11-11T18:34:00,1
U0008,P0054,view,2025-11-11T19:25:00,1
U0014,P0335,share,2025-11-11T21:10:00,5
U0082,P0372,view,2025-11-11T22:23:00,1
U0039,P0233,view,2025-11-11T23:55:00,1
U0072,P0329,share,2025-11-12T02:43:00,5
U0036,P0136,visit,2025-11-12T03:46:00,8
U0046,P0193,click,2025-11-12T03:56:00,2
U0010,P0484,visit,2025-11-12T04:17:00,8
U0062,P0054,view,2025-11-12T05:29:00,1
U0064,P0296,click,2025-11-12T05:42:00,2
U0030,P0144,click,2025-11-12T06:05:00,2
U0061,P0377,click,2025-11-12T06:57:00,2
U0014,P0280,dismiss,2025-11-12T08:12:00,-3
U0019,P0488,save,2025-11-12T08:17:00,4
U0076,P0293,view,2025-11-12T08:17:00,1
U0075,P0025,click,2025-11-12T09:35:00,2
U0072,P0250,save,2025-11-12T10:52:00,4
U0048,P0225,dismiss,2025-11-12T12:17:00,-3
U0044,P0392,view,2025-11-12T12:28:00,1
U0020,P0033,click,2025-11-12T14:02:00,2
U0017,P0374,visit,2025-11-12T14:39:00,8
U0008,P0479,share,2025-11-12T15:42:00,5
U0088,P0301,click,2025-11-12T15:47:00,2
U0099,P0408,click,2025-11-12T17:35:00,2
U0098,P0375,share,2025-11-12T17:43:00,5
U0042,P0172,save,2025-11-12T17:47:00,4
U0071,P0331,view,2025-11-12T18:12:00,1
U0022,P0180,click,2025-11-12T21:22:00,2
U0057,P0216,view,2025-11-12T21:34:00,1
U0073,P0155,view,2025-11-12T23:47:00,1
U0020,P0009,click,2025-11-13T01:15:00,2
U0014,P0169,visit,2025-11-13T02:48:00,8
U0100,P0410,click,2025-11-13T03:56:00,2
U0084,P0326,click,2025-11-13T04:10:00,2
U0030,P0211,view,2025-11-13T04:46:00,1
U0040,P0160,save,2025-11-13T05:22:00,4
U0021,P0439,visit,2025-11-13T05:45:00,8
U0057,P0120,booking,2025-11-13T07:44:00,10
U0042,P0272,view,2025-11-13T07:53:00,1
U0090,P0100,click,2025-11-13T09:25:00,2
U0061,P0312,click,2025-11-13T09:32:00,2
U0008,P0259,save,2025-11-13T09:51:00,4
U0044,P0141,click,2025-11-13T11:57:00,2
U0044,P0405,view,2025-11-13T13:10:00,1
U0023,P0429,share,2025-11-13T13:38:00,5
U0045,P0456,dismiss,2025-11-13T13:39:00,-3
U0005,P0388,share,2025-11-13T14:53:00,5
U0058,P0456,click,2025-11-13T15:02:00,2
U0030,P0385,booking,2025-11-13T15:03:00,10
U0057,P0138,view,2025-11-13T17:28:00,1
U0025,P0363,share,2025-11-13T17:36:00,5
U0074,P0285,click,2025-11-13T18:21:00,2
U0088,P0385,share,2025-11-13T18:49:00,5
U0036,P0476,dismiss,2025-11-13T20:03:00,-3
U0066,P0494,booking,2025-11-13T21:58:00,10
U0082,P0386,click,2025-11-13T22:57:00,2
U0055,P0031,dismiss,2025-11-13T23:02:00,-3
U0084,P0335,booking,2025-11-13T23:05:00,10
U0027,P0315,visit,2025-11-13T23:27:00,8
U0088,P0349,view,2025-11-13T23:51:00,1
U0055,P0052,view,2025-11-14T01:28:00,1
U0012,P0072,visit,2025-11-14T02:30:00,8
U0086,P0180,view,2025-11-14T04:35:00,1
U0058,P0295,visit,2025-11-14T06:28:00,8
U0054,P0251,visit,2025-11-14T08:54:00,8
U0059,P0383,view,2025-11-14T10:22:00,1
U0075,P0127,view,2025-11-14T10:52:00,1
U0073,P0115,view,2025-11-14T12:08:00,1
U0062,P0385,share,2025-11-14T12:29:00,5
U0045,P0230,visit,2025-11-14T13:05:00,8
U0026,P0052,visit,2025-11-14T14:11:00,8
U0045,P0492,visit,2025-11-14T15:35:00,8
U0095,P0322,click,2025-11-14T18:36:00,2
U0026,P0165,view,2025-11-14T19:06:00,1
U0013,P0356,save,2025-11-14T19:30:00,4
U0032,P0209,click,2025-11-14T21:08:00,2
U0052,P0251,dismiss,2025-11-14T21:13:00,-3
U0086,P0189,save,2025-11-14T22:04:00,4
U0054,P0263,click,2025-11-14T22:31:00,2
U0073,P0363,click,2025-11-14T22:41:00,2
U0034,P0288,view,2025-11-14T22:45:00,1
U0080,P0063,save,2025-11-14T23:57:00,4
U0059,P0350,view,2025-11-15T06:19:00,1
U0086,P0107,click,2025-11-15T07:50:00,2
U0100,P0234,click,2025-11-15T08:29:00,2
U0048,P0152,share,2025-11-15T10:18:00,5
U0081,P0309,visit,2025-11-15T11:48:00,8
U0068,P0430,view,2025-11-15T14:56:00,1
U0016,P0392,save,2025-11-15T15:12:00,4
U0078,P0027,view,2025-11-15T15:53:00,1
U0058,P0410,visit,2025-11-15T18:37:00,8
U0022,P0125,dismiss,2025-11-15T19:06:00,-3
U0024,P0242,save,2025-11-15T20:22:00,4
U0055,P0007,click,2025-11-15T23:46:00,2
U0019,P0010,view,2025-11-16T00:18:00,1
U0054,P0137,view,2025-11-16T03:56:00,1
U0063,P0424,booking,2025-11-16T07:00:00,10
U0024,P0221,save,2025-11-16T08:21:00,4
U0075,P0108,view,2025-11-16T08:36:00,1
U0031,P0413,click,2025-11-16T09:22:00,2
U0068,P0429,share,2025-11-16T09:30:00,5
U0032,P0220,view,2025-11-16T10:23:00,1
U0012,P0167,click,2025-11-16T12:37:00,2
U0052,P0317,save,2025-11-16T18:51:00,4
U0098,P0353,view,2025-11-16T19:30:00,1
U0025,P0370,save,2025-11-16T21:39:00,4
U0070,P0109,view,2025-11-16T23:40:00,1
U0016,P0010,click,2025-11-17T01:03:00,2
U0084,P0172,share,2025-11-17T02:34:00,5
U0014,P0318,click,2025-11-17T02:46:00,2
U0026,P0198,click,2025-11-17T03:01:00,2
U0037,P0233,save,2025-11-17T03:39:00,4
U0046,P0011,view,2025-11-17T04:38:00,1
U0098,P0190,dismiss,2025-11-17T07:45:00,-3
U0017,P0248,booking,2025-11-17T09:15:00,10
U0022,P0349,view,2025-11-17T10:24:00,1
U0026,P0008,share,2025-11-17T10:53:00,5
U0078,P0233,view,2025-11-17T11:11:00,1
U0067,P0136,view,2025-11-17T11:20:00,1
U0035,P0092,click,2025-11-17T12:55:00,2
U0055,P0186,view,2025-11-17T16:08:00,1
U0024,P0304,visit,2025-11-17T17:12:00,8
U0078,P0454,click,2025-11-17T17:59:00,2
U0093,P0112,view,2025-11-17T20:28:00,1
U0089,P0268,click,2025-11-17T21:09:00,2
U0090,P0145,save,2025-11-17T21:10:00,4
U0020,P0471,view,2025-11-17T21:13:00,1
U0034,P0082,click,2025-11-17T21:34:00,2
U0044,P0291,visit,2025-11-18T01:43:00,8
U0006,P0492,share,2025-11-18T03:49:00,5
U0011,P0248,save,2025-11-18T04:53:00,4
U0068,P0180,view,2025-11-18T05:50:00,1
U0001,P0438,booking,2025-11-18T05:50:00,10
U0084,P0212,share,2025-11-18T08:12:00,5
U0020,P0282,view,2025-11-18T09:22:00,1
U0005,P0019,booking,2025-11-18T10:09:00,10
U0088,P0162,booking,2025-11-18T11:27:00,10
U0068,P0370,visit,2025-11-18T13:04:00,8
U0090,P0453,click,2025-11-18T13:53:00,2
U0034,P0147,view,2025-11-18T14:34:00,1
U0018,P0267,share,2025-11-18T14:57:00,5
U0006,P0230,save,2025-11-18T17:18:00,4
U0027,P0105,click,2025-11-18T17:18:00,2
U0099,P0376,save,2025-11-18T17:43:00,4
U0018,P0298,view,2025-11-18T17:52:00,1
U0047,P0471,view,2025-11-18T17:54:00,1
U0093,P0323,view,2025-11-18T18:23:00,1
U0042,P0497,save,2025-11-18T19:30:00,4
U0064,P0260,visit,2025-11-18T20:00:00,8
U0066,P0234,save,2025-11-18T21:20:00,4
U0061,P0492,click,2025-11-18T22:05:00,2
U0060,P0290,visit,2025-11-18T23:00:00,8
U0042,P0399,click,2025-11-18T23:49:00,2
U0053,P0418,visit,2025-11-19T02:41:00,8
U0024,P0131,save,2025-11-19T03:55:00,4
U0036,P0271,visit,2025-11-19T05:09:00,8
U0008,P0480,click,2025-11-19T07:04:00,2
U0063,P0400,view,2025-11-19T07:38:00,1
U0075,P0088,click,2025-11-19T09:05:00,2
U0059,P0245,share,2025-11-19T09:25:00,5
U0045,P0242,view,2025-11-19T09:43:00,1
U0037,P0253,view,2025-11-19T12:38:00,1
U0100,P0294,view,2025-11-19T12:48:00,1
U0019,P0280,view,2025-11-19T15:37:00,1
U0018,P0177,click,2025-11-19T16:05:00,2
U0015,P0325,view,2025-11-19T16:34:00,1
U0090,P0105,save,2025-11-19T20:17:00,4
U0007,P0142,view,2025-11-19T23:39:00,1
U0097,P0050,view,2025-11-20T00:23:00,1
U0064,P0405,visit,2025-11-20T01:20:00,8
U0033,P0258,view,2025-11-20T02:28:00,1
U0045,P0310,click,2025-11-20T04:25:00,2
U0045,P0425,visit,2025-11-20T05:21:00,8
U0038,P0318,visit,2025-11-20T05:30:00,8
U0065,P0402,dismiss,2025-11-20T06:27:00,-3
U0025,P0034,view,2025-11-20T06:37:00,1
U0036,P0348,booking,2025-11-20T06:57:00,10
U0009,P0492,view,2025-11-20T08:40:00,1
U0079,P0458,view,2025-11-20T09:20:00,1
U0068,P0357,click,2025-11-20T10:22:00,2
U0054,P0272,click,2025-11-20T10:46:00,2
U0033,P0021,click,2025-11-20T11:11:00,2
U0020,P0023,click,2025-11-20T11:17:00,2
U0018,P0290,view,2025-11-20T15:31:00,1
U0039,P0470,click,2025-11-20T15:35:00,2
U0061,P0376,click,2025-11-20T15:50:00,2
U0064,P0463,view,2025-11-20T17:58:00,1
U0077,P0278,booking,2025-11-20T18:22:00,10
U0030,P0224,view,2025-11-20T18:25:00,1
U0045,P0444,dismiss,2025-11-20T18:58:00,-3
U0058,P0377,view,2025-11-20T19:42:00,1
U0033,P0454,click,2025-11-20T19:54:00,2
U0093,P0264,click,2025-11-20T20:08:00,2
U0076,P0061,dismiss,2025-11-20T21:38:00,-3
U0087,P0109,view,2025-11-20T21:58:00,1
U0040,P0168,save,2025-11-21T02:12:00,4
U0005,P0087,view,2025-11-21T03:33:00,1
U0039,P0466,view,2025-11-21T03:38:00,1
U0030,P0084,view,2025-11-21T04:14:00,1
U0055,P0154,dismiss,2025-11-21T04:46:00,-3
U0008,P0189,visit,2025-11-21T04:47:00,8
U0086,P0083,click,2025-11-21T05:15:00,2
U0030,P0350,click,2025-11-21T07:14:00,2
U0066,P0334,visit,2025-11-21T08:43:00,8
U0068,P0041,click,2025-11-21T09:24:00,2
U0066,P0057,view,2025-11-21T09:28:00,1
U0013,P0464,view,2025-11-21T09:35:00,1
U0047,P0450,click,2025-11-21T10:11:00,2
U0088,P0180,dismiss,2025-11-21T11:31:00,-3
U0099,P0207,save,2025-11-21T11:52:00,4
U0077,P0434,save,2025-11-21T11:59:00,4
U0075,P0343,view,2025-11-21T12:56:00,1
U0074,P0294,share,2025-11-21T13:17:00,5
U0078,P0241,save,2025-11-21T18:35:00,4
U0002,P0484,booking,2025-11-21T19:21:00,10
U0081,P0372,booking,2025-11-21T20:06:00,10
U0063,P0335,click,2025-11-21T21:13:00,2
U0013,P0029,click,2025-11-21T21:37:00,2
U0013,P0422,save,2025-11-21T22:45:00,4
U0004,P0462,view,2025-11-21T22:55:00,1
U0080,P0074,dismiss,2025-11-22T00:32:00,-3
U0019,P0156,click,2025-11-22T00:48:00,2
U0015,P0491,save,2025-11-22T00:51:00,4
U0074,P0437,click,2025-11-22T02:27:00,2
U0037,P0108,save,2025-11-22T02:33:00,4
U0097,P0010,save,2025-11-22T02:47:00,4
U0022,P0354,save,2025-11-22T02:53:00,4
U0064,P0086,click,2025-11-22T03:56:00,2
U0088,P0151,visit,2025-11-22T04:10:00,8
U0050,P0320,save,2025-11-22T04:13:00,4
U0097,P0011,click,2025-11-22T04:30:00,2
U0028,P0328,click,2025-11-22T05:05:00,2
U0047,P0425,share,2025-11-22T05:15:00,5
U0072,P0039,click,2025-11-22T05:59:00,2
U0096,P0039,click,2025-11-22T09:15:00,2
U0099,P0182,view,2025-11-22T09:15:00,1
U0066,P0218,click,2025-11-22T09:26:00,2
U0090,P0379,dismiss,2025-11-22T09:39:00,-3
U0051,P0185,view,2025-11-22T10:05:00,1
U0031,P0386,view,2025-11-22T10:08:00,1
U0095,P0183,click,2025-11-22T12:51:00,2
U0044,P0332,visit,2025-11-22T14:30:00,8
U0021,P0203,save,2025-11-22T15:07:00,4
U0051,P0442,visit,2025-11-22T16:11:00,8
U0025,P0150,click,2025-11-22T16:13:00,2
U0006,P0408,click,2025-11-22T17:17:00,2
U0058,P0006,view,2025-11-22T18:07:00,1
U0062,P0063,view,2025-11-22T18:41:00,1
U0043,P0283,booking,2025-11-22T19:31:00,10
U0094,P0193,dismiss,2025-11-22T20:37:00,-3
U0042,P0212,share,2025-11-22T20:54:00,5
U0009,P0444,click,2025-11-22T21:44:00,2
U0099,P0437,share,2025-11-22T21:52:00,5
U0099,P0471,dismiss,2025-11-22T22:23:00,-3
U0010,P0272,share,2025-11-22T22:56:00,5
U0046,P0427,view,2025-11-22T23:43:00,1
U0038,P0238,save,2025-11-22T23:53:00,4
U0008,P0498,share,2025-11-23T00:44:00,5
U0081,P0353,visit,2025-11-23T02:03:00,8
U0081,P0375,save,2025-11-23T02:44:00,4
U0048,P0278,visit,2025-11-23T04:28:00,8
U0019,P0017,dismiss,2025-11-23T05:13:00,-3
U0075,P0210,save,2025-11-23T05:21:00,4
U0083,P0369,click,2025-11-23T05:33:00,2
U0062,P0491,dismiss,2025-11-23T06:40:00,-3
U0011,P0064,booking,2025-11-23T09:05:00,10
U0013,P0028,visit,2025-11-23T09:56:00,8
U0013,P0147,dismiss,2025-11-23T10:45:00,-3
U0038,P0172,save,2025-11-23T11:29:00,4
U0088,P0224,click,2025-11-23T12:10:00,2
U0006,P0473,booking,2025-11-23T12:23:00,10
U0016,P0291,click,2025-11-23T16:24:00,2
U0051,P0385,click,2025-11-23T18:05:00,2
U0020,P0192,share,2025-11-23T19:57:00,5
U0095,P0088,view,2025-11-23T20:40:00,1
U0008,P0038,view,2025-11-23T21:59:00,1
U0079,P0109,click,2025-11-23T23:05:00,2
U0017,P0012,click,2025-11-23T23:17:00,2
U0039,P0389,share,2025-11-23T23:19:00,5
U0074,P0132,visit,2025-11-24T00:09:00,8
U0006,P0153,view,2025-11-24T00:31:00,1
U0016,P0184,view,2025-11-24T01:23:00,1
U0069,P0051,visit,2025-11-24T01:48:00,8
U0065,P0013,click,2025-11-24T04:40:00,2
U0074,P0483,save,2025-11-24T06:05:00,4
U0032,P0168,save,2025-11-24T06:20:00,4
U0068,P0308,booking,2025-11-24T06:23:00,10
U0018,P0111,click,2025-11-24T06:44:00,2
U0026,P0329,dismiss,2025-11-24T06:50:00,-3
U0054,P0452,view,2025-11-24T07:37:00,1
U0078,P0173,click,2025-11-24T07:39:00,2
U0020,P0118,save,2025-11-24T08:33:00,4
U0012,P0052,click,2025-11-24T08:49:00,2
U0049,P0205,share,2025-11-24T09:49:00,5
U0046,P0104,click,2025-11-24T11:26:00,2
U0030,P0074,save,2025-11-24T11:45:00,4
U0095,P0454,click,2025-11-24T12:44:00,2
U0086,P0074,dismiss,2025-11-24T13:36:00,-3
U0004,P0272,dismiss,2025-11-24T13:44:00,-3
U0011,P0346,click,2025-11-24T15:41:00,2
U0001,P0272,click,2025-11-24T16:38:00,2
U0010,P0254,click,2025-11-24T17:34:00,2
U0080,P0185,view,2025-11-24T17:58:00,1
U0082,P0021,visit,2025-11-24T18:07:00,8
U0043,P0420,share,2025-11-24T19:00:00,5
U0004,P0424,view,2025-11-24T19:01:00,1
U0046,P0320,save,2025-11-24T20:29:00,4
U0023,P0067,click,2025-11-24T22:23:00,2
U0086,P0478,view,2025-11-25T00:55:00,1
U0047,P0095,view,2025-11-25T01:23:00,1
U0058,P0433,save,2025-11-25T02:37:00,4
U0074,P0407,booking,2025-11-25T02:41:00,10
U0023,P0146,click,2025-11-25T04:00:00,2
U0077,P0469,view,2025-11-25T05:52:00,1
U0085,P0182,view,2025-11-25T07:25:00,1
U0083,P0426,click,2025-11-25T08:19:00,2
U0092,P0303,view,2025-11-25T09:08:00,1
U0006,P0459,visit,2025-11-25T09:30:00,8
U0016,P0359,view,2025-11-25T10:07:00,1
U0001,P0010,click,2025-11-25T10:07:00,2
U0043,P0276,view,2025-11-25T10:47:00,1
U0063,P0140,save,2025-11-25T11:13:00,4
U0098,P0468,view,2025-11-25T12:24:00,1
U0041,P0125,share,2025-11-25T13:27:00,5
U0066,P0002,view,2025-11-25T13:51:00,1
U0019,P0137,view,2025-11-25T13:55:00,1
U0038,P0291,view,2025-11-25T15:25:00,1
U0002,P0140,view,2025-11-25T16:25:00,1
U0035,P0479,view,2025-11-25T16:31:00,1
U0100,P0132,view,2025-11-25T16:46:00,1
U0076,P0135,view,2025-11-25T16:55:00,1
U0090,P0329,visit,2025-11-25T17:36:00,8
U0065,P0428,view,2025-11-25T17:46:00,1
U0050,P0488,view,2025-11-25T18:07:00,1
U0006,P0486,booking,2025-11-25T18:16:00,10
U0040,P0069,booking,2025-11-25T22:04:00,10
U0008,P0236,view,2025-11-25T23:31:00,1
U0059,P0151,booking,2025-11-26T00:58:00,10
U0031,P0256,view,2025-11-26T01:08:00,1
U0030,P0429,share,2025-11-26T01:19:00,5
U0032,P0300,view,2025-11-26T01:47:00,1
U0054,P0438,view,2025-11-26T03:18:00,1
U0042,P0358,view,2025-11-26T03:36:00,1
U0095,P0412,click,2025-11-26T04:16:00,2
U0040,P0269,view,2025-11-26T04:37:00,1
U0013,P0195,view,2025-11-26T05:32:00,1
U0006,P0112,save,2025-11-26T05:53:00,4
U0061,P0486,save,2025-11-26T05:55:00,4
U0050,P0497,view,2025-11-26T07:28:00,1
U0089,P0468,view,2025-11-26T08:29:00,1
U0037,P0381,save,2025-11-26T09:21:00,4
U0094,P0400,save,2025-11-26T10:18:00,4
U0089,P0082,view,2025-11-26T10:42:00,1
U0076,P0111,visit,2025-11-26T11:46:00,8
U0013,P0270,view,2025-11-26T12:25:00,1
U0077,P0120,booking,2025-11-26T12:57:00,10
U0045,P0323,save,2025-11-26T13:05:00,4
U0054,P0046,click,2025-11-26T13:09:00,2
U0030,P0122,view,2025-11-26T16:52:00,1
U0065,P0061,click,2025-11-26T16:58:00,2
U0083,P0359,view,2025-11-26T19:22:00,1
U0087,P0228,view,2025-11-26T20:26:00,1
U0021,P0450,view,2025-11-27T00:18:00,1
U0054,P0020,click,2025-11-27T00:40:00,2
U0025,P0164,click,2025-11-27T02:55:00,2
U0025,P0063,booking,2025-11-27T03:41:00,10
U0005,P0281,click,2025-11-27T04:15:00,2
U0045,P0079,booking,2025-11-27T06:59:00,10
U0034,P0474,click,2025-11-27T07:07:00,2
U0039,P0270,view,2025-11-27T07:08:00,1
U0087,P0220,dismiss,2025-11-27T07:53:00,-3
U0083,P0158,click,2025-11-27T09:16:00,2
U0077,P0446,view,2025-11-27T09:57:00,1
U0070,P0315,visit,2025-11-27T10:52:00,8
U0004,P0426,visit,2025-11-27T11:03:00,8
U0006,P0097,click,2025-11-27T11:23:00,2
U0031,P0421,click,2025-11-27T12:06:00,2
U0084,P0272,view,2025-11-27T12:47:00,1
U0016,P0452,click,2025-11-27T12:53:00,2
U0063,P0037,view,2025-11-27T12:54:00,1
U0014,P0438,view,2025-11-27T16:09:00,1
U0072,P0128,save,2025-11-27T16:37:00,4
U0019,P0330,share,2025-11-27T21:03:00,5
U0088,P0063,view,2025-11-27T21:29:00,1
U0038,P0392,click,2025-11-27T21:50:00,2
U0003,P0233,view,2025-11-27T22:31:00,1
U0082,P0108,click,2025-11-27T22:46:00,2
U0019,P0169,view,2025-11-28T00:09:00,1
U0003,P0288,view,2025-11-28T04:58:00,1
U0012,P0209,dismiss,2025-11-28T05:38:00,-3
U0054,P0087,save,2025-11-28T07:04:00,4
U0076,P0059,share,2025-11-28T07:10:00,5
U0031,P0321,view,2025-11-28T09:01:00,1
U0098,P0381,view,2025-11-28T09:26:00,1
U0080,P0308,view,2025-11-28T10:27:00,1
U0014,P0166,click,2025-11-28T11:00:00,2
U0058,P0171,dismiss,2025-11-28T12:58:00,-3
U0047,P0384,dismiss,2025-11-28T15:23:00,-3
U0048,P0066,view,2025-11-28T16:22:00,1
U0072,P0257,save,2025-11-28T17:27:00,4
U0085,P0131,save,2025-11-28T18:56:00,4
U0012,P0198,share,2025-11-28T19:38:00,5
U0060,P0353,click,2025-11-28T19:46:00,2
U0056,P0339,click,2025-11-28T19:52:00,2
U0043,P0384,click,2025-11-28T20:05:00,2
U0061,P0432,booking,2025-11-28T21:01:00,10
U0056,P0036,dismiss,2025-11-28T21:05:00,-3
U0021,P0247,view,2025-11-28T22:18:00,1
U0078,P0298,view,2025-11-28T22:21:00,1
U0089,P0389,view,2025-11-28T23:40:00,1
U0008,P0040,view,2025-11-29T01:05:00,1
U0095,P0044,save,2025-11-29T01:21:00,4
U0036,P0300,visit,2025-11-29T02:04:00,8
U0098,P0103,click,2025-11-29T03:46:00,2
U0084,P0184,click,2025-11-29T04:03:00,2
U0024,P0433,view,2025-11-29T04:41:00,1
U0099,P0130,click,2025-11-29T04:54:00,2
U0023,P0443,visit,2025-11-29T04:54:00,8
U0087,P0026,click,2025-11-29T07:18:00,2
U0094,P0291,save,2025-11-29T07:25:00,4
U0048,P0026,view,2025-11-29T09:25:00,1
U0014,P0017,view,2025-11-29T10:06:00,1
U0017,P0424,click,2025-11-29T11:11:00,2
U0089,P0454,booking,2025-11-29T11:29:00,10
U0017,P0064,view,2025-11-29T12:14:00,1
U0088,P0319,view,2025-11-29T12:53:00,1
U0004,P0488,view,2025-11-29T13:07:00,1
U0036,P0093,view,2025-11-29T14:24:00,1
U0032,P0222,view,2025-11-29T14:26:00,1
U0075,P0288,visit,2025-11-29T15:03:00,8
U0061,P0009,click,2025-11-29T16:42:00,2
U0069,P0456,view,2025-11-29T16:49:00,1
U0081,P0412,click,2025-11-29T19:33:00,2
U0089,P0111,click,2025-11-29T21:13:00,2
U0010,P0017,click,2025-11-29T21:41:00,2
U0001,P0452,share,2025-11-29T22:34:00,5
U0070,P0165,view,2025-11-30T01:19:00,1
U0012,P0287,click,2025-11-30T01:24:00,2
U0049,P0142,view,2025-11-30T01:52:00,1
U0060,P0293,click,2025-11-30T05:38:00,2
U0050,P0251,view,2025-11-30T06:45:00,1
U0006,P0439,visit,2025-11-30T06:49:00,8
U0040,P0261,click,2025-11-30T07:14:00,2
U0069,P0494,save,2025-11-30T08:42:00,4
U0072,P0109,share,2025-11-30T08:56:00,5
U0012,P0105,visit,2025-11-30T09:12:00,8
U0041,P0245,view,2025-11-30T09:14:00,1
U0066,P0131,click,2025-11-30T10:55:00,2
U0036,P0469,click,2025-11-30T11:30:00,2
U0083,P0307,share,2025-11-30T11:49:00,5
U0087,P0160,view,2025-11-30T12:35:00,1
U0062,P0477,view,2025-11-30T15:06:00,1
U0017,P0484,booking,2025-11-30T18:12:00,10
U0080,P0431,view,2025-11-30T20:29:00,1
U0073,P0385,share,2025-11-30T21:14:00,5
U0099,P0360,save,2025-11-30T22:48:00,4
U0073,P0150,click,2025-11-30T23:41:00,2
U0058,P0159,save,2025-11-30T23:42:00,4
U0071,P0274,save,2025-12-01T00:00:00,4
U0081,P0470,save,2025-12-01T00:04:00,4
U0013,P0085,save,2025-12-01T00:06:00,4
U0014,P0087,save,2025-12-01T02:33:00,4
U0025,P0383,dismiss,2025-12-01T05:00:00,-3
U0084,P0248,view,2025-12-01T05:42:00,1
U0091,P0056,visit,2025-12-01T06:36:00,8
U0079,P0347,view,2025-12-01T08:07:00,1
U0064,P0281,share,2025-12-01T08:15:00,5
U0079,P0214,view,2025-12-01T11:25:00,1
U0092,P0206,view,2025-12-01T18:50:00,1
U0086,P0056,share,2025-12-01T20:54:00,5
U0041,P0056,dismiss,2025-12-01T21:12:00,-3
U0039,P0073,booking,2025-12-01T21:25:00,10
U0021,P0494,booking,2025-12-01T21:57:00,10
U0039,P0309,view,2025-12-01T23:56:00,1
U0017,P0335,view,2025-12-02T00:49:00,1
U0055,P0047,save,2025-12-02T00:51:00,4
U0081,P0243,booking,2025-12-02T01:29:00,10
U0037,P0028,click,2025-12-02T01:33:00,2
U0079,P0279,view,2025-12-02T02:18:00,1
U0026,P0257,view,2025-12-02T03:21:00,1
U0096,P0278,visit,2025-12-02T03:31:00,8
U0035,P0385,view,2025-12-02T04:22:00,1
U0009,P0159,share,2025-12-02T04:44:00,5
U0029,P0214,click,2025-12-02T05:36:00,2
U0049,P0144,view,2025-12-02T06:00:00,1
U0100,P0396,view,2025-12-02T06:44:00,1
U0100,P0376,click,2025-12-02T07:57:00,2
U0056,P0254,visit,2025-12-02T08:37:00,8
U0043,P0316,visit,2025-12-02T10:58:00,8
U0071,P0173,visit,2025-12-02T13:25:00,8
U0079,P0489,save,2025-12-02T15:47:00,4
U0057,P0214,view,2025-12-02T20:36:00,1
U0045,P0057,visit,2025-12-02T21:16:00,8
U0008,P0336,view,2025-12-02T21:21:00,1
U0059,P0262,share,2025-12-02T21:43:00,5
U0089,P0147,save,2025-12-02T22:03:00,4
U0035,P0091,view,2025-12-02T23:36:00,1
U0029,P0105,save,2025-12-03T00:15:00,4
U0008,P0301,save,2025-12-03T01:11:00,4
U0059,P0122,share,2025-12-03T02:20:00,5
U0078,P0421,click,2025-12-03T02:26:00,2
U0027,P0209,view,2025-12-03T07:45:00,1
U0061,P0419,click,2025-12-03T08:47:00,2
U0076,P0466,dismiss,2025-12-03T09:04:00,-3
U0019,P0463,save,2025-12-03T09:51:00,4
U0013,P0290,click,2025-12-03T11:45:00,2
U0081,P0231,share,2025-12-03T11:57:00,5
U0010,P0328,view,2025-12-03T12:54:00,1
U0062,P0245,view,2025-12-03T13:15:00,1
U0009,P0473,view,2025-12-03T13:25:00,1
U0082,P0413,save,2025-12-03T13:27:00,4
U0022,P0151,click,2025-12-03T13:36:00,2
U0089,P0465,click,2025-12-03T15:06:00,2
U0015,P0096,view,2025-12-03T16:18:00,1
U0067,P0279,click,2025-12-03T17:05:00,2
U0013,P0298,click,2025-12-03T19:38:00,2
U0005,P0104,view,2025-12-03T19:55:00,1
U0083,P0119,view,2025-12-03T20:16:00,1
U0023,P0185,visit,2025-12-03T20:51:00,8
U0076,P0372,view,2025-12-03T20:58:00,1
U0010,P0104,save,2025-12-03T23:11:00,4
U0068,P0022,dismiss,2025-12-03T23:17:00,-3
U0056,P0369,click,2025-12-04T00:40:00,2
U0057,P0279,view,2025-12-04T01:07:00,1
U0066,P0341,view,2025-12-04T04:53:00,1
U0100,P0045,dismiss,2025-12-04T05:22:00,-3
U0027,P0157,save,2025-12-04T05:44:00,4
U0089,P0055,view,2025-12-04T08:44:00,1
U0014,P0361,visit,2025-12-04T09:44:00,8
U0035,P0151,view,2025-12-04T09:59:00,1
U0027,P0052,view,2025-12-04T11:21:00,1
U0017,P0500,click,2025-12-04T11:55:00,2
U0093,P0396,view,2025-12-04T12:32:00,1
U0028,P0330,save,2025-12-04T12:37:00,4
U0082,P0253,share,2025-12-04T15:54:00,5
U0027,P0200,view,2025-12-04T16:04:00,1
U0036,P0014,booking,2025-12-04T16:33:00,10
U0047,P0182,view,2025-12-04T17:23:00,1
U0016,P0169,visit,2025-12-04T17:52:00,8
U0043,P0130,view,2025-12-04T17:53:00,1
U0013,P0176,click,2025-12-04T18:32:00,2
U0066,P0178,view,2025-12-04T19:40:00,1
U0061,P0475,click,2025-12-04T21:13:00,2
U0068,P0189,save,2025-12-04T22:17:00,4
U0043,P0149,click,2025-12-04T22:48:00,2
U0049,P0480,view,2025-12-04T23:47:00,1
U0014,P0141,click,2025-12-05T00:30:00,2
U0051,P0155,click,2025-12-05T01:23:00,2
U0075,P0465,click,2025-12-05T03:21:00,2
U0037,P0021,visit,2025-12-05T03:22:00,8
U0055,P0434,click,2025-12-05T04:03:00,2
U0060,P0321,booking,2025-12-05T05:04:00,10
U0045,P0035,click,2025-12-05T05:09:00,2
U0075,P0188,save,2025-12-05T06:09:00,4
U0003,P0239,view,2025-12-05T06:27:00,1
U0065,P0188,save,2025-12-05T06:59:00,4
U0001,P0332,view,2025-12-05T07:49:00,1
U0011,P0129,share,2025-12-05T08:05:00,5
U0041,P0015,dismiss,2025-12-05T08:35:00,-3
U0017,P0281,click,2025-12-05T08:42:00,2
U0022,P0297,click,2025-12-05T15:31:00,2
U0094,P0248,save,2025-12-05T15:38:00,4
U0056,P0012,click,2025-12-05T16:01:00,2
U0039,P0353,view,2025-12-05T18:05:00,1
U0093,P0313,click,2025-12-05T18:24:00,2
U0085,P0033,save,2025-12-05T20:10:00,4
U0058,P0099,save,2025-12-05T20:31:00,4
U0011,P0497,view,2025-12-05T20:38:00,1
U0088,P0191,visit,2025-12-05T20:40:00,8
U0090,P0114,share,2025-12-05T21:30:00,5
U0048,P0440,click,2025-12-05T22:28:00,2
U0018,P0413,share,2025-12-05T22:44:00,5
U0013,P0381,view,2025-12-05T23:15:00,1
U0035,P0170,view,2025-12-06T01:15:00,1
U0023,P0245,click,2025-12-06T01:44:00,2
U0002,P0252,booking,2025-12-06T03:46:00,10
U0085,P0285,click,2025-12-06T03:57:00,2
U0010,P0495,click,2025-12-06T04:15:00,2
U0044,P0020,save,2025-12-06T04:58:00,4
U0028,P0087,share,2025-12-06T05:00:00,5
U0061,P0048,booking,2025-12-06T06:07:00,10
U0004,P0019,view,2025-12-06T06:41:00,1
U0072,P0066,share,2025-12-06T07:43:00,5
U0099,P0313,view,2025-12-06T10:11:00,1
U0098,P0024,view,2025-12-06T10:40:00,1
U0100,P0230,view,2025-12-06T11:09:00,1
U0012,P0120,view,2025-12-06T11:35:00,1
U0079,P0257,click,2025-12-06T12:13:00,2
U0003,P0183,click,2025-12-06T12:52:00,2
U0037,P0070,dismiss,2025-12-06T13:07:00,-3
U0083,P0206,click,2025-12-06T13:22:00,2
U0086,P0297,share,2025-12-06T13:38:00,5
U0079,P0271,view,2025-12-06T13:42:00,1
U0077,P0315,view,2025-12-06T14:14:00,1
U0083,P0303,click,2025-12-06T14:30:00,2
U0034,P0190,view,2025-12-06T15:16:00,1
U0099,P0492,click,2025-12-06T16:45:00,2
U0003,P0025,view,2025-12-06T18:23:00,1
U0097,P0317,visit,2025-12-06T19:05:00,8
U0034,P0465,click,2025-12-06T19:30:00,2
U0071,P0470,view,2025-12-06T20:25:00,1
U0082,P0333,view,2025-12-07T01:05:00,1
U0093,P0334,click,2025-12-07T01:08:00,2
U0090,P0490,click,2025-12-07T01:58:00,2
U0077,P0286,click,2025-12-07T03:25:00,2
U0100,P0485,view,2025-12-07T04:30:00,1
U0036,P0250,view,2025-12-07T04:38:00,1
U0034,P0375,click,2025-12-07T05:19:00,2
U0047,P0282,view,2025-12-07T06:28:00,1
U0007,P0406,click,2025-12-07T06:48:00,2
U0066,P0444,view,2025-12-07T07:05:00,1
U0024,P0397,click,2025-12-07T07:09:00,2
U0028,P0296,visit,2025-12-07T07:51:00,8
U0072,P0453,booking,2025-12-07T07:56:00,10
U0030,P0151,view,2025-12-07T08:07:00,1
U0088,P0202,view,2025-12-07T08:08:00,1
U0047,P0493,view,2025-12-07T08:37:00,1
U0098,P0256,click,2025-12-07T09:36:00,2
U0055,P0216,save,2025-12-07T09:49:00,4
U0055,P0068,click,2025-12-07T10:08:00,2
U0087,P0154,view,2025-12-07T11:52:00,1
U0068,P0125,view,2025-12-07T12:07:00,1
U0038,P0166,click,2025-12-07T15:20:00,2
U0075,P0148,click,2025-12-07T16:25:00,2
U0011,P0351,click,2025-12-07T18:52:00,2
U0028,P0499,click,2025-12-07T20:09:00,2
U0050,P0017,dismiss,2025-12-07T21:15:00,-3
U0051,P0170,view,2025-12-07T22:01:00,1
U0029,P0186,visit,2025-12-07T22:02:00,8
U0021,P0410,visit,2025-12-07T22:33:00,8
U0070,P0039,save,2025-12-07T22:59:00,4
U0067,P0440,view,2025-12-07T23:01:00,1
U0056,P0206,booking,2025-12-08T02:53:00,10
U0067,P0271,click,2025-12-08T03:20:00,2
U0021,P0023,view,2025-12-08T04:10:00,1
U0044,P0326,view,2025-12-08T05:17:00,1
U0030,P0443,visit,2025-12-08T06:30:00,8
U0046,P0317,share,2025-12-08T07:04:00,5
U0042,P0296,visit,2025-12-08T08:22:00,8
U0022,P0480,share,2025-12-08T10:10:00,5
U0052,P0426,click,2025-12-08T11:28:00,2
U0042,P0017,view,2025-12-08T12:02:00,1
U0086,P0038,click,2025-12-08T12:33:00,2
U0030,P0344,click,2025-12-08T13:12:00,2
U0002,P0338,save,2025-12-08T13:20:00,4
U0091,P0325,save,2025-12-08T13:54:00,4
U0056,P0358,click,2025-12-08T14:07:00,2
U0026,P0128,dismiss,2025-12-08T15:44:00,-3
U0052,P0388,view,2025-12-08T17:47:00,1
U0032,P0404,view,2025-12-08T18:39:00,1
U0059,P0308,click,2025-12-08T19:06:00,2
U0038,P0374,visit,2025-12-08T21:03:00,8
U0031,P0148,click,2025-12-08T21:19:00,2
U0073,P0211,click,2025-12-08T22:08:00,2
U0013,P0025,click,2025-12-08T22:26:00,2
U0017,P0104,save,2025-12-09T00:24:00,4
U0040,P0198,click,2025-12-09T02:21:00,2
U0007,P0133,view,2025-12-09T03:11:00,1
U0035,P0015,visit,2025-12-09T03:13:00,8
U0082,P0233,view,2025-12-09T04:18:00,1
U0041,P0344,view,2025-12-09T05:23:00,1
U0094,P0335,click,2025-12-09T06:18:00,2
U0044,P0318,booking,2025-12-09T06:40:00,10
U0099,P0023,click,2025-12-09T07:53:00,2
U0032,P0072,save,2025-12-09T08:11:00,4
U0054,P0338,visit,2025-12-09T08:34:00,8
U0093,P0182,visit,2025-12-09T09:28:00,8
U0013,P0088,view,2025-12-09T10:33:00,1
U0005,P0462,view,2025-12-09T11:04:00,1
U0099,P0409,view,2025-12-09T11:26:00,1
U0069,P0273,share,2025-12-09T12:35:00,5
U0001,P0110,view,2025-12-09T15:13:00,1
U0043,P0456,visit,2025-12-09T17:04:00,8
U0066,P0163,click,2025-12-09T17:34:00,2
U0093,P0294,dismiss,2025-12-09T19:50:00,-3
U0047,P0456,view,2025-12-09T21:12:00,1
U0098,P0322,save,2025-12-09T23:20:00,4
U0002,P0050,dismiss,2025-12-09T23:51:00,-3
U0087,P0100,click,2025-12-10T00:55:00,2
U0014,P0326,share,2025-12-10T02:16:00,5
U0069,P0282,share,2025-12-10T05:24:00,5
U0060,P0116,save,2025-12-10T05:51:00,4
U0002,P0374,visit,2025-12-10T06:23:00,8
U0050,P0424,visit,2025-12-10T07:08:00,8
U0023,P0467,save,2025-12-10T07:16:00,4
U0058,P0213,save,2025-12-10T11:16:00,4
U0038,P0206,save,2025-12-10T11:46:00,4
U0017,P0291,click,2025-12-10T13:27:00,2
U0005,P0499,dismiss,2025-12-10T13:32:00,-3
U0078,P0299,save,2025-12-10T15:40:00,4
U0049,P0038,click,2025-12-10T17:46:00,2
U0069,P0048,view,2025-12-10T19:29:00,1
U0029,P0453,click,2025-12-10T21:05:00,2
U0069,P0218,visit,2025-12-10T22:01:00,8
U0088,P0240,view,2025-12-10T22:06:00,1
U0100,P0486,view,2025-12-10T23:49:00,1
U0081,P0239,booking,2025-12-11T01:55:00,10
U0055,P0100,view,2025-12-11T02:07:00,1
U0028,P0020,share,2025-12-11T03:00:00,5
U0089,P0059,click,2025-12-11T03:27:00,2
U0014,P0500,save,2025-12-11T03:34:00,4
U0093,P0097,visit,2025-12-11T04:00:00,8
U0075,P0179,save,2025-12-11T04:11:00,4
U0087,P0167,dismiss,2025-12-11T05:58:00,-3
U0090,P0007,share,2025-12-11T07:20:00,5
U0004,P0369,save,2025-12-11T08:37:00,4
U0018,P0025,click,2025-12-11T09:39:00,2
U0038,P0391,save,2025-12-11T10:57:00,4
U0046,P0452,view,2025-12-11T15:43:00,1
U0024,P0376,save,2025-12-11T20:47:00,4
U0024,P0394,booking,2025-12-11T22:43:00,10
U0009,P0397,view,2025-12-11T22:51:00,1
U0042,P0400,visit,2025-12-11T22:57:00,8
U0091,P0092,view,2025-12-11T23:22:00,1
U0095,P0381,view,2025-12-11T23:35:00,1
U0062,P0378,visit,2025-12-11T23:50:00,8
U0062,P0472,dismiss,2025-12-12T00:29:00,-3
U0064,P0053,visit,2025-12-12T00:45:00,8
U0005,P0001,view,2025-12-12T02:17:00,1
U0055,P0152,view,2025-12-12T03:08:00,1
U0053,P0075,share,2025-12-12T05:05:00,5
U0080,P0096,click,2025-12-12T05:15:00,2
U0098,P0042,view,2025-12-12T05:39:00,1
U0099,P0132,click,2025-12-12T05:52:00,2
U0007,P0102,view,2025-12-12T06:11:00,1
U0022,P0084,share,2025-12-12T06:21:00,5
U0043,P0310,visit,2025-12-12T09:21:00,8
U0039,P0481,save,2025-12-12T09:49:00,4
U0037,P0372,click,2025-12-12T10:26:00,2
U0065,P0223,view,2025-12-12T10:35:00,1
U0004,P0358,share,2025-12-12T12:54:00,5
U0032,P0120,save,2025-12-12T13:16:00,4
U0039,P0024,booking,2025-12-12T14:01:00,10
U0022,P0054,view,2025-12-12T15:42:00,1
U0022,P0038,save,2025-12-12T15:43:00,4
U0075,P0173,booking,2025-12-12T20:55:00,10
U0082,P0210,share,2025-12-12T21:09:00,5
U0045,P0394,view,2025-12-12T22:28:00,1
U0056,P0324,click,2025-12-12T22:35:00,2
U0098,P0435,click,2025-12-12T22:41:00,2
U0013,P0322,view,2025-12-12T23:35:00,1
U0013,P0321,view,2025-12-12T23:57:00,1
U0072,P0186,share,2025-12-13T00:30:00,5
U0028,P0263,save,2025-12-13T00:44:00,4
U0086,P0363,view,2025-12-13T00:53:00,1
U0097,P0281,click,2025-12-13T01:31:00,2
U0058,P0439,dismiss,2025-12-13T03:02:00,-3
U0084,P0064,dismiss,2025-12-13T03:11:00,-3
U0026,P0121,view,2025-12-13T04:24:00,1
U0024,P0494,share,2025-12-13T05:11:00,5
U0009,P0485,save,2025-12-13T05:59:00,4
U0093,P0295,view,2025-12-13T06:06:00,1
U0023,P0349,visit,2025-12-13T06:26:00,8
U0096,P0154,click,2025-12-13T06:38:00,2
U0080,P0498,booking,2025-12-13T08:44:00,10
U0096,P0161,visit,2025-12-13T09:00:00,8
U0010,P0497,share,2025-12-13T09:16:00,5
U0020,P0097,view,2025-12-13T10:14:00,1
U0098,P0177,view,2025-12-13T12:49:00,1
U0044,P0080,save,2025-12-13T12:58:00,4
U0047,P0273,click,2025-12-13T13:17:00,2
U0095,P0025,save,2025-12-13T14:40:00,4
U0063,P0441,visit,2025-12-13T15:40:00,8
U0012,P0382,click,2025-12-13T16:52:00,2
U0051,P0378,view,2025-12-13T16:57:00,1
U0030,P0189,save,2025-12-13T16:59:00,4
U0007,P0259,view,2025-12-13T17:24:00,1
U0100,P0242,click,2025-12-13T18:55:00,2
U0094,P0263,visit,2025-12-13T19:09:00,8
U0013,P0194,visit,2025-12-13T20:24:00,8
U0062,P0277,dismiss,2025-12-13T21:44:00,-3
U0052,P0238,view,2025-12-13T21:48:00,1
U0041,P0067,view,2025-12-13T22:16:00,1
U0083,P0346,view,2025-12-13T22:34:00,1
U0097,P0086,view,2025-12-13T23:48:00,1
U0001,P0053,view,2025-12-13T23:57:00,1
U0002,P0064,share,2025-12-13T23:57:00,5
U0022,P0191,visit,2025-12-14T00:11:00,8
U0082,P0176,share,2025-12-14T01:22:00,5
U0084,P0463,view,2025-12-14T04:35:00,1
U0068,P0301,view,2025-12-14T04:52:00,1
U0074,P0094,view,2025-12-14T04:58:00,1
U0030,P0146,click,2025-12-14T07:53:00,2
U0075,P0309,visit,2025-12-14T10:32:00,8
U0019,P0320,visit,2025-12-14T10:33:00,8
U0018,P0421,share,2025-12-14T10:35:00,5
U0034,P0298,view,2025-12-14T10:51:00,1
U0084,P0371,save,2025-12-14T11:19:00,4
U0036,P0255,dismiss,2025-12-14T11:34:00,-3
U0094,P0187,click,2025-12-14T12:40:00,2
U0097,P0046,view,2025-12-14T13:02:00,1
U0031,P0412,dismiss,2025-12-14T13:09:00,-3
U0061,P0182,click,2025-12-14T15:03:00,2
U0024,P0006,view,2025-12-14T15:14:00,1
U0035,P0289,visit,2025-12-14T15:20:00,8
U0029,P0306,save,2025-12-14T15:22:00,4
U0075,P0075,view,2025-12-14T17:15:00,1
U0002,P0110,click,2025-12-14T17:21:00,2
U0066,P0473,view,2025-12-14T19:02:00,1
U0005,P0405,share,2025-12-14T21:37:00,5
U0098,P0061,view,2025-12-14T21:39:00,1
U0004,P0330,click,2025-12-14T23:49:00,2
U0061,P0098,visit,2025-12-15T00:01:00,8
U0091,P0043,view,2025-12-15T00:25:00,1
U0046,P0037,view,2025-12-15T02:04:00,1
U0076,P0108,dismiss,2025-12-15T02:23:00,-3
U0085,P0234,click,2025-12-15T03:04:00,2
U0028,P0281,click,2025-12-15T04:16:00,2
U0034,P0364,visit,2025-12-15T04:33:00,8
U0046,P0424,share,2025-12-15T05:56:00,5
U0007,P0355,view,2025-12-15T07:02:00,1
U0016,P0156,click,2025-12-15T09:59:00,2
U0019,P0403,dismiss,2025-12-15T10:19:00,-3
U0074,P0149,click,2025-12-15T10:44:00,2
U0025,P0325,booking,2025-12-15T12:22:00,10
U0082,P0061,visit,2025-12-15T12:33:00,8
U0012,P0106,view,2025-12-15T12:33:00,1
U0001,P0369,click,2025-12-15T13:38:00,2
U0006,P0163,click,2025-12-15T16:22:00,2
U0008,P0327,save,2025-12-15T18:42:00,4
U0044,P0452,view,2025-12-15T18:49:00,1
U0007,P0146,view,2025-12-15T20:51:00,1
U0095,P0029,visit,2025-12-15T21:56:00,8
U0090,P0278,booking,2025-12-16T00:24:00,10
U0019,P0141,view,2025-12-16T01:06:00,1
U0032,P0460,click,2025-12-16T01:39:00,2
U0097,P0388,view,2025-12-16T01:46:00,1
U0096,P0269,click,2025-12-16T03:05:00,2
U0043,P0171,save,2025-12-16T04:38:00,4
U0043,P0377,view,2025-12-16T05:37:00,1
U0061,P0117,click,2025-12-16T05:46:00,2
U0015,P0262,dismiss,2025-12-16T06:31:00,-3
U0020,P0062,save,2025-12-16T09:25:00,4
U0025,P0415,view,2025-12-16T10:40:00,1
U0006,P0471,view,2025-12-16T10:42:00,1
U0042,P0184,view,2025-12-16T11:22:00,1
U0059,P0297,save,2025-12-16T12:03:00,4
U0011,P0361,booking,2025-12-16T13:12:00,10
U0033,P0237,save,2025-12-16T13:20:00,4
U0063,P0275,click,2025-12-16T14:31:00,2
U0016,P0187,dismiss,2025-12-16T15:49:00,-3
U0050,P0345,dismiss,2025-12-16T16:15:00,-3
U0021,P0153,save,2025-12-16T17:59:00,4
U0098,P0183,view,2025-12-16T19:11:00,1
U0001,P0495,click,2025-12-16T20:04:00,2
U0019,P0391,view,2025-12-16T22:24:00,1
U0087,P0453,view,2025-12-16T22:48:00,1
U0035,P0181,view,2025-12-16T23:58:00,1
U0076,P0353,view,2025-12-17T01:53:00,1
U0023,P0262,view,2025-12-17T03:34:00,1
U0034,P0267,view,2025-12-17T04:29:00,1
U0055,P0348,click,2025-12-17T06:44:00,2
U0091,P0164,share,2025-12-17T07:03:00,5
U0090,P0031,visit,2025-12-17T07:38:00,8
U0063,P0206,click,2025-12-17T08:37:00,2
U0013,P0268,save,2025-12-17T10:35:00,4
U0024,P0218,visit,2025-12-17T10:58:00,8
U0098,P0268,visit,2025-12-17T11:15:00,8
U0017,P0330,click,2025-12-17T11:22:00,2
U0093,P0153,save,2025-12-17T11:59:00,4
U0098,P0464,view,2025-12-17T12:31:00,1
U0049,P0034,view,2025-12-17T13:05:00,1
U0041,P0314,save,2025-12-17T13:52:00,4
U0092,P0302,view,2025-12-17T13:58:00,1
U0052,P0172,click,2025-12-17T14:04:00,2
U0006,P0033,click,2025-12-17T14:44:00,2
U0009,P0264,share,2025-12-17T15:26:00,5
U0095,P0085,dismiss,2025-12-17T16:17:00,-3
U0075,P0244,save,2025-12-17T16:26:00,4
U0020,P0266,save,2025-12-17T18:34:00,4
U0019,P0390,click,2025-12-17T19:49:00,2
U0019,P0307,save,2025-12-17T20:34:00,4
U0043,P0045,share,2025-12-17T22:03:00,5
U0085,P0219,save,2025-12-17T22:20:00,4
U0034,P0309,save,2025-12-17T22:22:00,4
U0084,P0291,visit,2025-12-17T22:29:00,8
U0056,P0427,dismiss,2025-12-17T22:48:00,-3
U0071,P0028,click,2025-12-17T23:26:00,2
U0003,P0466,visit,2025-12-18T01:09:00,8
U0088,P0146,visit,2025-12-18T02:40:00,8
U0086,P0151,share,2025-12-18T03:24:00,5
U0012,P0161,dismiss,2025-12-18T04:21:00,-3
U0097,P0400,visit,2025-12-18T05:09:00,8
U0015,P0022,click,2025-12-18T05:29:00,2
U0023,P0417,visit,2025-12-18T06:45:00,8
U0081,P0352,view,2025-12-18T06:53:00,1
U0037,P0366,share,2025-12-18T07:01:00,5
U0011,P0320,dismiss,2025-12-18T07:10:00,-3
U0097,P0143,share,2025-12-18T07:37:00,5
U0097,P0499,click,2025-12-18T07:48:00,2
U0003,P0421,view,2025-12-18T07:59:00,1
U0014,P0367,click,2025-12-18T09:38:00,2
U0010,P0361,booking,2025-12-18T09:52:00,10
U0090,P0078,view,2025-12-18T10:17:00,1
U0074,P0171,booking,2025-12-18T11:09:00,10
U0060,P0124,save,2025-12-18T11:36:00,4
U0027,P0068,save,2025-12-18T12:48:00,4
U0068,P0245,click,2025-12-18T13:04:00,2
U0047,P0218,view,2025-12-18T13:13:00,1
U0096,P0229,save,2025-12-18T13:53:00,4
U0055,P0278,click,2025-12-18T14:33:00,2
U0065,P0268,view,2025-12-18T15:12:00,1
U0021,P0432,booking,2025-12-18T15:44:00,10
U0023,P0122,view,2025-12-18T18:52:00,1
U0016,P0141,booking,2025-12-18T19:21:00,10
U0100,P0131,view,2025-12-18T19:27:00,1
U0012,P0113,view,2025-12-18T20:00:00,1
U0072,P0100,view,2025-12-18T20:38:00,1
U0047,P0090,click,2025-12-18T21:23:00,2
U0059,P0491,view,2025-12-18T22:11:00,1
U0055,P0157,dismiss,2025-12-18T22:29:00,-3
U0031,P0428,view,2025-12-18T22:52:00,1
U0004,P0318,view,2025-12-18T23:03:00,1
U0002,P0369,click,2025-12-19T00:57:00,2
U0006,P0373,share,2025-12-19T01:10:00,5
U0058,P0394,view,2025-12-19T01:27:00,1
U0090,P0284,click,2025-12-19T02:40:00,2
U0022,P0107,view,2025-12-19T02:55:00,1
U0046,P0463,view,2025-12-19T03:14:00,1
U0037,P0147,visit,2025-12-19T07:02:00,8
U0045,P0266,click,2025-12-19T07:58:00,2
U0089,P0124,view,2025-12-19T08:19:00,1
U0037,P0088,save,2025-12-19T08:39:00,4
U0049,P0472,save,2025-12-19T09:02:00,4
U0011,P0424,click,2025-12-19T09:08:00,2
U0047,P0437,save,2025-12-19T09:12:00,4
U0020,P0416,view,2025-12-19T11:31:00,1
U0031,P0331,save,2025-12-19T12:41:00,4
U0063,P0324,click,2025-12-19T17:26:00,2
U0090,P0039,share,2025-12-19T17:42:00,5
U0073,P0480,save,2025-12-19T17:54:00,4
U0037,P0025,share,2025-12-19T18:38:00,5
U0047,P0035,view,2025-12-19T18:44:00,1
U0016,P0367,view,2025-12-19T19:09:00,1
U0003,P0111,save,2025-12-19T19:30:00,4
U0017,P0140,click,2025-12-19T22:57:00,2
U0019,P0158,click,2025-12-20T02:09:00,2
U0083,P0087,click,2025-12-20T02:51:00,2
U0050,P0248,view,2025-12-20T03:17:00,1
U0002,P0339,booking,2025-12-20T04:34:00,10
U0037,P0309,save,2025-12-20T06:48:00,4
U0044,P0388,click,2025-12-20T07:07:00,2
U0054,P0064,click,2025-12-20T07:27:00,2
U0027,P0167,visit,2025-12-20T09:28:00,8
U0005,P0320,view,2025-12-20T11:05:00,1
U0004,P0143,save,2025-12-20T11:13:00,4
U0066,P0340,view,2025-12-20T11:32:00,1
U0046,P0166,share,2025-12-20T14:51:00,5
U0100,P0285,click,2025-12-20T14:54:00,2
U0083,P0345,view,2025-12-20T16:00:00,1
U0009,P0493,booking,2025-12-20T16:09:00,10
U0066,P0006,share,2025-12-20T16:20:00,5
U0027,P0225,view,2025-12-20T17:19:00,1
U0050,P0046,click,2025-12-20T17:26:00,2
U0058,P0192,share,2025-12-20T19:03:00,5
U0088,P0262,view,2025-12-20T19:05:00,1
U0080,P0245,dismiss,2025-12-20T19:38:00,-3
U0052,P0254,view,2025-12-20T22:01:00,1
U0040,P0186,share,2025-12-20T22:29:00,5
U0007,P0056,view,2025-12-20T22:31:00,1
U0085,P0132,visit,2025-12-20T22:37:00,8
U0081,P0139,share,2025-12-20T22:41:00,5
U0081,P0435,visit,2025-12-20T22:42:00,8
U0072,P0440,view,2025-12-21T00:07:00,1
U0066,P0079,click,2025-12-21T00:36:00,2
U0021,P0376,view,2025-12-21T02:12:00,1
U0011,P0463,view,2025-12-21T02:22:00,1
U0061,P0051,view,2025-12-21T03:49:00,1
U0033,P0352,share,2025-12-21T04:17:00,5
U0069,P0097,click,2025-12-21T04:22:00,2
U0082,P0398,view,2025-12-21T04:52:00,1
U0096,P0060,save,2025-12-21T05:33:00,4
U0071,P0321,view,2025-12-21T06:50:00,1
U0013,P0177,click,2025-12-21T07:17:00,2
U0036,P0434,share,2025-12-21T07:28:00,5
U0034,P0177,click,2025-12-21T08:31:00,2
U0007,P0385,click,2025-12-21T08:39:00,2
U0026,P0261,click,2025-12-21T10:54:00,2
U0067,P0228,click,2025-12-21T11:37:00,2
U0093,P0079,view,2025-12-21T13:01:00,1
U0054,P0330,save,2025-12-21T13:21:00,4
U0026,P0306,save,2025-12-21T14:38:00,4
U0093,P0384,click,2025-12-21T15:54:00,2
U0058,P0130,click,2025-12-21T16:24:00,2
U0061,P0118,save,2025-12-21T16:26:00,4
U0049,P0336,save,2025-12-21T17:40:00,4
U0008,P0436,click,2025-12-21T18:30:00,2
U0005,P0036,click,2025-12-21T19:51:00,2
U0013,P0135,view,2025-12-21T21:03:00,1
U0082,P0290,click,2025-12-21T21:28:00,2
U0053,P0173,dismiss,2025-12-21T23:14:00,-3
U0057,P0250,view,2025-12-22T01:22:00,1
U0095,P0267,click,2025-12-22T01:49:00,2
U0063,P0001,click,2025-12-22T01:51:00,2
U0069,P0033,click,2025-12-22T03:39:00,2
U0040,P0271,click,2025-12-22T04:09:00,2
U0051,P0362,visit,2025-12-22T04:57:00,8
U0082,P0239,click,2025-12-22T05:08:00,2
U0097,P0424,view,2025-12-22T06:03:00,1
U0025,P0457,visit,2025-12-22T06:29:00,8
U0073,P0054,share,2025-12-22T07:42:00,5
U0061,P0266,save,2025-12-22T07:50:00,4
U0004,P0206,click,2025-12-22T09:57:00,2
U0031,P0274,visit,2025-12-22T13:38:00,8
U0078,P0412,click,2025-12-22T14:05:00,2
U0015,P0265,view,2025-12-22T14:24:00,1
U0006,P0394,visit,2025-12-22T15:12:00,8
U0003,P0322,dismiss,2025-12-22T15:18:00,-3
U0092,P0463,view,2025-12-22T15:50:00,1
U0077,P0261,click,2025-12-22T15:51:00,2
U0072,P0284,click,2025-12-22T19:55:00,2
U0009,P0009,share,2025-12-22T20:59:00,5
U0057,P0222,view,2025-12-22T21:27:00,1
U0027,P0100,view,2025-12-22T21:47:00,1
U0092,P0037,view,2025-12-22T22:53:00,1
U0029,P0329,visit,2025-12-22T23:06:00,8
U0031,P0231,click,2025-12-22T23:14:00,2
U0097,P0036,save,2025-12-22T23:52:00,4
U0078,P0418,click,2025-12-23T00:43:00,2
U0038,P0252,view,2025-12-23T02:36:00,1
U0079,P0165,share,2025-12-23T02:49:00,5
U0094,P0011,view,2025-12-23T04:24:00,1
U0100,P0397,click,2025-12-23T06:06:00,2
U0018,P0194,visit,2025-12-23T06:39:00,8
U0089,P0274,view,2025-12-23T09:39:00,1
U0090,P0052,booking,2025-12-23T10:05:00,10
U0062,P0074,click,2025-12-23T12:14:00,2
U0037,P0075,view,2025-12-23T12:45:00,1
U0057,P0271,share,2025-12-23T12:56:00,5
U0034,P0321,dismiss,2025-12-23T13:23:00,-3
U0085,P0313,click,2025-12-23T18:49:00,2
U0017,P0369,view,2025-12-23T19:17:00,1
U0088,P0015,click,2025-12-23T19:39:00,2
U0011,P0077,view,2025-12-23T21:06:00,1
U0015,P0081,view,2025-12-23T21:45:00,1
U0100,P0283,click,2025-12-23T22:13:00,2
U0081,P0496,booking,2025-12-24T00:18:00,10
U0099,P0475,click,2025-12-24T00:31:00,2
U0074,P0023,visit,2025-12-24T01:55:00,8
U0075,P0428,view,2025-12-24T02:46:00,1
U0003,P0270,click,2025-12-24T04:40:00,2
U0017,P0346,view,2025-12-24T04:48:00,1
U0075,P0258,view,2025-12-24T05:08:00,1
U0077,P0136,view,2025-12-24T07:17:00,1
U0028,P0361,view,2025-12-24T09:00:00,1
U0083,P0405,visit,2025-12-24T10:31:00,8
U0092,P0361,share,2025-12-24T11:30:00,5
U0027,P0165,visit,2025-12-24T13:13:00,8
U0073,P0301,click,2025-12-24T14:59:00,2
U0075,P0389,click,2025-12-24T18:43:00,2
U0042,P0248,visit,2025-12-24T20:16:00,8
U0008,P0442,click,2025-12-24T21:27:00,2
U0062,P0004,click,2025-12-24T22:19:00,2
U0064,P0318,share,2025-12-25T00:25:00,5
U0029,P0382,click,2025-12-25T00:25:00,2
U0053,P0470,click,2025-12-25T01:25:00,2
U0075,P0381,click,2025-12-25T01:25:00,2
U0072,P0208,visit,2025-12-25T02:34:00,8
U0060,P0331,share,2025-12-25T05:06:00,5
U0070,P0160,view,2025-12-25T05:48:00,1
U0019,P0184,view,2025-12-25T07:31:00,1
U0049,P0325,click,2025-12-25T11:42:00,2
U0060,P0101,dismiss,2025-12-25T12:59:00,-3
U0078,P0305,visit,2025-12-25T13:08:00,8
U0091,P0040,view,2025-12-25T14:46:00,1
U0049,P0246,booking,2025-12-25T16:06:00,10
U0038,P0326,share,2025-12-25T16:35:00,5
U0051,P0355,visit,2025-12-25T17:54:00,8
U0053,P0481,view,2025-12-25T19:04:00,1
U0034,P0188,save,2025-12-25T19:30:00,4
U0059,P0038,visit,2025-12-25T20:05:00,8
U0099,P0009,dismiss,2025-12-25T21:14:00,-3
U0043,P0117,view,2025-12-25T21:24:00,1
U0079,P0250,view,2025-12-25T23:21:00,1
U0081,P0274,click,2025-12-26T00:39:00,2
U0031,P0366,save,2025-12-26T02:15:00,4
U0041,P0142,view,2025-12-26T02:41:00,1
U0079,P0382,view,2025-12-26T02:50:00,1
U0082,P0029,visit,2025-12-26T03:02:00,8
U0098,P0421,dismiss,2025-12-26T03:30:00,-3
U0100,P0094,click,2025-12-26T05:37:00,2
U0096,P0411,share,2025-12-26T10:44:00,5
U0072,P0078,click,2025-12-26T10:56:00,2
U0095,P0134,view,2025-12-26T11:38:00,1
U0010,P0172,booking,2025-12-26T12:05:00,10
U0038,P0399,view,2025-12-26T13:22:00,1
U0042,P0317,view,2025-12-26T13:26:00,1
U0003,P0481,view,2025-12-26T14:04:00,1
U0003,P0343,view,2025-12-26T14:17:00,1
U0024,P0079,visit,2025-12-26T14:31:00,8
U0046,P0272,share,2025-12-26T15:50:00,5
U0037,P0127,dismiss,2025-12-26T17:32:00,-3
U0043,P0131,click,2025-12-26T17:33:00,2
U0013,P0111,click,2025-12-26T17:55:00,2
U0007,P0349,view,2025-12-26T17:58:00,1
U0011,P0011,view,2025-12-26T18:25:00,1
U0083,P0338,view,2025-12-26T18:28:00,1
U0046,P0046,booking,2025-12-26T18:30:00,10
U0065,P0372,visit,2025-12-26T19:03:00,8
U0020,P0408,save,2025-12-26T20:08:00,4
U0088,P0354,view,2025-12-26T23:33:00,1
U0005,P0119,view,2025-12-26T23:43:00,1
U0082,P0195,save,2025-12-27T00:29:00,4
U0066,P0486,save,2025-12-27T00:40:00,4
U0001,P0351,click,2025-12-27T02:02:00,2
U0100,P0276,view,2025-12-27T04:22:00,1
U0043,P0313,view,2025-12-27T04:25:00,1
U0047,P0204,save,2025-12-27T04:49:00,4
U0044,P0400,save,2025-12-27T05:18:00,4
U0088,P0414,view,2025-12-27T06:10:00,1
U0094,P0495,click,2025-12-27T07:10:00,2
U0058,P0163,booking,2025-12-27T07:18:00,10
U0075,P0111,booking,2025-12-27T09:31:00,10
U0007,P0224,view,2025-12-27T09:44:00,1
U0054,P0080,visit,2025-12-27T10:37:00,8
U0037,P0333,view,2025-12-27T10:58:00,1
U0029,P0448,view,2025-12-27T12:03:00,1
U0014,P0001,click,2025-12-27T16:40:00,2
U0058,P0234,booking,2025-12-27T17:06:00,10
U0096,P0347,save,2025-12-27T17:35:00,4
U0019,P0296,share,2025-12-27T17:52:00,5
U0079,P0199,view,2025-12-27T19:17:00,1
U0090,P0160,booking,2025-12-27T21:00:00,10
U0077,P0271,view,2025-12-27T21:09:00,1
U0011,P0455,click,2025-12-27T21:25:00,2
U0066,P0197,view,2025-12-27T21:26:00,1
U0037,P0085,booking,2025-12-27T23:26:00,10
U0099,P0006,booking,2025-12-28T04:28:00,10
U0088,P0245,view,2025-12-28T04:58:00,1
U0069,P0192,view,2025-12-28T06:21:00,1
U0071,P0412,click,2025-12-28T08:04:00,2
U0062,P0246,save,2025-12-28T08:17:00,4
U0049,P0174,view,2025-12-28T12:26:00,1
U0015,P0155,view,2025-12-28T12:47:00,1
U0096,P0113,save,2025-12-28T13:06:00,4
U0016,P0064,view,2025-12-28T14:35:00,1
U0035,P0102,view,2025-12-28T16:24:00,1
U0025,P0436,share,2025-12-28T18:28:00,5
U0099,P0493,booking,2025-12-28T18:30:00,10
U0028,P0104,view,2025-12-28T18:57:00,1
U0085,P0197,save,2025-12-28T19:07:00,4
U0077,P0068,view,2025-12-28T21:19:00,1
U0100,P0051,view,2025-12-29T00:18:00,1
U0021,P0030,visit,2025-12-29T01:42:00,8
U0090,P0165,click,2025-12-29T02:09:00,2
U0088,P0005,click,2025-12-29T02:47:00,2
U0052,P0158,visit,2025-12-29T02:51:00,8
U0008,P0181,view,2025-12-29T04:00:00,1
U0050,P0380,save,2025-12-29T04:10:00,4
U0077,P0186,share,2025-12-29T05:07:00,5
U0089,P0070,view,2025-12-29T06:40:00,1
U0084,P0302,share,2025-12-29T06:41:00,5
U0099,P0340,click,2025-12-29T09:05:00,2
U0018,P0027,dismiss,2025-12-29T09:12:00,-3
U0075,P0101,visit,2025-12-29T09:46:00,8
U0096,P0032,click,2025-12-29T09:48:00,2
U0078,P0366,view,2025-12-29T12:31:00,1
U0088,P0246,click,2025-12-29T13:15:00,2
U0076,P0085,view,2025-12-29T13:20:00,1
U0043,P0473,view,2025-12-29T13:56:00,1
U0092,P0158,dismiss,2025-12-29T14:30:00,-3
U0042,P0077,click,2025-12-29T15:22:00,2
U0042,P0452,save,2025-12-29T15:35:00,4
U0095,P0465,click,2025-12-29T17:54:00,2
U0039,P0299,booking,2025-12-29T18:16:00,10
U0001,P0463,click,2025-12-29T20:03:00,2
U0100,P0437,view,2025-12-29T20:29:00,1
U0056,P0390,view,2025-12-29T20:44:00,1
U0064,P0403,share,2025-12-30T00:59:00,5
U0077,P0052,share,2025-12-30T01:08:00,5
U0009,P0433,view,2025-12-30T03:01:00,1
U0100,P0112,view,2025-12-30T05:05:00,1
U0038,P0495,click,2025-12-30T05:57:00,2
U0030,P0096,view,2025-12-30T06:07:00,1
U0049,P0122,visit,2025-12-30T06:57:00,8
U0006,P0079,visit,2025-12-30T07:22:00,8
U0067,P0401,click,2025-12-30T08:47:00,2
U0083,P0351,dismiss,2025-12-30T09:07:00,-3
U0029,P0249,visit,2025-12-30T09:29:00,8
U0097,P0119,save,2025-12-30T10:51:00,4
U0097,P0371,click,2025-12-30T11:20:00,2
U0054,P0332,click,2025-12-30T12:23:00,2
U0009,P0416,dismiss,2025-12-30T14:31:00,-3
U0096,P0160,save,2025-12-30T16:38:00,4
U0089,P0402,view,2025-12-30T16:52:00,1
U0082,P0101,share,2025-12-30T16:59:00,5
U0013,P0267,view,2025-12-30T20:11:00,1
U0005,P0335,view,2025-12-30T20:26:00,1
U0027,P0490,view,2025-12-30T21:30:00,1
U0006,P0051,save,2025-12-30T22:40:00,4
U0017,P0254,dismiss,2025-12-31T00:02:00,-3
U0093,P0437,save,2025-12-31T00:34:00,4
U0050,P0400,view,2025-12-31T01:14:00,1
U0087,P0031,view,2025-12-31T04:23:00,1
U0044,P0053,save,2025-12-31T06:36:00,4
U0082,P0288,share,2025-12-31T06:51:00,5
U0010,P0212,share,2025-12-31T07:22:00,5
U0010,P0036,view,2025-12-31T08:05:00,1
U0056,P0361,view,2025-12-31T08:10:00,1
U0049,P0385,visit,2025-12-31T10:51:00,8
U0009,P0459,view,2025-12-31T10:53:00,1
U0019,P0318,share,2025-12-31T12:25:00,5
U0028,P0001,view,2025-12-31T12:25:00,1
U0008,P0423,visit,2025-12-31T12:59:00,8
U0048,P0016,view,2025-12-31T14:23:00,1
U0032,P0286,save,2025-12-31T14:55:00,4
U0097,P0390,view,2025-12-31T16:20:00,1
U0048,P0490,view,2025-12-31T17:17:00,1
U0047,P0153,save,2025-12-31T17:35:00,4
U0100,P0163,view,2025-12-31T22:04:00,1
U0084,P0104,save,2025-12-31T23:09:00,4
U0051,P0142,booking,2025-12-31T23:52:00,10
U0040,P0434,visit,2026-01-01T00:28:00,8
U0099,P0273,save,2026-01-01T01:03:00,4
U0025,P0102,view,2026-01-01T01:19:00,1
U0011,P0275,click,2026-01-01T01:32:00,2
U0024,P0117,view,2026-01-01T01:33:00,1
U0056,P0119,click,2026-01-01T03:16:00,2
U0038,P0339,click,2026-01-01T04:45:00,2
U0082,P0343,click,2026-01-01T06:22:00,2
U0034,P0237,view,2026-01-01T08:09:00,1
U0040,P0257,click,2026-01-01T09:19:00,2
U0096,P0404,click,2026-01-01T09:31:00,2
U0013,P0139,click,2026-01-01T09:43:00,2
U0071,P0243,view,2026-01-01T11:00:00,1
U0024,P0099,view,2026-01-01T13:26:00,1
U0030,P0297,booking,2026-01-01T13:44:00,10
U0053,P0428,click,2026-01-01T14:56:00,2
U0093,P0394,visit,2026-01-01T15:10:00,8
U0042,P0426,visit,2026-01-01T15:15:00,8
U0018,P0386,view,2026-01-01T16:07:00,1
U0060,P0366,booking,2026-01-01T17:00:00,10
U0022,P0319,click,2026-01-01T18:37:00,2
U0091,P0126,click,2026-01-01T18:51:00,2
U0099,P0394,booking,2026-01-01T19:33:00,10
U0060,P0343,click,2026-01-01T22:09:00,2
U0010,P0351,view,2026-01-01T23:41:00,1
