poi_id,name,destination,category,subcategory,description,tags,latitude,longitude,price_level,rating,review_count,popularity,expected_duration,opening_time,closing_time,reservation_required,family_friendly,public_transport_access,tourist_level
P0001,Hidden Food Experience Pune 1,Pune,food,street_food,"A street food in Pune focused on local, authentic.",local|authentic,18.498978,73.777908,4,4.32,207,0.32,30,09:00,18:00,False,True,True,0.667
P0002,City Nightlife Mumbai 2,Mumbai,entertainment,theater,"A theater in Mumbai focused on experience, social.",experience|social,19.183301,72.752275,3,4.39,1521,0.958,180,10:00,17:00,True,True,False,0.624
P0003,Historic Palace Delhi 3,Delhi,historical,heritage_site,"A heritage site in Delhi focused on architecture, culture, history, heritage.",architecture|culture|history|heritage,28.47364,76.996589,1,3.99,184,0.514,180,10:00,17:00,False,False,True,0.481
P0004,Cultural Family Activity Goa 4,Goa,activity,workshop,"A workshop in Goa focused on activity, fun, interactive, experience.",activity|fun|interactive|experience,15.51807,74.05091,2,4.81,614,0.679,60,09:00,22:00,False,False,True,0.831
P0005,Heritage Monument Goa 5,Goa,historical,palace,"A palace in Goa focused on architecture, history, heritage, culture.",architecture|history|heritage|culture,15.615254,73.98359,4,3.89,469,0.456,45,09:00,22:00,False,True,True,0.903
P0006,City Art Mumbai 6,Mumbai,museum,cultural,"A cultural in Mumbai focused on culture, education.",culture|education,18.931818,72.766491,2,3.89,139,0.534,90,08:00,20:00,False,False,True,0.973
P0007,Craft Market Delhi 7,Delhi,shopping,mall,"A mall in Delhi focused on shopping, market, local.",shopping|market|local,28.483466,77.067383,2,4.21,24,0.399,30,10:00,22:00,False,True,True,0.203
P0008,Cultural Family Activity Delhi 8,Delhi,activity,family_activity,"A family activity in Delhi focused on experience, activity, fun.",experience|activity|fun,28.455843,77.314549,1,3.32,124,0.252,90,08:00,21:00,False,True,True,0.572
P0009,Green Waterfall Mumbai 9,Mumbai,nature,beach,"A beach in Mumbai focused on relaxation, scenic, outdoor.",relaxation|scenic|outdoor,19.039647,72.98509,1,3.64,356,0.429,30,10:00,17:00,False,True,True,0.117
P0010,Local Local Restaurant Pune 10,Pune,food,street_food,"A street food in Pune focused on neighborhood, local, authentic, food.",neighborhood|local|authentic|food,18.464171,73.797601,2,3.69,44,0.479,180,11:00,18:00,True,False,True,0.441
P0011,Artisan Local Area Pune 11,Pune,neighborhood,old_town,"A old town in Pune focused on neighborhood, culture.",neighborhood|culture,18.610119,73.771854,4,4.76,186,0.371,45,10:00,20:00,True,False,True,0.868
P0012,Street Street Food Pune 12,Pune,food,local_restaurant,"A local restaurant in Pune focused on neighborhood, food.",neighborhood|food,18.635273,73.919739,4,4.13,44,0.301,90,08:00,18:00,False,False,True,0.795
P0013,Royal Cinema Bengaluru 13,Bengaluru,entertainment,live_music,"A live music in Bengaluru focused on entertainment, nightlife.",entertainment|nightlife,12.906969,77.51531,3,3.86,279,0.339,120,11:00,21:00,False,True,True,0.532
P0014,Historic Heritage Site Delhi 14,Delhi,historical,palace,"A palace in Delhi focused on heritage, architecture, history, culture.",heritage|architecture|history|culture,28.571133,77.320798,4,3.58,384,0.582,120,10:00,19:00,True,False,True,0.426
P0015,Historic Fort Goa 15,Goa,historical,fort,"A fort in Goa focused on history, architecture.",history|architecture,15.433314,74.199227,2,3.83,172,0.446,45,10:00,17:00,False,True,True,0.842
P0016,Grand Market Delhi 16,Delhi,shopping,market,"A market in Delhi focused on shopping, market.",shopping|market,28.731679,76.917146,2,3.83,2259,1.0,120,09:00,22:00,False,False,False,0.53
P0017,Local Cultural District Pune 17,Pune,neighborhood,old_town,"A old town in Pune focused on culture, local.",culture|local,18.458817,73.816711,4,4.09,68,0.428,90,08:00,17:00,True,False,False,0.568
P0018,National Cultural Bengaluru 18,Bengaluru,museum,art,"A art in Bengaluru focused on education, museum.",education|museum,12.942478,77.719694,2,4.47,56,0.482,60,11:00,21:00,False,False,True,0.204
P0019,National History Museum Pune 19,Pune,museum,science,"A science in Pune focused on culture, history, museum, education.",culture|history|museum|education,18.606477,73.832343,4,4.19,23,0.525,180,11:00,18:00,True,False,True,0.83
P0020,Riverside Beach Pune 20,Pune,nature,garden,"A garden in Pune focused on scenic, relaxation, outdoor.",scenic|relaxation|outdoor,18.515652,73.922871,3,3.5,309,0.643,30,10:00,18:00,False,False,True,0.617
P0021,Historic Heritage Site Bengaluru 21,Bengaluru,historical,heritage_site,"A heritage site in Bengaluru focused on culture, history.",culture|history,13.119851,77.507024,2,4.43,300,0.484,30,10:00,21:00,False,False,True,0.335
P0022,Cultural Food District Goa 22,Goa,neighborhood,old_town,"A old town in Goa focused on authentic, culture, local, neighborhood.",authentic|culture|local|neighborhood,15.471765,73.79592,4,4.05,170,0.471,30,10:00,19:00,True,False,True,0.356
P0023,Open Air Live Music Mumbai 23,Mumbai,entertainment,live_music,"A live music in Mumbai focused on nightlife, entertainment, experience, social.",nightlife|entertainment|experience|social,19.130598,72.849325,2,3.43,103,0.5,45,08:00,17:00,True,True,False,0.119
P0024,Open Air Theater Bengaluru 24,Bengaluru,entertainment,nightlife,"A nightlife in Bengaluru focused on entertainment, social.",entertainment|social,12.923195,77.646817,2,3.89,870,0.648,150,11:00,17:00,False,False,True,0.177
P0025,Local Old Town Bengaluru 25,Bengaluru,neighborhood,food_district,"A food district in Bengaluru focused on authentic, neighborhood, local.",authentic|neighborhood|local,13.119162,77.673097,3,4.25,29,0.494,120,11:00,22:00,True,True,True,0.273
P0026,Royal Heritage Site Delhi 26,Delhi,historical,palace,"A palace in Delhi focused on heritage, history.",heritage|history,28.495249,77.041518,4,4.25,154,0.424,120,11:00,20:00,True,False,True,0.781
P0027,Heritage Local Restaurant Bengaluru 27,Bengaluru,food,street_food,"A street food in Bengaluru focused on food, neighborhood, local.",food|neighborhood|local,12.939584,77.566996,3,3.8,509,0.572,30,11:00,19:00,False,False,True,0.848
P0028,Traditional Local Restaurant Bengaluru 28,Bengaluru,food,local_restaurant,"A local restaurant in Bengaluru focused on food, local, neighborhood.",food|local|neighborhood,13.042825,77.49071,4,4.56,748,0.679,90,10:00,19:00,False,True,False,0.84
P0029,Traditional Street Food Bengaluru 29,Bengaluru,food,local_restaurant,"A local restaurant in Bengaluru focused on local, authentic, neighborhood, food.",local|authentic|neighborhood|food,13.149972,77.554988,2,3.72,168,0.331,30,09:00,18:00,True,False,True,0.257
P0030,Historic Fort Mumbai 30,Mumbai,historical,palace,"A palace in Mumbai focused on architecture, culture.",architecture|culture,19.237652,72.787835,4,4.25,788,0.706,150,09:00,17:00,False,False,True,0.712
P0031,Hidden Street Food Delhi 31,Delhi,food,street_food,"A street food in Delhi focused on authentic, local.",authentic|local,28.609824,77.180761,4,3.88,195,0.57,30,11:00,19:00,False,False,True,0.464
P0032,Royal Nightlife Delhi 32,Delhi,entertainment,nightlife,"A nightlife in Delhi focused on nightlife, entertainment, experience.",nightlife|entertainment|experience,28.580672,77.215513,3,3.6,58,0.515,45,11:00,21:00,False,True,True,0.858
P0033,Urban Adventure Mumbai 33,Mumbai,activity,walking_tour,"A walking tour in Mumbai focused on fun, interactive, activity, experience.",fun|interactive|activity|experience,19.019119,73.058112,1,4.47,1245,0.868,90,11:00,21:00,False,False,True,0.516
P0034,Nature Waterfall Goa 34,Goa,nature,garden,"A garden in Goa focused on scenic, outdoor, relaxation, nature.",scenic|outdoor|relaxation|nature,15.526715,73.853103,3,4.07,815,0.693,90,10:00,19:00,False,True,True,0.164
P0035,Lakeside Garden Mumbai 35,Mumbai,nature,garden,"A garden in Mumbai focused on scenic, nature, relaxation, outdoor.",scenic|nature|relaxation|outdoor,18.996775,72.956355,2,4.26,112,0.39,60,08:00,22:00,False,True,False,0.576
P0036,Hidden Street Food Pune 36,Pune,food,street_food,"A street food in Pune focused on local, food.",local|food,18.543879,73.838094,4,4.26,1549,0.95,30,11:00,20:00,True,True,True,0.192
P0037,Lakeside Waterfall Pune 37,Pune,nature,park,"A park in Pune focused on outdoor, scenic, relaxation, nature.",outdoor|scenic|relaxation|nature,18.561615,73.833235,4,4.08,1599,1.0,120,11:00,19:00,False,True,False,0.144
P0038,Ancient Monument Goa 38,Goa,historical,palace,"A palace in Goa focused on history, heritage.",history|heritage,15.345946,73.975996,4,2.92,656,0.682,90,10:00,17:00,True,False,True,0.481
P0039,Riverside Garden Delhi 39,Delhi,nature,garden,"A garden in Delhi focused on scenic, nature.",scenic|nature,28.484433,76.962405,1,4.14,170,0.304,180,10:00,21:00,False,True,True,0.168
P0040,Metro Nightlife Goa 40,Goa,entertainment,nightlife,"A nightlife in Goa focused on nightlife, experience, social.",nightlife|experience|social,15.282177,73.71993,1,4.14,22,0.249,150,08:00,22:00,False,True,False,0.216
P0041,Art Art Goa 41,Goa,museum,cultural,"A cultural in Goa focused on history, culture.",history|culture,15.503914,73.945863,4,4.0,375,0.485,150,08:00,18:00,False,False,True,0.948
P0042,Old Palace Bengaluru 42,Bengaluru,historical,monument,"A monument in Bengaluru focused on history, architecture, heritage.",history|architecture|heritage,12.92572,77.484776,4,4.77,131,0.316,120,10:00,21:00,False,True,False,0.243
P0043,Grand Theater Goa 43,Goa,entertainment,nightlife,"A nightlife in Goa focused on social, nightlife, entertainment, experience.",social|nightlife|entertainment|experience,15.29857,74.186573,1,3.74,134,0.441,30,09:00,17:00,False,True,False,0.523
P0044,Grand Nightlife Bengaluru 44,Bengaluru,entertainment,nightlife,"A nightlife in Bengaluru focused on social, nightlife, entertainment.",social|nightlife|entertainment,12.923119,77.61538,1,4.51,363,0.486,180,11:00,19:00,False,True,False,0.319
P0045,Royal Nightlife Mumbai 45,Mumbai,entertainment,nightlife,"A nightlife in Mumbai focused on experience, social, nightlife, entertainment.",experience|social|nightlife|entertainment,19.020793,72.943171,2,3.86,453,0.597,45,11:00,17:00,False,True,False,0.412
P0046,City Science Pune 46,Pune,museum,science,"A science in Pune focused on museum, education, culture.",museum|education|culture,18.62394,73.924838,1,4.14,782,0.812,90,09:00,17:00,False,False,True,0.708
P0047,Old Food District Delhi 47,Delhi,neighborhood,old_town,"A old town in Delhi focused on local, culture, authentic.",local|culture|authentic,28.63804,77.293719,2,3.78,165,0.484,60,09:00,22:00,True,False,False,0.719
P0048,Old Town Street Market Mumbai 48,Mumbai,shopping,market,"A market in Mumbai focused on market, local, souvenirs.",market|local|souvenirs,18.916097,73.02865,2,3.92,42,0.3,90,09:00,18:00,True,True,True,0.699
P0049,Open Air Nightlife Mumbai 49,Mumbai,entertainment,theater,"A theater in Mumbai focused on nightlife, experience, entertainment.",nightlife|experience|entertainment,19.06085,72.983394,1,4.23,334,0.516,60,10:00,22:00,False,False,True,0.337
P0050,Lakeside Beach Pune 50,Pune,nature,garden,"A garden in Pune focused on scenic, nature, outdoor, relaxation.",scenic|nature|outdoor|relaxation,18.564385,73.864962,1,4.1,184,0.486,150,08:00,21:00,False,False,False,0.787
P0051,Lakeside Waterfall Mumbai 51,Mumbai,nature,beach,"A beach in Mumbai focused on outdoor, scenic, nature, relaxation.",outdoor|scenic|nature|relaxation,19.137218,73.002325,3,3.46,147,0.515,30,10:00,22:00,True,False,True,0.445
P0052,Discovery Walking Tour Delhi 52,Delhi,activity,walking_tour,"A walking tour in Delhi focused on fun, interactive, experience.",fun|interactive|experience,28.699142,76.978485,1,3.95,93,0.403,30,09:00,18:00,False,False,False,0.969
P0053,Old Food District Pune 53,Pune,neighborhood,local_area,"A local area in Pune focused on culture, authentic, neighborhood.",culture|authentic|neighborhood,18.502892,73.774718,3,4.03,397,0.418,45,11:00,17:00,False,False,True,0.63
P0054,Artisan Cultural District Goa 54,Goa,neighborhood,local_area,"A local area in Goa focused on authentic, local, culture.",authentic|local|culture,15.305911,74.173131,2,4.95,301,0.693,45,11:00,20:00,False,False,True,0.563
P0055,Royal Heritage Site Bengaluru 55,Bengaluru,historical,heritage_site,"A heritage site in Bengaluru focused on history, architecture, heritage.",history|architecture|heritage,13.034696,77.731716,2,4.22,223,0.467,45,10:00,17:00,False,True,False,0.663
P0056,Nature Waterfall Goa 56,Goa,nature,park,"A park in Goa focused on outdoor, scenic.",outdoor|scenic,15.629604,74.112096,1,3.24,237,0.286,60,09:00,18:00,False,True,False,0.576
P0057,Adventure Walking Tour Mumbai 57,Mumbai,activity,workshop,"A workshop in Mumbai focused on experience, activity, interactive.",experience|activity|interactive,19.176025,72.958594,2,4.13,4702,1.0,180,08:00,18:00,True,False,True,0.358
P0058,City Art Pune 58,Pune,museum,cultural,"A cultural in Pune focused on history, culture, museum.",history|culture|museum,18.555217,73.899133,4,4.01,351,0.535,120,08:00,22:00,False,False,True,0.485
P0059,Old Local Area Bengaluru 59,Bengaluru,neighborhood,food_district,"A food district in Bengaluru focused on local, authentic, neighborhood.",local|authentic|neighborhood,13.055829,77.597081,2,4.08,60,0.254,60,10:00,20:00,False,True,True,0.625
P0060,Green Park Delhi 60,Delhi,nature,garden,"A garden in Delhi focused on relaxation, outdoor, scenic.",relaxation|outdoor|scenic,28.585466,76.964247,1,4.61,603,0.611,60,10:00,19:00,False,False,True,0.137
P0061,Old Palace Bengaluru 61,Bengaluru,historical,monument,"A monument in Bengaluru focused on architecture, culture, history, heritage.",architecture|culture|history|heritage,13.093531,77.616911,3,4.46,82,0.566,180,11:00,22:00,True,True,True,0.148
P0062,Grand Theater Mumbai 62,Mumbai,entertainment,live_music,"A live music in Mumbai focused on nightlife, entertainment, social, experience.",nightlife|entertainment|social|experience,19.196546,72.87254,4,4.73,45,0.553,180,08:00,21:00,False,False,True,0.221
P0063,Hidden Local Restaurant Goa 63,Goa,food,cafe,"A cafe in Goa focused on local, neighborhood, authentic.",local|neighborhood|authentic,15.597945,73.983161,1,4.36,3389,1.0,45,11:00,20:00,False,True,True,0.358
P0064,Art Cultural Pune 64,Pune,museum,history_museum,"A history museum in Pune focused on education, culture.",education|culture,18.600887,73.759952,4,3.65,124,0.408,90,11:00,19:00,True,True,True,0.155
P0065,Local Local Crafts Delhi 65,Delhi,shopping,market,"A market in Delhi focused on shopping, souvenirs.",shopping|souvenirs,28.516156,77.342223,3,4.14,133,0.598,180,09:00,19:00,False,True,True,0.459
P0066,Hill Park Delhi 66,Delhi,nature,beach,"A beach in Delhi focused on relaxation, nature.",relaxation|nature,28.471623,77.280882,4,3.4,265,0.612,180,10:00,21:00,False,True,True,0.325
P0067,City Art Goa 67,Goa,museum,cultural,"A cultural in Goa focused on history, museum.",history|museum,15.58281,74.159885,2,3.62,431,0.527,90,08:00,20:00,False,False,True,0.79
P0068,Nature Garden Delhi 68,Delhi,nature,beach,"A beach in Delhi focused on outdoor, nature, scenic, relaxation.",outdoor|nature|scenic|relaxation,28.55533,77.329112,3,3.69,1571,0.96,120,09:00,22:00,True,False,True,0.491
P0069,Urban Family Activity Delhi 69,Delhi,activity,walking_tour,"A walking tour in Delhi focused on fun, experience, activity.",fun|experience|activity,28.495287,76.884143,3,3.75,166,0.44,60,11:00,20:00,True,True,True,0.662
P0070,Heritage Local Restaurant Bengaluru 70,Bengaluru,food,food_experience,"A food experience in Bengaluru focused on authentic, neighborhood.",authentic|neighborhood,13.122715,77.621497,4,4.47,55,0.424,30,11:00,17:00,False,False,False,0.13
P0071,Grand Theater Mumbai 71,Mumbai,entertainment,nightlife,"A nightlife in Mumbai focused on nightlife, social, experience.",nightlife|social|experience,19.083424,72.963432,4,4.2,1174,1.0,150,08:00,22:00,False,True,True,0.694
P0072,Art Art Delhi 72,Delhi,museum,science,"A science in Delhi focused on education, history, culture.",education|history|culture,28.474451,77.181806,2,3.38,305,0.515,30,10:00,21:00,False,False,False,0.687
P0073,Discovery Adventure Bengaluru 73,Bengaluru,activity,adventure,"A adventure in Bengaluru focused on fun, experience.",fun|experience,12.958779,77.504079,2,4.22,625,0.572,45,09:00,17:00,False,False,True,0.563
P0074,National Science Goa 74,Goa,museum,cultural,"A cultural in Goa focused on culture, education, history, museum.",culture|education|history|museum,15.311701,73.790423,4,3.54,50,0.327,150,09:00,20:00,False,False,False,0.272
P0075,Nature Park Bengaluru 75,Bengaluru,nature,beach,"A beach in Bengaluru focused on relaxation, outdoor, scenic.",relaxation|outdoor|scenic,13.053492,77.621126,4,4.33,349,0.712,180,09:00,21:00,True,True,True,0.88
P0076,Historic Palace Delhi 76,Delhi,historical,monument,"A monument in Delhi focused on heritage, culture, history.",heritage|culture|history,28.475163,76.930156,2,4.21,370,0.663,60,08:00,20:00,True,True,True,0.995
P0077,Adventure Workshop Pune 77,Pune,activity,adventure,"A adventure in Pune focused on experience, activity.",experience|activity,18.617835,73.879992,3,3.79,323,0.656,90,09:00,22:00,False,True,False,0.068
P0078,Artisan Cultural District Delhi 78,Delhi,neighborhood,local_area,"A local area in Delhi focused on local, authentic.",local|authentic,28.682852,76.96882,4,4.23,103,0.481,120,11:00,17:00,True,False,True,0.066
P0079,Central Mall Mumbai 79,Mumbai,shopping,local_crafts,"A local crafts in Mumbai focused on souvenirs, shopping, market, local.",souvenirs|shopping|market|local,18.900548,72.873486,1,4.94,432,0.775,120,08:00,20:00,False,True,True,0.405
P0080,Family Adventure Pune 80,Pune,activity,workshop,"A workshop in Pune focused on fun, activity, interactive, experience.",fun|activity|interactive|experience,18.596588,73.875651,3,3.56,538,0.705,45,11:00,22:00,False,True,True,0.73
P0081,Green Beach Goa 81,Goa,nature,park,"A park in Goa focused on scenic, relaxation, outdoor.",scenic|relaxation|outdoor,15.566444,74.142895,4,3.66,629,0.555,180,09:00,19:00,False,False,False,0.365
P0082,Artisan Old Town Bengaluru 82,Bengaluru,neighborhood,food_district,"A food district in Bengaluru focused on authentic, culture.",authentic|culture,13.118391,77.565993,4,4.62,91,0.401,180,10:00,17:00,False,True,True,0.831
P0083,Royal Heritage Site Goa 83,Goa,historical,fort,"A fort in Goa focused on culture, history, heritage.",culture|history|heritage,15.381168,73.84782,3,4.53,401,0.563,150,10:00,21:00,False,True,False,0.951
P0084,Modern Science Goa 84,Goa,museum,art,"A art in Goa focused on museum, history, education.",museum|history|education,15.307112,74.003786,2,4.47,2383,1.0,60,10:00,20:00,False,True,True,0.477
P0085,Heritage Palace Bengaluru 85,Bengaluru,historical,palace,"A palace in Bengaluru focused on architecture, history, culture, heritage.",architecture|history|culture|heritage,13.008838,77.56941,2,3.99,99,0.419,90,08:00,19:00,False,False,True,0.631
P0086,Modern History Museum Pune 86,Pune,museum,art,"A art in Pune focused on museum, education, culture.",museum|education|culture,18.540409,73.929736,3,3.7,91,0.474,120,10:00,19:00,False,False,False,0.656
P0087,Riverside Park Pune 87,Pune,nature,waterfall,"A waterfall in Pune focused on scenic, outdoor, nature.",scenic|outdoor|nature,18.497347,73.848804,1,4.07,368,0.392,90,11:00,21:00,False,True,True,0.169
P0088,Grand Cinema Bengaluru 88,Bengaluru,entertainment,theater,"A theater in Bengaluru focused on social, entertainment, experience, nightlife.",social|entertainment|experience|nightlife,12.8885,77.698716,1,4.22,660,0.689,60,09:00,18:00,False,False,True,0.944
P0089,Nature Beach Goa 89,Goa,nature,beach,"A beach in Goa focused on nature, scenic, relaxation, outdoor.",nature|scenic|relaxation|outdoor,15.300068,73.851412,2,4.11,1400,1.0,150,10:00,21:00,True,False,True,0.951
P0090,Local Old Town Mumbai 90,Mumbai,neighborhood,local_area,"A local area in Mumbai focused on culture, neighborhood, local.",culture|neighborhood|local,19.074313,72.969507,4,3.98,6400,1.0,30,08:00,18:00,False,True,True,0.626
P0091,Heritage Cultural District Goa 91,Goa,neighborhood,cultural_district,"A cultural district in Goa focused on culture, local.",culture|local,15.554266,73.95749,4,4.38,87,0.301,90,09:00,18:00,True,True,True,0.635
P0092,Family Walking Tour Goa 92,Goa,activity,workshop,"A workshop in Goa focused on interactive, experience, fun, activity.",interactive|experience|fun|activity,15.555249,73.949133,1,3.62,436,0.409,90,11:00,18:00,True,True,True,0.52
P0093,Traditional Local Restaurant Delhi 93,Delhi,food,local_restaurant,"A local restaurant in Delhi focused on authentic, food, neighborhood, local.",authentic|food|neighborhood|local,28.579278,77.291228,4,4.0,576,0.477,120,09:00,19:00,False,True,True,0.776
P0094,Old Monument Mumbai 94,Mumbai,historical,heritage_site,"A heritage site in Mumbai focused on architecture, history, culture, heritage.",architecture|history|culture|heritage,19.030619,73.095376,1,4.31,224,0.332,45,10:00,20:00,False,True,False,0.183
P0095,Old Food District Mumbai 95,Mumbai,neighborhood,old_town,"A old town in Mumbai focused on authentic, culture, neighborhood, local.",authentic|culture|neighborhood|local,19.107804,72.92756,1,3.72,39,0.332,150,08:00,20:00,False,False,True,0.704
P0096,Hill Park Goa 96,Goa,nature,park,"A park in Goa focused on relaxation, nature, scenic, outdoor.",relaxation|nature|scenic|outdoor,15.483409,73.785256,1,3.9,683,0.569,90,10:00,20:00,True,False,True,0.786
P0097,Riverside Beach Mumbai 97,Mumbai,nature,beach,"A beach in Mumbai focused on scenic, nature, outdoor.",scenic|nature|outdoor,19.249343,72.91743,3,4.2,54,0.425,150,10:00,21:00,False,False,True,0.334
P0098,Grand Nightlife Mumbai 98,Mumbai,entertainment,theater,"A theater in Mumbai focused on nightlife, social, entertainment, experience.",nightlife|social|entertainment|experience,19.067931,72.946171,4,4.18,388,0.67,180,09:00,19:00,True,False,True,0.928
P0099,Lakeside Park Mumbai 99,Mumbai,nature,beach,"A beach in Mumbai focused on nature, scenic.",nature|scenic,19.226558,72.99366,2,3.7,294,0.402,150,09:00,22:00,True,True,True,0.499
P0100,City History Museum Delhi 100,Delhi,museum,cultural,"A cultural in Delhi focused on history, education, museum.",history|education|museum,28.645868,77.290324,3,4.13,62,0.347,150,08:00,17:00,False,True,True,0.858
P0101,National Cultural Bengaluru 101,Bengaluru,museum,art,"A art in Bengaluru focused on culture, education, history.",culture|education|history,13.149152,77.569098,1,4.26,479,0.432,120,08:00,19:00,False,False,True,0.519
P0102,Riverside Park Goa 102,Goa,nature,park,"A park in Goa focused on scenic, relaxation, nature, outdoor.",scenic|relaxation|nature|outdoor,15.382274,74.06556,3,4.59,866,0.896,120,09:00,18:00,False,True,True,0.456
P0103,Ancient Fort Bengaluru 103,Bengaluru,historical,palace,"A palace in Bengaluru focused on history, heritage.",history|heritage,13.144506,77.593236,4,3.48,79,0.292,180,10:00,19:00,False,False,True,0.671
P0104,Metro Nightlife Pune 104,Pune,entertainment,theater,"A theater in Pune focused on nightlife, experience, entertainment, social.",nightlife|experience|entertainment|social,18.481943,73.887215,3,4.33,453,0.635,45,09:00,20:00,True,False,True,0.445
P0105,Lakeside Beach Delhi 105,Delhi,nature,waterfall,"A waterfall in Delhi focused on relaxation, scenic.",relaxation|scenic,28.654103,77.147907,3,4.33,24916,1.0,120,08:00,17:00,False,False,True,0.56
P0106,City Nightlife Delhi 106,Delhi,entertainment,cinema,"A cinema in Delhi focused on entertainment, nightlife, social.",entertainment|nightlife|social,28.654089,77.208459,1,4.36,955,0.806,120,11:00,20:00,False,True,True,0.343
P0107,Street Street Food Goa 107,Goa,food,cafe,"A cafe in Goa focused on local, authentic, neighborhood.",local|authentic|neighborhood,15.481325,73.722645,1,4.53,534,0.812,90,08:00,19:00,False,False,False,0.979
P0108,Open Air Nightlife Bengaluru 108,Bengaluru,entertainment,nightlife,"A nightlife in Bengaluru focused on social, nightlife, experience, entertainment.",social|nightlife|experience|entertainment,12.962694,77.654819,2,3.96,608,0.819,90,09:00,22:00,False,False,False,0.98
P0109,Old Cultural District Delhi 109,Delhi,neighborhood,cultural_district,"A cultural district in Delhi focused on neighborhood, culture, local.",neighborhood|culture|local,28.524254,77.02308,1,3.75,184,0.554,90,08:00,18:00,True,True,True,0.618
P0110,Heritage Cultural District Pune 110,Pune,neighborhood,food_district,"A food district in Pune focused on neighborhood, culture.",neighborhood|culture,18.496868,73.793454,3,3.88,269,0.397,150,10:00,21:00,False,False,True,0.337
P0111,Craft Local Crafts Bengaluru 111,Bengaluru,shopping,mall,"A mall in Bengaluru focused on local, market, souvenirs, shopping.",local|market|souvenirs|shopping,12.868287,77.734556,1,5.0,26,0.602,150,11:00,21:00,False,True,True,0.408
P0112,Riverside Park Mumbai 112,Mumbai,nature,beach,"A beach in Mumbai focused on nature, scenic, outdoor.",nature|scenic|outdoor,19.200139,72.800523,4,4.41,35,0.431,45,11:00,18:00,False,True,True,0.477
P0113,Hill Waterfall Delhi 113,Delhi,nature,park,"A park in Delhi focused on nature, relaxation, scenic, outdoor.",nature|relaxation|scenic|outdoor,28.530538,77.186836,4,3.89,903,0.674,60,10:00,17:00,True,True,True,0.76
P0114,Lakeside Beach Delhi 114,Delhi,nature,garden,"A garden in Delhi focused on relaxation, outdoor, scenic.",relaxation|outdoor|scenic,28.724538,77.12604,3,4.13,67,0.328,120,11:00,20:00,True,False,True,0.848
P0115,Local Old Town Goa 115,Goa,neighborhood,local_area,"A local area in Goa focused on local, neighborhood.",local|neighborhood,15.47501,73.810637,4,3.78,553,0.541,45,10:00,18:00,False,False,True,0.672
P0116,City Nightlife Bengaluru 116,Bengaluru,entertainment,nightlife,"A nightlife in Bengaluru focused on social, nightlife.",social|nightlife,12.90047,77.688493,4,3.77,317,0.396,120,08:00,21:00,True,False,False,0.685
P0117,Nature Garden Mumbai 117,Mumbai,nature,park,"A park in Mumbai focused on relaxation, outdoor, nature, scenic.",relaxation|outdoor|nature|scenic,19.147509,72.7532,4,4.12,111,0.261,120,11:00,17:00,True,False,True,0.322
P0118,Royal Fort Mumbai 118,Mumbai,historical,fort,"A fort in Mumbai focused on architecture, heritage, culture, history.",architecture|heritage|culture|history,19.083535,72.834339,1,5.0,523,0.616,90,11:00,21:00,True,False,True,0.837
P0119,Heritage Cultural District Pune 119,Pune,neighborhood,food_district,"A food district in Pune focused on local, culture, authentic, neighborhood.",local|culture|authentic|neighborhood,18.525434,73.845201,4,3.19,306,0.593,150,10:00,21:00,False,False,False,0.923
P0120,Metro Nightlife Delhi 120,Delhi,entertainment,theater,"A theater in Delhi focused on entertainment, experience, social.",entertainment|experience|social,28.463969,76.887174,1,3.8,680,0.833,120,09:00,22:00,False,False,True,0.586
P0121,Cultural Adventure Delhi 121,Delhi,activity,family_activity,"A family activity in Delhi focused on activity, fun, experience, interactive.",activity|fun|experience|interactive,28.676683,76.919975,1,3.74,213,0.436,180,08:00,19:00,False,True,True,0.97
P0122,Royal Nightlife Goa 122,Goa,entertainment,nightlife,"A nightlife in Goa focused on experience, entertainment, social.",experience|entertainment|social,15.341255,73.976519,1,4.33,691,0.798,60,09:00,22:00,True,True,True,0.795
P0123,Urban Walking Tour Goa 123,Goa,activity,adventure,"A adventure in Goa focused on fun, experience, activity.",fun|experience|activity,15.286608,74.17148,2,3.56,163,0.282,90,11:00,21:00,False,True,True,0.386
P0124,Local Street Food Bengaluru 124,Bengaluru,food,street_food,"A street food in Bengaluru focused on food, authentic, local, neighborhood.",food|authentic|local|neighborhood,12.974143,77.683751,2,3.89,111,0.293,60,10:00,20:00,True,True,True,0.335
P0125,Nature Waterfall Goa 125,Goa,nature,garden,"A garden in Goa focused on outdoor, relaxation.",outdoor|relaxation,15.487523,73.797774,1,4.89,397,0.755,60,11:00,19:00,False,True,False,0.668
P0126,Discovery Adventure Goa 126,Goa,activity,workshop,"A workshop in Goa focused on fun, experience, interactive.",fun|experience|interactive,15.441604,73.788819,2,3.53,736,0.622,60,11:00,19:00,True,True,True,0.568
P0127,Nature Garden Bengaluru 127,Bengaluru,nature,garden,"A garden in Bengaluru focused on relaxation, scenic.",relaxation|scenic,13.089306,77.699385,4,5.0,844,0.679,60,09:00,19:00,False,False,False,0.12
P0128,Cultural Local Area Delhi 128,Delhi,neighborhood,food_district,"A food district in Delhi focused on local, authentic, culture.",local|authentic|culture,28.613094,77.24536,3,3.42,136,0.29,120,08:00,21:00,False,False,True,0.765
P0129,Royal Fort Pune 129,Pune,historical,monument,"A monument in Pune focused on heritage, culture, architecture, history.",heritage|culture|architecture|history,18.4944,73.899371,4,4.67,104,0.551,120,09:00,19:00,False,True,True,0.925
P0130,Urban Workshop Mumbai 130,Mumbai,activity,walking_tour,"A walking tour in Mumbai focused on interactive, experience, fun, activity.",interactive|experience|fun|activity,19.020073,73.024494,4,4.3,619,0.746,90,10:00,17:00,False,False,True,0.857
P0131,City History Museum Mumbai 131,Mumbai,museum,history_museum,"A history museum in Mumbai focused on culture, history, museum.",culture|history|museum,19.015846,72.899229,2,3.68,227,0.51,90,11:00,17:00,False,False,True,0.458
P0132,Central Mall Mumbai 132,Mumbai,shopping,market,"A market in Mumbai focused on local, souvenirs, market, shopping.",local|souvenirs|market|shopping,19.102072,73.029826,4,2.64,71,0.204,150,11:00,21:00,False,True,True,0.423
P0133,Metro Nightlife Goa 133,Goa,entertainment,live_music,"A live music in Goa focused on entertainment, nightlife, experience.",entertainment|nightlife|experience,15.575495,74.052994,3,3.99,54,0.265,60,08:00,18:00,False,True,True,0.617
P0134,Cultural Cultural Bengaluru 134,Bengaluru,museum,cultural,"A cultural in Bengaluru focused on culture, education, museum, history.",culture|education|museum|history,13.04065,77.65803,3,4.83,43,0.31,60,11:00,21:00,True,True,True,0.18
P0135,Open Air Cinema Bengaluru 135,Bengaluru,entertainment,nightlife,"A nightlife in Bengaluru focused on entertainment, nightlife.",entertainment|nightlife,13.063043,77.583156,1,3.9,286,0.602,45,10:00,17:00,False,True,True,0.484
P0136,Royal Heritage Site Delhi 136,Delhi,historical,monument,"A monument in Delhi focused on history, architecture, heritage.",history|architecture|heritage,28.682534,77.261641,2,4.75,43,0.603,30,09:00,19:00,False,True,True,0.869
P0137,Riverside Beach Pune 137,Pune,nature,waterfall,"A waterfall in Pune focused on relaxation, nature, scenic.",relaxation|nature|scenic,18.612141,73.867585,2,4.62,247,0.627,180,08:00,21:00,False,True,True,0.357
P0138,Grand Local Crafts Delhi 138,Delhi,shopping,market,"A market in Delhi focused on shopping, local, souvenirs.",shopping|local|souvenirs,28.490677,77.225047,2,3.66,426,0.462,150,10:00,18:00,False,False,True,0.599
P0139,Open Air Theater Bengaluru 139,Bengaluru,entertainment,cinema,"A cinema in Bengaluru focused on experience, nightlife.",experience|nightlife,13.040088,77.714038,3,4.19,119,0.506,60,11:00,20:00,False,True,False,0.746
P0140,Cultural Local Area Pune 140,Pune,neighborhood,cultural_district,"A cultural district in Pune focused on culture, neighborhood, authentic.",culture|neighborhood|authentic,18.643626,73.91497,3,4.13,154,0.467,45,11:00,19:00,False,False,True,0.645
P0141,City Cultural Pune 141,Pune,museum,cultural,"A cultural in Pune focused on culture, education, museum.",culture|education|museum,18.541304,73.948368,3,4.15,541,0.507,60,08:00,22:00,False,True,True,0.666
P0142,Lakeside Garden Goa 142,Goa,nature,garden,"A garden in Goa focused on outdoor, relaxation.",outdoor|relaxation,15.512194,74.051849,1,4.81,55,0.312,45,11:00,17:00,True,True,True,0.867
P0143,Lakeside Garden Pune 143,Pune,nature,garden,"A garden in Pune focused on scenic, outdoor.",scenic|outdoor,18.467866,73.911191,3,5.0,23,0.308,180,09:00,22:00,False,True,True,0.058
P0144,Green Waterfall Goa 144,Goa,nature,waterfall,"A waterfall in Goa focused on outdoor, nature, scenic.",outdoor|nature|scenic,15.617958,74.008038,2,4.03,495,0.688,120,11:00,19:00,False,True,True,0.313
P0145,Central Mall Delhi 145,Delhi,shopping,market,"A market in Delhi focused on local, market, shopping.",local|market|shopping,28.704368,77.179203,4,4.23,115,0.367,30,09:00,20:00,False,True,True,0.117
P0146,Art Cultural Goa 146,Goa,museum,cultural,"A cultural in Goa focused on culture, history, museum.",culture|history|museum,15.594326,73.98419,1,4.01,135,0.467,30,10:00,18:00,True,True,False,0.531
P0147,Old Old Town Bengaluru 147,Bengaluru,neighborhood,local_area,"A local area in Bengaluru focused on culture, local.",culture|local,13.042161,77.611297,3,3.83,678,0.524,45,09:00,21:00,False,True,False,0.667
P0148,Riverside Beach Bengaluru 148,Bengaluru,nature,park,"A park in Bengaluru focused on relaxation, scenic.",relaxation|scenic,12.923344,77.727388,1,4.26,106,0.369,150,09:00,17:00,True,True,True,0.522
P0149,Cultural Workshop Mumbai 149,Mumbai,activity,workshop,"A workshop in Mumbai focused on activity, interactive, experience, fun.",activity|interactive|experience|fun,19.162422,73.055711,3,4.5,353,0.567,60,08:00,20:00,False,True,True,0.589
P0150,Heritage Palace Goa 150,Goa,historical,fort,"A fort in Goa focused on history, culture.",history|culture,15.341362,73.954412,1,4.47,520,0.623,90,09:00,18:00,False,False,True,0.918
P0151,Riverside Park Goa 151,Goa,nature,garden,"A garden in Goa focused on scenic, nature.",scenic|nature,15.616342,73.859968,1,3.73,124,0.305,180,08:00,20:00,True,True,True,0.853
P0152,Open Air Cinema Delhi 152,Delhi,entertainment,cinema,"A cinema in Delhi focused on social, experience, nightlife.",social|experience|nightlife,28.560676,76.995798,4,4.44,508,0.8,180,09:00,22:00,False,False,True,0.056
P0153,Urban Workshop Mumbai 153,Mumbai,activity,adventure,"A adventure in Mumbai focused on interactive, fun, experience, activity.",interactive|fun|experience|activity,19.232847,72.750512,2,4.09,281,0.516,45,11:00,20:00,False,False,True,0.316
P0154,Cultural Old Town Delhi 154,Delhi,neighborhood,old_town,"A old town in Delhi focused on local, culture, authentic, neighborhood.",local|culture|authentic|neighborhood,28.587537,77.22395,1,4.67,120,0.495,30,11:00,22:00,False,True,True,0.349
P0155,Open Air Theater Goa 155,Goa,entertainment,theater,"A theater in Goa focused on entertainment, experience.",entertainment|experience,15.343444,74.171777,1,4.35,191,0.361,90,10:00,20:00,True,True,False,0.479
P0156,Heritage Heritage Site Pune 156,Pune,historical,palace,"A palace in Pune focused on history, culture, heritage, architecture.",history|culture|heritage|architecture,18.611519,73.810843,1,4.0,914,0.86,60,11:00,21:00,True,True,False,0.215
P0157,Nature Beach Delhi 157,Delhi,nature,park,"A park in Delhi focused on nature, relaxation.",nature|relaxation,28.588613,77.251948,1,4.47,649,0.806,45,09:00,18:00,False,True,True,0.662
P0158,Street Food Experience Pune 158,Pune,food,local_restaurant,"A local restaurant in Pune focused on local, food.",local|food,18.48955,73.879197,1,4.69,250,0.362,90,08:00,18:00,False,True,True,0.521
P0159,Discovery Workshop Mumbai 159,Mumbai,activity,workshop,"A workshop in Mumbai focused on experience, activity, fun.",experience|activity|fun,19.217906,72.846244,3,4.41,168,0.471,120,11:00,17:00,True,True,True,0.661
P0160,Hidden Street Food Delhi 160,Delhi,food,food_experience,"A food experience in Delhi focused on neighborhood, food, authentic, local.",neighborhood|food|authentic|local,28.684575,77.029556,3,4.25,209,0.369,60,09:00,17:00,False,False,True,0.992
P0161,Nature Park Delhi 161,Delhi,nature,waterfall,"A waterfall in Delhi focused on nature, relaxation, outdoor.",nature|relaxation|outdoor,28.48004,77.178432,3,4.14,499,0.759,180,09:00,18:00,True,True,True,0.391
P0162,National Science Goa 162,Goa,museum,history_museum,"A history museum in Goa focused on education, museum, culture.",education|museum|culture,15.584679,74.105201,1,3.73,3013,1.0,45,09:00,17:00,False,True,False,0.241
P0163,Family Family Activity Mumbai 163,Mumbai,activity,adventure,"A adventure in Mumbai focused on activity, fun.",activity|fun,18.90767,72.955313,3,3.65,56,0.544,60,11:00,21:00,True,True,True,0.2
P0164,City History Museum Goa 164,Goa,museum,science,"A science in Goa focused on history, culture.",history|culture,15.339295,73.994475,3,4.62,632,0.56,150,08:00,22:00,False,True,False,0.967
P0165,Cultural Family Activity Delhi 165,Delhi,activity,workshop,"A workshop in Delhi focused on experience, interactive, activity.",experience|interactive|activity,28.641894,76.902055,2,4.38,520,0.574,60,09:00,22:00,False,True,True,0.657
P0166,Central Local Crafts Pune 166,Pune,shopping,street_market,"A street market in Pune focused on shopping, market, souvenirs.",shopping|market|souvenirs,18.499908,73.763559,1,4.09,83,0.377,150,11:00,18:00,False,True,True,0.569
P0167,Green Beach Delhi 167,Delhi,nature,waterfall,"A waterfall in Delhi focused on scenic, nature.",scenic|nature,28.585386,77.249597,3,4.13,108,0.346,30,08:00,19:00,True,True,True,0.57
P0168,Grand Live Music Delhi 168,Delhi,entertainment,cinema,"A cinema in Delhi focused on experience, entertainment, nightlife, social.",experience|entertainment|nightlife|social,28.579397,77.176818,3,4.54,205,0.391,45,11:00,22:00,False,False,True,0.678
P0169,Street Local Restaurant Pune 169,Pune,food,food_experience,"A food experience in Pune focused on local, food.",local|food,18.564354,73.917971,1,3.73,166,0.411,60,11:00,18:00,True,True,True,0.978
P0170,Artisan Local Area Goa 170,Goa,neighborhood,food_district,"A food district in Goa focused on authentic, local.",authentic|local,15.445639,74.03052,3,4.29,124,0.58,60,09:00,20:00,True,True,True,0.845
P0171,Royal Palace Mumbai 171,Mumbai,historical,fort,"A fort in Mumbai focused on heritage, architecture, history.",heritage|architecture|history,19.133849,73.032863,4,3.73,327,0.62,90,11:00,21:00,False,True,True,0.908
P0172,City Cinema Pune 172,Pune,entertainment,live_music,"A live music in Pune focused on social, entertainment.",social|entertainment,18.639812,73.783433,1,4.21,133,0.419,150,11:00,18:00,False,True,False,0.295
P0173,Local Food District Bengaluru 173,Bengaluru,neighborhood,old_town,"A old town in Bengaluru focused on authentic, local.",authentic|local,13.106987,77.605906,4,3.89,323,0.392,120,08:00,17:00,False,True,True,0.559
P0174,Cultural Old Town Goa 174,Goa,neighborhood,food_district,"A food district in Goa focused on culture, neighborhood.",culture|neighborhood,15.478809,73.936523,2,3.45,45,0.409,150,11:00,17:00,False,False,True,0.097
P0175,Heritage Food Experience Goa 175,Goa,food,street_food,"A street food in Goa focused on neighborhood, authentic, local.",neighborhood|authentic|local,15.576954,73.851527,2,3.78,189,0.321,150,11:00,19:00,False,True,True,0.229
P0176,Cultural Walking Tour Bengaluru 176,Bengaluru,activity,adventure,"A adventure in Bengaluru focused on interactive, activity, fun.",interactive|activity|fun,13.004581,77.497692,2,4.24,1437,0.926,180,09:00,17:00,True,True,False,0.719
P0177,Artisan Cultural District Bengaluru 177,Bengaluru,neighborhood,local_area,"A local area in Bengaluru focused on authentic, local, neighborhood.",authentic|local|neighborhood,13.054352,77.522581,3,4.49,201,0.435,180,10:00,22:00,False,True,True,0.097
P0178,Riverside Garden Mumbai 178,Mumbai,nature,waterfall,"A waterfall in Mumbai focused on nature, outdoor.",nature|outdoor,18.994179,72.893328,2,4.09,73,0.464,120,08:00,18:00,False,False,True,0.969
P0179,Cultural Walking Tour Bengaluru 179,Bengaluru,activity,family_activity,"A family activity in Bengaluru focused on interactive, fun, activity, experience.",interactive|fun|activity|experience,12.9256,77.590009,3,4.09,173,0.479,120,10:00,19:00,False,True,True,0.313
P0180,Central Street Market Goa 180,Goa,shopping,street_market,"A street market in Goa focused on souvenirs, market.",souvenirs|market,15.309972,74.082737,3,4.25,90,0.491,150,08:00,22:00,False,True,False,0.434
P0181,Riverside Park Goa 181,Goa,nature,garden,"A garden in Goa focused on scenic, nature, relaxation, outdoor.",scenic|nature|relaxation|outdoor,15.612611,74.035934,1,4.33,1539,1.0,150,10:00,22:00,False,False,True,0.696
P0182,Discovery Adventure Mumbai 182,Mumbai,activity,workshop,"A workshop in Mumbai focused on fun, experience, interactive.",fun|experience|interactive,19.160473,72.85748,4,4.05,396,0.679,90,08:00,22:00,False,False,True,0.895
P0183,Local Mall Bengaluru 183,Bengaluru,shopping,local_crafts,"A local crafts in Bengaluru focused on local, souvenirs.",local|souvenirs,12.866219,77.706272,4,4.41,151,0.634,90,09:00,19:00,False,True,True,0.366
P0184,Traditional Local Restaurant Pune 184,Pune,food,food_experience,"A food experience in Pune focused on food, neighborhood.",food|neighborhood,18.504706,73.902239,1,4.2,248,0.367,90,11:00,20:00,False,True,True,0.557
P0185,Riverside Garden Goa 185,Goa,nature,park,"A park in Goa focused on outdoor, scenic.",outdoor|scenic,15.520699,74.013343,3,4.14,96,0.359,30,11:00,21:00,False,True,False,0.333
P0186,Discovery Workshop Delhi 186,Delhi,activity,family_activity,"A family activity in Delhi focused on interactive, experience, activity.",interactive|experience|activity,28.716392,77.347736,2,4.11,444,0.737,180,11:00,17:00,True,False,True,0.747
P0187,Urban Walking Tour Pune 187,Pune,activity,adventure,"A adventure in Pune focused on activity, fun, interactive, experience.",activity|fun|interactive|experience,18.525038,73.878064,1,4.75,773,0.602,30,11:00,20:00,False,True,True,0.195
P0188,Historic Heritage Site Bengaluru 188,Bengaluru,historical,monument,"A monument in Bengaluru focused on history, architecture, culture.",history|architecture|culture,13.036839,77.660218,3,5.0,97,0.334,30,11:00,18:00,False,False,False,0.974
P0189,Modern History Museum Goa 189,Goa,museum,art,"A art in Goa focused on history, culture, museum, education.",history|culture|museum|education,15.469256,74.155178,1,4.49,304,0.596,30,11:00,18:00,False,False,True,0.737
P0190,Local Street Market Bengaluru 190,Bengaluru,shopping,mall,"A mall in Bengaluru focused on shopping, local.",shopping|local,12.989283,77.479943,3,5.0,92,0.572,60,11:00,22:00,True,False,False,0.059
P0191,Adventure Adventure Goa 191,Goa,activity,family_activity,"A family activity in Goa focused on activity, experience, fun, interactive.",activity|experience|fun|interactive,15.632036,73.834155,1,3.72,119,0.38,90,10:00,20:00,False,True,True,0.892
P0192,Traditional Street Food Mumbai 192,Mumbai,food,cafe,"A cafe in Mumbai focused on neighborhood, local, food.",neighborhood|local|food,18.9363,73.068929,3,3.14,130,0.429,180,09:00,20:00,False,True,True,0.094
P0193,Lakeside Garden Pune 193,Pune,nature,beach,"A beach in Pune focused on nature, outdoor, relaxation, scenic.",nature|outdoor|relaxation|scenic,18.55382,73.887648,3,3.76,293,0.552,150,11:00,18:00,False,True,False,0.102
P0194,Modern Art Bengaluru 194,Bengaluru,museum,art,"A art in Bengaluru focused on education, museum, history.",education|museum|history,13.075429,77.54619,4,4.25,2324,1.0,45,08:00,20:00,False,True,True,0.524
P0195,Traditional Food Experience Bengaluru 195,Bengaluru,food,local_restaurant,"A local restaurant in Bengaluru focused on local, neighborhood, food, authentic.",local|neighborhood|food|authentic,12.971032,77.46075,4,4.53,122,0.614,60,08:00,18:00,False,True,False,0.62
P0196,Royal Heritage Site Pune 196,Pune,historical,palace,"A palace in Pune focused on architecture, culture, heritage, history.",architecture|culture|heritage|history,18.450439,73.821028,1,3.7,441,0.697,90,09:00,22:00,False,True,True,0.236
P0197,Metro Nightlife Mumbai 197,Mumbai,entertainment,live_music,"A live music in Mumbai focused on entertainment, nightlife, experience.",entertainment|nightlife|experience,19.150876,72.787718,4,3.51,2203,1.0,120,09:00,20:00,True,False,True,0.461
P0198,National Cultural Delhi 198,Delhi,museum,history_museum,"A history museum in Delhi focused on education, history, culture.",education|history|culture,28.669148,76.914191,4,4.63,139,0.637,150,09:00,19:00,False,True,True,0.815
P0199,Craft Local Crafts Delhi 199,Delhi,shopping,mall,"A mall in Delhi focused on local, shopping, market, souvenirs.",local|shopping|market|souvenirs,28.663562,77.317756,3,3.33,1242,1.0,45,09:00,21:00,False,True,True,0.773
P0200,Heritage Local Area Delhi 200,Delhi,neighborhood,old_town,"A old town in Delhi focused on local, authentic.",local|authentic,28.713243,77.061193,4,4.05,1080,0.739,150,08:00,18:00,False,False,False,0.699
P0201,Green Park Goa 201,Goa,nature,park,"A park in Goa focused on outdoor, scenic, relaxation, nature.",outdoor|scenic|relaxation|nature,15.393473,73.926297,3,3.38,119,0.465,30,11:00,20:00,False,False,True,0.968
P0202,Riverside Beach Goa 202,Goa,nature,garden,"A garden in Goa focused on scenic, relaxation, nature, outdoor.",scenic|relaxation|nature|outdoor,15.581993,74.155743,3,4.1,258,0.478,150,08:00,18:00,False,False,True,0.089
P0203,Art History Museum Mumbai 203,Mumbai,museum,science,"A science in Mumbai focused on museum, history.",museum|history,18.901976,72.913216,3,3.9,516,0.636,180,10:00,20:00,False,True,True,0.722
P0204,Royal Fort Mumbai 204,Mumbai,historical,palace,"A palace in Mumbai focused on architecture, history.",architecture|history,19.045576,72.937963,2,3.62,206,0.506,60,10:00,19:00,True,False,True,0.997
P0205,Open Air Nightlife Goa 205,Goa,entertainment,live_music,"A live music in Goa focused on social, entertainment, experience, nightlife.",social|entertainment|experience|nightlife,15.611799,74.006851,1,4.15,453,0.546,120,10:00,17:00,False,False,True,0.813
P0206,Old Town Market Pune 206,Pune,shopping,street_market,"A street market in Pune focused on local, market.",local|market,18.514063,73.766469,1,4.42,63,0.469,45,09:00,22:00,False,True,True,0.718
P0207,Street Local Restaurant Mumbai 207,Mumbai,food,food_experience,"A food experience in Mumbai focused on local, neighborhood.",local|neighborhood,19.150904,72.76326,3,3.41,1133,0.876,120,09:00,19:00,False,True,True,0.351
P0208,Heritage Food Experience Delhi 208,Delhi,food,local_restaurant,"A local restaurant in Delhi focused on local, food, neighborhood, authentic.",local|food|neighborhood|authentic,28.676788,77.142804,3,4.25,99,0.469,60,11:00,20:00,False,False,True,0.557
P0209,Grand Street Market Delhi 209,Delhi,shopping,street_market,"A street market in Delhi focused on market, shopping, souvenirs, local.",market|shopping|souvenirs|local,28.539417,77.293489,1,4.8,281,0.368,120,11:00,21:00,False,True,True,0.754
P0210,Art Cultural Bengaluru 210,Bengaluru,museum,history_museum,"A history museum in Bengaluru focused on culture, museum, education.",culture|museum|education,12.905198,77.635065,1,4.63,265,0.649,120,11:00,22:00,False,True,True,0.143
P0211,Family Workshop Goa 211,Goa,activity,workshop,"A workshop in Goa focused on activity, interactive, experience.",activity|interactive|experience,15.518518,73.817266,4,5.0,2011,1.0,120,10:00,22:00,False,True,True,0.351
P0212,Urban Walking Tour Pune 212,Pune,activity,workshop,"A workshop in Pune focused on interactive, experience, fun, activity.",interactive|experience|fun|activity,18.607132,73.89244,3,3.99,785,0.86,90,11:00,19:00,False,True,True,0.663
P0213,Hill Waterfall Mumbai 213,Mumbai,nature,beach,"A beach in Mumbai focused on nature, relaxation, scenic, outdoor.",nature|relaxation|scenic|outdoor,19.156741,72.969317,2,4.39,1264,1.0,120,10:00,21:00,False,True,True,0.191
P0214,Local Local Crafts Delhi 214,Delhi,shopping,street_market,"A street market in Delhi focused on market, souvenirs, shopping.",market|souvenirs|shopping,28.58941,77.105206,2,3.67,557,0.731,180,09:00,21:00,True,True,True,0.588
P0215,Traditional Local Restaurant Goa 215,Goa,food,cafe,"A cafe in Goa focused on authentic, local, neighborhood.",authentic|local|neighborhood,15.554589,73.815875,2,4.58,29,0.423,180,10:00,20:00,False,True,True,0.982
P0216,Central Street Market Delhi 216,Delhi,shopping,mall,"A mall in Delhi focused on souvenirs, local, shopping.",souvenirs|local|shopping,28.623589,77.13508,3,3.57,21,0.32,45,11:00,19:00,False,True,False,0.893
P0217,Cultural Cultural Bengaluru 217,Bengaluru,museum,history_museum,"A history museum in Bengaluru focused on culture, museum.",culture|museum,12.873126,77.643043,2,3.98,578,0.586,150,08:00,22:00,True,False,True,0.507
P0218,Modern Art Mumbai 218,Mumbai,museum,cultural,"A cultural in Mumbai focused on culture, museum, education, history.",culture|museum|education|history,18.907856,72.765101,1,4.78,267,0.417,45,11:00,21:00,False,True,False,0.742
P0219,City Live Music Mumbai 219,Mumbai,entertainment,nightlife,"A nightlife in Mumbai focused on social, nightlife, entertainment.",social|nightlife|entertainment,19.203556,72.809698,3,4.83,46,0.321,150,10:00,20:00,False,True,True,0.176
P0220,Artisan Food District Delhi 220,Delhi,neighborhood,cultural_district,"A cultural district in Delhi focused on local, culture, authentic, neighborhood.",local|culture|authentic|neighborhood,28.631653,76.938711,4,3.33,228,0.5,120,08:00,22:00,False,True,True,0.091
P0221,City Cinema Mumbai 221,Mumbai,entertainment,nightlife,"A nightlife in Mumbai focused on entertainment, social, experience, nightlife.",entertainment|social|experience|nightlife,19.022681,73.031617,4,4.27,235,0.587,180,08:00,19:00,False,True,True,0.055
P0222,Street Cafe Delhi 222,Delhi,food,food_experience,"A food experience in Delhi focused on neighborhood, food, local.",neighborhood|food|local,28.646364,77.193883,2,3.17,219,0.406,120,10:00,19:00,False,True,True,0.312
P0223,Metro Nightlife Bengaluru 223,Bengaluru,entertainment,live_music,"A live music in Bengaluru focused on nightlife, experience, social.",nightlife|experience|social,12.961064,77.616473,4,3.51,546,0.679,180,08:00,22:00,True,False,False,0.145
P0224,Hidden Street Food Goa 224,Goa,food,cafe,"A cafe in Goa focused on food, neighborhood.",food|neighborhood,15.405641,74.017938,4,4.26,79,0.279,60,09:00,19:00,True,True,True,0.985
P0225,Heritage Local Restaurant Delhi 225,Delhi,food,cafe,"A cafe in Delhi focused on authentic, local.",authentic|local,28.642087,77.069486,1,3.87,68,0.498,120,09:00,21:00,True,True,True,0.05
P0226,Local Cultural District Goa 226,Goa,neighborhood,old_town,"A old town in Goa focused on local, culture.",local|culture,15.517865,73.902725,1,4.07,769,0.871,120,10:00,22:00,False,False,True,0.965
P0227,Hill Garden Delhi 227,Delhi,nature,garden,"A garden in Delhi focused on outdoor, relaxation, nature.",outdoor|relaxation|nature,28.728914,77.137453,1,3.66,448,0.561,60,08:00,21:00,False,False,False,0.596
P0228,Open Air Theater Delhi 228,Delhi,entertainment,live_music,"A live music in Delhi focused on experience, nightlife, entertainment.",experience|nightlife|entertainment,28.677242,77.330619,4,3.86,94,0.276,30,11:00,22:00,False,True,True,0.81
P0229,Heritage Cafe Delhi 229,Delhi,food,street_food,"A street food in Delhi focused on authentic, local, neighborhood, food.",authentic|local|neighborhood|food,28.524477,76.896505,3,4.05,70,0.358,120,10:00,18:00,False,False,False,0.524
P0230,Grand Mall Mumbai 230,Mumbai,shopping,street_market,"A street market in Mumbai focused on market, shopping, souvenirs, local.",market|shopping|souvenirs|local,18.980223,73.042229,1,3.85,58,0.455,150,11:00,21:00,True,False,False,0.856
P0231,Old Town Market Bengaluru 231,Bengaluru,shopping,local_crafts,"A local crafts in Bengaluru focused on market, local, shopping, souvenirs.",market|local|shopping|souvenirs,12.904862,77.679279,1,4.98,255,0.548,90,11:00,21:00,True,True,False,0.787
P0232,Grand Live Music Delhi 232,Delhi,entertainment,theater,"A theater in Delhi focused on experience, nightlife.",experience|nightlife,28.656763,76.85591,1,3.79,316,0.446,120,10:00,18:00,False,True,True,0.632
P0233,Heritage Cultural District Bengaluru 233,Bengaluru,neighborhood,cultural_district,"A cultural district in Bengaluru focused on authentic, neighborhood, culture.",authentic|neighborhood|culture,12.975728,77.675659,2,4.05,187,0.487,120,09:00,17:00,False,False,True,0.863
P0234,Grand Theater Mumbai 234,Mumbai,entertainment,cinema,"A cinema in Mumbai focused on nightlife, social, experience, entertainment.",nightlife|social|experience|entertainment,18.961813,72.924859,1,4.38,607,0.632,150,09:00,17:00,True,True,False,0.141
P0235,Adventure Workshop Goa 235,Goa,activity,walking_tour,"A walking tour in Goa focused on experience, fun, activity.",experience|fun|activity,15.387656,73.90588,3,3.86,122,0.372,150,11:00,22:00,False,True,True,0.491
P0236,Local Food District Goa 236,Goa,neighborhood,food_district,"A food district in Goa focused on culture, local.",culture|local,15.58956,73.735672,3,3.98,15,0.317,60,10:00,21:00,False,True,True,0.87
P0237,Cultural Art Bengaluru 237,Bengaluru,museum,history_museum,"A history museum in Bengaluru focused on education, history.",education|history,13.106264,77.487512,1,3.42,1261,0.812,90,08:00,17:00,True,False,True,0.075
P0238,Grand Local Crafts Pune 238,Pune,shopping,street_market,"A street market in Pune focused on market, shopping, souvenirs.",market|shopping|souvenirs,18.466862,73.936318,3,4.84,181,0.479,45,09:00,21:00,False,True,True,0.867
P0239,Central Street Market Bengaluru 239,Bengaluru,shopping,local_crafts,"A local crafts in Bengaluru focused on local, market, souvenirs, shopping.",local|market|souvenirs|shopping,12.890534,77.734546,3,4.36,355,0.696,90,09:00,17:00,False,True,True,0.338
P0240,Local Street Market Goa 240,Goa,shopping,local_crafts,"A local crafts in Goa focused on souvenirs, local, shopping.",souvenirs|local|shopping,15.46404,74.043885,4,5.0,937,0.951,120,09:00,17:00,False,True,False,0.465
P0241,Artisan Food District Bengaluru 241,Bengaluru,neighborhood,cultural_district,"A cultural district in Bengaluru focused on culture, neighborhood.",culture|neighborhood,12.928894,77.576672,3,4.04,77,0.381,180,08:00,18:00,True,True,True,0.48
P0242,Family Walking Tour Mumbai 242,Mumbai,activity,adventure,"A adventure in Mumbai focused on experience, activity.",experience|activity,18.953252,73.089401,3,3.38,312,0.404,150,11:00,22:00,True,True,True,0.256
P0243,Urban Workshop Bengaluru 243,Bengaluru,activity,family_activity,"A family activity in Bengaluru focused on experience, activity.",experience|activity,13.05908,77.459521,3,3.76,44,0.479,30,11:00,18:00,True,False,False,0.837
P0244,Grand Nightlife Bengaluru 244,Bengaluru,entertainment,live_music,"A live music in Bengaluru focused on entertainment, nightlife, experience.",entertainment|nightlife|experience,13.071286,77.460053,4,3.81,66,0.356,60,10:00,18:00,False,True,False,0.545
P0245,Hill Waterfall Goa 245,Goa,nature,beach,"A beach in Goa focused on nature, relaxation.",nature|relaxation,15.605008,74.131829,4,4.86,704,0.673,45,10:00,21:00,True,False,True,0.09
P0246,Historic Heritage Site Goa 246,Goa,historical,palace,"A palace in Goa focused on architecture, culture, history, heritage.",architecture|culture|history|heritage,15.313079,73.745701,3,4.1,1445,1.0,150,08:00,18:00,False,True,True,0.662
P0247,Hidden Cafe Mumbai 247,Mumbai,food,food_experience,"A food experience in Mumbai focused on neighborhood, authentic.",neighborhood|authentic,19.025359,72.797156,4,4.13,87,0.441,120,11:00,18:00,False,True,True,0.495
P0248,Cultural History Museum Pune 248,Pune,museum,cultural,"A cultural in Pune focused on history, museum, culture.",history|museum|culture,18.509135,73.80267,2,4.79,467,0.759,120,10:00,21:00,True,False,True,0.562
P0249,Open Air Nightlife Delhi 249,Delhi,entertainment,live_music,"A live music in Delhi focused on nightlife, entertainment, experience, social.",nightlife|entertainment|experience|social,28.633912,77.0113,1,3.63,194,0.561,45,09:00,17:00,True,True,True,0.592
P0250,Old Town Mall Delhi 250,Delhi,shopping,market,"A market in Delhi focused on shopping, souvenirs.",shopping|souvenirs,28.559906,77.152977,4,3.71,46,0.531,180,08:00,20:00,False,True,True,0.941
P0251,Craft Local Crafts Pune 251,Pune,shopping,market,"A market in Pune focused on local, market.",local|market,18.59686,73.916891,1,4.52,2419,1.0,45,11:00,18:00,True,False,True,0.95
P0252,Cultural Walking Tour Pune 252,Pune,activity,family_activity,"A family activity in Pune focused on experience, activity.",experience|activity,18.59051,73.835415,4,3.47,480,0.566,150,09:00,21:00,False,True,True,0.349
P0253,Heritage Old Town Bengaluru 253,Bengaluru,neighborhood,old_town,"A old town in Bengaluru focused on authentic, culture.",authentic|culture,13.032524,77.618943,3,3.81,136,0.378,90,11:00,20:00,True,True,True,0.065
P0254,Central Local Crafts Pune 254,Pune,shopping,street_market,"A street market in Pune focused on market, souvenirs, shopping, local.",market|souvenirs|shopping|local,18.492965,73.812981,1,3.83,86,0.391,45,09:00,19:00,False,True,True,0.821
P0255,Riverside Beach Delhi 255,Delhi,nature,park,"A park in Delhi focused on relaxation, scenic.",relaxation|scenic,28.667074,77.246452,1,4.12,90,0.455,60,08:00,22:00,False,True,False,0.926
P0256,Cultural Food District Bengaluru 256,Bengaluru,neighborhood,local_area,"A local area in Bengaluru focused on local, culture, neighborhood, authentic.",local|culture|neighborhood|authentic,13.110936,77.518015,3,4.22,230,0.498,60,09:00,19:00,False,True,True,0.745
P0257,Ancient Palace Delhi 257,Delhi,historical,palace,"A palace in Delhi focused on heritage, culture.",heritage|culture,28.579581,77.243184,1,3.99,82,0.403,150,08:00,21:00,False,True,True,0.785
P0258,Nature Park Bengaluru 258,Bengaluru,nature,garden,"A garden in Bengaluru focused on outdoor, nature, scenic, relaxation.",outdoor|nature|scenic|relaxation,12.968596,77.621399,4,3.84,605,0.577,120,08:00,17:00,False,True,True,0.355
P0259,National Science Goa 259,Goa,museum,science,"A science in Goa focused on culture, history, museum.",culture|history|museum,15.496488,74.19508,2,4.33,75,0.32,60,09:00,22:00,False,True,True,0.951
P0260,Urban Family Activity Pune 260,Pune,activity,adventure,"A adventure in Pune focused on experience, fun, activity.",experience|fun|activity,18.511024,73.844238,2,4.14,602,0.669,180,10:00,21:00,False,False,True,0.714
P0261,Street Local Restaurant Delhi 261,Delhi,food,street_food,"A street food in Delhi focused on authentic, local, food, neighborhood.",authentic|local|food|neighborhood,28.501096,76.992007,1,3.35,469,0.515,60,10:00,17:00,True,False,True,0.27
P0262,Metro Theater Goa 262,Goa,entertainment,cinema,"A cinema in Goa focused on entertainment, experience, nightlife.",entertainment|experience|nightlife,15.324567,73.950325,3,3.8,485,0.525,90,09:00,17:00,False,True,True,0.274
P0263,Local Local Crafts Pune 263,Pune,shopping,local_crafts,"A local crafts in Pune focused on market, shopping.",market|shopping,18.62808,73.912972,2,3.76,28,0.32,90,09:00,17:00,False,True,True,0.879
P0264,National History Museum Mumbai 264,Mumbai,museum,cultural,"A cultural in Mumbai focused on history, education, museum.",history|education|museum,19.239688,73.068407,2,3.37,259,0.513,120,09:00,18:00,False,False,True,0.178
P0265,Ancient Fort Goa 265,Goa,historical,fort,"A fort in Goa focused on history, heritage.",history|heritage,15.323654,74.119761,4,4.22,82,0.584,60,11:00,22:00,False,False,False,0.31
P0266,Modern History Museum Mumbai 266,Mumbai,museum,art,"A art in Mumbai focused on culture, education, museum.",culture|education|museum,19.166857,72.964194,2,4.39,33,0.475,60,08:00,22:00,False,True,False,0.495
P0267,Open Air Theater Bengaluru 267,Bengaluru,entertainment,nightlife,"A nightlife in Bengaluru focused on experience, entertainment.",experience|entertainment,12.891254,77.507978,3,4.07,57,0.562,45,09:00,18:00,True,False,False,0.874
P0268,Green Garden Bengaluru 268,Bengaluru,nature,garden,"A garden in Bengaluru focused on relaxation, scenic, outdoor, nature.",relaxation|scenic|outdoor|nature,12.97146,77.462548,1,3.81,259,0.489,90,11:00,17:00,False,True,True,0.985
P0269,Hidden Cafe Delhi 269,Delhi,food,cafe,"A cafe in Delhi focused on authentic, food, local.",authentic|food|local,28.537354,77.04902,4,3.71,154,0.358,30,09:00,20:00,False,True,True,0.158
P0270,Old Food District Bengaluru 270,Bengaluru,neighborhood,old_town,"A old town in Bengaluru focused on neighborhood, authentic, local, culture.",neighborhood|authentic|local|culture,12.985266,77.503664,3,4.55,122,0.525,150,09:00,22:00,False,True,True,0.652
P0271,Modern History Museum Delhi 271,Delhi,museum,cultural,"A cultural in Delhi focused on education, history.",education|history,28.615104,76.871953,2,4.48,63,0.309,45,09:00,22:00,True,True,True,0.963
P0272,Art Art Pune 272,Pune,museum,history_museum,"A history museum in Pune focused on history, culture.",history|culture,18.450707,73.903079,4,4.34,1380,1.0,30,11:00,18:00,True,False,True,0.47
P0273,Craft Street Market Mumbai 273,Mumbai,shopping,street_market,"A street market in Mumbai focused on market, shopping, souvenirs, local.",market|shopping|souvenirs|local,18.917122,72.80189,3,2.99,94,0.308,30,08:00,17:00,False,True,True,0.631
P0274,Adventure Adventure Bengaluru 274,Bengaluru,activity,adventure,"A adventure in Bengaluru focused on interactive, activity, experience.",interactive|activity|experience,12.877938,77.539788,1,4.36,191,0.406,45,08:00,22:00,False,True,True,0.249
P0275,Ancient Monument Pune 275,Pune,historical,heritage_site,"A heritage site in Pune focused on architecture, heritage, culture, history.",architecture|heritage|culture|history,18.594815,73.870956,3,4.27,118,0.591,120,11:00,21:00,False,True,False,0.889
P0276,Traditional Local Restaurant Mumbai 276,Mumbai,food,local_restaurant,"A local restaurant in Mumbai focused on food, authentic.",food|authentic,18.908395,72.968911,4,4.14,202,0.443,60,10:00,21:00,False,True,True,0.706
P0277,Local Local Crafts Goa 277,Goa,shopping,mall,"A mall in Goa focused on market, local, shopping.",market|local|shopping,15.556813,73.756918,2,4.63,332,0.449,180,10:00,22:00,False,True,True,0.179
P0278,Family Workshop Delhi 278,Delhi,activity,family_activity,"A family activity in Delhi focused on activity, fun, experience, interactive.",activity|fun|experience|interactive,28.685197,77.056977,1,4.25,149,0.352,150,10:00,19:00,True,True,False,0.372
P0279,Old Old Town Delhi 279,Delhi,neighborhood,cultural_district,"A cultural district in Delhi focused on culture, authentic, local.",culture|authentic|local,28.628558,77.282297,3,3.88,145,0.404,90,09:00,19:00,False,False,True,0.337
P0280,Lakeside Waterfall Pune 280,Pune,nature,park,"A park in Pune focused on outdoor, nature, relaxation.",outdoor|nature|relaxation,18.538755,73.754987,4,4.28,147,0.537,120,10:00,19:00,True,False,False,0.941
P0281,Royal Theater Pune 281,Pune,entertainment,nightlife,"A nightlife in Pune focused on nightlife, entertainment.",nightlife|entertainment,18.592735,73.854469,1,4.23,2952,1.0,30,08:00,21:00,False,False,True,0.771
P0282,Riverside Waterfall Mumbai 282,Mumbai,nature,beach,"A beach in Mumbai focused on nature, outdoor, relaxation.",nature|outdoor|relaxation,18.996827,72.861702,2,4.49,165,0.395,30,08:00,18:00,False,True,True,0.946
P0283,Old Heritage Site Mumbai 283,Mumbai,historical,monument,"A monument in Mumbai focused on history, culture, architecture.",history|culture|architecture,19.114642,72.868559,4,4.64,149,0.615,30,08:00,20:00,True,True,True,0.616
P0284,Cultural Family Activity Delhi 284,Delhi,activity,walking_tour,"A walking tour in Delhi focused on activity, experience, interactive, fun.",activity|experience|interactive|fun,28.5497,76.949074,4,3.18,72,0.225,60,11:00,20:00,True,True,False,0.636
P0285,Urban Walking Tour Mumbai 285,Mumbai,activity,walking_tour,"A walking tour in Mumbai focused on activity, experience, fun.",activity|experience|fun,19.058649,72.760592,4,3.26,160,0.531,60,10:00,21:00,False,True,True,0.729
P0286,Old Monument Delhi 286,Delhi,historical,monument,"A monument in Delhi focused on heritage, architecture, history.",heritage|architecture|history,28.609824,77.050408,2,4.11,1829,1.0,90,08:00,19:00,True,False,True,0.981
P0287,Hill Beach Delhi 287,Delhi,nature,waterfall,"A waterfall in Delhi focused on relaxation, nature, outdoor, scenic.",relaxation|nature|outdoor|scenic,28.648784,76.888947,1,4.25,188,0.585,45,10:00,20:00,True,True,False,0.783
P0288,Traditional Food Experience Bengaluru 288,Bengaluru,food,local_restaurant,"A local restaurant in Bengaluru focused on local, neighborhood, authentic, food.",local|neighborhood|authentic|food,12.915284,77.491675,3,4.47,17,0.368,120,11:00,18:00,True,False,True,0.805
P0289,Royal Palace Goa 289,Goa,historical,fort,"A fort in Goa focused on architecture, history.",architecture|history,15.494596,73.955212,3,4.21,617,0.804,30,08:00,22:00,False,False,True,0.318
P0290,Heritage Local Area Bengaluru 290,Bengaluru,neighborhood,old_town,"A old town in Bengaluru focused on neighborhood, culture, local.",neighborhood|culture|local,13.063532,77.57181,4,3.43,965,0.654,120,11:00,19:00,False,True,False,0.687
P0291,Traditional Cafe Pune 291,Pune,food,cafe,"A cafe in Pune focused on food, local, authentic.",food|local|authentic,18.594268,73.84734,4,4.25,148,0.58,180,11:00,21:00,True,True,True,0.478
P0292,Artisan Old Town Mumbai 292,Mumbai,neighborhood,local_area,"A local area in Mumbai focused on culture, neighborhood.",culture|neighborhood,19.102278,73.046381,3,4.38,3732,1.0,30,11:00,22:00,False,True,False,0.126
P0293,Historic Monument Bengaluru 293,Bengaluru,historical,fort,"A fort in Bengaluru focused on history, architecture, heritage, culture.",history|architecture|heritage|culture,12.923569,77.639199,3,4.18,329,0.544,30,11:00,20:00,False,True,True,0.45
P0294,Traditional Street Food Mumbai 294,Mumbai,food,street_food,"A street food in Mumbai focused on neighborhood, authentic.",neighborhood|authentic,19.15444,72.947297,2,3.89,88,0.435,150,10:00,22:00,False,True,True,0.53
P0295,Central Mall Mumbai 295,Mumbai,shopping,mall,"A mall in Mumbai focused on local, market.",local|market,19.20025,72.754971,2,4.47,87,0.493,60,09:00,19:00,False,True,True,0.551
P0296,Cultural Cultural Pune 296,Pune,museum,history_museum,"A history museum in Pune focused on history, museum, culture.",history|museum|culture,18.617523,73.900552,2,4.13,137,0.342,150,10:00,17:00,False,False,True,0.209
P0297,Metro Theater Goa 297,Goa,entertainment,live_music,"A live music in Goa focused on nightlife, entertainment, social.",nightlife|entertainment|social,15.40192,74.052804,1,4.32,365,0.481,180,11:00,20:00,False,False,True,0.089
P0298,Central Market Bengaluru 298,Bengaluru,shopping,mall,"A mall in Bengaluru focused on souvenirs, local, shopping.",souvenirs|local|shopping,12.931098,77.690695,2,4.57,132,0.47,150,09:00,19:00,False,False,False,0.061
P0299,Adventure Family Activity Bengaluru 299,Bengaluru,activity,workshop,"A workshop in Bengaluru focused on activity, fun.",activity|fun,13.067575,77.525569,1,3.98,75,0.253,120,09:00,21:00,False,False,True,0.864
P0300,Modern Art Delhi 300,Delhi,museum,art,"A art in Delhi focused on museum, education, culture.",museum|education|culture,28.658696,76.976668,3,3.9,384,0.637,150,10:00,19:00,True,True,False,0.414
P0301,Central Market Goa 301,Goa,shopping,street_market,"A street market in Goa focused on souvenirs, shopping.",souvenirs|shopping,15.42623,73.945861,4,4.44,80,0.296,120,11:00,18:00,False,True,True,0.296
P0302,Central Street Market Pune 302,Pune,shopping,local_crafts,"A local crafts in Pune focused on shopping, souvenirs, local, market.",shopping|souvenirs|local|market,18.453753,73.84954,2,4.49,1244,1.0,90,08:00,21:00,False,False,True,0.434
P0303,Local Cultural District Pune 303,Pune,neighborhood,food_district,"A food district in Pune focused on culture, authentic, neighborhood.",culture|authentic|neighborhood,18.474241,73.857061,4,4.29,2326,1.0,150,08:00,19:00,False,False,True,0.487
P0304,Heritage Food Experience Mumbai 304,Mumbai,food,food_experience,"A food experience in Mumbai focused on local, authentic, food.",local|authentic|food,19.131257,72.854605,4,3.75,54,0.242,150,11:00,22:00,True,True,True,0.997
P0305,Old Palace Bengaluru 305,Bengaluru,historical,monument,"A monument in Bengaluru focused on history, culture, heritage.",history|culture|heritage,12.999905,77.739486,1,3.3,1473,0.946,150,08:00,20:00,True,False,True,0.485
P0306,Green Park Delhi 306,Delhi,nature,park,"A park in Delhi focused on nature, outdoor, relaxation, scenic.",nature|outdoor|relaxation|scenic,28.461063,76.920795,2,4.39,228,0.327,150,08:00,19:00,False,True,True,0.844
P0307,Open Air Live Music Pune 307,Pune,entertainment,live_music,"A live music in Pune focused on experience, social, entertainment.",experience|social|entertainment,18.462622,73.790528,2,4.23,63,0.352,180,09:00,17:00,False,True,True,0.184
P0308,Modern Cultural Goa 308,Goa,museum,cultural,"A cultural in Goa focused on museum, education.",museum|education,15.347458,73.990993,4,5.0,285,0.65,30,11:00,17:00,True,True,True,0.669
P0309,City History Museum Bengaluru 309,Bengaluru,museum,history_museum,"A history museum in Bengaluru focused on history, museum, education.",history|museum|education,12.892926,77.531285,1,4.15,584,0.679,150,11:00,21:00,False,True,False,0.38
P0310,Royal Fort Mumbai 310,Mumbai,historical,fort,"A fort in Mumbai focused on heritage, culture, history, architecture.",heritage|culture|history|architecture,19.116622,73.051956,1,4.32,320,0.428,180,09:00,22:00,False,False,True,0.202
P0311,Grand Local Crafts Goa 311,Goa,shopping,street_market,"A street market in Goa focused on shopping, souvenirs, market.",shopping|souvenirs|market,15.423869,73.867147,2,3.74,430,0.436,30,11:00,21:00,True,False,True,0.613
P0312,Discovery Family Activity Mumbai 312,Mumbai,activity,workshop,"A workshop in Mumbai focused on experience, fun.",experience|fun,19.172641,72.864146,4,4.95,1229,1.0,90,09:00,17:00,False,True,False,0.188
P0313,Local Cultural District Mumbai 313,Mumbai,neighborhood,old_town,"A old town in Mumbai focused on culture, neighborhood, local, authentic.",culture|neighborhood|local|authentic,18.947742,73.001937,2,4.82,132,0.312,120,08:00,19:00,True,False,True,0.213
P0314,Modern Cultural Goa 314,Goa,museum,history_museum,"A history museum in Goa focused on museum, culture.",museum|culture,15.481249,73.976378,4,3.65,210,0.579,45,11:00,20:00,False,False,True,0.284
P0315,Green Garden Delhi 315,Delhi,nature,waterfall,"A waterfall in Delhi focused on nature, relaxation, outdoor.",nature|relaxation|outdoor,28.724126,77.299126,1,4.13,909,0.765,90,11:00,22:00,False,True,True,0.581
P0316,Modern Cultural Mumbai 316,Mumbai,museum,science,"A science in Mumbai focused on museum, culture.",museum|culture,19.003527,72.976674,3,3.34,1533,0.913,90,08:00,20:00,False,True,True,0.226
P0317,Historic Fort Pune 317,Pune,historical,heritage_site,"A heritage site in Pune focused on architecture, heritage.",architecture|heritage,18.628687,73.816581,3,4.03,146,0.512,120,09:00,22:00,True,False,True,0.102
P0318,Heritage Cultural District Pune 318,Pune,neighborhood,old_town,"A old town in Pune focused on neighborhood, culture, local.",neighborhood|culture|local,18.543071,73.758175,2,3.64,33,0.245,60,09:00,21:00,True,True,False,0.601
P0319,Discovery Walking Tour Goa 319,Goa,activity,walking_tour,"A walking tour in Goa focused on activity, experience.",activity|experience,15.451426,73.911465,3,4.47,267,0.502,120,08:00,20:00,False,False,True,0.328
P0320,Hill Waterfall Pune 320,Pune,nature,garden,"A garden in Pune focused on scenic, nature.",scenic|nature,18.467462,73.828137,1,3.52,51,0.257,30,09:00,20:00,True,True,False,0.072
P0321,Discovery Family Activity Bengaluru 321,Bengaluru,activity,family_activity,"A family activity in Bengaluru focused on experience, activity, fun.",experience|activity|fun,12.983158,77.643405,2,3.95,1813,1.0,120,10:00,20:00,False,False,False,0.512
P0322,Craft Mall Bengaluru 322,Bengaluru,shopping,street_market,"A street market in Bengaluru focused on local, souvenirs, market.",local|souvenirs|market,13.119485,77.541949,3,3.98,40,0.486,30,09:00,19:00,False,False,True,0.203
P0323,National Science Mumbai 323,Mumbai,museum,history_museum,"A history museum in Mumbai focused on culture, history, education.",culture|history|education,18.956439,72.790921,3,3.99,176,0.343,120,08:00,22:00,False,True,True,0.563
P0324,Hidden Food Experience Pune 324,Pune,food,food_experience,"A food experience in Pune focused on authentic, local, neighborhood.",authentic|local|neighborhood,18.636214,73.903704,3,2.89,229,0.474,60,11:00,19:00,False,False,False,0.684
P0325,Historic Palace Goa 325,Goa,historical,heritage_site,"A heritage site in Goa focused on history, heritage, culture, architecture.",history|heritage|culture|architecture,15.61007,73.769712,2,4.0,564,0.61,30,10:00,17:00,False,True,True,0.792
P0326,Historic Monument Pune 326,Pune,historical,heritage_site,"A heritage site in Pune focused on culture, history, heritage, architecture.",culture|history|heritage|architecture,18.585413,73.941525,1,4.93,945,0.99,60,11:00,18:00,False,True,True,0.062
P0327,Metro Theater Goa 327,Goa,entertainment,cinema,"A cinema in Goa focused on experience, social, nightlife, entertainment.",experience|social|nightlife|entertainment,15.336278,74.143902,4,3.98,64,0.483,90,09:00,21:00,False,True,True,0.989
P0328,Local Food District Pune 328,Pune,neighborhood,local_area,"A local area in Pune focused on authentic, local, neighborhood.",authentic|local|neighborhood,18.451324,73.877761,2,5.0,262,0.438,180,11:00,19:00,False,True,False,0.843
P0329,Grand Nightlife Delhi 329,Delhi,entertainment,live_music,"A live music in Delhi focused on nightlife, experience, social.",nightlife|experience|social,28.458052,76.851223,1,4.11,237,0.541,60,11:00,18:00,False,False,True,0.163
P0330,Cultural Walking Tour Pune 330,Pune,activity,family_activity,"A family activity in Pune focused on interactive, fun, activity, experience.",interactive|fun|activity|experience,18.563115,73.923669,1,4.19,205,0.598,45,08:00,18:00,False,False,True,0.205
P0331,Cultural Walking Tour Bengaluru 331,Bengaluru,activity,adventure,"A adventure in Bengaluru focused on experience, fun.",experience|fun,12.936957,77.608884,2,3.84,126,0.516,120,09:00,21:00,False,True,False,0.81
P0332,Discovery Adventure Pune 332,Pune,activity,workshop,"A workshop in Pune focused on interactive, experience, fun.",interactive|experience|fun,18.45258,73.853634,2,4.09,127,0.297,45,09:00,18:00,False,True,True,0.955
P0333,City Live Music Bengaluru 333,Bengaluru,entertainment,cinema,"A cinema in Bengaluru focused on experience, social.",experience|social,12.88497,77.48937,3,3.78,278,0.556,45,11:00,21:00,False,False,True,0.339
P0334,City Cultural Mumbai 334,Mumbai,museum,history_museum,"A history museum in Mumbai focused on history, education.",history|education,19.0076,72.823444,1,3.99,1487,0.896,180,11:00,20:00,True,True,False,0.538
P0335,Craft Mall Pune 335,Pune,shopping,market,"A market in Pune focused on shopping, market.",shopping|market,18.463249,73.883517,2,2.91,906,0.759,45,09:00,22:00,False,True,False,0.945
P0336,Modern History Museum Goa 336,Goa,museum,history_museum,"A history museum in Goa focused on museum, education, history, culture.",museum|education|history|culture,15.451964,73.734169,3,4.66,20,0.302,180,08:00,22:00,True,True,True,0.722
P0337,Old Fort Bengaluru 337,Bengaluru,historical,palace,"A palace in Bengaluru focused on heritage, architecture, history.",heritage|architecture|history,13.100423,77.74439,4,3.95,156,0.307,60,08:00,20:00,True,True,False,0.719
P0338,Cultural Workshop Pune 338,Pune,activity,family_activity,"A family activity in Pune focused on fun, interactive, experience, activity.",fun|interactive|experience|activity,18.473145,73.806722,4,3.47,96,0.318,180,11:00,18:00,False,False,False,0.942
P0339,Open Air Cinema Pune 339,Pune,entertainment,cinema,"A cinema in Pune focused on entertainment, experience, nightlife, social.",entertainment|experience|nightlife|social,18.529274,73.854532,4,3.6,2003,1.0,30,09:00,17:00,False,True,True,0.852
P0340,Cultural Cultural District Mumbai 340,Mumbai,neighborhood,food_district,"A food district in Mumbai focused on culture, authentic, neighborhood, local.",culture|authentic|neighborhood|local,18.997481,72.999723,4,4.52,1125,0.966,90,11:00,21:00,False,False,True,0.288
P0341,Traditional Food Experience Mumbai 341,Mumbai,food,local_restaurant,"A local restaurant in Mumbai focused on local, neighborhood, food.",local|neighborhood|food,19.158229,73.040609,3,4.42,63,0.303,120,08:00,17:00,False,True,True,0.493
P0342,Grand Street Market Bengaluru 342,Bengaluru,shopping,mall,"A mall in Bengaluru focused on shopping, local.",shopping|local,13.092844,77.612159,1,3.86,440,0.525,60,11:00,20:00,False,True,True,0.867
P0343,Local Old Town Bengaluru 343,Bengaluru,neighborhood,cultural_district,"A cultural district in Bengaluru focused on authentic, culture.",authentic|culture,12.943738,77.566724,4,3.55,575,0.603,180,09:00,21:00,True,True,True,0.409
P0344,Traditional Local Restaurant Goa 344,Goa,food,local_restaurant,"A local restaurant in Goa focused on authentic, neighborhood, local.",authentic|neighborhood|local,15.486185,73.764099,3,3.99,156,0.403,90,10:00,19:00,False,True,True,0.273
P0345,Central Local Crafts Pune 345,Pune,shopping,market,"A market in Pune focused on shopping, local, market.",shopping|local|market,18.517519,73.753942,4,4.42,417,0.502,150,11:00,21:00,True,True,True,0.356
P0346,Lakeside Park Pune 346,Pune,nature,beach,"A beach in Pune focused on scenic, nature, outdoor, relaxation.",scenic|nature|outdoor|relaxation,18.549346,73.912291,4,3.94,983,0.71,150,08:00,21:00,True,True,True,0.595
P0347,Old Heritage Site Delhi 347,Delhi,historical,monument,"A monument in Delhi focused on culture, heritage, history, architecture.",culture|heritage|history|architecture,28.532009,77.133214,1,3.61,512,0.639,60,10:00,20:00,False,True,True,0.289
P0348,National History Museum Delhi 348,Delhi,museum,art,"A art in Delhi focused on history, museum.",history|museum,28.638353,77.108112,4,4.37,168,0.388,150,11:00,21:00,False,True,True,0.489
P0349,Old Cultural District Goa 349,Goa,neighborhood,food_district,"A food district in Goa focused on neighborhood, authentic.",neighborhood|authentic,15.377461,74.115107,3,4.25,54,0.525,150,09:00,19:00,False,True,True,0.192
P0350,City Cinema Goa 350,Goa,entertainment,nightlife,"A nightlife in Goa focused on entertainment, experience, nightlife, social.",entertainment|experience|nightlife|social,15.47393,73.918066,2,4.52,196,0.324,180,10:00,22:00,False,True,True,0.736
P0351,Discovery Walking Tour Pune 351,Pune,activity,walking_tour,"A walking tour in Pune focused on fun, interactive, activity.",fun|interactive|activity,18.623434,73.930115,4,3.86,861,0.911,150,09:00,18:00,True,False,False,0.546
P0352,Old Fort Bengaluru 352,Bengaluru,historical,palace,"A palace in Bengaluru focused on architecture, culture, heritage.",architecture|culture|heritage,13.029946,77.681957,2,3.78,45,0.537,45,09:00,17:00,True,False,True,0.292
P0353,Urban Workshop Bengaluru 353,Bengaluru,activity,adventure,"A adventure in Bengaluru focused on experience, interactive, activity, fun.",experience|interactive|activity|fun,12.944947,77.577134,4,3.4,506,0.648,180,10:00,17:00,False,False,True,0.752
P0354,Heritage Food District Goa 354,Goa,neighborhood,old_town,"A old town in Goa focused on local, culture, authentic, neighborhood.",local|culture|authentic|neighborhood,15.50558,74.050308,4,3.52,2009,1.0,90,10:00,19:00,True,False,True,0.25
P0355,Artisan Old Town Goa 355,Goa,neighborhood,local_area,"A local area in Goa focused on authentic, culture, neighborhood.",authentic|culture|neighborhood,15.359615,73.740047,3,3.16,1873,1.0,180,08:00,18:00,False,True,True,0.622
P0356,Heritage Food Experience Bengaluru 356,Bengaluru,food,local_restaurant,"A local restaurant in Bengaluru focused on food, local, neighborhood.",food|local|neighborhood,13.042412,77.505122,2,4.19,217,0.527,60,08:00,17:00,True,True,False,0.839
P0357,City Live Music Goa 357,Goa,entertainment,nightlife,"A nightlife in Goa focused on nightlife, social.",nightlife|social,15.599402,73.766755,2,3.85,395,0.4,60,09:00,20:00,False,False,False,0.263
P0358,Open Air Nightlife Pune 358,Pune,entertainment,live_music,"A live music in Pune focused on experience, nightlife.",experience|nightlife,18.502357,73.920366,4,4.08,919,0.828,45,08:00,19:00,True,True,True,0.55
P0359,Lakeside Garden Pune 359,Pune,nature,waterfall,"A waterfall in Pune focused on scenic, relaxation, outdoor.",scenic|relaxation|outdoor,18.488109,73.922387,4,4.15,293,0.385,180,09:00,21:00,True,False,True,0.23
P0360,Hidden Street Food Mumbai 360,Mumbai,food,street_food,"A street food in Mumbai focused on food, neighborhood, authentic.",food|neighborhood|authentic,19.241645,72.83242,1,3.94,228,0.303,45,10:00,22:00,False,True,True,0.452
P0361,Royal Palace Pune 361,Pune,historical,fort,"A fort in Pune focused on architecture, culture, history.",architecture|culture|history,18.460423,73.936213,1,4.24,31,0.315,120,11:00,19:00,False,False,True,0.898
P0362,Modern Cultural Goa 362,Goa,museum,cultural,"A cultural in Goa focused on museum, culture.",museum|culture,15.622131,74.138948,4,3.49,596,0.492,30,10:00,17:00,False,True,False,0.317
P0363,Local Local Crafts Goa 363,Goa,shopping,mall,"A mall in Goa focused on market, souvenirs.",market|souvenirs,15.456789,73.917888,4,4.18,196,0.564,45,11:00,17:00,True,True,True,0.497
P0364,Old Palace Bengaluru 364,Bengaluru,historical,heritage_site,"A heritage site in Bengaluru focused on culture, heritage, architecture, history.",culture|heritage|architecture|history,12.862238,77.556956,2,4.11,371,0.416,30,09:00,19:00,True,True,True,0.309
P0365,Local Local Restaurant Delhi 365,Delhi,food,cafe,"A cafe in Delhi focused on local, food, neighborhood.",local|food|neighborhood,28.574926,76.888418,3,3.86,96,0.475,150,08:00,20:00,False,False,True,0.357
P0366,City Nightlife Bengaluru 366,Bengaluru,entertainment,nightlife,"A nightlife in Bengaluru focused on entertainment, social, experience, nightlife.",entertainment|social|experience|nightlife,13.038507,77.530796,3,4.19,75,0.575,150,09:00,18:00,False,False,True,0.808
P0367,Cultural Old Town Pune 367,Pune,neighborhood,old_town,"A old town in Pune focused on local, authentic, culture.",local|authentic|culture,18.485602,73.94301,2,4.28,31,0.364,90,10:00,22:00,False,False,True,0.516
P0368,Cultural Art Delhi 368,Delhi,museum,science,"A science in Delhi focused on culture, history, education, museum.",culture|history|education|museum,28.649656,77.266026,4,4.56,431,0.516,120,11:00,17:00,False,False,True,0.462
P0369,Discovery Family Activity Pune 369,Pune,activity,family_activity,"A family activity in Pune focused on experience, interactive, activity, fun.",experience|interactive|activity|fun,18.585288,73.879522,4,4.22,795,0.722,180,11:00,19:00,True,True,False,0.849
P0370,Street Local Restaurant Goa 370,Goa,food,local_restaurant,"A local restaurant in Goa focused on neighborhood, food, local, authentic.",neighborhood|food|local|authentic,15.616921,73.956707,3,4.85,826,0.739,120,08:00,21:00,True,False,True,0.797
P0371,Heritage Food District Pune 371,Pune,neighborhood,old_town,"A old town in Pune focused on authentic, culture, neighborhood, local.",authentic|culture|neighborhood|local,18.512789,73.894819,2,3.27,52,0.261,30,10:00,22:00,True,True,True,0.161
P0372,Cultural Cultural District Bengaluru 372,Bengaluru,neighborhood,food_district,"A food district in Bengaluru focused on culture, authentic, neighborhood, local.",culture|authentic|neighborhood|local,12.94084,77.69394,1,3.82,252,0.348,30,09:00,17:00,False,False,True,0.075
P0373,Artisan Food District Mumbai 373,Mumbai,neighborhood,cultural_district,"A cultural district in Mumbai focused on authentic, neighborhood.",authentic|neighborhood,18.930133,73.019402,1,4.33,102,0.303,45,11:00,20:00,False,False,True,0.241
P0374,Urban Walking Tour Pune 374,Pune,activity,adventure,"A adventure in Pune focused on interactive, experience, fun.",interactive|experience|fun,18.470533,73.919526,1,4.18,98,0.424,90,11:00,18:00,False,True,True,0.35
P0375,Grand Nightlife Bengaluru 375,Bengaluru,entertainment,cinema,"A cinema in Bengaluru focused on experience, nightlife, social.",experience|nightlife|social,12.998437,77.731689,1,3.82,45,0.268,150,09:00,20:00,False,True,True,0.914
P0376,Old Town Mall Mumbai 376,Mumbai,shopping,local_crafts,"A local crafts in Mumbai focused on market, local, shopping, souvenirs.",market|local|shopping|souvenirs,19.235931,73.041578,3,3.68,48,0.447,30,11:00,18:00,True,True,True,0.804
P0377,Hill Beach Mumbai 377,Mumbai,nature,park,"A park in Mumbai focused on scenic, relaxation, nature.",scenic|relaxation|nature,19.249741,72.875575,2,3.66,866,0.862,120,08:00,17:00,False,True,True,0.584
P0378,Urban Adventure Goa 378,Goa,activity,adventure,"A adventure in Goa focused on activity, fun.",activity|fun,15.558038,73.978511,1,3.67,5760,1.0,90,11:00,17:00,False,False,True,0.865
P0379,Heritage Heritage Site Delhi 379,Delhi,historical,palace,"A palace in Delhi focused on heritage, architecture, culture.",heritage|architecture|culture,28.638978,77.285435,4,4.32,305,0.62,90,08:00,18:00,False,True,True,0.856
P0380,Hill Garden Pune 380,Pune,nature,garden,"A garden in Pune focused on scenic, outdoor.",scenic|outdoor,18.518264,73.851005,4,3.71,567,0.567,150,09:00,18:00,False,True,False,0.181
P0381,Metro Cinema Bengaluru 381,Bengaluru,entertainment,theater,"A theater in Bengaluru focused on entertainment, experience.",entertainment|experience,13.133122,77.582774,3,3.84,283,0.43,180,09:00,20:00,True,False,True,0.659
P0382,Craft Local Crafts Delhi 382,Delhi,shopping,local_crafts,"A local crafts in Delhi focused on market, souvenirs, local, shopping.",market|souvenirs|local|shopping,28.570601,77.190435,1,5.0,218,0.638,120,09:00,22:00,False,True,False,0.643
P0383,Artisan Old Town Goa 383,Goa,neighborhood,cultural_district,"A cultural district in Goa focused on culture, neighborhood, local, authentic.",culture|neighborhood|local|authentic,15.60239,73.74214,2,4.62,105,0.311,120,10:00,21:00,False,True,True,0.896
P0384,Craft Street Market Mumbai 384,Mumbai,shopping,local_crafts,"A local crafts in Mumbai focused on market, local.",market|local,19.245434,72.788655,3,4.08,2048,1.0,180,08:00,20:00,False,False,True,0.984
P0385,Central Market Goa 385,Goa,shopping,mall,"A mall in Goa focused on local, market, souvenirs, shopping.",local|market|souvenirs|shopping,15.516769,74.10754,1,3.82,2153,1.0,120,09:00,19:00,False,True,True,0.441
P0386,Cultural History Museum Bengaluru 386,Bengaluru,museum,cultural,"A cultural in Bengaluru focused on history, education, culture, museum.",history|education|culture|museum,12.914435,77.473422,4,4.42,124,0.5,90,11:00,22:00,False,False,True,0.171
P0387,Historic Heritage Site Delhi 387,Delhi,historical,palace,"A palace in Delhi focused on architecture, history.",architecture|history,28.58663,76.866304,4,4.38,786,0.611,60,10:00,17:00,False,True,True,0.406
P0388,Modern Cultural Pune 388,Pune,museum,history_museum,"A history museum in Pune focused on education, museum, history.",education|museum|history,18.606759,73.834351,4,4.38,37,0.236,120,10:00,17:00,False,True,True,0.587
P0389,Cultural Science Bengaluru 389,Bengaluru,museum,history_museum,"A history museum in Bengaluru focused on history, museum, culture.",history|museum|culture,13.001429,77.588281,1,3.77,181,0.55,150,11:00,20:00,True,True,True,0.96
P0390,Art History Museum Pune 390,Pune,museum,art,"A art in Pune focused on education, history, museum, culture.",education|history|museum|culture,18.564399,73.909232,2,4.07,515,0.77,120,08:00,21:00,False,False,True,0.068
P0391,Central Market Pune 391,Pune,shopping,street_market,"A street market in Pune focused on souvenirs, shopping, local, market.",souvenirs|shopping|local|market,18.499057,73.891124,1,4.18,49,0.403,30,10:00,20:00,True,True,True,0.413
P0392,Cultural Science Pune 392,Pune,museum,science,"A science in Pune focused on culture, history.",culture|history,18.478807,73.801111,4,4.27,509,0.68,30,10:00,18:00,True,True,True,0.354
P0393,Local Local Area Goa 393,Goa,neighborhood,local_area,"A local area in Goa focused on neighborhood, authentic, culture, local.",neighborhood|authentic|culture|local,15.270751,73.819811,3,4.35,895,0.641,90,11:00,17:00,False,True,True,0.892
P0394,National Art Mumbai 394,Mumbai,museum,science,"A science in Mumbai focused on culture, museum, history, education.",culture|museum|history|education,19.098886,72.906094,2,4.48,424,0.603,90,11:00,17:00,True,True,False,0.325
P0395,Grand Nightlife Pune 395,Pune,entertainment,theater,"A theater in Pune focused on nightlife, experience, entertainment.",nightlife|experience|entertainment,18.569574,73.917898,3,4.07,33,0.234,150,08:00,19:00,True,False,False,0.739
P0396,Urban Adventure Mumbai 396,Mumbai,activity,walking_tour,"A walking tour in Mumbai focused on interactive, experience, activity, fun.",interactive|experience|activity|fun,19.122309,73.092874,3,4.29,313,0.429,120,10:00,17:00,False,True,False,0.628
P0397,Old Local Area Mumbai 397,Mumbai,neighborhood,food_district,"A food district in Mumbai focused on local, culture, authentic, neighborhood.",local|culture|authentic|neighborhood,19.166863,72.938346,1,4.22,52,0.358,180,11:00,21:00,False,True,False,0.712
P0398,Family Workshop Bengaluru 398,Bengaluru,activity,workshop,"A workshop in Bengaluru focused on fun, interactive.",fun|interactive,12.983373,77.516456,3,3.61,865,0.637,180,10:00,22:00,True,False,False,0.085
P0399,Riverside Waterfall Pune 399,Pune,nature,garden,"A garden in Pune focused on relaxation, nature, scenic, outdoor.",relaxation|nature|scenic|outdoor,18.472189,73.80547,1,4.08,554,0.659,150,08:00,18:00,False,True,True,0.547
P0400,Grand Local Crafts Pune 400,Pune,shopping,local_crafts,"A local crafts in Pune focused on shopping, local, market, souvenirs.",shopping|local|market|souvenirs,18.450391,73.835423,3,4.11,253,0.362,120,11:00,20:00,False,False,False,0.263
P0401,City Nightlife Delhi 401,Delhi,entertainment,theater,"A theater in Delhi focused on entertainment, nightlife.",entertainment|nightlife,28.451548,76.947304,2,4.52,131,0.627,90,08:00,18:00,True,True,True,0.644
P0402,Local Local Restaurant Bengaluru 402,Bengaluru,food,street_food,"A street food in Bengaluru focused on food, neighborhood, local.",food|neighborhood|local,13.102152,77.524146,3,4.14,140,0.452,45,08:00,21:00,False,False,True,0.6
P0403,Cultural Local Area Pune 403,Pune,neighborhood,old_town,"A old town in Pune focused on local, neighborhood.",local|neighborhood,18.628017,73.888673,1,3.9,168,0.376,150,11:00,17:00,True,True,True,0.857
P0404,Artisan Cultural District Delhi 404,Delhi,neighborhood,cultural_district,"A cultural district in Delhi focused on local, neighborhood, culture, authentic.",local|neighborhood|culture|authentic,28.709375,77.243737,4,4.2,137,0.58,120,08:00,19:00,False,False,True,0.541
P0405,Heritage Monument Pune 405,Pune,historical,fort,"A fort in Pune focused on heritage, architecture.",heritage|architecture,18.569035,73.763509,3,4.67,83,0.395,90,11:00,18:00,True,False,True,0.346
P0406,City Science Goa 406,Goa,museum,history_museum,"A history museum in Goa focused on education, museum, history.",education|museum|history,15.43781,74.001665,1,4.02,144,0.349,180,08:00,20:00,False,False,True,0.241
P0407,Metro Live Music Mumbai 407,Mumbai,entertainment,nightlife,"A nightlife in Mumbai focused on nightlife, experience, social, entertainment.",nightlife|experience|social|entertainment,19.109917,72.865901,3,4.75,309,0.433,90,08:00,20:00,True,True,True,0.269
P0408,City Cinema Mumbai 408,Mumbai,entertainment,theater,"A theater in Mumbai focused on social, entertainment, experience.",social|entertainment|experience,19.182545,72.881569,1,4.56,41,0.272,30,08:00,18:00,False,True,True,0.777
P0409,Green Beach Mumbai 409,Mumbai,nature,beach,"A beach in Mumbai focused on outdoor, relaxation, nature, scenic.",outdoor|relaxation|nature|scenic,18.960951,73.059884,2,4.22,711,0.538,180,10:00,17:00,True,False,True,0.798
P0410,Local Market Mumbai 410,Mumbai,shopping,local_crafts,"A local crafts in Mumbai focused on local, market, souvenirs, shopping.",local|market|souvenirs|shopping,18.984052,73.033321,1,4.14,878,0.653,45,09:00,18:00,False,False,True,0.458
P0411,Nature Beach Delhi 411,Delhi,nature,beach,"A beach in Delhi focused on scenic, nature.",scenic|nature,28.686876,77.01384,4,3.87,1327,0.864,30,11:00,22:00,False,True,True,0.888
P0412,Grand Nightlife Bengaluru 412,Bengaluru,entertainment,live_music,"A live music in Bengaluru focused on experience, nightlife, social, entertainment.",experience|nightlife|social|entertainment,12.946547,77.562164,3,5.0,158,0.525,150,08:00,18:00,True,True,False,0.426
P0413,Cultural Science Bengaluru 413,Bengaluru,museum,science,"A science in Bengaluru focused on education, culture.",education|culture,12.926359,77.475428,3,3.9,1399,0.905,30,11:00,21:00,False,True,True,0.439
P0414,Local Old Town Goa 414,Goa,neighborhood,local_area,"A local area in Goa focused on local, neighborhood, authentic, culture.",local|neighborhood|authentic|culture,15.321826,73.816895,1,4.81,130,0.574,45,08:00,17:00,True,True,True,0.237
P0415,Local Local Crafts Goa 415,Goa,shopping,street_market,"A street market in Goa focused on market, shopping, local, souvenirs.",market|shopping|local|souvenirs,15.532257,74.198998,3,3.91,174,0.548,90,11:00,21:00,False,True,True,0.99
P0416,Lakeside Waterfall Mumbai 416,Mumbai,nature,waterfall,"A waterfall in Mumbai focused on relaxation, scenic, outdoor, nature.",relaxation|scenic|outdoor|nature,19.066053,72.930539,1,3.49,81,0.321,45,11:00,22:00,False,True,False,0.079
P0417,Traditional Food Experience Goa 417,Goa,food,food_experience,"A food experience in Goa focused on food, neighborhood, authentic.",food|neighborhood|authentic,15.574161,74.117149,4,3.65,97,0.493,150,10:00,19:00,False,True,True,0.182
P0418,Hill Beach Bengaluru 418,Bengaluru,nature,garden,"A garden in Bengaluru focused on nature, outdoor, scenic.",nature|outdoor|scenic,12.869113,77.56593,3,4.08,324,0.382,30,09:00,17:00,False,True,True,0.239
P0419,Green Garden Mumbai 419,Mumbai,nature,beach,"A beach in Mumbai focused on scenic, relaxation.",scenic|relaxation,19.130849,72.774493,1,4.8,73,0.333,180,11:00,20:00,True,True,True,0.504
P0420,Art Cultural Mumbai 420,Mumbai,museum,history_museum,"A history museum in Mumbai focused on history, museum, culture, education.",history|museum|culture|education,19.008415,73.036264,4,4.54,189,0.408,30,09:00,20:00,True,True,False,0.55
P0421,Royal Cinema Bengaluru 421,Bengaluru,entertainment,cinema,"A cinema in Bengaluru focused on nightlife, experience, social.",nightlife|experience|social,13.071187,77.536374,4,4.08,549,0.666,180,09:00,20:00,True,False,True,0.485
P0422,Street Cafe Bengaluru 422,Bengaluru,food,cafe,"A cafe in Bengaluru focused on authentic, neighborhood, local, food.",authentic|neighborhood|local|food,13.115663,77.49738,4,3.59,387,0.498,180,08:00,19:00,True,True,False,0.36
P0423,Hill Park Goa 423,Goa,nature,park,"A park in Goa focused on relaxation, outdoor, scenic, nature.",relaxation|outdoor|scenic|nature,15.434867,73.736598,2,4.17,441,0.546,30,10:00,17:00,False,True,True,0.491
P0424,Riverside Waterfall Pune 424,Pune,nature,garden,"A garden in Pune focused on outdoor, nature.",outdoor|nature,18.478051,73.914085,1,4.23,4658,1.0,30,11:00,18:00,True,False,True,0.196
P0425,Street Local Restaurant Mumbai 425,Mumbai,food,cafe,"A cafe in Mumbai focused on local, food, authentic, neighborhood.",local|food|authentic|neighborhood,19.05472,72.766715,1,3.81,129,0.458,30,11:00,18:00,False,True,True,0.137
P0426,Family Family Activity Pune 426,Pune,activity,workshop,"A workshop in Pune focused on experience, fun.",experience|fun,18.585992,73.762634,2,3.82,125,0.263,120,08:00,19:00,False,True,True,0.938
P0427,Green Waterfall Pune 427,Pune,nature,waterfall,"A waterfall in Pune focused on relaxation, scenic.",relaxation|scenic,18.471177,73.814674,3,3.81,1019,0.653,45,11:00,18:00,True,False,True,0.401
P0428,Old Town Market Bengaluru 428,Bengaluru,shopping,local_crafts,"A local crafts in Bengaluru focused on local, souvenirs, shopping, market.",local|souvenirs|shopping|market,13.144931,77.480544,4,4.74,123,0.53,180,09:00,19:00,True,False,True,0.979
P0429,Traditional Food Experience Goa 429,Goa,food,food_experience,"A food experience in Goa focused on local, neighborhood.",local|neighborhood,15.402949,74.020296,1,3.73,430,0.596,30,10:00,18:00,False,False,True,0.107
P0430,Lakeside Beach Goa 430,Goa,nature,waterfall,"A waterfall in Goa focused on relaxation, scenic.",relaxation|scenic,15.400299,74.021019,3,3.85,522,0.474,60,08:00,21:00,False,True,False,0.763
P0431,Lakeside Waterfall Goa 431,Goa,nature,waterfall,"A waterfall in Goa focused on outdoor, scenic, nature, relaxation.",outdoor|scenic|nature|relaxation,15.465725,74.153316,3,4.19,39,0.291,150,08:00,17:00,False,True,True,0.653
P0432,Historic Heritage Site Mumbai 432,Mumbai,historical,palace,"A palace in Mumbai focused on heritage, architecture.",heritage|architecture,19.107421,73.040927,1,4.8,2111,1.0,90,10:00,18:00,False,True,True,0.287
P0433,Central Mall Mumbai 433,Mumbai,shopping,local_crafts,"A local crafts in Mumbai focused on souvenirs, shopping, local.",souvenirs|shopping|local,18.928006,73.090394,4,3.82,153,0.408,120,11:00,18:00,False,False,True,0.412
P0434,Modern Cultural Delhi 434,Delhi,museum,history_museum,"A history museum in Delhi focused on education, culture, history.",education|culture|history,28.527188,77.081826,1,4.23,365,0.492,150,11:00,18:00,True,True,True,0.526
P0435,Local Food District Bengaluru 435,Bengaluru,neighborhood,food_district,"A food district in Bengaluru focused on culture, authentic, local.",culture|authentic|local,13.141148,77.561943,4,4.4,2730,1.0,30,11:00,21:00,True,False,False,0.783
P0436,Heritage Street Food Goa 436,Goa,food,food_experience,"A food experience in Goa focused on neighborhood, local.",neighborhood|local,15.620608,74.067832,3,4.02,93,0.464,150,08:00,22:00,False,True,True,0.947
P0437,Modern Cultural Mumbai 437,Mumbai,museum,art,"A art in Mumbai focused on history, culture, museum, education.",history|culture|museum|education,18.940856,72.782307,4,3.48,101,0.277,90,10:00,22:00,False,False,True,0.414
P0438,Historic Heritage Site Pune 438,Pune,historical,monument,"A monument in Pune focused on culture, architecture.",culture|architecture,18.612846,73.803804,3,4.09,2107,1.0,45,11:00,17:00,True,False,True,0.446
P0439,Cultural Cultural Mumbai 439,Mumbai,museum,science,"A science in Mumbai focused on culture, education, museum.",culture|education|museum,18.96524,72.797016,4,3.87,320,0.536,45,09:00,18:00,True,True,False,0.296
P0440,Royal Fort Delhi 440,Delhi,historical,palace,"A palace in Delhi focused on architecture, history.",architecture|history,28.473943,76.892854,3,4.09,1018,0.673,45,11:00,20:00,False,True,True,0.764
P0441,Green Beach Pune 441,Pune,nature,park,"A park in Pune focused on relaxation, outdoor, scenic.",relaxation|outdoor|scenic,18.525133,73.854015,4,5.0,129,0.426,150,10:00,19:00,False,False,True,0.41
P0442,Historic Fort Goa 442,Goa,historical,fort,"A fort in Goa focused on heritage, history, architecture, culture.",heritage|history|architecture|culture,15.432768,74.049154,2,3.88,856,0.708,120,11:00,21:00,False,True,False,0.96
P0443,Hidden Local Restaurant Goa 443,Goa,food,street_food,"A street food in Goa focused on neighborhood, authentic, local.",neighborhood|authentic|local,15.521172,73.816779,3,4.41,2244,1.0,90,08:00,22:00,False,True,True,0.876
P0444,City Live Music Mumbai 444,Mumbai,entertainment,cinema,"A cinema in Mumbai focused on experience, entertainment, social, nightlife.",experience|entertainment|social|nightlife,19.005472,72.985572,4,4.36,158,0.521,45,09:00,18:00,True,False,True,0.15
P0445,Cultural Food District Goa 445,Goa,neighborhood,old_town,"A old town in Goa focused on local, culture, authentic.",local|culture|authentic,15.33815,73.828814,4,4.37,925,0.666,150,10:00,18:00,False,False,True,0.662
P0446,Old Old Town Delhi 446,Delhi,neighborhood,cultural_district,"A cultural district in Delhi focused on local, authentic.",local|authentic,28.517065,76.907845,3,4.47,449,0.685,45,08:00,21:00,False,False,False,0.598
P0447,Hill Waterfall Pune 447,Pune,nature,garden,"A garden in Pune focused on outdoor, scenic, nature.",outdoor|scenic|nature,18.64597,73.813929,1,4.58,995,0.815,120,11:00,19:00,True,False,False,0.525
P0448,Grand Street Market Delhi 448,Delhi,shopping,street_market,"A street market in Delhi focused on shopping, market, local, souvenirs.",shopping|market|local|souvenirs,28.674118,77.274564,1,4.72,532,0.571,180,11:00,22:00,False,True,True,0.408
P0449,Riverside Beach Mumbai 449,Mumbai,nature,park,"A park in Mumbai focused on relaxation, outdoor, nature.",relaxation|outdoor|nature,19.223105,73.021614,1,4.02,291,0.524,60,11:00,22:00,False,True,True,0.118
P0450,Old Old Town Mumbai 450,Mumbai,neighborhood,local_area,"A local area in Mumbai focused on local, culture, neighborhood, authentic.",local|culture|neighborhood|authentic,18.945815,73.013293,2,4.64,91,0.475,90,11:00,19:00,False,True,False,0.236
P0451,Heritage Palace Delhi 451,Delhi,historical,palace,"A palace in Delhi focused on heritage, history, architecture, culture.",heritage|history|architecture|culture,28.562967,77.34135,4,4.27,152,0.345,30,08:00,21:00,False,True,False,0.646
P0452,Royal Heritage Site Pune 452,Pune,historical,palace,"A palace in Pune focused on heritage, architecture, culture, history.",heritage|architecture|culture|history,18.529329,73.810538,4,4.11,1134,1.0,150,11:00,19:00,False,True,True,0.161
P0453,Nature Waterfall Delhi 453,Delhi,nature,park,"A park in Delhi focused on scenic, relaxation, nature.",scenic|relaxation|nature,28.626055,77.343675,2,4.19,258,0.46,150,11:00,19:00,False,True,True,0.913
P0454,Heritage Cafe Bengaluru 454,Bengaluru,food,food_experience,"A food experience in Bengaluru focused on neighborhood, local, authentic, food.",neighborhood|local|authentic|food,13.016818,77.610925,1,3.49,599,0.507,120,09:00,17:00,False,False,True,0.172
P0455,Craft Local Crafts Pune 455,Pune,shopping,market,"A market in Pune focused on market, souvenirs, shopping.",market|souvenirs|shopping,18.466922,73.774943,4,4.39,3281,1.0,150,08:00,18:00,False,False,True,0.794
P0456,Metro Theater Mumbai 456,Mumbai,entertainment,theater,"A theater in Mumbai focused on social, nightlife, entertainment.",social|nightlife|entertainment,19.082933,73.095107,1,3.96,318,0.424,45,09:00,19:00,False,True,True,0.574
P0457,National Science Goa 457,Goa,museum,cultural,"A cultural in Goa focused on culture, history, education.",culture|history|education,15.279744,73.827484,1,4.21,1624,1.0,150,11:00,22:00,True,True,True,0.306
P0458,Modern Science Delhi 458,Delhi,museum,cultural,"A cultural in Delhi focused on history, museum, education.",history|museum|education,28.69647,77.00818,1,4.06,342,0.451,120,08:00,22:00,False,True,True,0.395
P0459,Riverside Beach Mumbai 459,Mumbai,nature,beach,"A beach in Mumbai focused on relaxation, nature.",relaxation|nature,18.903452,72.882005,1,4.37,306,0.418,150,10:00,21:00,False,True,True,0.715
P0460,Historic Fort Delhi 460,Delhi,historical,fort,"A fort in Delhi focused on heritage, culture, architecture.",heritage|culture|architecture,28.501224,77.323255,4,3.9,308,0.541,60,08:00,22:00,False,True,True,0.41
P0461,Green Park Goa 461,Goa,nature,garden,"A garden in Goa focused on relaxation, scenic, outdoor.",relaxation|scenic|outdoor,15.532715,73.791552,3,4.58,71,0.594,120,09:00,19:00,False,True,True,0.782
P0462,Green Garden Pune 462,Pune,nature,park,"A park in Pune focused on scenic, relaxation, outdoor, nature.",scenic|relaxation|outdoor|nature,18.483023,73.761482,4,4.16,105,0.492,150,09:00,20:00,False,False,True,0.556
P0463,Hill Garden Pune 463,Pune,nature,park,"A park in Pune focused on scenic, nature, relaxation, outdoor.",scenic|nature|relaxation|outdoor,18.592832,73.890518,2,4.64,39,0.486,180,09:00,18:00,True,False,True,0.955
P0464,Art Art Bengaluru 464,Bengaluru,museum,science,"A science in Bengaluru focused on culture, education, museum, history.",culture|education|museum|history,13.140919,77.551388,3,3.85,384,0.534,60,09:00,17:00,False,True,True,0.34
P0465,Metro Live Music Bengaluru 465,Bengaluru,entertainment,cinema,"A cinema in Bengaluru focused on nightlife, social, entertainment.",nightlife|social|entertainment,12.956723,77.634659,1,4.8,226,0.464,150,09:00,20:00,False,True,True,0.131
P0466,Ancient Palace Bengaluru 466,Bengaluru,historical,heritage_site,"A heritage site in Bengaluru focused on heritage, culture, architecture.",heritage|culture|architecture,12.852073,77.680834,3,3.85,2338,1.0,90,09:00,21:00,False,True,True,0.847
P0467,Local Local Area Goa 467,Goa,neighborhood,local_area,"A local area in Goa focused on local, authentic.",local|authentic,15.393695,74.135257,3,3.45,17,0.194,90,11:00,22:00,False,True,True,0.951
P0468,Grand Nightlife Bengaluru 468,Bengaluru,entertainment,nightlife,"A nightlife in Bengaluru focused on experience, nightlife, social.",experience|nightlife|social,13.089946,77.664296,2,4.3,133,0.313,30,08:00,18:00,True,True,False,0.275
P0469,Street Cafe Delhi 469,Delhi,food,food_experience,"A food experience in Delhi focused on neighborhood, local.",neighborhood|local,28.594058,76.991112,2,3.64,572,0.695,45,09:00,19:00,False,False,False,0.285
P0470,Old Monument Bengaluru 470,Bengaluru,historical,palace,"A palace in Bengaluru focused on heritage, history, architecture, culture.",heritage|history|architecture|culture,12.906601,77.706462,4,4.21,124,0.28,45,09:00,20:00,True,True,False,0.411
P0471,Riverside Waterfall Mumbai 471,Mumbai,nature,beach,"A beach in Mumbai focused on nature, outdoor, relaxation.",nature|outdoor|relaxation,19.049127,72.771472,3,3.52,697,0.617,60,11:00,18:00,False,True,True,0.1
P0472,Grand Theater Goa 472,Goa,entertainment,theater,"A theater in Goa focused on nightlife, social.",nightlife|social,15.613393,73.750381,3,4.39,217,0.434,30,08:00,22:00,True,True,False,0.365
P0473,Grand Mall Mumbai 473,Mumbai,shopping,street_market,"A street market in Mumbai focused on local, market.",local|market,19.104515,72.780531,1,4.93,67,0.291,150,09:00,18:00,False,False,True,0.569
P0474,Lakeside Beach Bengaluru 474,Bengaluru,nature,waterfall,"A waterfall in Bengaluru focused on scenic, relaxation, outdoor, nature.",scenic|relaxation|outdoor|nature,12.863143,77.507512,4,3.41,106,0.439,30,11:00,17:00,False,True,False,0.801
P0475,Local Street Market Mumbai 475,Mumbai,shopping,market,"A market in Mumbai focused on local, market, souvenirs, shopping.",local|market|souvenirs|shopping,19.234531,72.771278,1,4.08,327,0.409,180,11:00,21:00,False,True,True,0.225
P0476,Traditional Cafe Delhi 476,Delhi,food,food_experience,"A food experience in Delhi focused on authentic, local, food.",authentic|local|food,28.601145,77.21029,3,3.99,373,0.561,45,09:00,17:00,False,True,True,0.945
P0477,Hidden Street Food Goa 477,Goa,food,cafe,"A cafe in Goa focused on local, authentic.",local|authentic,15.645815,73.804986,3,3.54,1383,1.0,60,10:00,17:00,False,False,True,0.177
P0478,Street Cafe Goa 478,Goa,food,local_restaurant,"A local restaurant in Goa focused on food, neighborhood, local.",food|neighborhood|local,15.579573,73.80964,1,4.06,935,0.877,150,11:00,22:00,False,True,True,0.246
P0479,Old Town Street Market Goa 479,Goa,shopping,street_market,"A street market in Goa focused on local, souvenirs, shopping.",local|souvenirs|shopping,15.482666,74.103866,4,4.25,423,0.532,90,08:00,20:00,True,True,False,0.229
P0480,Local Food Experience Goa 480,Goa,food,street_food,"A street food in Goa focused on food, local, authentic.",food|local|authentic,15.315167,73.788867,1,4.36,418,0.555,90,11:00,17:00,False,True,False,0.061
P0481,Local Cafe Bengaluru 481,Bengaluru,food,local_restaurant,"A local restaurant in Bengaluru focused on local, neighborhood, authentic, food.",local|neighborhood|authentic|food,13.097969,77.679034,3,4.39,1205,0.812,150,08:00,17:00,False,True,True,0.371
P0482,Royal Cinema Mumbai 482,Mumbai,entertainment,nightlife,"A nightlife in Mumbai focused on social, entertainment, nightlife.",social|entertainment|nightlife,19.185413,72.857585,3,4.19,572,0.687,30,08:00,17:00,True,True,True,0.845
P0483,Traditional Local Restaurant Mumbai 483,Mumbai,food,cafe,"A cafe in Mumbai focused on authentic, local, food, neighborhood.",authentic|local|food|neighborhood,19.049497,72.801582,4,4.06,1377,0.882,30,09:00,17:00,False,True,True,0.367
P0484,City Art Pune 484,Pune,museum,history_museum,"A history museum in Pune focused on history, museum.",history|museum,18.535726,73.816969,3,3.8,2124,1.0,60,10:00,17:00,False,True,True,0.302
P0485,Cultural Science Mumbai 485,Mumbai,museum,science,"A science in Mumbai focused on museum, history, culture.",museum|history|culture,18.951723,72.906343,3,4.08,43,0.274,60,09:00,18:00,False,True,True,0.507
P0486,Riverside Garden Mumbai 486,Mumbai,nature,garden,"A garden in Mumbai focused on relaxation, scenic, nature, outdoor.",relaxation|scenic|nature|outdoor,19.046531,72.923986,1,4.16,108,0.46,90,09:00,22:00,True,True,True,0.858
P0487,Ancient Heritage Site Mumbai 487,Mumbai,historical,fort,"A fort in Mumbai focused on architecture, heritage.",architecture|heritage,19.218977,72.8763,2,4.48,111,0.566,120,11:00,18:00,True,True,True,0.161
P0488,Cultural Cultural District Pune 488,Pune,neighborhood,old_town,"A old town in Pune focused on local, neighborhood, authentic, culture.",local|neighborhood|authentic|culture,18.460817,73.771202,2,3.9,25,0.334,30,09:00,17:00,True,False,True,0.777
P0489,Old Town Mall Delhi 489,Delhi,shopping,local_crafts,"A local crafts in Delhi focused on shopping, local, souvenirs, market.",shopping|local|souvenirs|market,28.573457,77.018668,1,3.9,13,0.509,30,09:00,21:00,True,True,True,0.951
P0490,Old Town Local Crafts Delhi 490,Delhi,shopping,street_market,"A street market in Delhi focused on souvenirs, shopping.",souvenirs|shopping,28.577101,76.9284,2,3.39,609,0.584,30,09:00,20:00,True,False,True,0.85
P0491,Old Old Town Goa 491,Goa,neighborhood,food_district,"A food district in Goa focused on authentic, local, neighborhood, culture.",authentic|local|neighborhood|culture,15.31593,74.10167,1,4.45,407,0.433,120,10:00,17:00,True,True,True,0.251
P0492,Hill Beach Mumbai 492,Mumbai,nature,park,"A park in Mumbai focused on nature, scenic, outdoor, relaxation.",nature|scenic|outdoor|relaxation,18.984117,72.779764,1,3.66,231,0.397,60,08:00,19:00,False,False,True,0.349
P0493,Ancient Palace Mumbai 493,Mumbai,historical,monument,"A monument in Mumbai focused on heritage, history.",heritage|history,19.04255,73.009508,4,4.1,60,0.399,180,08:00,19:00,True,False,True,0.645
P0494,Cultural Art Mumbai 494,Mumbai,museum,science,"A science in Mumbai focused on education, history, culture.",education|history|culture,19.056618,72.795919,1,4.78,701,0.866,180,11:00,18:00,True,True,True,0.195
P0495,Cultural Science Pune 495,Pune,museum,science,"A science in Pune focused on history, museum.",history|museum,18.559427,73.943789,4,4.0,252,0.423,60,09:00,17:00,False,True,True,0.22
P0496,Grand Mall Bengaluru 496,Bengaluru,shopping,local_crafts,"A local crafts in Bengaluru focused on souvenirs, shopping.",souvenirs|shopping,13.045088,77.492134,3,4.19,21,0.52,90,11:00,21:00,False,True,True,0.853
P0497,Cultural Local Area Pune 497,Pune,neighborhood,food_district,"A food district in Pune focused on local, culture, authentic, neighborhood.",local|culture|authentic|neighborhood,18.502565,73.925107,1,3.99,107,0.302,30,10:00,20:00,True,True,True,0.419
P0498,Royal Nightlife Goa 498,Goa,entertainment,nightlife,"A nightlife in Goa focused on entertainment, experience, nightlife.",entertainment|experience|nightlife,15.506994,74.150063,1,3.65,174,0.582,90,11:00,18:00,False,True,True,0.624
P0499,Central Street Market Pune 499,Pune,shopping,local_crafts,"A local crafts in Pune focused on local, market, shopping.",local|market|shopping,18.457656,73.781148,3,4.91,527,0.682,120,11:00,17:00,False,True,True,0.5
P0500,Old Food District Pune 500,Pune,neighborhood,old_town,"A old town in Pune focused on local, neighborhood.",local|neighborhood,18.500414,73.785221,4,3.84,486,0.439,180,11:00,20:00,False,False,True,0.839
