traveler_id,poi_id,interaction_type,timestamp,interaction_weight
U0001,P0328,click,2025-01-04 05:44:00,2
U0001,P0156,share,2025-01-06 21:46:00,5
U0001,P0238,view,2025-01-17 10:04:00,1
U0001,P0248,share,2025-01-17 10:25:00,5
U0001,P0307,click,2025-01-23 23:29:00,2
U0001,P0058,visit,2025-01-25 03:09:00,8
U0001,P0371,view,2025-02-02 12:24:00,1
U0001,P0324,view,2025-02-05 17:49:00,1
U0001,P0424,view,2025-02-13 23:31:00,1
U0001,P0346,view,2025-02-17 06:14:00,1
U0001,P0338,view,2025-02-24 20:19:00,1
U0001,P0374,share,2025-02-27 00:47:00,5
U0001,P0447,view,2025-03-13 23:06:00,1
U0001,P0260,share,2025-03-15 08:08:00,5
U0001,P0184,dismiss,2025-03-21 06:48:00,-3
U0001,P0427,share,2025-03-25 14:24:00,5
U0001,P0212,view,2025-04-12 04:23:00,1
U0001,P0064,view,2025-04-13 22:19:00,1
U0001,P0012,dismiss,2025-04-19 20:31:00,-3
U0001,P0403,view,2025-04-23 00:04:00,1
U0001,P0020,view,2025-04-23 04:32:00,1
U0001,P0187,share,2025-04-28 02:57:00,5
U0001,P0281,visit,2025-05-05 15:51:00,8
U0001,P0320,click,2025-05-07 07:04:00,2
U0001,P0104,click,2025-05-07 23:35:00,2
U0001,P0166,click,2025-05-16 16:55:00,2
U0001,P0143,click,2025-05-17 22:59:00,2
U0001,P0380,dismiss,2025-05-18 02:13:00,-3
U0001,P0296,click,2025-05-19 20:44:00,2
U0001,P0326,visit,2025-05-23 14:40:00,8
U0001,P0037,view,2025-05-29 02:54:00,1
U0001,P0317,visit,2025-05-31 13:10:00,8
U0001,P0426,view,2025-05-31 20:39:00,1
U0001,P0392,save,2025-06-15 15:01:00,4
U0001,P0254,dismiss,2025-06-16 01:14:00,-3
U0001,P0196,save,2025-06-22 03:05:00,4
U0001,P0011,view,2025-06-26 19:16:00,1
U0001,P0339,view,2025-07-01 06:42:00,1
U0001,P0252,save,2025-07-01 13:26:00,4
U0001,P0367,click,2025-07-05 18:12:00,2
U0001,P0388,view,2025-07-06 05:23:00,1
U0001,P0500,view,2025-07-11 14:57:00,1
U0001,P0193,dismiss,2025-07-13 02:35:00,-3
U0001,P0303,dismiss,2025-07-14 03:22:00,-3
U0001,P0036,click,2025-07-22 20:29:00,2
U0001,P0499,click,2025-07-24 21:41:00,2
U0001,P0441,view,2025-07-28 06:06:00,1
U0001,P0251,click,2025-08-03 07:28:00,2
U0001,P0405,save,2025-08-05 01:01:00,4
U0001,P0017,dismiss,2025-08-21 00:46:00,-3
U0001,P0080,save,2025-08-28 23:03:00,4
U0001,P0361,view,2025-09-01 17:10:00,1
U0001,P0484,click,2025-09-10 02:48:00,2
U0001,P0400,click,2025-09-16 19:01:00,2
U0001,P0391,view,2025-09-21 07:17:00,1
U0001,P0129,view,2025-09-22 14:07:00,1
U0001,P0077,click,2025-10-01 23:15:00,2
U0001,P0172,click,2025-10-02 03:59:00,2
U0001,P0358,share,2025-10-02 08:49:00,5
U0001,P0318,view,2025-10-04 04:46:00,1
U0001,P0050,view,2025-10-04 23:44:00,1
U0001,P0330,share,2025-10-11 07:37:00,5
U0001,P0087,dismiss,2025-10-13 07:43:00,-3
U0001,P0263,dismiss,2025-10-15 06:45:00,-3
U0001,P0137,view,2025-10-18 22:20:00,1
U0001,P0280,dismiss,2025-10-20 18:30:00,-3
U0002,P0390,visit,2025-01-01 16:59:00,8
U0002,P0332,share,2025-01-13 21:12:00,5
U0002,P0391,view,2025-01-15 03:56:00,1
U0002,P0358,visit,2025-01-20 15:14:00,8
U0002,P0324,dismiss,2025-01-23 22:27:00,-3
U0002,P0395,booking,2025-01-24 07:30:00,10
U0002,P0488,click,2025-02-05 08:22:00,2
U0002,P0158,view,2025-02-09 22:18:00,1
U0002,P0328,click,2025-02-17 07:43:00,2
U0002,P0400,view,2025-02-24 13:14:00,1
U0002,P0143,save,2025-02-27 02:56:00,4
U0002,P0046,share,2025-03-07 01:19:00,5
U0002,P0275,click,2025-03-10 14:42:00,2
U0002,P0254,view,2025-03-12 04:14:00,1
U0002,P0497,click,2025-03-23 23:55:00,2
U0002,P0053,view,2025-03-25 05:56:00,1
U0002,P0371,click,2025-03-28 21:05:00,2
U0002,P0281,click,2025-03-31 19:36:00,2
U0002,P0351,visit,2025-04-01 22:33:00,8
U0002,P0010,view,2025-04-10 22:44:00,1
U0002,P0172,share,2025-04-12 04:01:00,5
U0002,P0335,save,2025-04-13 14:22:00,4
U0002,P0129,click,2025-04-18 13:50:00,2
U0002,P0086,visit,2025-05-01 08:21:00,8
U0002,P0184,view,2025-05-03 08:28:00,1
U0002,P0260,click,2025-05-07 20:17:00,2
U0002,P0080,share,2025-05-08 03:29:00,5
U0002,P0012,dismiss,2025-05-08 08:10:00,-3
U0002,P0392,save,2025-05-08 21:06:00,4
U0002,P0248,visit,2025-05-09 01:05:00,8
U0002,P0447,view,2025-05-14 05:37:00,1
U0002,P0330,visit,2025-05-15 05:47:00,8
U0002,P0307,booking,2025-05-16 01:06:00,10
U0002,P0193,click,2025-05-16 16:31:00,2
U0002,P0463,view,2025-05-22 01:00:00,1
U0002,P0058,click,2025-05-26 16:42:00,2
U0002,P0426,share,2025-06-03 16:19:00,5
U0002,P0318,view,2025-06-06 07:14:00,1
U0002,P0196,visit,2025-06-08 07:51:00,8
U0002,P0452,visit,2025-06-10 13:38:00,8
U0002,P0361,save,2025-06-12 14:39:00,4
U0002,P0037,click,2025-06-13 17:05:00,2
U0002,P0427,view,2025-06-19 19:20:00,1
U0002,P0156,click,2025-06-20 04:40:00,2
U0002,P0499,view,2025-06-20 13:51:00,1
U0002,P0212,click,2025-07-01 17:56:00,2
U0002,P0399,click,2025-07-03 06:43:00,2
U0002,P0424,click,2025-07-06 01:57:00,2
U0002,P0104,save,2025-07-16 15:25:00,4
U0002,P0388,visit,2025-07-16 22:09:00,8
U0002,P0438,visit,2025-07-24 10:17:00,8
U0002,P0011,dismiss,2025-07-26 22:18:00,-3
U0002,P0296,visit,2025-07-28 19:47:00,8
U0002,P0263,click,2025-07-31 00:11:00,2
U0002,P0345,view,2025-08-01 13:21:00,1
U0002,P0019,booking,2025-08-01 20:36:00,10
U0002,P0317,booking,2025-08-04 12:57:00,10
U0002,P0320,view,2025-08-04 21:24:00,1
U0002,P0036,view,2025-08-07 17:00:00,1
U0002,P0087,click,2025-08-09 02:42:00,2
U0002,P0137,save,2025-08-15 17:45:00,4
U0002,P0272,booking,2025-08-15 21:13:00,10
U0002,P0169,view,2025-08-26 01:35:00,1
U0002,P0405,visit,2025-09-01 14:16:00,8
U0002,P0238,view,2025-09-16 13:53:00,1
U0002,P0380,click,2025-09-19 03:24:00,2
U0002,P0302,click,2025-09-19 15:50:00,2
U0002,P0187,click,2025-09-24 15:40:00,2
U0002,P0020,dismiss,2025-10-03 21:46:00,-3
U0003,P0241,view,2025-01-01 21:55:00,1
U0003,P0217,save,2025-01-07 18:18:00,4
U0003,P0210,click,2025-01-15 15:54:00,2
U0003,P0299,view,2025-01-21 05:30:00,1
U0003,P0075,click,2025-01-28 17:18:00,2
U0003,P0337,view,2025-01-31 05:50:00,1
U0003,P0055,click,2025-02-03 12:31:00,2
U0003,P0135,booking,2025-02-07 18:40:00,10
U0003,P0021,click,2025-02-13 07:07:00,2
U0003,P0274,click,2025-02-15 10:16:00,2
U0003,P0422,click,2025-02-16 07:43:00,2
U0003,P0353,save,2025-03-03 23:12:00,4
U0003,P0237,click,2025-03-05 14:44:00,2
U0003,P0321,view,2025-03-06 08:02:00,1
U0003,P0413,click,2025-03-18 18:19:00,2
U0003,P0176,view,2025-03-22 07:11:00,1
U0003,P0386,dismiss,2025-03-24 10:26:00,-3
U0003,P0059,view,2025-04-09 06:47:00,1
U0003,P0127,click,2025-04-17 20:13:00,2
U0003,P0085,view,2025-04-19 11:51:00,1
U0003,P0013,share,2025-05-04 22:30:00,5
U0003,P0464,click,2025-05-04 23:26:00,2
U0003,P0124,click,2025-05-06 02:17:00,2
U0003,P0108,view,2025-05-10 15:07:00,1
U0003,P0044,click,2025-05-13 10:17:00,2
U0003,P0088,click,2025-05-16 20:37:00,2
U0003,P0342,view,2025-05-16 21:05:00,1
U0003,P0073,view,2025-05-17 04:04:00,1
U0003,P0179,save,2025-05-20 16:34:00,4
U0003,P0231,click,2025-05-22 17:00:00,2
U0003,P0024,visit,2025-05-23 05:37:00,8
U0003,P0454,view,2025-05-25 03:53:00,1
U0003,P0223,view,2025-05-28 22:18:00,1
U0003,P0101,visit,2025-05-30 01:14:00,8
U0003,P0018,dismiss,2025-05-31 07:25:00,-3
U0003,P0103,click,2025-06-05 22:25:00,2
U0003,P0188,click,2025-06-06 08:14:00,2
U0003,P0412,view,2025-06-07 19:47:00,1
U0003,P0061,view,2025-06-11 03:47:00,1
U0003,P0042,visit,2025-06-14 21:06:00,8
U0003,P0268,save,2025-06-16 05:31:00,4
U0003,P0372,click,2025-06-24 05:03:00,2
U0003,P0305,visit,2025-06-26 13:47:00,8
U0003,P0243,click,2025-06-28 13:21:00,2
U0003,P0470,view,2025-07-04 05:19:00,1
U0003,P0398,click,2025-08-12 20:52:00,2
U0003,P0331,booking,2025-08-15 09:55:00,10
U0003,P0474,dismiss,2025-08-18 00:05:00,-3
U0003,P0465,share,2025-08-19 07:48:00,5
U0003,P0190,dismiss,2025-08-26 18:39:00,-3
U0003,P0267,view,2025-08-29 15:28:00,1
U0003,P0381,visit,2025-08-31 17:33:00,8
U0003,P0194,click,2025-09-05 08:46:00,2
U0003,P0352,view,2025-09-09 02:30:00,1
U0003,P0333,view,2025-09-10 14:05:00,1
U0003,P0364,visit,2025-09-23 20:28:00,8
U0003,P0173,click,2025-09-25 12:28:00,2
U0003,P0468,view,2025-10-02 22:11:00,1
U0003,P0195,view,2025-10-09 01:29:00,1
U0003,P0418,share,2025-10-09 10:22:00,5
U0003,P0309,click,2025-10-10 02:10:00,2
U0003,P0293,view,2025-10-13 13:38:00,1
U0003,P0253,view,2025-10-19 19:03:00,1
U0003,P0375,booking,2025-10-22 18:01:00,10
U0003,P0435,view,2025-10-29 13:19:00,1
U0004,P0307,save,2025-01-05 14:57:00,4
U0004,P0374,visit,2025-01-14 04:00:00,8
U0004,P0141,share,2025-01-15 01:20:00,5
U0004,P0320,visit,2025-01-26 10:15:00,8
U0004,P0403,save,2025-02-02 15:28:00,4
U0004,P0281,view,2025-02-02 20:52:00,1
U0004,P0196,visit,2025-02-08 04:48:00,8
U0004,P0119,view,2025-02-19 07:56:00,1
U0004,P0452,save,2025-02-20 15:39:00,4
U0004,P0263,click,2025-02-21 14:10:00,2
U0004,P0427,visit,2025-02-25 14:32:00,8
U0004,P0351,click,2025-02-25 21:14:00,2
U0004,P0280,view,2025-03-04 14:05:00,1
U0004,P0390,view,2025-03-06 18:13:00,1
U0004,P0380,visit,2025-03-09 02:58:00,8
U0004,P0296,click,2025-03-09 17:56:00,2
U0004,P0497,save,2025-03-12 20:06:00,4
U0004,P0086,view,2025-03-13 01:02:00,1
U0004,P0137,visit,2025-03-17 19:00:00,8
U0004,P0391,click,2025-03-21 13:41:00,2
U0004,P0388,save,2025-03-22 02:28:00,4
U0004,P0332,share,2025-03-31 03:42:00,5
U0004,P0010,view,2025-04-08 19:16:00,1
U0004,P0187,visit,2025-04-26 21:46:00,8
U0004,P0104,visit,2025-04-30 10:49:00,8
U0004,P0499,save,2025-05-04 15:58:00,4
U0004,P0248,dismiss,2025-05-06 16:26:00,-3
U0004,P0275,click,2025-05-09 14:54:00,2
U0004,P0339,booking,2025-05-16 01:08:00,10
U0004,P0463,visit,2025-05-22 04:08:00,8
U0004,P0361,view,2025-05-27 07:38:00,1
U0004,P0036,click,2025-05-28 21:34:00,2
U0004,P0328,click,2025-06-04 06:24:00,2
U0004,P0172,booking,2025-06-05 15:07:00,10
U0004,P0317,click,2025-06-08 14:02:00,2
U0004,P0110,view,2025-06-15 00:11:00,1
U0004,P0169,view,2025-06-23 03:29:00,1
U0004,P0441,view,2025-06-26 18:19:00,1
U0004,P0346,share,2025-06-30 07:40:00,5
U0004,P0080,visit,2025-07-03 07:37:00,8
U0004,P0077,share,2025-07-05 03:43:00,5
U0004,P0455,view,2025-07-05 16:37:00,1
U0004,P0166,view,2025-07-07 16:32:00,1
U0004,P0447,share,2025-07-08 17:57:00,5
U0004,P0484,visit,2025-07-08 21:47:00,8
U0004,P0399,visit,2025-07-11 13:09:00,8
U0004,P0184,click,2025-07-15 18:22:00,2
U0004,P0020,visit,2025-07-15 19:43:00,8
U0004,P0053,view,2025-07-22 00:16:00,1
U0004,P0324,view,2025-07-28 08:02:00,1
U0004,P0338,view,2025-08-01 05:12:00,1
U0004,P0392,click,2025-08-04 16:07:00,2
U0004,P0254,view,2025-08-11 03:48:00,1
U0004,P0371,save,2025-08-16 14:15:00,4
U0004,P0252,save,2025-08-21 11:42:00,4
U0004,P0326,click,2025-08-24 08:42:00,2
U0004,P0087,booking,2025-08-25 20:16:00,10
U0004,P0395,click,2025-08-26 22:19:00,2
U0004,P0140,click,2025-08-30 00:39:00,2
U0004,P0037,click,2025-09-04 09:47:00,2
U0004,P0238,click,2025-09-05 03:15:00,2
U0004,P0251,view,2025-10-02 03:29:00,1
U0004,P0260,save,2025-10-04 08:51:00,4
U0004,P0158,visit,2025-10-13 11:05:00,8
U0004,P0193,visit,2025-10-15 10:58:00,8
U0004,P0129,click,2025-10-17 21:50:00,2
U0004,P0212,visit,2025-10-22 09:44:00,8
U0005,P0206,view,2025-01-04 06:19:00,1
U0005,P0046,visit,2025-01-20 01:23:00,8
U0005,P0141,booking,2025-01-21 07:45:00,10
U0005,P0307,click,2025-01-22 14:58:00,2
U0005,P0254,click,2025-01-27 20:41:00,2
U0005,P0346,click,2025-02-09 09:54:00,2
U0005,P0339,view,2025-02-09 10:36:00,1
U0005,P0275,save,2025-02-13 01:09:00,4
U0005,P0086,booking,2025-02-18 17:43:00,10
U0005,P0441,dismiss,2025-02-21 16:49:00,-3
U0005,P0497,visit,2025-03-03 00:31:00,8
U0005,P0463,view,2025-03-08 19:45:00,1
U0005,P0391,click,2025-03-18 10:05:00,2
U0005,P0438,visit,2025-03-20 20:04:00,8
U0005,P0296,share,2025-03-25 05:53:00,5
U0005,P0338,dismiss,2025-03-26 23:28:00,-3
U0005,P0332,view,2025-03-28 02:32:00,1
U0005,P0172,click,2025-04-01 20:31:00,2
U0005,P0452,booking,2025-04-12 05:38:00,10
U0005,P0495,click,2025-04-19 04:48:00,2
U0005,P0303,click,2025-04-26 04:09:00,2
U0005,P0403,save,2025-05-11 09:20:00,4
U0005,P0345,view,2025-05-21 18:03:00,1
U0005,P0143,view,2025-05-25 12:26:00,1
U0005,P0371,view,2025-05-27 02:41:00,1
U0005,P0280,dismiss,2025-05-29 03:25:00,-3
U0005,P0488,save,2025-06-08 05:13:00,4
U0005,P0017,view,2025-06-08 23:21:00,1
U0005,P0426,dismiss,2025-06-18 04:42:00,-3
U0005,P0361,booking,2025-06-22 19:08:00,10
U0005,P0272,share,2025-06-24 15:12:00,5
U0005,P0390,share,2025-06-28 11:46:00,5
U0005,P0064,click,2025-06-29 09:41:00,2
U0005,P0484,save,2025-06-30 16:04:00,4
U0005,P0140,view,2025-07-05 00:23:00,1
U0005,P0251,view,2025-07-06 11:58:00,1
U0005,P0196,save,2025-07-14 17:45:00,4
U0005,P0358,view,2025-07-17 09:16:00,1
U0005,P0110,view,2025-07-22 19:03:00,1
U0005,P0367,click,2025-08-09 03:18:00,2
U0005,P0169,click,2025-08-12 00:29:00,2
U0005,P0058,booking,2025-08-12 03:15:00,10
U0005,P0302,view,2025-08-12 18:25:00,1
U0005,P0424,view,2025-08-13 14:33:00,1
U0005,P0374,view,2025-08-14 02:30:00,1
U0005,P0263,click,2025-08-15 21:27:00,2
U0005,P0260,view,2025-08-19 03:51:00,1
U0005,P0326,visit,2025-08-26 18:48:00,8
U0005,P0011,view,2025-09-06 19:28:00,1
U0005,P0184,view,2025-09-07 16:42:00,1
U0005,P0212,view,2025-09-14 04:03:00,1
U0005,P0399,click,2025-09-16 20:11:00,2
U0005,P0500,click,2025-09-17 12:29:00,2
U0005,P0020,view,2025-09-19 06:57:00,1
U0005,P0392,booking,2025-09-20 03:22:00,10
U0005,P0156,share,2025-09-25 19:10:00,5
U0005,P0129,visit,2025-09-27 01:42:00,8
U0005,P0318,save,2025-09-27 02:41:00,4
U0005,P0317,save,2025-10-17 20:40:00,4
U0005,P0080,view,2025-10-20 20:12:00,1
U0005,P0252,view,2025-10-24 14:43:00,1
U0006,P0099,click,2025-01-14 23:11:00,2
U0006,P0295,share,2025-01-15 02:02:00,5
U0006,P0218,save,2025-01-19 20:12:00,4
U0006,P0294,view,2025-01-25 20:21:00,1
U0006,P0360,visit,2025-02-04 07:49:00,8
U0006,P0049,share,2025-02-07 14:11:00,5
U0006,P0149,view,2025-02-07 14:29:00,1
U0006,P0494,share,2025-02-10 08:12:00,5
U0006,P0310,visit,2025-02-10 13:38:00,8
U0006,P0487,share,2025-03-04 04:54:00,5
U0006,P0410,save,2025-03-06 20:19:00,4
U0006,P0221,view,2025-03-07 17:40:00,1
U0006,P0182,view,2025-03-08 13:32:00,1
U0006,P0282,save,2025-03-12 16:23:00,4
U0006,P0483,view,2025-03-13 07:50:00,1
U0006,P0420,visit,2025-03-20 09:10:00,8
U0006,P0449,save,2025-03-23 00:09:00,4
U0006,P0376,view,2025-03-24 10:59:00,1
U0006,P0266,visit,2025-03-29 21:39:00,8
U0006,P0409,visit,2025-04-03 17:18:00,8
U0006,P0416,save,2025-04-14 01:50:00,4
U0006,P0213,share,2025-04-20 19:18:00,5
U0006,P0384,view,2025-04-25 03:12:00,1
U0006,P0048,click,2025-05-06 21:25:00,2
U0006,P0316,share,2025-05-20 03:51:00,5
U0006,P0035,view,2025-05-23 07:07:00,1
U0006,P0482,view,2025-06-02 14:04:00,1
U0006,P0334,booking,2025-06-06 14:38:00,10
U0006,P0178,share,2025-06-08 16:25:00,5
U0006,P0456,visit,2025-06-17 21:18:00,8
U0006,P0030,share,2025-06-20 04:02:00,5
U0006,P0475,visit,2025-06-27 22:04:00,8
U0006,P0283,visit,2025-06-30 17:21:00,8
U0006,P0432,visit,2025-06-30 19:27:00,8
U0006,P0204,share,2025-07-08 13:56:00,5
U0006,P0131,share,2025-07-08 16:17:00,5
U0006,P0132,view,2025-07-17 10:11:00,1
U0006,P0273,view,2025-07-24 23:28:00,1
U0006,P0009,share,2025-07-29 18:04:00,5
U0006,P0197,click,2025-08-07 05:44:00,2
U0006,P0234,view,2025-08-13 01:08:00,1
U0006,P0264,booking,2025-08-16 02:36:00,10
U0006,P0006,visit,2025-08-16 11:28:00,8
U0006,P0323,click,2025-08-19 11:23:00,2
U0006,P0171,visit,2025-09-03 16:26:00,8
U0006,P0493,save,2025-09-03 20:11:00,4
U0006,P0057,visit,2025-09-12 22:31:00,8
U0006,P0377,view,2025-09-13 16:24:00,1
U0006,P0094,share,2025-09-20 23:43:00,5
U0006,P0485,view,2025-09-23 09:54:00,1
U0006,P0207,view,2025-10-06 15:16:00,1
U0006,P0095,click,2025-10-11 18:23:00,2
U0006,P0397,view,2025-10-15 03:16:00,1
U0006,P0437,visit,2025-10-16 01:52:00,8
U0006,P0425,save,2025-10-20 13:39:00,4
U0006,P0419,click,2025-10-25 23:48:00,2
U0006,P0117,save,2025-10-28 05:49:00,4
U0006,P0118,save,2025-10-31 18:09:00,4
U0006,P0340,click,2025-11-06 10:53:00,2
U0006,P0203,save,2025-11-08 21:50:00,4
U0006,P0450,dismiss,2025-11-11 17:05:00,-3
U0006,P0492,share,2025-11-18 03:49:00,5
U0007,P0175,view,2025-01-06 08:41:00,1
U0007,P0205,view,2025-01-20 05:26:00,1
U0007,P0325,view,2025-01-26 21:57:00,1
U0007,P0478,visit,2025-02-01 21:07:00,8
U0007,P0226,view,2025-02-15 20:36:00,1
U0007,P0297,dismiss,2025-02-24 10:18:00,-3
U0007,P0125,share,2025-02-27 10:10:00,5
U0007,P0436,click,2025-03-02 20:58:00,2
U0007,P0054,view,2025-03-10 16:29:00,1
U0007,P0091,dismiss,2025-03-12 00:35:00,-3
U0007,P0107,view,2025-03-12 03:39:00,1
U0007,P0015,save,2025-03-13 15:20:00,4
U0007,P0423,click,2025-03-16 09:02:00,2
U0007,P0480,share,2025-03-22 13:41:00,5
U0007,P0123,view,2025-03-26 10:54:00,1
U0007,P0314,dismiss,2025-03-30 14:58:00,-3
U0007,P0043,view,2025-04-01 01:53:00,1
U0007,P0122,share,2025-04-06 00:47:00,5
U0007,P0084,view,2025-04-08 00:28:00,1
U0007,P0491,view,2025-04-13 09:20:00,1
U0007,P0417,visit,2025-04-24 07:08:00,8
U0007,P0096,view,2025-04-26 09:49:00,1
U0007,P0180,dismiss,2025-04-29 17:47:00,-3
U0007,P0022,view,2025-04-30 01:06:00,1
U0007,P0038,view,2025-05-08 00:16:00,1
U0007,P0240,view,2025-05-12 23:30:00,1
U0007,P0150,view,2025-05-28 03:36:00,1
U0007,P0215,visit,2025-05-28 22:05:00,8
U0007,P0429,share,2025-05-28 22:13:00,5
U0007,P0040,view,2025-06-01 11:39:00,1
U0007,P0191,click,2025-06-02 18:38:00,2
U0007,P0370,view,2025-06-07 23:01:00,1
U0007,P0477,view,2025-06-10 13:09:00,1
U0007,P0181,dismiss,2025-06-12 15:22:00,-3
U0007,P0479,view,2025-06-17 02:25:00,1
U0007,P0277,save,2025-06-22 09:36:00,4
U0007,P0155,click,2025-06-27 14:41:00,2
U0007,P0092,share,2025-07-01 21:49:00,5
U0007,P0378,visit,2025-07-04 22:15:00,8
U0007,P0144,view,2025-07-05 02:58:00,1
U0007,P0445,view,2025-07-14 04:52:00,1
U0007,P0301,click,2025-07-16 07:28:00,2
U0007,P0189,visit,2025-07-22 11:49:00,8
U0007,P0457,view,2025-07-27 13:32:00,1
U0007,P0201,view,2025-07-27 21:32:00,1
U0007,P0363,click,2025-07-30 16:49:00,2
U0007,P0443,save,2025-07-31 10:45:00,4
U0007,P0383,click,2025-08-17 16:45:00,2
U0007,P0063,click,2025-08-21 20:34:00,2
U0007,P0162,view,2025-08-25 21:51:00,1
U0007,P0415,share,2025-08-27 09:10:00,5
U0007,P0344,click,2025-08-30 03:43:00,2
U0007,P0126,save,2025-08-30 17:51:00,4
U0007,P0262,dismiss,2025-09-02 04:29:00,-3
U0007,P0067,view,2025-09-03 05:33:00,1
U0007,P0350,dismiss,2025-09-05 06:15:00,-3
U0007,P0442,view,2025-09-20 13:29:00,1
U0007,P0174,view,2025-09-24 14:07:00,1
U0007,P0311,save,2025-09-26 15:56:00,4
U0007,P0211,click,2025-09-29 07:40:00,2
U0007,P0202,view,2025-09-30 10:34:00,1
U0007,P0498,save,2025-10-03 08:59:00,4
U0007,P0414,view,2025-10-14 23:17:00,1
U0007,P0336,view,2025-10-15 22:17:00,1
U0007,P0005,view,2025-10-16 03:03:00,1
U0007,P0151,save,2025-10-21 22:07:00,4
U0008,P0415,visit,2025-01-04 13:08:00,8
U0008,P0370,click,2025-01-08 06:59:00,2
U0008,P0354,view,2025-01-09 08:35:00,1
U0008,P0224,view,2025-01-09 16:52:00,1
U0008,P0205,view,2025-01-14 02:22:00,1
U0008,P0084,share,2025-01-22 07:13:00,5
U0008,P0150,share,2025-02-07 06:51:00,5
U0008,P0123,booking,2025-02-08 10:38:00,10
U0008,P0191,visit,2025-02-08 21:03:00,8
U0008,P0355,view,2025-02-08 21:59:00,1
U0008,P0311,share,2025-02-09 09:10:00,5
U0008,P0344,view,2025-02-10 16:47:00,1
U0008,P0245,view,2025-02-11 20:54:00,1
U0008,P0350,view,2025-02-12 08:09:00,1
U0008,P0477,view,2025-02-14 05:27:00,1
U0008,P0043,click,2025-02-18 16:58:00,2
U0008,P0067,click,2025-02-19 16:09:00,2
U0008,P0314,view,2025-02-24 02:00:00,1
U0008,P0308,view,2025-03-13 22:46:00,1
U0008,P0406,click,2025-03-29 02:31:00,2
U0008,P0202,view,2025-04-02 03:58:00,1
U0008,P0211,save,2025-04-08 01:17:00,4
U0008,P0041,click,2025-04-08 23:07:00,2
U0008,P0467,view,2025-04-11 10:14:00,1
U0008,P0056,view,2025-04-15 11:20:00,1
U0008,P0151,view,2025-04-17 10:19:00,1
U0008,P0144,share,2025-04-22 16:29:00,5
U0008,P0277,save,2025-04-24 23:09:00,4
U0008,P0445,click,2025-04-27 11:35:00,2
U0008,P0478,visit,2025-05-04 06:39:00,8
U0008,P0240,save,2025-05-05 22:14:00,4
U0008,P0215,click,2025-05-06 15:35:00,2
U0008,P0262,dismiss,2025-05-07 22:04:00,-3
U0008,P0175,dismiss,2025-05-12 15:46:00,-3
U0008,P0089,view,2025-05-19 03:08:00,1
U0008,P0133,view,2025-05-20 14:31:00,1
U0008,P0201,view,2025-05-24 17:36:00,1
U0008,P0146,view,2025-06-03 21:52:00,1
U0008,P0162,share,2025-06-07 14:23:00,5
U0008,P0443,view,2025-06-14 09:24:00,1
U0008,P0005,view,2025-06-19 18:54:00,1
U0008,P0122,save,2025-06-27 01:06:00,4
U0008,P0174,view,2025-06-30 05:08:00,1
U0008,P0125,click,2025-07-01 08:50:00,2
U0008,P0074,dismiss,2025-07-03 09:16:00,-3
U0008,P0091,view,2025-07-04 16:56:00,1
U0008,P0393,view,2025-07-11 01:39:00,1
U0008,P0378,visit,2025-07-12 13:11:00,8
U0008,P0096,click,2025-07-13 21:38:00,2
U0008,P0063,save,2025-07-14 02:49:00,4
U0008,P0357,save,2025-07-14 18:53:00,4
U0008,P0170,click,2025-07-14 22:50:00,2
U0008,P0289,share,2025-07-19 10:23:00,5
U0008,P0092,click,2025-07-19 21:57:00,2
U0008,P0107,save,2025-07-23 02:23:00,4
U0008,P0461,view,2025-07-23 07:35:00,1
U0008,P0102,view,2025-07-27 12:24:00,1
U0008,P0431,click,2025-07-27 14:36:00,2
U0008,P0004,booking,2025-07-31 01:36:00,10
U0008,P0417,click,2025-08-02 09:09:00,2
U0008,P0115,view,2025-08-11 20:50:00,1
U0008,P0349,click,2025-08-12 07:53:00,2
U0008,P0383,save,2025-08-18 17:35:00,4
U0008,P0180,view,2025-08-24 05:46:00,1
U0008,P0142,click,2025-08-27 17:41:00,2
U0008,P0414,save,2025-08-29 10:58:00,4
U0008,P0491,visit,2025-09-03 07:44:00,8
U0008,P0265,view,2025-09-07 00:00:00,1
U0008,P0126,booking,2025-09-12 14:06:00,10
U0008,P0083,view,2025-09-20 13:06:00,1
U0008,P0015,click,2025-09-26 01:53:00,2
U0008,P0429,save,2025-09-27 08:52:00,4
U0008,P0155,share,2025-09-30 17:26:00,5
U0008,P0319,save,2025-10-04 10:24:00,4
U0008,P0226,save,2025-10-05 20:03:00,4
U0008,P0363,visit,2025-10-07 15:11:00,8
U0008,P0235,click,2025-10-10 15:03:00,2
U0008,P0297,dismiss,2025-10-11 02:38:00,-3
U0008,P0185,view,2025-10-14 06:30:00,1
U0008,P0385,visit,2025-10-16 07:36:00,8
U0009,P0475,save,2025-01-16 07:18:00,4
U0009,P0023,click,2025-01-17 08:14:00,2
U0009,P0471,view,2025-01-17 14:16:00,1
U0009,P0079,click,2025-01-22 23:28:00,2
U0009,P0486,view,2025-02-02 18:06:00,1
U0009,P0432,click,2025-02-08 20:50:00,2
U0009,P0049,share,2025-02-13 21:08:00,5
U0009,P0483,view,2025-02-17 12:32:00,1
U0009,P0419,dismiss,2025-02-17 23:29:00,-3
U0009,P0002,click,2025-02-18 04:48:00,2
U0009,P0118,click,2025-02-22 23:53:00,2
U0009,P0394,booking,2025-02-23 09:26:00,10
U0009,P0316,save,2025-02-27 18:07:00,4
U0009,P0062,visit,2025-02-28 08:42:00,8
U0009,P0482,view,2025-02-28 11:22:00,1
U0009,P0407,save,2025-03-09 07:09:00,4
U0009,P0439,share,2025-03-11 06:52:00,5
U0009,P0221,save,2025-03-13 06:52:00,4
U0009,P0312,save,2025-03-27 02:36:00,4
U0009,P0450,view,2025-03-30 17:10:00,1
U0009,P0234,booking,2025-04-05 05:40:00,10
U0009,P0396,save,2025-04-06 10:53:00,4
U0009,P0203,share,2025-04-12 14:37:00,5
U0009,P0192,view,2025-04-16 01:36:00,1
U0009,P0099,click,2025-04-16 16:30:00,2
U0009,P0098,view,2025-04-29 12:40:00,1
U0009,P0340,click,2025-05-05 16:11:00,2
U0009,P0094,visit,2025-05-07 21:25:00,8
U0009,P0294,view,2025-05-18 10:53:00,1
U0009,P0006,share,2025-05-18 17:52:00,5
U0009,P0437,click,2025-05-23 22:51:00,2
U0009,P0171,view,2025-05-23 22:59:00,1
U0009,P0449,click,2025-05-26 10:35:00,2
U0009,P0230,view,2025-05-29 18:17:00,1
U0009,P0213,click,2025-06-02 19:37:00,2
U0009,P0095,dismiss,2025-06-03 01:51:00,-3
U0009,P0334,booking,2025-06-06 03:11:00,10
U0009,P0360,view,2025-06-10 03:15:00,1
U0009,P0130,view,2025-06-10 19:24:00,1
U0009,P0057,click,2025-06-15 22:18:00,2
U0009,P0323,share,2025-06-16 06:29:00,5
U0009,P0456,click,2025-06-25 14:50:00,2
U0009,P0149,save,2025-06-25 20:06:00,4
U0009,P0384,view,2025-06-28 02:28:00,1
U0009,P0242,visit,2025-06-28 15:06:00,8
U0009,P0030,visit,2025-06-29 17:17:00,8
U0009,P0163,click,2025-07-03 00:31:00,2
U0009,P0408,booking,2025-07-03 02:50:00,10
U0009,P0376,view,2025-07-07 17:52:00,1
U0009,P0295,view,2025-07-08 14:31:00,1
U0009,P0283,click,2025-07-11 22:09:00,2
U0009,P0425,view,2025-07-16 17:32:00,1
U0009,P0182,save,2025-08-08 05:39:00,4
U0009,P0377,view,2025-08-08 06:31:00,1
U0009,P0487,booking,2025-08-13 23:44:00,10
U0009,P0410,view,2025-08-19 19:03:00,1
U0009,P0071,click,2025-08-20 10:04:00,2
U0009,P0310,visit,2025-08-23 18:47:00,8
U0009,P0045,visit,2025-08-23 19:11:00,8
U0009,P0218,share,2025-09-07 20:34:00,5
U0009,P0219,click,2025-09-08 16:40:00,2
U0009,P0153,save,2025-09-11 17:32:00,4
U0009,P0247,view,2025-09-19 12:26:00,1
U0009,P0048,click,2025-10-01 12:13:00,2
U0009,P0197,visit,2025-10-02 05:23:00,8
U0009,P0266,visit,2025-10-03 09:10:00,8
U0009,P0420,visit,2025-10-07 06:27:00,8
U0009,P0131,booking,2025-10-10 05:21:00,10
U0010,P0050,save,2025-01-04 13:01:00,4
U0010,P0399,click,2025-01-05 10:00:00,2
U0010,P0358,view,2025-01-05 11:12:00,1
U0010,P0275,visit,2025-01-07 07:02:00,8
U0010,P0166,view,2025-01-19 17:51:00,1
U0010,P0405,click,2025-01-21 06:53:00,2
U0010,P0307,visit,2025-01-23 07:57:00,8
U0010,P0248,save,2025-01-27 05:14:00,4
U0010,P0338,view,2025-01-29 09:42:00,1
U0010,P0184,click,2025-01-31 12:32:00,2
U0010,P0137,save,2025-02-02 08:45:00,4
U0010,P0330,share,2025-02-03 09:44:00,5
U0010,P0380,click,2025-02-04 00:16:00,2
U0010,P0318,save,2025-02-05 14:55:00,4
U0010,P0037,booking,2025-02-07 00:37:00,10
U0010,P0500,view,2025-02-09 18:23:00,1
U0010,P0424,booking,2025-02-12 09:05:00,10
U0010,P0087,save,2025-02-13 18:06:00,4
U0010,P0447,save,2025-02-14 13:07:00,4
U0010,P0441,visit,2025-02-14 17:29:00,8
U0010,P0499,view,2025-02-22 18:43:00,1
U0010,P0252,visit,2025-02-24 05:28:00,8
U0010,P0019,booking,2025-03-01 07:47:00,10
U0010,P0080,view,2025-03-02 00:21:00,1
U0010,P0463,share,2025-03-03 00:45:00,5
U0010,P0263,view,2025-03-03 02:10:00,1
U0010,P0392,booking,2025-03-03 16:43:00,10
U0010,P0367,view,2025-03-03 17:22:00,1
U0010,P0332,visit,2025-03-06 23:49:00,8
U0010,P0193,share,2025-03-12 22:00:00,5
U0010,P0302,view,2025-03-18 05:59:00,1
U0010,P0058,click,2025-03-21 17:20:00,2
U0010,P0339,click,2025-03-22 08:49:00,2
U0010,P0169,view,2025-03-30 15:49:00,1
U0010,P0077,click,2025-04-11 23:57:00,2
U0010,P0187,visit,2025-04-14 04:49:00,8
U0010,P0303,click,2025-04-17 14:19:00,2
U0010,P0156,visit,2025-04-21 01:59:00,8
U0010,P0206,click,2025-04-30 17:22:00,2
U0010,P0335,dismiss,2025-05-03 01:15:00,-3
U0010,P0452,share,2025-05-05 14:23:00,5
U0010,P0391,view,2025-05-08 13:58:00,1
U0010,P0020,click,2025-05-13 05:23:00,2
U0010,P0346,click,2025-05-18 23:56:00,2
U0010,P0400,click,2025-05-20 07:04:00,2
U0010,P0320,visit,2025-05-25 09:20:00,8
U0010,P0129,save,2025-05-27 20:45:00,4
U0010,P0291,view,2025-05-30 18:50:00,1
U0010,P0086,view,2025-06-05 23:39:00,1
U0010,P0238,view,2025-06-07 03:13:00,1
U0010,P0143,visit,2025-06-11 12:44:00,8
U0010,P0317,share,2025-06-13 08:52:00,5
U0010,P0371,visit,2025-06-17 04:05:00,8
U0010,P0345,view,2025-06-17 10:28:00,1
U0010,P0369,save,2025-07-04 01:31:00,4
U0010,P0359,click,2025-07-10 14:47:00,2
U0010,P0326,click,2025-07-21 02:37:00,2
U0010,P0110,view,2025-08-03 07:20:00,1
U0010,P0395,dismiss,2025-08-08 08:33:00,-3
U0010,P0046,save,2025-08-12 23:54:00,4
U0010,P0438,share,2025-08-21 19:38:00,5
U0010,P0158,save,2025-08-27 10:26:00,4
U0010,P0388,save,2025-08-30 11:24:00,4
U0010,P0403,view,2025-09-09 01:09:00,1
U0010,P0064,save,2025-09-12 14:32:00,4
U0010,P0001,view,2025-09-14 13:27:00,1
U0010,P0196,share,2025-09-16 04:40:00,5
U0010,P0251,click,2025-09-18 00:02:00,2
U0010,P0260,visit,2025-09-19 06:51:00,8
U0010,P0281,click,2025-09-22 01:25:00,2
U0010,P0426,share,2025-09-24 13:44:00,5
U0010,P0427,click,2025-09-25 16:50:00,2
U0011,P0484,share,2025-01-01 01:24:00,5
U0011,P0037,click,2025-01-12 04:37:00,2
U0011,P0156,share,2025-01-14 06:10:00,5
U0011,P0172,view,2025-01-16 13:41:00,1
U0011,P0143,view,2025-01-22 13:05:00,1
U0011,P0369,click,2025-02-01 04:48:00,2
U0011,P0187,visit,2025-02-01 12:52:00,8
U0011,P0019,booking,2025-02-07 10:10:00,10
U0011,P0426,click,2025-02-08 17:57:00,2
U0011,P0303,view,2025-02-09 07:22:00,1
U0011,P0391,view,2025-02-10 12:57:00,1
U0011,P0193,view,2025-02-13 21:22:00,1
U0011,P0462,view,2025-02-15 22:42:00,1
U0011,P0317,share,2025-02-17 10:38:00,5
U0011,P0495,share,2025-02-19 01:25:00,5
U0011,P0388,visit,2025-02-21 10:13:00,8
U0011,P0263,view,2025-02-26 16:55:00,1
U0011,P0141,click,2025-03-17 03:48:00,2
U0011,P0087,save,2025-03-22 23:27:00,4
U0011,P0359,click,2025-03-26 19:56:00,2
U0011,P0251,view,2025-03-27 13:31:00,1
U0011,P0050,visit,2025-03-31 12:19:00,8
U0011,P0238,view,2025-04-01 10:03:00,1
U0011,P0335,view,2025-04-01 23:00:00,1
U0011,P0196,visit,2025-04-05 11:56:00,8
U0011,P0119,view,2025-04-26 08:36:00,1
U0011,P0326,booking,2025-04-30 19:14:00,10
U0011,P0046,save,2025-05-01 15:19:00,4
U0011,P0441,view,2025-05-16 06:15:00,1
U0011,P0380,click,2025-05-25 09:15:00,2
U0011,P0212,view,2025-06-04 10:08:00,1
U0011,P0345,dismiss,2025-06-12 05:45:00,-3
U0011,P0080,view,2025-06-13 05:40:00,1
U0011,P0302,view,2025-06-16 08:33:00,1
U0011,P0405,booking,2025-06-21 14:00:00,10
U0011,P0338,view,2025-07-04 00:27:00,1
U0011,P0332,dismiss,2025-07-12 05:46:00,-3
U0011,P0447,view,2025-07-13 11:34:00,1
U0011,P0086,visit,2025-07-23 15:31:00,8
U0011,P0252,dismiss,2025-08-13 23:26:00,-3
U0011,P0137,dismiss,2025-08-14 14:16:00,-3
U0011,P0499,view,2025-08-18 05:10:00,1
U0011,P0392,save,2025-08-20 02:51:00,4
U0011,P0452,share,2025-08-31 03:19:00,5
U0011,P0254,view,2025-09-03 06:06:00,1
U0011,P0399,dismiss,2025-09-09 04:03:00,-3
U0011,P0058,click,2025-09-12 04:21:00,2
U0011,P0427,view,2025-09-25 13:34:00,1
U0011,P0206,visit,2025-10-04 08:42:00,8
U0011,P0140,dismiss,2025-10-11 23:59:00,-3
U0011,P0374,view,2025-10-12 12:35:00,1
U0011,P0330,save,2025-10-17 03:59:00,4
U0011,P0280,dismiss,2025-10-20 16:51:00,-3
U0011,P0400,view,2025-10-20 17:53:00,1
U0011,P0390,visit,2025-10-20 21:39:00,8
U0011,P0328,view,2025-10-28 03:21:00,1
U0011,P0371,view,2025-10-29 07:35:00,1
U0011,P0166,click,2025-11-01 08:20:00,2
U0011,P0272,save,2025-11-10 07:40:00,4
U0011,P0438,booking,2025-11-11 06:51:00,10
U0012,P0121,view,2025-01-03 14:17:00,1
U0012,P0284,view,2025-01-05 07:16:00,1
U0012,P0451,visit,2025-01-10 21:00:00,8
U0012,P0047,click,2025-01-11 01:44:00,2
U0012,P0003,share,2025-01-14 20:31:00,5
U0012,P0208,dismiss,2025-01-19 18:45:00,-3
U0012,P0128,view,2025-02-03 01:19:00,1
U0012,P0078,view,2025-02-19 15:08:00,1
U0012,P0271,visit,2025-02-22 00:32:00,8
U0012,P0458,share,2025-02-22 12:32:00,5
U0012,P0200,click,2025-02-25 15:04:00,2
U0012,P0157,visit,2025-02-25 20:53:00,8
U0012,P0411,dismiss,2025-03-01 13:28:00,-3
U0012,P0387,booking,2025-03-02 15:03:00,10
U0012,P0261,view,2025-03-05 11:45:00,1
U0012,P0286,share,2025-03-18 16:48:00,5
U0012,P0165,view,2025-03-19 04:12:00,1
U0012,P0460,share,2025-03-20 06:44:00,5
U0012,P0109,share,2025-03-23 15:50:00,5
U0012,P0257,visit,2025-03-29 21:56:00,8
U0012,P0250,view,2025-04-03 02:31:00,1
U0012,P0368,save,2025-04-07 05:58:00,4
U0012,P0026,click,2025-04-10 16:07:00,2
U0012,P0255,view,2025-04-18 05:36:00,1
U0012,P0232,view,2025-04-19 23:01:00,1
U0012,P0249,click,2025-04-22 14:19:00,2
U0012,P0068,click,2025-04-26 22:56:00,2
U0012,P0440,click,2025-05-04 01:51:00,2
U0012,P0066,save,2025-05-25 09:43:00,4
U0012,P0136,share,2025-05-29 14:46:00,5
U0012,P0401,view,2025-06-04 13:42:00,1
U0012,P0014,booking,2025-06-07 13:50:00,10
U0012,P0300,booking,2025-06-10 20:03:00,10
U0012,P0306,view,2025-06-14 16:12:00,1
U0012,P0279,save,2025-06-16 08:16:00,4
U0012,P0476,view,2025-06-19 11:16:00,1
U0012,P0100,click,2025-06-20 20:11:00,2
U0012,P0114,visit,2025-06-22 08:40:00,8
U0012,P0379,click,2025-06-22 13:56:00,2
U0012,P0199,view,2025-06-25 13:36:00,1
U0012,P0469,click,2025-06-26 09:08:00,2
U0012,P0186,view,2025-06-28 14:16:00,1
U0012,P0154,visit,2025-07-11 00:57:00,8
U0012,P0348,booking,2025-07-14 03:35:00,10
U0012,P0446,view,2025-07-16 00:02:00,1
U0012,P0315,click,2025-07-26 13:30:00,2
U0012,P0404,view,2025-08-03 12:24:00,1
U0012,P0453,view,2025-08-05 12:54:00,1
U0012,P0060,visit,2025-09-01 21:22:00,8
U0012,P0434,visit,2025-09-08 11:48:00,8
U0012,P0227,click,2025-09-17 09:54:00,2
U0012,P0031,dismiss,2025-10-01 19:03:00,-3
U0012,P0160,view,2025-10-01 20:50:00,1
U0012,P0347,visit,2025-10-13 05:18:00,8
U0012,P0039,visit,2025-10-20 06:21:00,8
U0012,P0220,view,2025-10-27 09:29:00,1
U0013,P0386,visit,2025-01-28 07:54:00,8
U0013,P0237,share,2025-01-29 06:17:00,5
U0013,P0466,click,2025-02-01 22:50:00,2
U0013,P0274,view,2025-02-15 15:28:00,1
U0013,P0364,visit,2025-02-16 19:39:00,8
U0013,P0059,view,2025-02-24 00:24:00,1
U0013,P0239,view,2025-02-24 01:57:00,1
U0013,P0190,view,2025-03-01 11:35:00,1
U0013,P0241,view,2025-03-03 12:13:00,1
U0013,P0024,view,2025-03-05 14:29:00,1
U0013,P0333,save,2025-03-07 03:24:00,4
U0013,P0343,view,2025-03-10 15:00:00,1
U0013,P0108,click,2025-03-16 01:42:00,2
U0013,P0468,view,2025-03-18 17:57:00,1
U0013,P0256,view,2025-03-24 09:43:00,1
U0013,P0389,save,2025-03-26 02:48:00,4
U0013,P0082,view,2025-03-26 15:08:00,1
U0013,P0418,view,2025-04-13 06:39:00,1
U0013,P0337,click,2025-04-25 23:41:00,2
U0013,P0075,view,2025-05-01 02:29:00,1
U0013,P0299,click,2025-05-09 06:39:00,2
U0013,P0231,view,2025-06-10 22:47:00,1
U0013,P0179,save,2025-06-11 03:31:00,4
U0013,P0366,view,2025-06-14 16:56:00,1
U0013,P0183,click,2025-06-19 08:03:00,2
U0013,P0124,save,2025-06-23 03:48:00,4
U0013,P0412,view,2025-06-24 11:52:00,1
U0013,P0042,view,2025-06-24 11:53:00,1
U0013,P0353,view,2025-06-26 21:08:00,1
U0013,P0398,view,2025-07-15 12:26:00,1
U0013,P0372,view,2025-07-16 13:38:00,1
U0013,P0342,view,2025-07-23 10:18:00,1
U0013,P0293,view,2025-07-26 13:02:00,1
U0013,P0244,dismiss,2025-07-29 03:16:00,-3
U0013,P0465,view,2025-07-31 19:44:00,1
U0013,P0217,click,2025-08-01 01:59:00,2
U0013,P0352,view,2025-08-15 07:58:00,1
U0013,P0055,visit,2025-08-16 18:28:00,8
U0013,P0018,share,2025-08-20 03:06:00,5
U0013,P0134,booking,2025-08-20 03:39:00,10
U0013,P0402,click,2025-08-23 06:45:00,2
U0013,P0044,click,2025-08-29 15:55:00,2
U0013,P0481,share,2025-09-03 18:36:00,5
U0013,P0309,save,2025-09-09 10:15:00,4
U0013,P0210,visit,2025-09-15 17:44:00,8
U0013,P0288,booking,2025-09-17 07:35:00,10
U0013,P0103,save,2025-09-18 05:44:00,4
U0013,P0331,view,2025-09-18 17:13:00,1
U0013,P0070,share,2025-09-20 09:53:00,5
U0013,P0027,save,2025-09-25 22:44:00,4
U0013,P0413,click,2025-09-29 23:03:00,2
U0013,P0188,share,2025-10-01 09:56:00,5
U0013,P0061,booking,2025-10-05 01:22:00,10
U0013,P0305,share,2025-10-11 13:53:00,5
U0013,P0101,booking,2025-10-11 20:13:00,10
U0013,P0470,view,2025-10-13 17:00:00,1
U0013,P0375,view,2025-10-15 12:15:00,1
U0013,P0013,visit,2025-10-24 05:46:00,8
U0013,P0148,view,2025-10-27 15:59:00,1
U0013,P0021,share,2025-10-29 17:47:00,5
U0013,P0454,share,2025-11-09 06:12:00,5
U0013,P0233,view,2025-11-10 01:00:00,1
U0013,P0356,save,2025-11-14 19:30:00,4
U0013,P0464,view,2025-11-21 09:35:00,1
U0013,P0029,click,2025-11-21 21:37:00,2
U0013,P0422,save,2025-11-21 22:45:00,4
U0013,P0028,visit,2025-11-23 09:56:00,8
U0013,P0147,dismiss,2025-11-23 10:45:00,-3
U0014,P0012,view,2025-01-03 10:15:00,1
U0014,P0405,view,2025-01-06 21:15:00,1
U0014,P0077,click,2025-01-19 17:16:00,2
U0014,P0358,view,2025-02-02 08:23:00,1
U0014,P0260,click,2025-02-07 11:59:00,2
U0014,P0399,view,2025-02-08 00:54:00,1
U0014,P0324,view,2025-02-14 09:48:00,1
U0014,P0359,dismiss,2025-02-20 06:46:00,-3
U0014,P0452,share,2025-02-25 05:41:00,5
U0014,P0086,click,2025-02-28 05:42:00,2
U0014,P0320,click,2025-02-28 15:43:00,2
U0014,P0400,view,2025-03-02 21:14:00,1
U0014,P0158,visit,2025-03-05 01:00:00,8
U0014,P0193,view,2025-03-15 09:43:00,1
U0014,P0140,view,2025-03-16 23:46:00,1
U0014,P0053,view,2025-03-22 11:38:00,1
U0014,P0254,visit,2025-03-23 05:36:00,8
U0014,P0371,save,2025-03-24 05:14:00,4
U0014,P0110,dismiss,2025-03-26 07:04:00,-3
U0014,P0050,click,2025-03-31 12:41:00,2
U0014,P0272,visit,2025-04-10 10:31:00,8
U0014,P0345,visit,2025-04-16 16:58:00,8
U0014,P0238,view,2025-04-19 04:11:00,1
U0014,P0328,visit,2025-04-23 15:14:00,8
U0014,P0212,view,2025-04-24 22:47:00,1
U0014,P0495,visit,2025-04-25 16:25:00,8
U0014,P0391,click,2025-04-30 01:42:00,2
U0014,P0303,view,2025-05-09 12:58:00,1
U0014,P0339,click,2025-05-21 23:16:00,2
U0014,P0499,view,2025-05-24 04:57:00,1
U0014,P0484,click,2025-05-26 19:04:00,2
U0014,P0403,click,2025-05-29 04:29:00,2
U0014,P0196,save,2025-06-06 06:47:00,4
U0014,P0447,dismiss,2025-06-06 15:35:00,-3
U0014,P0369,view,2025-06-11 00:24:00,1
U0014,P0462,view,2025-06-19 15:29:00,1
U0014,P0137,view,2025-06-26 06:26:00,1
U0014,P0019,click,2025-07-02 04:42:00,2
U0014,P0330,view,2025-07-04 04:43:00,1
U0014,P0346,view,2025-07-13 11:37:00,1
U0014,P0011,view,2025-07-20 07:57:00,1
U0014,P0129,click,2025-07-23 11:32:00,2
U0014,P0388,view,2025-07-30 00:15:00,1
U0014,P0248,save,2025-08-01 10:46:00,4
U0014,P0296,visit,2025-08-13 12:25:00,8
U0014,P0488,dismiss,2025-08-17 11:49:00,-3
U0014,P0037,click,2025-08-19 10:39:00,2
U0014,P0263,visit,2025-08-21 01:02:00,8
U0014,P0036,save,2025-09-03 15:13:00,4
U0014,P0080,view,2025-09-04 19:00:00,1
U0014,P0307,view,2025-09-05 11:02:00,1
U0014,P0187,save,2025-09-14 04:28:00,4
U0014,P0104,dismiss,2025-09-14 16:05:00,-3
U0014,P0275,visit,2025-09-15 03:18:00,8
U0014,P0497,visit,2025-09-17 20:01:00,8
U0014,P0302,click,2025-09-21 04:28:00,2
U0014,P0206,save,2025-09-21 20:17:00,4
U0014,P0143,click,2025-10-03 06:16:00,2
U0014,P0156,visit,2025-10-03 17:05:00,8
U0014,P0046,click,2025-10-06 17:30:00,2
U0014,P0392,view,2025-10-07 09:40:00,1
U0014,P0332,view,2025-10-09 02:18:00,1
U0014,P0251,click,2025-10-09 14:41:00,2
U0014,P0119,view,2025-10-11 17:09:00,1
U0014,P0058,visit,2025-10-17 21:55:00,8
U0014,P0390,click,2025-10-18 01:54:00,2
U0014,P0455,visit,2025-10-18 11:51:00,8
U0014,P0424,view,2025-10-21 19:25:00,1
U0014,P0426,view,2025-10-24 17:36:00,1
U0014,P0184,visit,2025-10-25 15:21:00,8
U0014,P0010,visit,2025-10-25 18:25:00,8
U0014,P0374,save,2025-10-27 01:44:00,4
U0015,P0479,view,2025-01-05 00:43:00,1
U0015,P0150,view,2025-01-05 05:26:00,1
U0015,P0142,view,2025-01-05 22:53:00,1
U0015,P0393,save,2025-01-08 23:45:00,4
U0015,P0429,save,2025-01-27 05:24:00,4
U0015,P0191,view,2025-01-31 06:52:00,1
U0015,P0498,view,2025-02-02 08:14:00,1
U0015,P0122,view,2025-02-10 21:42:00,1
U0015,P0205,save,2025-02-16 04:30:00,4
U0015,P0180,view,2025-02-20 22:10:00,1
U0015,P0005,view,2025-02-21 23:17:00,1
U0015,P0406,click,2025-03-01 08:04:00,2
U0015,P0115,visit,2025-03-12 21:07:00,8
U0015,P0146,view,2025-03-21 03:07:00,1
U0015,P0004,view,2025-03-28 21:02:00,1
U0015,P0164,click,2025-03-31 20:31:00,2
U0015,P0224,click,2025-04-02 15:20:00,2
U0015,P0091,view,2025-04-03 18:08:00,1
U0015,P0301,dismiss,2025-04-04 16:17:00,-3
U0015,P0092,click,2025-04-10 01:50:00,2
U0015,P0211,click,2025-04-13 07:47:00,2
U0015,P0259,click,2025-04-18 12:37:00,2
U0015,P0311,visit,2025-04-20 16:25:00,8
U0015,P0054,view,2025-04-23 21:44:00,1
U0015,P0417,save,2025-04-28 06:53:00,4
U0015,P0314,view,2025-04-28 10:26:00,1
U0015,P0383,click,2025-04-28 14:50:00,2
U0015,P0107,save,2025-05-01 17:27:00,4
U0015,P0327,click,2025-05-05 10:49:00,2
U0015,P0415,view,2025-05-09 17:54:00,1
U0015,P0174,visit,2025-05-11 15:53:00,8
U0015,P0414,share,2025-05-14 05:26:00,5
U0015,P0349,save,2025-05-15 07:18:00,4
U0015,P0043,click,2025-05-22 12:22:00,2
U0015,P0074,view,2025-05-26 23:53:00,1
U0015,P0336,view,2025-06-11 15:19:00,1
U0015,P0363,click,2025-06-23 17:39:00,2
U0015,P0378,save,2025-06-25 02:35:00,4
U0015,P0357,view,2025-06-25 11:11:00,1
U0015,P0041,view,2025-06-27 08:14:00,1
U0015,P0472,view,2025-06-27 12:55:00,1
U0015,P0478,click,2025-06-30 16:34:00,2
U0015,P0063,booking,2025-07-01 06:57:00,10
U0015,P0436,save,2025-07-04 07:41:00,4
U0015,P0370,view,2025-07-09 02:38:00,1
U0015,P0246,view,2025-07-10 11:54:00,1
U0015,P0034,click,2025-07-15 06:09:00,2
U0015,P0442,view,2025-07-15 20:50:00,1
U0015,P0170,click,2025-07-23 07:48:00,2
U0015,P0181,view,2025-07-25 08:28:00,1
U0015,P0226,visit,2025-07-26 18:00:00,8
U0015,P0289,view,2025-08-03 22:48:00,1
U0015,P0457,view,2025-08-13 00:12:00,1
U0015,P0175,click,2025-08-23 21:29:00,2
U0015,P0362,click,2025-08-24 10:44:00,2
U0015,P0443,view,2025-09-04 11:39:00,1
U0015,P0240,view,2025-09-13 04:57:00,1
U0015,P0344,save,2025-09-13 13:13:00,4
U0015,P0355,visit,2025-09-17 03:35:00,8
U0015,P0126,view,2025-09-20 08:56:00,1
U0015,P0235,click,2025-09-24 09:45:00,2
U0015,P0162,view,2025-10-03 18:16:00,1
U0015,P0480,save,2025-10-04 01:32:00,4
U0015,P0477,click,2025-10-05 01:54:00,2
U0015,P0445,save,2025-10-14 18:22:00,4
U0015,P0133,view,2025-10-16 15:49:00,1
U0015,P0319,click,2025-10-18 01:25:00,2
U0015,P0277,save,2025-10-21 08:11:00,4
U0016,P0424,dismiss,2025-01-11 22:24:00,-3
U0016,P0339,view,2025-01-17 18:41:00,1
U0016,P0488,view,2025-01-18 06:29:00,1
U0016,P0497,view,2025-01-22 23:59:00,1
U0016,P0281,view,2025-02-04 01:53:00,1
U0016,P0166,click,2025-02-06 00:59:00,2
U0016,P0012,view,2025-02-10 14:51:00,1
U0016,P0296,save,2025-02-18 16:42:00,4
U0016,P0050,click,2025-02-19 16:42:00,2
U0016,P0371,view,2025-02-24 04:31:00,1
U0016,P0196,view,2025-03-08 05:55:00,1
U0016,P0272,click,2025-03-22 15:05:00,2
U0016,P0361,save,2025-04-05 00:39:00,4
U0016,P0484,view,2025-04-06 17:22:00,1
U0016,P0053,dismiss,2025-04-07 02:11:00,-3
U0016,P0087,view,2025-04-17 20:31:00,1
U0016,P0275,share,2025-04-29 00:35:00,5
U0016,P0129,click,2025-04-30 02:09:00,2
U0016,P0438,click,2025-05-03 16:48:00,2
U0016,P0086,click,2025-05-09 01:31:00,2
U0016,P0158,visit,2025-05-10 15:40:00,8
U0016,P0206,view,2025-05-17 12:04:00,1
U0016,P0388,save,2025-05-20 09:41:00,4
U0016,P0328,view,2025-05-25 10:26:00,1
U0016,P0324,click,2025-05-31 17:44:00,2
U0016,P0390,booking,2025-06-14 00:09:00,10
U0016,P0326,visit,2025-07-02 20:09:00,8
U0016,P0405,click,2025-07-07 07:38:00,2
U0016,P0011,dismiss,2025-07-10 02:15:00,-3
U0016,P0351,view,2025-07-13 07:16:00,1
U0016,P0495,visit,2025-07-15 00:07:00,8
U0016,P0058,save,2025-07-18 06:33:00,4
U0016,P0046,visit,2025-08-01 11:50:00,8
U0016,P0254,click,2025-08-09 09:38:00,2
U0016,P0335,dismiss,2025-08-13 23:00:00,-3
U0016,P0317,view,2025-08-13 23:12:00,1
U0016,P0260,view,2025-08-20 08:44:00,1
U0016,P0036,click,2025-09-06 06:06:00,2
U0016,P0251,view,2025-09-13 11:29:00,1
U0016,P0399,view,2025-09-29 04:28:00,1
U0016,P0403,view,2025-09-30 08:26:00,1
U0016,P0019,visit,2025-10-09 16:07:00,8
U0016,P0001,click,2025-10-10 04:39:00,2
U0016,P0447,dismiss,2025-10-13 23:56:00,-3
U0016,P0248,share,2025-11-10 22:43:00,5
U0017,P0438,booking,2025-01-05 02:24:00,10
U0017,P0086,click,2025-01-23 08:10:00,2
U0017,P0462,view,2025-01-26 17:25:00,1
U0017,P0272,view,2025-01-28 07:39:00,1
U0017,P0169,click,2025-01-28 09:33:00,2
U0017,P0338,view,2025-01-28 14:41:00,1
U0017,P0395,click,2025-02-01 20:16:00,2
U0017,P0307,visit,2025-02-04 17:34:00,8
U0017,P0317,share,2025-02-06 08:49:00,5
U0017,P0077,visit,2025-02-13 03:47:00,8
U0017,P0206,view,2025-02-16 07:27:00,1
U0017,P0358,share,2025-02-20 10:31:00,5
U0017,P0452,share,2025-02-25 00:18:00,5
U0017,P0184,dismiss,2025-02-26 09:28:00,-3
U0017,P0275,share,2025-03-02 05:20:00,5
U0017,P0361,save,2025-03-09 05:01:00,4
U0017,P0427,view,2025-03-09 10:05:00,1
U0017,P0119,dismiss,2025-03-11 15:35:00,-3
U0017,P0260,share,2025-03-12 02:46:00,5
U0017,P0053,view,2025-03-14 22:44:00,1
U0017,P0156,visit,2025-03-16 14:02:00,8
U0017,P0388,click,2025-03-16 20:59:00,2
U0017,P0087,view,2025-03-16 23:01:00,1
U0017,P0359,click,2025-03-17 09:00:00,2
U0017,P0399,click,2025-03-19 06:06:00,2
U0017,P0196,save,2025-03-20 01:43:00,4
U0017,P0326,share,2025-03-22 00:22:00,5
U0017,P0351,visit,2025-04-06 06:32:00,8
U0017,P0302,visit,2025-04-12 15:25:00,8
U0017,P0296,save,2025-04-14 04:19:00,4
U0017,P0320,view,2025-04-16 20:08:00,1
U0017,P0400,dismiss,2025-04-18 23:34:00,-3
U0017,P0137,view,2025-04-19 06:34:00,1
U0017,P0058,share,2025-04-27 13:15:00,5
U0017,P0080,share,2025-04-29 19:14:00,5
U0017,P0280,view,2025-04-29 21:01:00,1
U0017,P0001,click,2025-04-30 06:43:00,2
U0017,P0345,click,2025-05-07 16:19:00,2
U0017,P0166,view,2025-05-15 02:25:00,1
U0017,P0426,save,2025-05-24 07:09:00,4
U0017,P0367,view,2025-05-29 12:09:00,1
U0017,P0212,save,2025-06-05 14:47:00,4
U0017,P0046,share,2025-06-06 05:22:00,5
U0017,P0405,click,2025-06-09 19:21:00,2
U0017,P0010,visit,2025-06-13 13:26:00,8
U0017,P0303,view,2025-06-14 11:38:00,1
U0017,P0110,view,2025-06-20 15:25:00,1
U0017,P0332,view,2025-06-25 22:51:00,1
U0017,P0011,view,2025-07-03 02:44:00,1
U0017,P0020,view,2025-07-07 11:12:00,1
U0017,P0141,visit,2025-07-11 04:48:00,8
U0017,P0324,view,2025-07-14 16:45:00,1
U0017,P0455,click,2025-07-15 16:43:00,2
U0017,P0391,view,2025-07-18 00:35:00,1
U0017,P0158,click,2025-07-21 14:48:00,2
U0017,P0403,click,2025-08-18 17:08:00,2
U0017,P0129,view,2025-08-23 17:59:00,1
U0017,P0392,click,2025-08-30 00:21:00,2
U0017,P0187,save,2025-09-02 04:32:00,4
U0017,P0447,save,2025-09-05 19:46:00,4
U0017,P0371,click,2025-09-14 08:51:00,2
U0017,P0495,view,2025-09-14 13:49:00,1
U0017,P0252,click,2025-09-15 22:14:00,2
U0017,P0390,click,2025-09-25 08:35:00,2
U0017,P0499,click,2025-09-26 04:27:00,2
U0017,P0172,share,2025-09-26 07:15:00,5
U0017,P0263,save,2025-10-17 04:20:00,4
U0017,P0143,view,2025-10-17 05:20:00,1
U0017,P0488,view,2025-10-21 04:27:00,1
U0017,P0318,view,2025-10-22 02:07:00,1
U0017,P0238,view,2025-10-25 17:43:00,1
U0017,P0251,save,2025-10-26 21:33:00,4
U0017,P0463,view,2025-11-01 18:32:00,1
U0017,P0019,visit,2025-11-02 17:05:00,8
U0018,P0028,view,2025-01-01 03:01:00,1
U0018,P0352,click,2025-01-03 09:59:00,2
U0018,P0135,save,2025-01-03 19:56:00,4
U0018,P0073,share,2025-01-04 03:43:00,5
U0018,P0331,click,2025-01-04 07:56:00,2
U0018,P0134,view,2025-01-13 15:57:00,1
U0018,P0108,save,2025-01-17 21:36:00,4
U0018,P0070,view,2025-01-19 02:49:00,1
U0018,P0293,save,2025-01-19 14:24:00,4
U0018,P0085,share,2025-01-20 06:58:00,5
U0018,P0256,view,2025-01-23 21:54:00,1
U0018,P0288,view,2025-01-30 03:36:00,1
U0018,P0342,click,2025-02-04 09:19:00,2
U0018,P0061,view,2025-02-10 19:38:00,1
U0018,P0398,visit,2025-02-14 01:06:00,8
U0018,P0179,save,2025-02-17 14:32:00,4
U0018,P0258,view,2025-02-20 16:43:00,1
U0018,P0103,view,2025-02-27 11:50:00,1
U0018,P0241,click,2025-03-01 09:45:00,2
U0018,P0195,view,2025-03-02 23:54:00,1
U0018,P0299,share,2025-03-04 22:55:00,5
U0018,P0147,view,2025-03-08 19:36:00,1
U0018,P0139,share,2025-03-09 06:46:00,5
U0018,P0356,click,2025-03-11 15:09:00,2
U0018,P0055,view,2025-03-17 01:41:00,1
U0018,P0244,click,2025-03-26 18:38:00,2
U0018,P0305,share,2025-03-31 06:21:00,5
U0018,P0173,dismiss,2025-04-03 19:14:00,-3
U0018,P0454,click,2025-04-17 01:11:00,2
U0018,P0309,visit,2025-04-17 19:26:00,8
U0018,P0018,booking,2025-04-18 10:12:00,10
U0018,P0029,click,2025-05-20 13:05:00,2
U0018,P0389,save,2025-05-21 10:33:00,4
U0018,P0322,dismiss,2025-05-24 00:21:00,-3
U0018,P0075,click,2025-05-25 08:50:00,2
U0018,P0210,visit,2025-05-30 15:08:00,8
U0018,P0321,share,2025-06-03 10:23:00,5
U0018,P0223,visit,2025-06-09 20:57:00,8
U0018,P0116,click,2025-06-12 08:33:00,2
U0018,P0127,dismiss,2025-06-17 04:49:00,-3
U0018,P0024,booking,2025-06-20 10:25:00,10
U0018,P0021,share,2025-06-23 21:30:00,5
U0018,P0042,click,2025-06-24 15:46:00,2
U0018,P0268,save,2025-06-28 01:09:00,4
U0018,P0375,visit,2025-06-29 17:51:00,8
U0018,P0274,share,2025-07-01 02:09:00,5
U0018,P0176,save,2025-07-12 20:34:00,4
U0018,P0243,save,2025-07-14 02:48:00,4
U0018,P0337,visit,2025-07-19 05:38:00,8
U0018,P0481,click,2025-07-31 01:21:00,2
U0018,P0435,click,2025-08-02 05:10:00,2
U0018,P0333,visit,2025-08-07 17:04:00,8
U0018,P0496,click,2025-08-07 19:54:00,2
U0018,P0101,booking,2025-08-20 09:13:00,10
U0018,P0353,share,2025-08-21 13:28:00,5
U0018,P0233,view,2025-08-27 20:50:00,1
U0018,P0381,share,2025-08-28 01:06:00,5
U0018,P0188,click,2025-08-31 01:41:00,2
U0018,P0231,view,2025-09-05 23:44:00,1
U0018,P0372,view,2025-09-10 07:13:00,1
U0018,P0124,click,2025-09-12 07:23:00,2
U0018,P0402,click,2025-09-12 15:34:00,2
U0018,P0013,click,2025-09-12 16:46:00,2
U0018,P0468,click,2025-09-14 04:12:00,2
U0018,P0465,booking,2025-09-17 17:20:00,10
U0018,P0364,visit,2025-09-24 09:36:00,8
U0018,P0474,view,2025-09-24 21:47:00,1
U0018,P0253,click,2025-09-26 09:11:00,2
U0018,P0044,visit,2025-09-26 09:49:00,8
U0018,P0412,share,2025-10-02 00:13:00,5
U0018,P0148,view,2025-10-02 10:29:00,1
U0018,P0088,share,2025-10-08 08:39:00,5
U0018,P0464,save,2025-10-19 19:01:00,4
U0019,P0275,save,2025-01-05 19:32:00,4
U0019,P0252,click,2025-01-06 15:29:00,2
U0019,P0392,view,2025-01-17 10:05:00,1
U0019,P0395,dismiss,2025-01-18 01:36:00,-3
U0019,P0426,click,2025-01-19 22:59:00,2
U0019,P0260,save,2025-01-28 10:34:00,4
U0019,P0497,view,2025-02-05 19:06:00,1
U0019,P0484,save,2025-02-16 06:52:00,4
U0019,P0351,view,2025-02-27 18:30:00,1
U0019,P0020,click,2025-02-27 19:11:00,2
U0019,P0427,click,2025-03-10 00:04:00,2
U0019,P0326,save,2025-03-11 02:08:00,4
U0019,P0371,view,2025-03-17 21:09:00,1
U0019,P0263,view,2025-03-20 15:48:00,1
U0019,P0172,view,2025-03-27 14:25:00,1
U0019,P0302,view,2025-03-28 18:03:00,1
U0019,P0317,save,2025-04-03 16:55:00,4
U0019,P0338,click,2025-04-19 21:11:00,2
U0019,P0452,view,2025-05-02 22:32:00,1
U0019,P0361,visit,2025-05-12 00:47:00,8
U0019,P0405,click,2025-05-16 03:03:00,2
U0019,P0345,view,2025-05-18 13:59:00,1
U0019,P0374,click,2025-05-25 00:15:00,2
U0019,P0367,dismiss,2025-05-28 21:08:00,-3
U0019,P0424,view,2025-05-31 01:23:00,1
U0019,P0388,click,2025-05-31 09:10:00,2
U0019,P0495,view,2025-06-19 13:22:00,1
U0019,P0086,share,2025-06-26 01:41:00,5
U0019,P0080,view,2025-06-26 02:37:00,1
U0019,P0064,save,2025-07-01 07:11:00,4
U0019,P0046,visit,2025-07-04 13:09:00,8
U0019,P0087,save,2025-07-14 10:31:00,4
U0019,P0254,view,2025-07-19 19:36:00,1
U0019,P0462,view,2025-07-21 20:20:00,1
U0019,P0187,save,2025-07-26 04:54:00,4
U0019,P0399,click,2025-07-31 12:15:00,2
U0019,P0196,click,2025-08-06 19:11:00,2
U0019,P0050,view,2025-08-10 19:58:00,1
U0019,P0019,click,2025-08-11 22:58:00,2
U0019,P0166,save,2025-08-20 17:18:00,4
U0019,P0328,visit,2025-08-30 20:47:00,8
U0019,P0438,view,2025-09-01 04:12:00,1
U0019,P0206,click,2025-09-01 09:30:00,2
U0019,P0129,view,2025-09-06 02:08:00,1
U0019,P0272,dismiss,2025-09-07 21:27:00,-3
U0019,P0369,view,2025-09-16 02:54:00,1
U0019,P0058,view,2025-09-20 15:36:00,1
U0019,P0036,view,2025-09-27 08:29:00,1
U0019,P0248,share,2025-09-29 13:00:00,5
U0019,P0281,visit,2025-09-30 07:24:00,8
U0019,P0455,view,2025-09-30 20:22:00,1
U0019,P0077,view,2025-10-09 01:00:00,1
U0019,P0238,click,2025-10-10 14:24:00,2
U0019,P0339,view,2025-10-12 12:53:00,1
U0019,P0447,view,2025-10-16 08:03:00,1
U0019,P0251,view,2025-10-19 21:19:00,1
U0019,P0346,view,2025-10-23 15:54:00,1
U0019,P0140,view,2025-10-23 23:53:00,1
U0019,P0212,visit,2025-10-24 09:39:00,8
U0019,P0332,visit,2025-10-30 23:09:00,8
U0019,P0335,view,2025-11-02 23:19:00,1
U0019,P0053,view,2025-11-09 02:15:00,1
U0019,P0488,save,2025-11-12 08:17:00,4
U0019,P0010,view,2025-11-16 00:18:00,1
U0020,P0131,visit,2025-01-04 05:59:00,8
U0020,P0486,view,2025-01-08 05:40:00,1
U0020,P0312,click,2025-01-15 15:32:00,2
U0020,P0219,share,2025-01-17 22:36:00,5
U0020,P0218,visit,2025-01-21 12:42:00,8
U0020,P0207,save,2025-01-22 12:07:00,4
U0020,P0449,click,2025-01-23 01:41:00,2
U0020,P0049,visit,2025-01-26 09:52:00,8
U0020,P0384,dismiss,2025-01-29 20:41:00,-3
U0020,P0432,save,2025-01-31 08:08:00,4
U0020,P0079,save,2025-02-02 06:27:00,4
U0020,P0159,save,2025-02-13 20:28:00,4
U0020,P0334,view,2025-02-15 22:41:00,1
U0020,P0149,visit,2025-02-16 11:34:00,8
U0020,P0376,view,2025-02-19 14:39:00,1
U0020,P0002,click,2025-02-21 20:39:00,2
U0020,P0234,click,2025-02-23 23:03:00,2
U0020,P0473,click,2025-02-24 03:31:00,2
U0020,P0035,view,2025-02-26 10:14:00,1
U0020,P0045,share,2025-02-27 04:43:00,5
U0020,P0396,visit,2025-03-01 02:57:00,8
U0020,P0099,visit,2025-03-03 08:09:00,8
U0020,P0221,click,2025-03-06 06:09:00,2
U0020,P0439,view,2025-03-12 10:53:00,1
U0020,P0294,save,2025-03-14 15:41:00,4
U0020,P0264,view,2025-03-23 21:59:00,1
U0020,P0295,click,2025-03-29 18:04:00,2
U0020,P0213,share,2025-03-29 18:35:00,5
U0020,P0071,view,2025-03-30 10:04:00,1
U0020,P0098,view,2025-03-31 19:44:00,1
U0020,P0094,save,2025-04-08 04:02:00,4
U0020,P0394,click,2025-04-08 09:44:00,2
U0020,P0456,share,2025-04-09 00:46:00,5
U0020,P0397,save,2025-04-14 10:08:00,4
U0020,P0276,visit,2025-04-19 20:42:00,8
U0020,P0292,click,2025-04-20 01:37:00,2
U0020,P0203,view,2025-04-23 02:30:00,1
U0020,P0273,click,2025-04-23 14:49:00,2
U0020,P0204,click,2025-05-01 06:07:00,2
U0020,P0242,booking,2025-05-01 23:28:00,10
U0020,P0153,click,2025-05-22 01:12:00,2
U0020,P0419,click,2025-06-01 19:10:00,2
U0020,P0494,share,2025-06-22 23:43:00,5
U0020,P0487,visit,2025-06-24 02:53:00,8
U0020,P0425,booking,2025-06-25 07:56:00,10
U0020,P0006,view,2025-07-05 17:32:00,1
U0020,P0030,dismiss,2025-07-06 09:13:00,-3
U0020,P0285,click,2025-07-09 17:10:00,2
U0020,P0247,view,2025-07-12 05:01:00,1
U0020,P0459,view,2025-07-18 11:08:00,1
U0020,P0492,view,2025-07-19 02:50:00,1
U0020,P0485,booking,2025-07-19 03:40:00,10
U0020,P0323,save,2025-07-25 10:07:00,4
U0020,P0316,visit,2025-07-31 06:24:00,8
U0020,P0450,click,2025-08-01 05:44:00,2
U0020,P0475,view,2025-08-03 00:35:00,1
U0020,P0283,visit,2025-08-03 06:47:00,8
U0020,P0360,click,2025-08-11 08:21:00,2
U0020,P0171,share,2025-08-12 04:13:00,5
U0020,P0182,click,2025-08-13 07:59:00,2
U0020,P0341,view,2025-08-19 13:15:00,1
U0020,P0482,click,2025-08-23 23:12:00,2
U0020,P0057,save,2025-08-24 09:41:00,4
U0020,P0112,view,2025-08-31 15:11:00,1
U0020,P0444,view,2025-09-07 02:00:00,1
U0020,P0304,save,2025-09-13 17:53:00,4
U0020,P0163,click,2025-09-13 19:05:00,2
U0020,P0377,click,2025-09-25 14:43:00,2
U0020,P0483,view,2025-09-29 03:39:00,1
U0020,P0197,share,2025-10-02 04:47:00,5
U0020,P0048,view,2025-10-03 05:10:00,1
U0021,P0131,click,2025-01-02 04:16:00,2
U0021,P0048,view,2025-01-12 09:26:00,1
U0021,P0419,click,2025-01-13 12:39:00,2
U0021,P0360,click,2025-01-21 04:43:00,2
U0021,P0444,view,2025-01-29 21:23:00,1
U0021,P0304,view,2025-01-30 04:20:00,1
U0021,P0097,click,2025-02-03 18:48:00,2
U0021,P0334,click,2025-02-09 03:10:00,2
U0021,P0006,view,2025-02-12 17:54:00,1
U0021,P0062,click,2025-02-14 16:25:00,2
U0021,P0033,visit,2025-02-17 10:03:00,8
U0021,P0098,visit,2025-02-27 23:30:00,8
U0021,P0099,view,2025-03-03 11:32:00,1
U0021,P0079,click,2025-03-04 00:25:00,2
U0021,P0009,view,2025-03-09 15:22:00,1
U0021,P0178,dismiss,2025-03-15 06:19:00,-3
U0021,P0459,click,2025-03-17 15:09:00,2
U0021,P0340,view,2025-03-25 17:19:00,1
U0021,P0485,save,2025-03-31 22:44:00,4
U0021,P0071,share,2025-04-05 06:35:00,5
U0021,P0276,save,2025-04-06 12:18:00,4
U0021,P0408,share,2025-04-07 02:01:00,5
U0021,P0407,view,2025-04-10 15:20:00,1
U0021,P0112,view,2025-04-15 16:40:00,1
U0021,P0264,visit,2025-04-23 14:22:00,8
U0021,P0486,click,2025-04-29 16:41:00,2
U0021,P0182,share,2025-05-02 03:02:00,5
U0021,P0456,save,2025-05-06 00:07:00,4
U0021,P0171,view,2025-05-13 05:37:00,1
U0021,P0425,save,2025-05-14 07:30:00,4
U0021,P0492,visit,2025-05-20 13:11:00,8
U0021,P0002,visit,2025-05-22 03:44:00,8
U0021,P0094,save,2025-05-22 15:04:00,4
U0021,P0207,click,2025-05-23 06:01:00,2
U0021,P0197,booking,2025-05-26 14:10:00,10
U0021,P0285,visit,2025-05-28 13:11:00,8
U0021,P0409,click,2025-06-03 20:53:00,2
U0021,P0377,click,2025-06-04 18:19:00,2
U0021,P0118,booking,2025-06-05 18:08:00,10
U0021,P0473,view,2025-06-06 05:50:00,1
U0021,P0057,share,2025-06-12 11:09:00,5
U0021,P0204,view,2025-06-12 18:08:00,1
U0021,P0130,view,2025-06-13 04:00:00,1
U0021,P0234,view,2025-06-17 15:37:00,1
U0021,P0273,view,2025-06-21 13:37:00,1
U0021,P0218,save,2025-06-25 20:41:00,4
U0021,P0341,view,2025-06-26 11:19:00,1
U0021,P0192,view,2025-07-10 00:18:00,1
U0021,P0487,share,2025-07-10 09:49:00,5
U0021,P0384,view,2025-07-10 14:34:00,1
U0021,P0475,view,2025-07-20 05:18:00,1
U0021,P0149,save,2025-07-23 04:45:00,4
U0021,P0294,click,2025-07-29 20:58:00,2
U0021,P0295,view,2025-08-01 04:53:00,1
U0021,P0221,click,2025-08-04 14:47:00,2
U0021,P0051,click,2025-08-06 23:57:00,2
U0021,P0310,visit,2025-08-07 11:24:00,8
U0021,P0397,view,2025-08-12 08:40:00,1
U0021,P0316,view,2025-08-14 08:23:00,1
U0021,P0230,view,2025-08-15 10:44:00,1
U0021,P0312,visit,2025-08-16 23:26:00,8
U0021,P0117,view,2025-08-17 17:05:00,1
U0021,P0095,view,2025-08-17 21:42:00,1
U0021,P0420,click,2025-08-23 02:05:00,2
U0021,P0449,view,2025-08-26 07:01:00,1
U0021,P0045,view,2025-08-31 09:48:00,1
U0021,P0396,click,2025-09-01 16:21:00,2
U0021,P0394,save,2025-09-09 22:41:00,4
U0021,P0163,click,2025-09-10 17:47:00,2
U0021,P0482,click,2025-10-02 09:11:00,2
U0021,P0437,click,2025-10-07 16:21:00,2
U0021,P0132,view,2025-10-08 14:29:00,1
U0021,P0219,click,2025-10-10 03:19:00,2
U0021,P0049,click,2025-10-11 15:02:00,2
U0021,P0242,save,2025-10-12 14:45:00,4
U0021,P0373,save,2025-10-17 23:58:00,4
U0022,P0344,click,2025-01-10 01:27:00,2
U0022,P0246,visit,2025-01-11 22:30:00,8
U0022,P0092,click,2025-01-15 18:02:00,2
U0022,P0034,view,2025-01-16 03:47:00,1
U0022,P0327,click,2025-01-21 02:20:00,2
U0022,P0146,share,2025-01-28 02:31:00,5
U0022,P0436,click,2025-01-29 12:16:00,2
U0022,P0336,share,2025-01-29 21:15:00,5
U0022,P0406,booking,2025-02-05 15:43:00,10
U0022,P0445,save,2025-02-09 20:52:00,4
U0022,P0063,save,2025-02-09 21:48:00,4
U0022,P0174,view,2025-02-13 03:09:00,1
U0022,P0235,click,2025-02-17 22:54:00,2
U0022,P0442,visit,2025-02-19 13:22:00,8
U0022,P0226,visit,2025-02-20 06:58:00,8
U0022,P0074,booking,2025-02-23 12:28:00,10
U0022,P0175,click,2025-02-24 05:53:00,2
U0022,P0144,click,2025-02-26 16:08:00,2
U0022,P0259,visit,2025-03-02 12:28:00,8
U0022,P0301,visit,2025-03-07 11:22:00,8
U0022,P0211,booking,2025-03-28 02:23:00,10
U0022,P0005,visit,2025-04-01 17:42:00,8
U0022,P0150,click,2025-04-05 14:43:00,2
U0022,P0015,save,2025-04-12 10:12:00,4
U0022,P0314,share,2025-04-20 16:14:00,5
U0022,P0133,view,2025-04-26 19:47:00,1
U0022,P0429,visit,2025-04-29 20:08:00,8
U0022,P0240,visit,2025-04-30 13:46:00,8
U0022,P0181,visit,2025-05-07 07:41:00,8
U0022,P0277,click,2025-05-09 15:31:00,2
U0022,P0477,visit,2025-05-16 01:19:00,8
U0022,P0115,share,2025-05-20 20:25:00,5
U0022,P0083,save,2025-05-26 10:03:00,4
U0022,P0122,visit,2025-05-26 14:38:00,8
U0022,P0205,save,2025-05-28 17:46:00,4
U0022,P0164,save,2025-06-04 16:51:00,4
U0022,P0142,view,2025-06-05 22:10:00,1
U0022,P0362,visit,2025-06-06 03:21:00,8
U0022,P0383,view,2025-06-09 18:05:00,1
U0022,P0043,view,2025-06-09 21:53:00,1
U0022,P0355,view,2025-06-09 22:24:00,1
U0022,P0457,click,2025-06-10 03:29:00,2
U0022,P0056,click,2025-06-11 12:28:00,2
U0022,P0498,click,2025-06-15 18:06:00,2
U0022,P0162,share,2025-06-16 01:29:00,5
U0022,P0236,share,2025-06-17 04:19:00,5
U0022,P0415,click,2025-06-22 08:04:00,2
U0022,P0224,share,2025-06-25 17:34:00,5
U0022,P0022,view,2025-07-01 12:27:00,1
U0022,P0472,click,2025-07-02 13:22:00,2
U0022,P0491,view,2025-07-02 15:42:00,1
U0022,P0123,visit,2025-07-07 22:37:00,8
U0022,P0004,click,2025-07-08 05:00:00,2
U0022,P0040,visit,2025-07-13 18:24:00,8
U0022,P0102,click,2025-07-15 19:43:00,2
U0022,P0370,view,2025-07-22 12:44:00,1
U0022,P0311,visit,2025-07-28 03:48:00,8
U0022,P0262,visit,2025-07-28 09:54:00,8
U0022,P0067,click,2025-08-07 06:22:00,2
U0022,P0417,visit,2025-08-08 06:54:00,8
U0022,P0378,click,2025-08-12 06:31:00,2
U0022,P0385,save,2025-08-16 07:35:00,4
U0022,P0461,view,2025-08-21 03:07:00,1
U0022,P0189,booking,2025-08-27 06:18:00,10
U0022,P0325,visit,2025-09-07 03:36:00,8
U0022,P0185,dismiss,2025-09-08 03:44:00,-3
U0022,P0289,click,2025-09-09 13:08:00,2
U0022,P0308,booking,2025-09-10 03:24:00,10
U0022,P0423,view,2025-09-11 18:24:00,1
U0022,P0393,click,2025-09-12 16:51:00,2
U0022,P0478,share,2025-09-13 08:48:00,5
U0022,P0126,view,2025-09-16 08:34:00,1
U0022,P0350,save,2025-09-16 22:30:00,4
U0022,P0041,visit,2025-09-19 08:09:00,8
U0022,P0357,visit,2025-09-21 13:17:00,8
U0022,P0265,share,2025-09-25 21:43:00,5
U0022,P0201,view,2025-10-02 06:18:00,1
U0022,P0081,click,2025-10-11 21:34:00,2
U0022,P0414,save,2025-10-18 16:30:00,4
U0022,P0091,visit,2025-10-20 15:30:00,8
U0023,P0054,save,2025-01-05 12:59:00,4
U0023,P0091,view,2025-01-11 00:59:00,1
U0023,P0189,share,2025-01-18 08:55:00,5
U0023,P0125,click,2025-01-23 04:31:00,2
U0023,P0480,visit,2025-01-24 00:16:00,8
U0023,P0015,view,2025-01-27 10:59:00,1
U0023,P0226,save,2025-02-11 15:30:00,4
U0023,P0162,share,2025-02-12 03:10:00,5
U0023,P0277,view,2025-02-13 13:23:00,1
U0023,P0102,click,2025-02-15 10:45:00,2
U0023,P0150,save,2025-02-15 14:12:00,4
U0023,P0191,view,2025-02-18 17:03:00,1
U0023,P0126,view,2025-02-27 23:55:00,1
U0023,P0406,share,2025-03-02 00:45:00,5
U0023,P0378,view,2025-03-02 07:45:00,1
U0023,P0246,save,2025-03-10 08:11:00,4
U0023,P0089,view,2025-03-16 00:18:00,1
U0023,P0370,share,2025-03-17 03:22:00,5
U0023,P0414,visit,2025-03-18 01:14:00,8
U0023,P0430,save,2025-03-24 22:16:00,4
U0023,P0259,click,2025-03-28 01:25:00,2
U0023,P0038,view,2025-04-03 13:50:00,1
U0023,P0336,save,2025-04-04 01:30:00,4
U0023,P0385,share,2025-04-04 12:56:00,5
U0023,P0240,booking,2025-04-05 20:28:00,10
U0023,P0445,share,2025-04-21 09:46:00,5
U0023,P0041,click,2025-05-01 09:13:00,2
U0023,P0478,click,2025-05-01 15:58:00,2
U0023,P0142,visit,2025-05-02 14:24:00,8
U0023,P0498,dismiss,2025-05-08 16:45:00,-3
U0023,P0457,click,2025-05-11 09:05:00,2
U0023,P0043,click,2025-05-14 03:20:00,2
U0023,P0144,visit,2025-05-14 04:05:00,8
U0023,P0180,save,2025-05-14 05:45:00,4
U0023,P0301,save,2025-05-15 07:39:00,4
U0023,P0215,click,2025-05-15 19:53:00,2
U0023,P0034,click,2025-05-15 22:54:00,2
U0023,P0311,view,2025-05-16 16:20:00,1
U0023,P0115,click,2025-05-17 09:47:00,2
U0023,P0175,share,2025-05-20 18:57:00,5
U0023,P0107,click,2025-05-24 23:23:00,2
U0023,P0151,view,2025-05-26 05:53:00,1
U0023,P0056,click,2025-06-06 10:36:00,2
U0023,P0355,save,2025-06-07 00:41:00,4
U0023,P0084,share,2025-06-12 20:26:00,5
U0023,P0040,view,2025-06-13 14:30:00,1
U0023,P0133,dismiss,2025-06-17 09:12:00,-3
U0023,P0477,visit,2025-06-23 14:08:00,8
U0023,P0362,share,2025-07-01 19:42:00,5
U0023,P0224,save,2025-07-08 05:36:00,4
U0023,P0063,share,2025-07-09 04:57:00,5
U0023,P0155,view,2025-07-13 18:14:00,1
U0023,P0081,click,2025-07-16 22:27:00,2
U0023,P0472,dismiss,2025-07-25 06:40:00,-3
U0023,P0363,click,2025-07-31 10:45:00,2
U0023,P0308,click,2025-08-04 19:46:00,2
U0023,P0479,click,2025-08-05 03:52:00,2
U0023,P0415,save,2025-08-09 06:38:00,4
U0023,P0436,click,2025-08-09 09:57:00,2
U0023,P0164,click,2025-08-12 05:20:00,2
U0023,P0096,share,2025-08-14 01:12:00,5
U0023,P0431,view,2025-08-19 07:23:00,1
U0023,P0005,click,2025-08-21 21:31:00,2
U0023,P0174,view,2025-08-21 22:01:00,1
U0023,P0202,save,2025-08-23 02:00:00,4
U0023,P0289,share,2025-08-28 13:07:00,5
U0023,P0181,visit,2025-08-29 04:55:00,8
U0023,P0491,visit,2025-09-06 14:31:00,8
U0023,P0314,click,2025-09-09 04:35:00,2
U0023,P0442,share,2025-09-11 01:28:00,5
U0023,P0393,save,2025-09-11 12:08:00,4
U0023,P0423,save,2025-09-15 15:59:00,4
U0023,P0211,view,2025-09-16 19:24:00,1
U0023,P0354,share,2025-09-17 02:22:00,5
U0023,P0074,click,2025-09-27 13:49:00,2
U0023,P0236,visit,2025-09-29 13:09:00,8
U0024,P0419,click,2025-01-03 12:07:00,2
U0024,P0439,click,2025-01-04 07:53:00,2
U0024,P0149,visit,2025-01-05 03:40:00,8
U0024,P0377,visit,2025-01-07 05:41:00,8
U0024,P0030,view,2025-01-09 22:12:00,1
U0024,P0373,view,2025-01-10 13:36:00,1
U0024,P0420,view,2025-01-11 05:18:00,1
U0024,P0204,view,2025-01-14 06:30:00,1
U0024,P0492,dismiss,2025-02-02 10:27:00,-3
U0024,P0450,share,2025-02-10 23:38:00,5
U0024,P0310,view,2025-02-14 09:49:00,1
U0024,P0294,save,2025-02-14 21:30:00,4
U0024,P0449,share,2025-02-20 04:41:00,5
U0024,P0486,view,2025-02-21 13:31:00,1
U0024,P0219,view,2025-02-22 17:02:00,1
U0024,P0178,click,2025-02-23 22:03:00,2
U0024,P0118,click,2025-02-26 03:50:00,2
U0024,P0295,visit,2025-02-28 19:14:00,8
U0024,P0407,view,2025-03-06 04:00:00,1
U0024,P0312,click,2025-03-08 05:12:00,2
U0024,P0493,click,2025-03-12 03:54:00,2
U0024,P0483,visit,2025-03-19 22:55:00,8
U0024,P0023,save,2025-03-22 19:31:00,4
U0024,P0045,click,2025-03-24 19:13:00,2
U0024,P0282,click,2025-03-27 04:47:00,2
U0024,P0247,visit,2025-04-06 06:11:00,8
U0024,P0487,save,2025-04-09 15:22:00,4
U0024,P0171,visit,2025-04-14 09:36:00,8
U0024,P0283,share,2025-04-14 14:26:00,5
U0024,P0182,view,2025-04-16 11:10:00,1
U0024,P0482,save,2025-05-13 21:06:00,4
U0024,P0051,view,2025-05-18 20:26:00,1
U0024,P0009,save,2025-05-25 22:47:00,4
U0024,P0163,click,2025-05-29 01:31:00,2
U0024,P0475,save,2025-05-30 22:28:00,4
U0024,P0090,save,2025-05-31 23:45:00,4
U0024,P0057,dismiss,2025-06-05 07:13:00,-3
U0024,P0112,click,2025-06-05 19:52:00,2
U0024,P0360,share,2025-06-10 18:46:00,5
U0024,P0159,view,2025-06-11 17:04:00,1
U0024,P0033,view,2025-07-01 01:49:00,1
U0024,P0207,click,2025-07-03 08:22:00,2
U0024,P0273,view,2025-07-04 15:51:00,1
U0024,P0002,click,2025-07-06 10:52:00,2
U0024,P0048,visit,2025-07-19 13:53:00,8
U0024,P0071,view,2025-07-20 01:21:00,1
U0024,P0213,share,2025-07-21 01:05:00,5
U0024,P0097,view,2025-07-24 15:32:00,1
U0024,P0266,visit,2025-07-27 21:47:00,8
U0024,P0410,view,2025-08-01 11:40:00,1
U0024,P0473,click,2025-08-02 22:19:00,2
U0024,P0203,save,2025-08-05 00:07:00,4
U0024,P0323,view,2025-08-08 13:58:00,1
U0024,P0456,visit,2025-08-11 17:01:00,8
U0024,P0316,visit,2025-08-13 07:32:00,8
U0024,P0416,view,2025-08-13 14:53:00,1
U0024,P0132,click,2025-08-18 22:27:00,2
U0024,P0234,click,2025-08-19 18:15:00,2
U0024,P0396,view,2025-08-26 04:30:00,1
U0024,P0197,view,2025-08-28 04:56:00,1
U0024,P0425,share,2025-08-30 00:55:00,5
U0024,P0192,share,2025-08-31 10:18:00,5
U0024,P0409,view,2025-09-02 14:44:00,1
U0024,P0459,save,2025-09-07 08:21:00,4
U0024,P0432,click,2025-09-11 23:37:00,2
U0024,P0341,save,2025-09-15 01:51:00,4
U0024,P0408,visit,2025-09-16 05:05:00,8
U0024,P0276,share,2025-09-17 03:10:00,5
U0024,P0334,visit,2025-09-21 19:42:00,8
U0024,P0035,dismiss,2025-10-13 08:57:00,-3
U0024,P0094,visit,2025-10-30 23:39:00,8
U0025,P0385,save,2025-01-02 03:35:00,4
U0025,P0480,view,2025-01-12 10:27:00,1
U0025,P0224,share,2025-01-21 16:09:00,5
U0025,P0491,view,2025-01-22 00:52:00,1
U0025,P0246,share,2025-01-23 13:30:00,5
U0025,P0362,view,2025-01-24 15:55:00,1
U0025,P0277,share,2025-01-24 21:56:00,5
U0025,P0336,click,2025-01-28 18:33:00,2
U0025,P0211,view,2025-01-31 15:17:00,1
U0025,P0122,view,2025-02-03 15:01:00,1
U0025,P0038,view,2025-02-09 11:43:00,1
U0025,P0443,save,2025-02-13 17:38:00,4
U0025,P0308,save,2025-02-15 12:44:00,4
U0025,P0175,share,2025-02-20 17:10:00,5
U0025,P0429,click,2025-03-02 11:19:00,2
U0025,P0477,view,2025-03-02 19:54:00,1
U0025,P0344,visit,2025-03-03 01:12:00,8
U0025,P0041,click,2025-03-04 04:46:00,2
U0025,P0092,view,2025-03-06 09:36:00,1
U0025,P0126,view,2025-03-14 11:34:00,1
U0025,P0445,view,2025-03-14 13:57:00,1
U0025,P0467,view,2025-03-22 17:23:00,1
U0025,P0089,click,2025-03-24 23:34:00,2
U0025,P0297,view,2025-03-25 04:32:00,1
U0025,P0144,visit,2025-03-26 22:01:00,8
U0025,P0043,dismiss,2025-03-28 01:39:00,-3
U0025,P0091,view,2025-04-03 13:01:00,1
U0025,P0417,click,2025-04-04 23:31:00,2
U0025,P0015,save,2025-04-07 15:32:00,4
U0025,P0259,click,2025-05-02 15:32:00,2
U0025,P0240,visit,2025-05-03 19:37:00,8
U0025,P0181,click,2025-05-07 17:41:00,2
U0025,P0430,click,2025-05-11 02:09:00,2
U0025,P0040,click,2025-05-12 02:07:00,2
U0025,P0215,save,2025-05-14 22:28:00,4
U0025,P0236,visit,2025-05-18 01:20:00,8
U0025,P0107,click,2025-05-21 06:15:00,2
U0025,P0142,view,2025-06-06 09:13:00,1
U0025,P0180,share,2025-06-07 13:43:00,5
U0025,P0170,view,2025-06-15 08:24:00,1
U0025,P0005,save,2025-06-16 05:01:00,4
U0025,P0393,click,2025-06-28 02:55:00,2
U0025,P0479,view,2025-07-09 18:18:00,1
U0025,P0498,share,2025-07-11 09:18:00,5
U0025,P0146,save,2025-07-13 15:53:00,4
U0025,P0067,view,2025-07-19 03:20:00,1
U0025,P0096,view,2025-07-22 08:37:00,1
U0025,P0289,view,2025-07-22 10:34:00,1
U0025,P0155,view,2025-07-28 14:05:00,1
U0025,P0478,save,2025-07-28 20:14:00,4
U0025,P0265,click,2025-07-29 12:14:00,2
U0025,P0235,click,2025-08-05 17:28:00,2
U0025,P0202,dismiss,2025-08-10 06:39:00,-3
U0025,P0083,save,2025-08-14 22:59:00,4
U0025,P0151,click,2025-08-15 23:17:00,2
U0025,P0074,view,2025-08-18 04:55:00,1
U0025,P0327,dismiss,2025-08-23 04:45:00,-3
U0025,P0125,visit,2025-08-24 14:42:00,8
U0025,P0133,click,2025-08-26 17:26:00,2
U0025,P0262,view,2025-08-26 19:18:00,1
U0025,P0414,visit,2025-08-31 01:47:00,8
U0025,P0054,view,2025-09-01 06:28:00,1
U0025,P0311,share,2025-09-06 00:50:00,5
U0025,P0406,save,2025-09-13 20:27:00,4
U0025,P0084,visit,2025-09-16 10:56:00,8
U0025,P0205,dismiss,2025-09-16 12:07:00,-3
U0025,P0442,view,2025-09-19 09:02:00,1
U0025,P0162,visit,2025-09-27 12:37:00,8
U0025,P0461,click,2025-09-28 10:24:00,2
U0025,P0056,dismiss,2025-09-30 05:01:00,-3
U0025,P0314,view,2025-10-12 08:56:00,1
U0025,P0423,dismiss,2025-10-14 02:12:00,-3
U0025,P0378,view,2025-10-14 16:49:00,1
U0026,P0365,view,2025-01-04 11:00:00,1
U0026,P0167,view,2025-01-05 16:37:00,1
U0026,P0007,view,2025-01-06 14:24:00,1
U0026,P0232,view,2025-01-14 14:33:00,1
U0026,P0114,visit,2025-01-24 19:37:00,8
U0026,P0003,click,2025-01-28 10:33:00,2
U0026,P0440,click,2025-01-28 20:50:00,2
U0026,P0278,view,2025-01-29 17:03:00,1
U0026,P0060,click,2025-01-30 07:32:00,2
U0026,P0216,click,2025-02-05 10:12:00,2
U0026,P0229,dismiss,2025-02-18 20:28:00,-3
U0026,P0279,click,2025-02-19 19:48:00,2
U0026,P0434,view,2025-02-21 00:53:00,1
U0026,P0138,click,2025-03-08 06:12:00,2
U0026,P0249,view,2025-04-02 06:01:00,1
U0026,P0113,visit,2025-04-07 17:18:00,8
U0026,P0120,view,2025-04-16 12:11:00,1
U0026,P0076,dismiss,2025-04-18 09:29:00,-3
U0026,P0382,click,2025-04-25 22:14:00,2
U0026,P0136,dismiss,2025-05-02 02:49:00,-3
U0026,P0199,dismiss,2025-05-03 11:51:00,-3
U0026,P0154,view,2025-05-03 15:47:00,1
U0026,P0208,view,2025-05-05 04:51:00,1
U0026,P0458,view,2025-05-15 23:11:00,1
U0026,P0152,view,2025-05-29 14:12:00,1
U0026,P0214,view,2025-05-31 12:25:00,1
U0026,P0225,view,2025-06-09 02:40:00,1
U0026,P0379,view,2025-06-09 18:27:00,1
U0026,P0106,view,2025-06-18 05:06:00,1
U0026,P0065,view,2025-06-23 17:15:00,1
U0026,P0220,view,2025-06-23 20:43:00,1
U0026,P0490,view,2025-06-25 09:23:00,1
U0026,P0284,view,2025-06-26 06:12:00,1
U0026,P0157,click,2025-07-03 09:37:00,2
U0026,P0109,view,2025-07-04 01:01:00,1
U0026,P0039,booking,2025-07-10 21:10:00,10
U0026,P0250,view,2025-07-11 10:38:00,1
U0026,P0068,share,2025-07-30 07:55:00,5
U0026,P0186,view,2025-08-04 15:46:00,1
U0026,P0368,view,2025-08-08 20:15:00,1
U0026,P0200,view,2025-08-15 01:19:00,1
U0026,P0448,view,2025-08-21 01:31:00,1
U0026,P0069,view,2025-08-26 13:56:00,1
U0026,P0227,share,2025-08-27 19:13:00,5
U0026,P0404,view,2025-08-29 09:38:00,1
U0026,P0489,save,2025-08-31 07:21:00,4
U0026,P0066,visit,2025-09-20 20:48:00,8
U0026,P0105,view,2025-09-30 12:44:00,1
U0026,P0145,click,2025-10-05 04:09:00,2
U0026,P0161,view,2025-10-12 03:09:00,1
U0026,P0453,share,2025-10-24 03:05:00,5
U0026,P0016,click,2025-10-24 18:21:00,2
U0026,P0255,visit,2025-10-31 06:57:00,8
U0027,P0257,view,2025-01-04 04:28:00,1
U0027,P0222,view,2025-01-05 15:51:00,1
U0027,P0060,visit,2025-01-06 21:17:00,8
U0027,P0032,visit,2025-01-10 19:06:00,8
U0027,P0168,click,2025-01-14 05:12:00,2
U0027,P0078,dismiss,2025-01-18 21:34:00,-3
U0027,P0287,view,2025-01-20 00:16:00,1
U0027,P0003,view,2025-01-25 20:51:00,1
U0027,P0026,view,2025-02-05 12:18:00,1
U0027,P0138,click,2025-02-05 12:57:00,2
U0027,P0382,dismiss,2025-02-09 03:32:00,-3
U0027,P0066,visit,2025-02-16 09:41:00,8
U0027,P0160,dismiss,2025-02-25 10:36:00,-3
U0027,P0113,view,2025-02-28 22:58:00,1
U0027,P0269,view,2025-03-11 10:42:00,1
U0027,P0329,save,2025-03-13 18:55:00,4
U0027,P0250,dismiss,2025-03-20 14:22:00,-3
U0027,P0401,view,2025-03-22 03:08:00,1
U0027,P0255,view,2025-03-26 08:13:00,1
U0027,P0453,save,2025-03-28 02:42:00,4
U0027,P0286,view,2025-04-01 01:52:00,1
U0027,P0114,save,2025-04-01 09:07:00,4
U0027,P0228,view,2025-04-16 04:55:00,1
U0027,P0249,click,2025-04-16 07:18:00,2
U0027,P0261,view,2025-04-16 09:27:00,1
U0027,P0186,visit,2025-04-22 15:26:00,8
U0027,P0076,view,2025-05-07 16:21:00,1
U0027,P0154,view,2025-05-08 05:57:00,1
U0027,P0229,click,2025-06-05 02:10:00,2
U0027,P0434,view,2025-06-16 13:28:00,1
U0027,P0069,save,2025-06-16 18:01:00,4
U0027,P0306,booking,2025-07-17 06:30:00,10
U0027,P0451,dismiss,2025-07-20 02:34:00,-3
U0027,P0121,booking,2025-07-20 12:13:00,10
U0027,P0476,click,2025-08-13 14:54:00,2
U0027,P0278,booking,2025-08-21 01:23:00,10
U0027,P0039,visit,2025-08-22 11:44:00,8
U0027,P0489,view,2025-08-23 08:12:00,1
U0027,P0152,click,2025-08-23 12:58:00,2
U0027,P0279,dismiss,2025-08-25 18:02:00,-3
U0027,P0106,click,2025-08-26 15:29:00,2
U0027,P0008,click,2025-09-15 22:43:00,2
U0027,P0128,click,2025-09-23 00:10:00,2
U0027,P0411,click,2025-09-25 20:42:00,2
U0027,P0208,click,2025-10-01 23:25:00,2
U0027,P0458,view,2025-10-02 13:30:00,1
U0027,P0284,click,2025-10-11 03:23:00,2
U0027,P0161,booking,2025-10-13 00:23:00,10
U0027,P0227,save,2025-10-18 01:59:00,4
U0027,P0016,click,2025-10-18 20:51:00,2
U0027,P0232,click,2025-10-19 15:29:00,2
U0028,P0462,visit,2025-01-04 02:55:00,8
U0028,P0166,booking,2025-01-20 03:24:00,10
U0028,P0359,share,2025-01-22 03:13:00,5
U0028,P0495,save,2025-01-27 20:09:00,4
U0028,P0447,share,2025-01-31 23:11:00,5
U0028,P0129,view,2025-02-01 08:48:00,1
U0028,P0351,view,2025-02-06 13:56:00,1
U0028,P0158,view,2025-02-10 13:46:00,1
U0028,P0017,view,2025-02-11 16:58:00,1
U0028,P0143,click,2025-02-12 09:38:00,2
U0028,P0374,click,2025-02-15 03:40:00,2
U0028,P0050,visit,2025-02-19 02:49:00,8
U0028,P0169,view,2025-03-05 08:04:00,1
U0028,P0345,save,2025-03-10 06:31:00,4
U0028,P0335,booking,2025-03-15 08:47:00,10
U0028,P0046,click,2025-03-27 15:28:00,2
U0028,P0318,click,2025-03-28 15:00:00,2
U0028,P0399,booking,2025-03-30 18:35:00,10
U0028,P0254,click,2025-03-31 08:24:00,2
U0028,P0206,save,2025-04-01 19:15:00,4
U0028,P0187,click,2025-04-04 16:07:00,2
U0028,P0391,click,2025-04-07 13:10:00,2
U0028,P0260,view,2025-04-08 00:00:00,1
U0028,P0441,booking,2025-04-15 04:05:00,10
U0028,P0156,click,2025-04-15 07:32:00,2
U0028,P0484,view,2025-04-16 17:03:00,1
U0028,P0019,view,2025-04-18 23:25:00,1
U0028,P0272,dismiss,2025-04-19 05:12:00,-3
U0028,P0280,click,2025-04-24 19:55:00,2
U0028,P0424,share,2025-05-01 15:31:00,5
U0028,P0380,save,2025-05-05 15:02:00,4
U0028,P0438,view,2025-05-17 15:30:00,1
U0028,P0184,view,2025-05-20 15:05:00,1
U0028,P0367,dismiss,2025-06-04 16:34:00,-3
U0028,P0037,click,2025-06-07 23:26:00,2
U0028,P0388,view,2025-06-19 10:15:00,1
U0028,P0405,view,2025-06-20 04:45:00,1
U0028,P0426,view,2025-06-22 11:43:00,1
U0028,P0238,click,2025-06-22 19:27:00,2
U0028,P0275,dismiss,2025-06-25 00:37:00,-3
U0028,P0302,view,2025-07-04 12:24:00,1
U0028,P0392,view,2025-07-08 22:03:00,1
U0028,P0463,visit,2025-07-11 05:45:00,8
U0028,P0427,save,2025-07-11 12:31:00,4
U0028,P0455,visit,2025-07-11 15:25:00,8
U0028,P0077,view,2025-07-15 13:54:00,1
U0028,P0317,view,2025-07-15 16:20:00,1
U0028,P0058,view,2025-07-29 14:40:00,1
U0028,P0172,click,2025-08-01 12:47:00,2
U0028,P0390,view,2025-08-02 20:18:00,1
U0028,P0248,view,2025-08-05 16:39:00,1
U0028,P0196,visit,2025-08-06 23:15:00,8
U0028,P0251,save,2025-08-07 08:44:00,4
U0028,P0452,view,2025-08-09 05:11:00,1
U0028,P0137,share,2025-08-10 04:52:00,5
U0028,P0326,save,2025-08-12 08:49:00,4
U0028,P0371,view,2025-08-18 20:12:00,1
U0028,P0400,click,2025-08-28 09:10:00,2
U0028,P0193,view,2025-08-29 06:09:00,1
U0028,P0332,view,2025-09-08 20:44:00,1
U0028,P0252,dismiss,2025-09-09 02:12:00,-3
U0028,P0346,view,2025-09-14 23:46:00,1
U0029,P0052,share,2025-01-01 09:03:00,5
U0029,P0228,save,2025-01-05 11:46:00,4
U0029,P0168,view,2025-01-12 18:36:00,1
U0029,P0199,view,2025-01-18 02:07:00,1
U0029,P0060,booking,2025-02-02 22:58:00,10
U0029,P0167,click,2025-02-24 12:00:00,2
U0029,P0114,view,2025-03-02 05:55:00,1
U0029,P0434,save,2025-03-02 07:25:00,4
U0029,P0138,click,2025-03-02 16:41:00,2
U0029,P0165,view,2025-03-03 03:05:00,1
U0029,P0446,view,2025-03-04 15:41:00,1
U0029,P0008,click,2025-03-06 03:20:00,2
U0029,P0066,booking,2025-03-06 16:42:00,10
U0029,P0007,view,2025-03-07 18:13:00,1
U0029,P0286,view,2025-03-09 10:48:00,1
U0029,P0348,click,2025-03-12 14:44:00,2
U0029,P0257,click,2025-03-16 06:13:00,2
U0029,P0368,view,2025-03-16 09:53:00,1
U0029,P0145,click,2025-03-17 12:27:00,2
U0029,P0279,view,2025-03-18 20:46:00,1
U0029,P0157,save,2025-03-23 00:35:00,4
U0029,P0154,click,2025-04-10 22:54:00,2
U0029,P0032,view,2025-04-11 23:41:00,1
U0029,P0109,save,2025-04-21 15:18:00,4
U0029,P0232,click,2025-04-26 22:47:00,2
U0029,P0489,view,2025-05-21 20:41:00,1
U0029,P0458,click,2025-05-26 04:47:00,2
U0029,P0136,click,2025-06-03 01:33:00,2
U0029,P0460,click,2025-06-03 21:58:00,2
U0029,P0315,save,2025-06-10 03:02:00,4
U0029,P0401,save,2025-06-10 12:36:00,4
U0029,P0031,view,2025-06-23 18:27:00,1
U0029,P0261,view,2025-07-06 21:59:00,1
U0029,P0068,visit,2025-07-12 22:50:00,8
U0029,P0284,view,2025-07-18 13:20:00,1
U0029,P0014,view,2025-07-20 12:04:00,1
U0029,P0404,view,2025-08-11 09:36:00,1
U0029,P0120,save,2025-08-16 11:00:00,4
U0029,P0225,click,2025-08-22 04:38:00,2
U0029,P0411,click,2025-08-26 20:24:00,2
U0029,P0016,view,2025-08-31 05:03:00,1
U0029,P0209,click,2025-09-05 09:57:00,2
U0029,P0152,click,2025-09-05 20:44:00,2
U0029,P0078,click,2025-09-07 23:25:00,2
U0029,P0347,view,2025-09-08 09:44:00,1
U0029,P0387,view,2025-09-15 22:07:00,1
U0029,P0287,view,2025-09-23 18:34:00,1
U0029,P0250,view,2025-10-03 05:25:00,1
U0029,P0269,view,2025-10-03 14:20:00,1
U0029,P0106,booking,2025-10-06 05:27:00,10
U0029,P0490,dismiss,2025-10-12 17:50:00,-3
U0029,P0365,view,2025-10-15 08:54:00,1
U0029,P0069,click,2025-10-21 11:08:00,2
U0029,P0113,click,2025-10-22 03:43:00,2
U0029,P0220,click,2025-10-25 01:54:00,2
U0030,P0336,click,2025-01-01 01:42:00,2
U0030,P0181,view,2025-01-05 13:30:00,1
U0030,P0005,view,2025-01-07 21:15:00,1
U0030,P0246,view,2025-01-19 14:57:00,1
U0030,P0056,click,2025-01-20 08:12:00,2
U0030,P0479,click,2025-01-25 05:02:00,2
U0030,P0022,click,2025-01-27 12:26:00,2
U0030,P0150,click,2025-01-27 13:31:00,2
U0030,P0191,visit,2025-01-27 21:53:00,8
U0030,P0325,save,2025-02-01 16:27:00,4
U0030,P0480,click,2025-02-08 11:53:00,2
U0030,P0202,click,2025-02-10 02:46:00,2
U0030,P0393,view,2025-02-12 13:15:00,1
U0030,P0442,view,2025-02-14 09:26:00,1
U0030,P0054,dismiss,2025-02-21 13:31:00,-3
U0030,P0142,view,2025-02-22 22:46:00,1
U0030,P0311,visit,2025-02-25 00:08:00,8
U0030,P0423,view,2025-02-26 08:23:00,1
U0030,P0041,save,2025-02-27 10:58:00,4
U0030,P0415,share,2025-03-03 04:25:00,5
U0030,P0004,save,2025-03-05 15:00:00,4
U0030,P0472,view,2025-03-07 10:48:00,1
U0030,P0314,save,2025-03-10 12:26:00,4
U0030,P0327,view,2025-03-11 15:31:00,1
U0030,P0123,save,2025-03-13 11:47:00,4
U0030,P0126,click,2025-03-16 13:01:00,2
U0030,P0301,view,2025-03-28 21:59:00,1
U0030,P0354,click,2025-04-04 14:22:00,2
U0030,P0417,view,2025-04-05 08:31:00,1
U0030,P0362,view,2025-04-07 18:40:00,1
U0030,P0063,save,2025-04-08 09:02:00,4
U0030,P0034,view,2025-04-08 23:00:00,1
U0030,P0015,visit,2025-04-12 02:33:00,8
U0030,P0102,dismiss,2025-04-22 09:59:00,-3
U0030,P0133,share,2025-04-26 15:25:00,5
U0030,P0164,visit,2025-05-03 02:10:00,8
U0030,P0155,click,2025-05-06 23:42:00,2
U0030,P0431,click,2025-05-08 21:38:00,2
U0030,P0040,booking,2025-05-15 22:15:00,10
U0030,P0089,view,2025-05-16 06:00:00,1
U0030,P0162,save,2025-05-24 03:55:00,4
U0030,P0038,view,2025-05-24 11:45:00,1
U0030,P0414,save,2025-05-27 17:59:00,4
U0030,P0205,save,2025-05-29 09:31:00,4
U0030,P0175,view,2025-06-03 15:18:00,1
U0030,P0092,view,2025-06-10 02:40:00,1
U0030,P0265,click,2025-06-14 06:18:00,2
U0030,P0107,click,2025-06-22 13:30:00,2
U0030,P0083,click,2025-06-25 13:38:00,2
U0030,P0289,click,2025-06-29 23:11:00,2
U0030,P0226,save,2025-07-01 03:00:00,4
U0030,P0262,visit,2025-07-02 00:39:00,8
U0030,P0235,share,2025-07-11 09:23:00,5
U0030,P0383,view,2025-07-14 05:23:00,1
U0030,P0245,click,2025-07-19 04:07:00,2
U0030,P0378,share,2025-07-24 16:46:00,5
U0030,P0240,visit,2025-07-25 11:00:00,8
U0030,P0491,click,2025-07-27 00:39:00,2
U0030,P0445,view,2025-08-03 07:20:00,1
U0030,P0319,view,2025-08-03 22:29:00,1
U0030,P0406,save,2025-08-04 15:35:00,4
U0030,P0477,view,2025-08-08 05:34:00,1
U0030,P0349,click,2025-08-11 00:22:00,2
U0030,P0498,visit,2025-08-24 10:19:00,8
U0030,P0067,visit,2025-08-28 16:18:00,8
U0030,P0436,save,2025-08-31 22:50:00,4
U0030,P0357,save,2025-09-10 00:27:00,4
U0030,P0308,click,2025-09-11 21:45:00,2
U0030,P0457,save,2025-09-15 19:11:00,4
U0030,P0478,visit,2025-09-19 05:15:00,8
U0030,P0277,save,2025-09-21 04:26:00,4
U0030,P0370,view,2025-09-21 21:43:00,1
U0030,P0180,view,2025-09-26 07:11:00,1
U0030,P0115,dismiss,2025-09-26 09:44:00,-3
U0031,P0013,view,2025-01-07 00:50:00,1
U0031,P0103,view,2025-01-07 19:06:00,1
U0031,P0237,save,2025-01-09 11:35:00,4
U0031,P0194,view,2025-01-14 22:27:00,1
U0031,P0353,dismiss,2025-01-23 03:34:00,-3
U0031,P0364,share,2025-01-23 19:09:00,5
U0031,P0356,visit,2025-01-29 17:44:00,8
U0031,P0333,view,2025-02-09 00:55:00,1
U0031,P0293,click,2025-02-24 21:37:00,2
U0031,P0176,visit,2025-02-26 00:48:00,8
U0031,P0018,click,2025-02-26 01:58:00,2
U0031,P0267,click,2025-02-26 07:06:00,2
U0031,P0025,view,2025-02-27 15:10:00,1
U0031,P0305,click,2025-03-05 00:52:00,2
U0031,P0496,view,2025-03-12 03:44:00,1
U0031,P0088,visit,2025-03-13 09:29:00,8
U0031,P0454,save,2025-03-15 02:27:00,4
U0031,P0389,save,2025-03-15 17:59:00,4
U0031,P0179,view,2025-03-15 20:38:00,1
U0031,P0233,view,2025-03-18 20:09:00,1
U0031,P0243,view,2025-03-25 09:21:00,1
U0031,P0223,click,2025-04-01 08:01:00,2
U0031,P0029,click,2025-04-01 12:43:00,2
U0031,P0474,view,2025-04-02 13:33:00,1
U0031,P0042,save,2025-04-03 14:11:00,4
U0031,P0021,click,2025-04-14 04:30:00,2
U0031,P0468,view,2025-04-23 23:17:00,1
U0031,P0024,share,2025-04-25 00:14:00,5
U0031,P0244,view,2025-04-26 21:24:00,1
U0031,P0188,view,2025-04-28 12:05:00,1
U0031,P0470,share,2025-05-06 14:58:00,5
U0031,P0147,click,2025-05-08 02:17:00,2
U0031,P0217,click,2025-05-12 20:40:00,2
U0031,P0124,view,2025-05-16 22:51:00,1
U0031,P0375,share,2025-05-17 20:34:00,5
U0031,P0108,visit,2025-05-18 06:37:00,8
U0031,P0101,save,2025-05-25 11:04:00,4
U0031,P0466,view,2025-06-01 03:32:00,1
U0031,P0352,save,2025-06-08 05:56:00,4
U0031,P0044,share,2025-06-13 04:24:00,5
U0031,P0082,click,2025-06-15 04:11:00,2
U0031,P0299,share,2025-06-21 19:11:00,5
U0031,P0268,click,2025-06-23 22:05:00,2
U0031,P0070,view,2025-06-28 11:54:00,1
U0031,P0210,share,2025-06-30 20:18:00,5
U0031,P0435,view,2025-07-05 00:13:00,1
U0031,P0418,view,2025-07-10 01:44:00,1
U0031,P0134,click,2025-07-13 12:01:00,2
U0031,P0073,visit,2025-07-17 11:20:00,8
U0031,P0111,save,2025-08-01 04:00:00,4
U0031,P0464,view,2025-08-03 17:31:00,1
U0031,P0342,save,2025-08-04 07:13:00,4
U0031,P0270,view,2025-08-07 12:09:00,1
U0031,P0116,view,2025-08-11 11:09:00,1
U0031,P0085,view,2025-08-15 07:20:00,1
U0031,P0028,view,2025-08-17 23:50:00,1
U0031,P0372,view,2025-08-31 04:58:00,1
U0031,P0465,booking,2025-09-02 02:07:00,10
U0031,P0183,view,2025-09-03 02:31:00,1
U0031,P0258,view,2025-09-03 04:15:00,1
U0031,P0239,save,2025-09-09 23:11:00,4
U0031,P0061,view,2025-09-11 13:30:00,1
U0031,P0190,view,2025-09-27 04:46:00,1
U0031,P0075,view,2025-09-27 18:49:00,1
U0031,P0135,click,2025-09-30 17:52:00,2
U0031,P0195,view,2025-10-03 17:31:00,1
U0032,P0448,view,2025-01-12 21:27:00,1
U0032,P0458,save,2025-02-05 08:25:00,4
U0032,P0379,save,2025-02-07 07:24:00,4
U0032,P0257,share,2025-02-12 21:26:00,5
U0032,P0154,dismiss,2025-02-14 15:06:00,-3
U0032,P0016,click,2025-02-19 00:09:00,2
U0032,P0052,click,2025-02-19 01:13:00,2
U0032,P0368,save,2025-03-05 22:31:00,4
U0032,P0347,booking,2025-03-16 10:42:00,10
U0032,P0446,view,2025-03-21 15:09:00,1
U0032,P0382,click,2025-03-23 18:25:00,2
U0032,P0121,save,2025-03-24 22:27:00,4
U0032,P0315,view,2025-04-01 02:09:00,1
U0032,P0348,view,2025-04-18 06:43:00,1
U0032,P0078,click,2025-04-21 21:41:00,2
U0032,P0113,view,2025-05-03 06:39:00,1
U0032,P0232,click,2025-05-06 22:52:00,2
U0032,P0451,click,2025-05-12 14:41:00,2
U0032,P0469,dismiss,2025-05-19 08:40:00,-3
U0032,P0411,view,2025-05-27 12:26:00,1
U0032,P0106,view,2025-06-01 05:04:00,1
U0032,P0008,view,2025-06-02 05:12:00,1
U0032,P0138,view,2025-06-07 16:52:00,1
U0032,P0387,click,2025-06-12 03:50:00,2
U0032,P0271,visit,2025-06-12 10:38:00,8
U0032,P0229,click,2025-06-21 03:59:00,2
U0032,P0249,visit,2025-06-24 14:50:00,8
U0032,P0109,view,2025-06-28 13:30:00,1
U0032,P0039,view,2025-06-28 14:29:00,1
U0032,P0261,view,2025-06-30 02:04:00,1
U0032,P0014,click,2025-07-01 22:36:00,2
U0032,P0026,click,2025-07-05 13:30:00,2
U0032,P0200,dismiss,2025-07-06 00:19:00,-3
U0032,P0284,view,2025-07-14 01:59:00,1
U0032,P0225,view,2025-07-19 00:35:00,1
U0032,P0152,view,2025-07-30 11:22:00,1
U0032,P0453,dismiss,2025-08-03 16:13:00,-3
U0032,P0434,visit,2025-08-14 11:32:00,8
U0032,P0287,click,2025-08-19 04:40:00,2
U0032,P0136,save,2025-08-19 20:37:00,4
U0032,P0076,share,2025-08-21 01:34:00,5
U0032,P0198,view,2025-08-23 04:31:00,1
U0032,P0165,view,2025-08-25 21:05:00,1
U0032,P0329,save,2025-08-27 03:05:00,4
U0032,P0278,visit,2025-09-01 03:17:00,8
U0032,P0047,click,2025-09-06 06:44:00,2
U0032,P0306,view,2025-09-07 01:23:00,1
U0032,P0069,save,2025-09-14 16:46:00,4
U0032,P0003,save,2025-09-24 23:00:00,4
U0032,P0186,view,2025-10-15 00:09:00,1
U0032,P0060,view,2025-10-18 01:38:00,1
U0032,P0032,visit,2025-10-18 20:31:00,8
U0033,P0075,click,2025-01-10 20:50:00,2
U0033,P0244,view,2025-01-12 16:32:00,1
U0033,P0428,view,2025-01-17 03:21:00,1
U0033,P0375,view,2025-01-24 08:26:00,1
U0033,P0364,share,2025-01-26 15:31:00,5
U0033,P0134,booking,2025-02-05 15:06:00,10
U0033,P0059,dismiss,2025-02-07 15:40:00,-3
U0033,P0176,view,2025-02-09 06:43:00,1
U0033,P0179,click,2025-02-17 11:45:00,2
U0033,P0070,view,2025-02-22 00:14:00,1
U0033,P0389,booking,2025-02-22 03:29:00,10
U0033,P0173,view,2025-02-22 17:17:00,1
U0033,P0055,save,2025-02-23 10:55:00,4
U0033,P0044,click,2025-02-25 19:24:00,2
U0033,P0217,booking,2025-03-03 03:28:00,10
U0033,P0481,view,2025-03-08 14:40:00,1
U0033,P0135,view,2025-03-12 07:05:00,1
U0033,P0018,share,2025-03-14 09:16:00,5
U0033,P0398,view,2025-03-15 20:01:00,1
U0033,P0342,dismiss,2025-03-26 06:46:00,-3
U0033,P0025,view,2025-03-29 19:20:00,1
U0033,P0253,click,2025-03-30 06:43:00,2
U0033,P0470,click,2025-04-02 21:36:00,2
U0033,P0270,view,2025-04-03 02:04:00,1
U0033,P0466,visit,2025-04-06 11:15:00,8
U0033,P0124,click,2025-04-22 00:20:00,2
U0033,P0088,dismiss,2025-04-24 09:12:00,-3
U0033,P0231,view,2025-05-10 18:26:00,1
U0033,P0268,save,2025-05-11 03:12:00,4
U0033,P0356,dismiss,2025-05-20 10:39:00,-3
U0033,P0464,visit,2025-05-21 15:12:00,8
U0033,P0188,save,2025-05-24 12:06:00,4
U0033,P0085,click,2025-05-31 19:52:00,2
U0033,P0309,click,2025-06-02 22:29:00,2
U0033,P0413,click,2025-06-10 03:00:00,2
U0033,P0073,dismiss,2025-06-10 20:58:00,-3
U0033,P0288,dismiss,2025-06-13 22:00:00,-3
U0033,P0372,view,2025-06-18 06:29:00,1
U0033,P0147,dismiss,2025-06-22 20:01:00,-3
U0033,P0386,share,2025-06-27 15:39:00,5
U0033,P0183,dismiss,2025-06-30 11:57:00,-3
U0033,P0194,visit,2025-07-06 03:57:00,8
U0033,P0042,save,2025-07-10 11:09:00,4
U0033,P0418,view,2025-07-17 09:38:00,1
U0033,P0293,share,2025-07-23 00:07:00,5
U0033,P0474,view,2025-07-26 01:57:00,1
U0033,P0101,booking,2025-08-03 12:56:00,10
U0033,P0195,dismiss,2025-08-08 06:36:00,-3
U0033,P0239,view,2025-08-17 13:38:00,1
U0033,P0028,click,2025-08-19 05:11:00,2
U0033,P0305,save,2025-08-25 09:08:00,4
U0033,P0111,click,2025-08-28 23:51:00,2
U0033,P0421,dismiss,2025-09-07 13:56:00,-3
U0033,P0148,click,2025-09-09 00:26:00,2
U0033,P0274,dismiss,2025-09-10 20:58:00,-3
U0033,P0256,click,2025-09-11 11:58:00,2
U0033,P0103,click,2025-09-11 13:32:00,2
U0033,P0331,click,2025-10-02 07:46:00,2
U0033,P0116,dismiss,2025-10-10 20:18:00,-3
U0034,P0421,view,2025-01-01 01:16:00,1
U0034,P0256,view,2025-01-05 15:59:00,1
U0034,P0270,view,2025-01-05 19:22:00,1
U0034,P0481,share,2025-01-07 21:30:00,5
U0034,P0217,view,2025-01-09 18:43:00,1
U0034,P0111,save,2025-01-11 04:26:00,4
U0034,P0127,view,2025-01-19 18:17:00,1
U0034,P0402,visit,2025-01-21 06:18:00,8
U0034,P0466,visit,2025-02-05 05:11:00,8
U0034,P0059,view,2025-02-09 05:43:00,1
U0034,P0103,view,2025-02-11 09:14:00,1
U0034,P0422,save,2025-02-18 05:32:00,4
U0034,P0268,view,2025-02-20 08:58:00,1
U0034,P0101,save,2025-02-21 07:46:00,4
U0034,P0253,click,2025-02-21 08:14:00,2
U0034,P0233,click,2025-02-25 21:03:00,2
U0034,P0024,click,2025-02-26 01:52:00,2
U0034,P0239,view,2025-02-27 08:43:00,1
U0034,P0124,click,2025-03-12 11:56:00,2
U0034,P0088,visit,2025-03-17 03:06:00,8
U0034,P0496,visit,2025-03-29 10:43:00,8
U0034,P0135,view,2025-03-30 18:27:00,1
U0034,P0210,click,2025-04-01 08:56:00,2
U0034,P0454,view,2025-04-04 12:50:00,1
U0034,P0231,dismiss,2025-04-08 01:37:00,-3
U0034,P0021,visit,2025-04-10 12:40:00,8
U0034,P0025,view,2025-04-11 13:37:00,1
U0034,P0148,view,2025-04-13 08:08:00,1
U0034,P0468,view,2025-04-15 11:40:00,1
U0034,P0179,click,2025-04-16 05:50:00,2
U0034,P0085,click,2025-04-16 23:05:00,2
U0034,P0293,click,2025-04-23 03:03:00,2
U0034,P0195,visit,2025-04-23 21:09:00,8
U0034,P0470,save,2025-05-03 02:34:00,4
U0034,P0055,visit,2025-05-06 18:47:00,8
U0034,P0333,view,2025-05-16 21:22:00,1
U0034,P0134,view,2025-05-22 16:38:00,1
U0034,P0018,view,2025-05-26 16:42:00,1
U0034,P0042,visit,2025-05-28 22:38:00,8
U0034,P0464,click,2025-05-28 23:00:00,2
U0034,P0194,save,2025-05-29 07:33:00,4
U0034,P0073,click,2025-05-29 19:35:00,2
U0034,P0356,visit,2025-05-31 00:29:00,8
U0034,P0428,view,2025-06-04 09:05:00,1
U0034,P0435,view,2025-06-05 23:21:00,1
U0034,P0389,share,2025-06-06 22:15:00,5
U0034,P0028,view,2025-06-19 12:37:00,1
U0034,P0061,view,2025-06-20 14:09:00,1
U0034,P0352,visit,2025-06-20 16:49:00,8
U0034,P0027,view,2025-06-27 09:07:00,1
U0034,P0274,view,2025-06-29 17:16:00,1
U0034,P0305,save,2025-06-30 09:45:00,4
U0034,P0331,view,2025-07-01 07:51:00,1
U0034,P0386,visit,2025-07-02 15:01:00,8
U0034,P0299,view,2025-07-06 14:00:00,1
U0034,P0075,view,2025-07-27 12:25:00,1
U0034,P0413,click,2025-08-02 08:19:00,2
U0034,P0183,view,2025-08-02 17:12:00,1
U0034,P0343,dismiss,2025-08-08 10:01:00,-3
U0034,P0070,dismiss,2025-08-09 11:42:00,-3
U0034,P0342,save,2025-08-12 03:08:00,4
U0034,P0044,dismiss,2025-08-19 16:11:00,-3
U0034,P0241,save,2025-08-20 15:47:00,4
U0034,P0398,dismiss,2025-08-21 18:50:00,-3
U0034,P0322,click,2025-08-31 18:00:00,2
U0034,P0353,view,2025-09-07 09:04:00,1
U0034,P0412,click,2025-09-08 07:30:00,2
U0034,P0337,view,2025-09-08 09:00:00,1
U0034,P0244,view,2025-09-23 23:40:00,1
U0034,P0176,visit,2025-09-24 22:21:00,8
U0034,P0029,save,2025-09-27 14:44:00,4
U0034,P0418,view,2025-10-15 04:05:00,1
U0035,P0393,dismiss,2025-01-03 11:49:00,-3
U0035,P0414,share,2025-01-08 23:15:00,5
U0035,P0429,view,2025-01-10 17:30:00,1
U0035,P0175,click,2025-01-16 05:20:00,2
U0035,P0354,click,2025-01-16 23:10:00,2
U0035,P0034,click,2025-01-17 10:26:00,2
U0035,P0133,view,2025-01-18 04:57:00,1
U0035,P0406,save,2025-01-27 12:49:00,4
U0035,P0155,dismiss,2025-01-30 02:03:00,-3
U0035,P0478,booking,2025-01-30 07:14:00,10
U0035,P0246,booking,2025-01-30 17:44:00,10
U0035,P0314,save,2025-02-02 01:39:00,4
U0035,P0423,view,2025-02-04 14:27:00,1
U0035,P0362,visit,2025-02-06 10:11:00,8
U0035,P0442,booking,2025-02-06 18:05:00,10
U0035,P0144,view,2025-02-07 14:48:00,1
U0035,P0146,booking,2025-02-17 18:00:00,10
U0035,P0022,view,2025-02-21 03:31:00,1
U0035,P0164,share,2025-02-23 01:31:00,5
U0035,P0357,view,2025-02-24 15:59:00,1
U0035,P0370,click,2025-02-25 22:28:00,2
U0035,P0189,share,2025-02-26 18:30:00,5
U0035,P0498,share,2025-03-06 14:11:00,5
U0035,P0480,view,2025-03-13 08:50:00,1
U0035,P0235,dismiss,2025-03-22 09:04:00,-3
U0035,P0327,view,2025-03-23 11:32:00,1
U0035,P0477,click,2025-03-24 13:52:00,2
U0035,P0415,click,2025-03-31 23:57:00,2
U0035,P0005,click,2025-04-03 18:45:00,2
U0035,P0240,click,2025-04-08 06:36:00,2
U0035,P0349,view,2025-04-11 08:31:00,1
U0035,P0162,save,2025-04-11 17:38:00,4
U0035,P0096,view,2025-04-25 09:59:00,1
U0035,P0224,visit,2025-04-26 06:47:00,8
U0035,P0041,click,2025-04-29 01:38:00,2
U0035,P0336,visit,2025-05-02 03:57:00,8
U0035,P0038,save,2025-05-09 03:02:00,4
U0035,P0363,view,2025-05-13 04:44:00,1
U0035,P0417,share,2025-05-15 20:01:00,5
U0035,P0431,view,2025-05-19 23:02:00,1
U0035,P0457,share,2025-05-25 01:20:00,5
U0035,P0350,view,2025-06-05 07:01:00,1
U0035,P0056,view,2025-06-09 12:39:00,1
U0035,P0126,view,2025-06-28 18:39:00,1
U0035,P0089,view,2025-06-29 19:41:00,1
U0035,P0107,share,2025-07-03 02:55:00,5
U0035,P0063,booking,2025-07-11 19:40:00,10
U0035,P0355,view,2025-07-13 22:08:00,1
U0035,P0259,booking,2025-07-14 21:43:00,10
U0035,P0226,view,2025-07-16 13:59:00,1
U0035,P0150,save,2025-07-26 02:02:00,4
U0035,P0084,click,2025-07-28 18:34:00,2
U0035,P0083,booking,2025-08-13 03:57:00,10
U0035,P0211,click,2025-08-13 21:18:00,2
U0035,P0443,booking,2025-08-31 16:22:00,10
U0035,P0308,visit,2025-09-10 02:51:00,8
U0035,P0265,share,2025-09-17 07:41:00,5
U0035,P0344,click,2025-09-17 21:33:00,2
U0035,P0043,view,2025-09-23 19:32:00,1
U0035,P0074,click,2025-09-28 06:05:00,2
U0035,P0215,save,2025-10-01 18:15:00,4
U0035,P0081,click,2025-10-02 18:02:00,2
U0036,P0440,save,2025-01-09 14:00:00,4
U0036,P0315,view,2025-01-20 05:43:00,1
U0036,P0157,click,2025-01-23 19:15:00,2
U0036,P0060,click,2025-01-24 02:47:00,2
U0036,P0145,view,2025-01-30 18:05:00,1
U0036,P0161,click,2025-02-06 20:27:00,2
U0036,P0382,view,2025-02-09 11:41:00,1
U0036,P0387,share,2025-03-04 16:51:00,5
U0036,P0113,view,2025-03-06 01:53:00,1
U0036,P0329,share,2025-03-07 12:44:00,5
U0036,P0232,share,2025-03-17 18:31:00,5
U0036,P0249,click,2025-03-18 12:48:00,2
U0036,P0279,click,2025-03-19 00:37:00,2
U0036,P0228,visit,2025-03-24 11:02:00,8
U0036,P0026,click,2025-03-27 03:26:00,2
U0036,P0072,booking,2025-04-02 14:29:00,10
U0036,P0068,visit,2025-04-03 08:49:00,8
U0036,P0269,click,2025-04-03 14:00:00,2
U0036,P0106,share,2025-04-04 23:49:00,5
U0036,P0003,save,2025-04-10 18:18:00,4
U0036,P0052,visit,2025-04-15 10:36:00,8
U0036,P0448,click,2025-04-25 18:32:00,2
U0036,P0404,view,2025-04-27 01:45:00,1
U0036,P0032,save,2025-04-30 03:41:00,4
U0036,P0069,click,2025-05-05 10:15:00,2
U0036,P0160,view,2025-05-13 08:01:00,1
U0036,P0446,view,2025-05-14 09:21:00,1
U0036,P0208,view,2025-05-15 17:45:00,1
U0036,P0121,booking,2025-05-22 08:55:00,10
U0036,P0114,click,2025-05-25 04:01:00,2
U0036,P0261,view,2025-05-29 04:58:00,1
U0036,P0209,view,2025-05-31 03:21:00,1
U0036,P0458,save,2025-05-31 19:01:00,4
U0036,P0076,click,2025-06-10 02:28:00,2
U0036,P0286,visit,2025-06-10 03:05:00,8
U0036,P0031,view,2025-06-10 16:45:00,1
U0036,P0379,save,2025-06-11 23:07:00,4
U0036,P0016,click,2025-06-12 01:35:00,2
U0036,P0460,click,2025-06-14 08:54:00,2
U0036,P0347,booking,2025-06-17 19:50:00,10
U0036,P0100,share,2025-06-22 18:38:00,5
U0036,P0453,view,2025-06-26 06:24:00,1
U0036,P0109,view,2025-06-29 03:04:00,1
U0036,P0225,visit,2025-06-30 17:32:00,8
U0036,P0007,click,2025-07-01 14:58:00,2
U0036,P0214,view,2025-07-04 10:26:00,1
U0036,P0229,view,2025-07-10 21:26:00,1
U0036,P0165,share,2025-07-18 13:22:00,5
U0036,P0138,view,2025-07-28 21:37:00,1
U0036,P0186,booking,2025-07-29 13:32:00,10
U0036,P0368,visit,2025-07-29 20:28:00,8
U0036,P0039,share,2025-08-03 17:46:00,5
U0036,P0278,view,2025-08-09 00:44:00,1
U0036,P0047,dismiss,2025-08-12 09:48:00,-3
U0036,P0401,click,2025-08-14 10:17:00,2
U0036,P0490,view,2025-08-18 13:14:00,1
U0036,P0066,view,2025-08-27 01:22:00,1
U0036,P0065,view,2025-08-29 23:06:00,1
U0036,P0008,visit,2025-09-02 22:08:00,8
U0036,P0222,share,2025-09-03 20:54:00,5
U0036,P0198,booking,2025-09-05 19:14:00,10
U0036,P0365,click,2025-09-11 04:14:00,2
U0036,P0152,view,2025-09-17 14:07:00,1
U0036,P0306,view,2025-09-17 14:37:00,1
U0036,P0411,dismiss,2025-09-18 18:45:00,-3
U0036,P0168,click,2025-09-19 02:15:00,2
U0036,P0120,share,2025-09-21 16:58:00,5
U0036,P0284,click,2025-10-03 07:49:00,2
U0036,P0451,visit,2025-10-12 06:26:00,8
U0036,P0078,view,2025-10-13 07:45:00,1
U0037,P0428,view,2025-01-11 00:47:00,1
U0037,P0481,share,2025-01-11 12:05:00,5
U0037,P0177,view,2025-01-11 16:06:00,1
U0037,P0101,share,2025-01-12 09:17:00,5
U0037,P0176,share,2025-01-24 09:28:00,5
U0037,P0402,save,2025-01-28 08:31:00,4
U0037,P0188,visit,2025-02-07 16:46:00,8
U0037,P0389,share,2025-02-25 14:14:00,5
U0037,P0305,view,2025-02-27 09:26:00,1
U0037,P0013,view,2025-03-07 15:53:00,1
U0037,P0356,view,2025-03-09 23:56:00,1
U0037,P0270,save,2025-03-15 20:05:00,4
U0037,P0217,click,2025-03-19 01:20:00,2
U0037,P0464,save,2025-03-19 03:47:00,4
U0037,P0116,dismiss,2025-03-24 11:21:00,-3
U0037,P0465,click,2025-03-27 17:13:00,2
U0037,P0343,dismiss,2025-04-01 14:20:00,-3
U0037,P0173,view,2025-04-02 01:26:00,1
U0037,P0375,visit,2025-04-03 09:53:00,8
U0037,P0210,share,2025-04-06 23:31:00,5
U0037,P0139,view,2025-04-12 05:53:00,1
U0037,P0223,dismiss,2025-04-17 15:37:00,-3
U0037,P0024,click,2025-04-18 11:34:00,2
U0037,P0194,click,2025-04-20 00:27:00,2
U0037,P0042,view,2025-04-21 13:03:00,1
U0037,P0470,booking,2025-04-23 10:40:00,10
U0037,P0190,save,2025-04-28 09:51:00,4
U0037,P0496,booking,2025-04-28 20:49:00,10
U0037,P0243,click,2025-04-29 09:42:00,2
U0037,P0468,click,2025-04-29 14:23:00,2
U0037,P0029,dismiss,2025-05-01 20:22:00,-3
U0037,P0454,save,2025-05-06 12:01:00,4
U0037,P0342,view,2025-05-08 00:02:00,1
U0037,P0321,click,2025-05-08 02:09:00,2
U0037,P0353,click,2025-05-16 20:36:00,2
U0037,P0044,visit,2025-05-19 02:04:00,8
U0037,P0413,booking,2025-05-20 23:07:00,10
U0037,P0293,share,2025-05-25 04:12:00,5
U0037,P0073,save,2025-05-25 09:01:00,4
U0037,P0290,click,2025-05-29 08:32:00,2
U0037,P0148,view,2025-06-01 03:14:00,1
U0037,P0256,click,2025-06-09 23:21:00,2
U0037,P0364,visit,2025-06-15 13:32:00,8
U0037,P0055,booking,2025-06-30 17:04:00,10
U0037,P0061,booking,2025-07-02 17:30:00,10
U0037,P0195,view,2025-07-10 17:45:00,1
U0037,P0268,click,2025-07-13 20:25:00,2
U0037,P0134,share,2025-07-14 20:37:00,5
U0037,P0398,click,2025-07-20 14:27:00,2
U0037,P0435,view,2025-07-24 08:58:00,1
U0037,P0299,click,2025-07-26 19:53:00,2
U0037,P0183,share,2025-07-28 00:17:00,5
U0037,P0412,click,2025-07-28 17:17:00,2
U0037,P0103,save,2025-07-29 07:36:00,4
U0037,P0231,save,2025-07-31 06:35:00,4
U0037,P0237,click,2025-08-08 02:14:00,2
U0037,P0274,click,2025-08-17 10:15:00,2
U0037,P0418,view,2025-08-23 06:06:00,1
U0037,P0298,save,2025-08-30 12:18:00,4
U0037,P0244,save,2025-08-31 16:46:00,4
U0037,P0179,view,2025-09-02 18:06:00,1
U0037,P0027,save,2025-09-05 09:58:00,4
U0037,P0267,visit,2025-09-05 16:42:00,8
U0037,P0241,click,2025-09-06 01:10:00,2
U0037,P0018,click,2025-09-06 15:50:00,2
U0037,P0288,view,2025-09-08 19:26:00,1
U0037,P0135,save,2025-09-10 08:26:00,4
U0037,P0239,share,2025-09-12 23:25:00,5
U0037,P0124,click,2025-09-14 12:50:00,2
U0037,P0059,visit,2025-10-02 12:55:00,8
U0037,P0111,click,2025-10-05 19:58:00,2
U0037,P0466,visit,2025-10-15 10:16:00,8
U0037,P0422,share,2025-10-15 15:34:00,5
U0037,P0352,save,2025-10-18 07:03:00,4
U0037,P0421,save,2025-10-23 00:25:00,4
U0037,P0082,view,2025-10-29 12:12:00,1
U0037,P0331,visit,2025-11-06 17:01:00,8
U0038,P0184,save,2025-01-02 09:17:00,4
U0038,P0119,click,2025-01-03 18:19:00,2
U0038,P0302,booking,2025-01-07 19:17:00,10
U0038,P0158,click,2025-01-09 10:53:00,2
U0038,P0143,view,2025-01-15 19:57:00,1
U0038,P0371,share,2025-01-16 22:59:00,5
U0038,P0351,share,2025-01-18 20:17:00,5
U0038,P0497,save,2025-01-23 22:45:00,4
U0038,P0335,share,2025-01-30 18:52:00,5
U0038,P0324,view,2025-02-01 10:06:00,1
U0038,P0390,save,2025-02-09 01:08:00,4
U0038,P0036,view,2025-02-10 19:53:00,1
U0038,P0050,view,2025-02-11 23:15:00,1
U0038,P0104,view,2025-02-14 05:20:00,1
U0038,P0187,visit,2025-02-16 05:46:00,8
U0038,P0484,view,2025-02-23 01:23:00,1
U0038,P0400,visit,2025-03-01 16:42:00,8
U0038,P0156,save,2025-03-09 09:03:00,4
U0038,P0296,click,2025-03-17 04:10:00,2
U0038,P0281,view,2025-03-28 00:13:00,1
U0038,P0320,click,2025-03-29 01:53:00,2
U0038,P0367,visit,2025-04-01 04:05:00,8
U0038,P0140,view,2025-04-02 08:08:00,1
U0038,P0307,click,2025-04-08 23:48:00,2
U0038,P0395,view,2025-04-10 20:39:00,1
U0038,P0260,booking,2025-04-13 05:18:00,10
U0038,P0388,view,2025-04-18 08:13:00,1
U0038,P0361,click,2025-05-09 21:07:00,2
U0038,P0452,view,2025-05-10 08:40:00,1
U0038,P0087,view,2025-05-13 22:28:00,1
U0038,P0077,click,2025-05-16 02:31:00,2
U0038,P0275,view,2025-05-18 02:32:00,1
U0038,P0141,view,2025-05-23 22:09:00,1
U0038,P0058,view,2025-05-28 06:21:00,1
U0038,P0317,click,2025-06-04 16:48:00,2
U0038,P0358,click,2025-06-07 21:41:00,2
U0038,P0499,share,2025-06-18 03:58:00,5
U0038,P0488,share,2025-06-24 14:36:00,5
U0038,P0011,click,2025-06-28 05:01:00,2
U0038,P0272,view,2025-06-28 20:33:00,1
U0038,P0426,visit,2025-07-01 09:53:00,8
U0038,P0010,visit,2025-07-01 18:23:00,8
U0038,P0405,view,2025-07-04 16:12:00,1
U0038,P0137,view,2025-07-07 14:49:00,1
U0038,P0500,click,2025-07-08 08:32:00,2
U0038,P0380,view,2025-07-11 05:59:00,1
U0038,P0455,click,2025-07-14 22:18:00,2
U0038,P0263,share,2025-07-17 22:30:00,5
U0038,P0369,view,2025-07-21 12:49:00,1
U0038,P0424,view,2025-08-03 03:03:00,1
U0038,P0328,save,2025-08-06 06:39:00,4
U0038,P0169,save,2025-08-12 17:28:00,4
U0038,P0053,view,2025-08-16 01:17:00,1
U0038,P0330,booking,2025-08-16 20:45:00,10
U0038,P0064,view,2025-08-19 20:43:00,1
U0038,P0254,visit,2025-08-21 15:11:00,8
U0038,P0017,view,2025-08-26 02:07:00,1
U0038,P0019,click,2025-08-28 08:02:00,2
U0038,P0129,click,2025-08-30 19:40:00,2
U0038,P0427,view,2025-08-31 23:55:00,1
U0038,P0345,view,2025-09-01 00:20:00,1
U0038,P0346,view,2025-09-08 22:50:00,1
U0038,P0332,share,2025-09-14 04:46:00,5
U0038,P0303,view,2025-09-16 13:11:00,1
U0038,P0248,save,2025-09-19 14:27:00,4
U0038,P0196,click,2025-09-22 00:42:00,2
U0038,P0110,view,2025-09-25 10:33:00,1
U0038,P0212,view,2025-10-06 08:54:00,1
U0038,P0403,booking,2025-10-13 13:41:00,10
U0038,P0463,view,2025-10-14 06:24:00,1
U0038,P0046,save,2025-10-15 11:07:00,4
U0039,P0244,view,2025-01-13 17:17:00,1
U0039,P0055,view,2025-02-10 10:59:00,1
U0039,P0217,view,2025-02-12 11:43:00,1
U0039,P0412,visit,2025-02-17 10:24:00,8
U0039,P0021,view,2025-02-21 12:32:00,1
U0039,P0059,view,2025-02-21 20:55:00,1
U0039,P0288,view,2025-03-16 20:31:00,1
U0039,P0364,view,2025-03-18 00:21:00,1
U0039,P0372,visit,2025-03-19 09:19:00,8
U0039,P0398,visit,2025-03-21 19:37:00,8
U0039,P0243,click,2025-03-27 19:22:00,2
U0039,P0342,click,2025-03-29 21:24:00,2
U0039,P0356,visit,2025-04-02 09:22:00,8
U0039,P0075,click,2025-04-02 13:34:00,2
U0039,P0111,save,2025-04-03 21:18:00,4
U0039,P0070,view,2025-04-05 23:16:00,1
U0039,P0258,view,2025-04-09 18:16:00,1
U0039,P0147,view,2025-04-12 16:52:00,1
U0039,P0231,dismiss,2025-04-17 00:50:00,-3
U0039,P0085,click,2025-04-19 09:27:00,2
U0039,P0268,share,2025-05-05 23:52:00,5
U0039,P0237,dismiss,2025-05-10 13:21:00,-3
U0039,P0402,view,2025-05-11 12:02:00,1
U0039,P0352,view,2025-05-20 00:26:00,1
U0039,P0027,visit,2025-05-21 08:29:00,8
U0039,P0464,view,2025-05-28 23:45:00,1
U0039,P0028,view,2025-06-05 19:32:00,1
U0039,P0468,save,2025-06-13 04:36:00,4
U0039,P0101,view,2025-06-16 09:40:00,1
U0039,P0381,click,2025-06-18 17:24:00,2
U0039,P0274,share,2025-06-25 10:20:00,5
U0039,P0116,view,2025-06-26 02:13:00,1
U0039,P0108,share,2025-07-02 23:02:00,5
U0039,P0124,visit,2025-07-07 01:56:00,8
U0039,P0148,booking,2025-07-10 01:09:00,10
U0039,P0210,click,2025-07-16 21:05:00,2
U0039,P0139,visit,2025-07-23 21:33:00,8
U0039,P0183,view,2025-07-27 00:10:00,1
U0039,P0474,click,2025-08-01 21:08:00,2
U0039,P0465,booking,2025-08-02 00:28:00,10
U0039,P0179,visit,2025-08-04 05:10:00,8
U0039,P0195,click,2025-08-04 20:38:00,2
U0039,P0029,share,2025-08-05 01:19:00,5
U0039,P0343,view,2025-08-05 12:01:00,1
U0039,P0223,save,2025-08-06 08:47:00,4
U0039,P0375,visit,2025-08-09 08:22:00,8
U0039,P0253,view,2025-08-12 08:47:00,1
U0039,P0135,click,2025-08-19 16:23:00,2
U0039,P0418,dismiss,2025-08-23 22:39:00,-3
U0039,P0305,save,2025-08-26 09:02:00,4
U0039,P0366,booking,2025-08-31 06:48:00,10
U0039,P0088,save,2025-09-01 17:00:00,4
U0039,P0061,dismiss,2025-09-14 21:02:00,-3
U0039,P0044,booking,2025-09-17 12:43:00,10
U0039,P0331,save,2025-09-29 11:19:00,4
U0039,P0127,view,2025-09-30 23:25:00,1
U0039,P0321,booking,2025-10-01 03:08:00,10
U0039,P0293,dismiss,2025-10-01 11:07:00,-3
U0039,P0013,share,2025-10-04 07:44:00,5
U0039,P0082,view,2025-10-17 13:26:00,1
U0040,P0404,click,2025-01-07 23:54:00,2
U0040,P0209,save,2025-01-17 12:40:00,4
U0040,P0114,view,2025-01-21 11:25:00,1
U0040,P0469,share,2025-01-27 10:50:00,5
U0040,P0490,booking,2025-02-02 04:33:00,10
U0040,P0448,click,2025-02-10 01:28:00,2
U0040,P0121,click,2025-02-12 15:12:00,2
U0040,P0007,share,2025-02-16 23:12:00,5
U0040,P0222,click,2025-02-20 10:32:00,2
U0040,P0255,view,2025-02-20 17:56:00,1
U0040,P0026,view,2025-02-21 17:37:00,1
U0040,P0379,share,2025-02-27 23:10:00,5
U0040,P0249,save,2025-02-27 23:56:00,4
U0040,P0078,share,2025-03-03 20:12:00,5
U0040,P0287,view,2025-03-05 03:09:00,1
U0040,P0152,save,2025-03-13 04:33:00,4
U0040,P0306,view,2025-03-17 18:00:00,1
U0040,P0106,save,2025-03-21 23:51:00,4
U0040,P0066,click,2025-03-23 18:40:00,2
U0040,P0460,click,2025-04-01 01:38:00,2
U0040,P0008,view,2025-04-04 22:59:00,1
U0040,P0100,save,2025-04-14 11:42:00,4
U0040,P0232,save,2025-04-19 18:19:00,4
U0040,P0072,share,2025-04-21 19:31:00,5
U0040,P0068,view,2025-04-25 04:17:00,1
U0040,P0348,click,2025-04-26 09:13:00,2
U0040,P0199,visit,2025-04-27 00:54:00,8
U0040,P0113,click,2025-04-27 07:37:00,2
U0040,P0458,view,2025-05-05 15:13:00,1
U0040,P0315,view,2025-05-06 08:21:00,1
U0040,P0365,visit,2025-05-06 08:51:00,8
U0040,P0161,visit,2025-05-13 11:46:00,8
U0040,P0016,booking,2025-05-13 18:17:00,10
U0040,P0453,click,2025-05-15 18:48:00,2
U0040,P0382,view,2025-05-16 03:21:00,1
U0040,P0200,share,2025-05-17 17:17:00,5
U0040,P0278,booking,2025-05-28 00:14:00,10
U0040,P0227,click,2025-05-30 12:53:00,2
U0040,P0300,visit,2025-06-01 22:28:00,8
U0040,P0250,visit,2025-06-03 08:55:00,8
U0040,P0138,click,2025-06-03 18:00:00,2
U0040,P0208,booking,2025-06-05 01:13:00,10
U0040,P0052,click,2025-06-06 15:45:00,2
U0040,P0329,booking,2025-06-18 16:30:00,10
U0040,P0136,save,2025-06-19 14:44:00,4
U0040,P0076,view,2025-06-23 04:58:00,1
U0040,P0440,click,2025-07-02 15:29:00,2
U0040,P0451,click,2025-07-07 13:42:00,2
U0040,P0109,visit,2025-07-09 18:23:00,8
U0040,P0165,share,2025-07-11 12:55:00,5
U0040,P0128,click,2025-07-16 08:40:00,2
U0040,P0229,click,2025-07-28 19:17:00,2
U0040,P0401,share,2025-08-02 08:56:00,5
U0040,P0347,visit,2025-08-14 13:50:00,8
U0040,P0489,share,2025-08-14 21:18:00,5
U0040,P0047,share,2025-08-15 20:12:00,5
U0040,P0225,share,2025-08-22 00:16:00,5
U0040,P0157,visit,2025-08-23 22:31:00,8
U0040,P0120,share,2025-09-02 03:28:00,5
U0040,P0368,visit,2025-09-04 23:03:00,8
U0040,P0286,click,2025-09-05 12:00:00,2
U0040,P0446,save,2025-09-06 20:10:00,4
U0040,P0145,view,2025-09-10 20:11:00,1
U0040,P0220,save,2025-09-14 10:33:00,4
U0040,P0105,click,2025-09-18 23:55:00,2
U0040,P0214,share,2025-09-19 20:41:00,5
U0040,P0411,view,2025-09-21 09:41:00,1
U0040,P0032,visit,2025-09-22 12:30:00,8
U0040,P0003,save,2025-09-26 07:47:00,4
U0040,P0279,save,2025-09-26 15:11:00,4
U0040,P0060,view,2025-09-30 07:21:00,1
U0040,P0031,view,2025-10-01 23:34:00,1
U0041,P0083,view,2025-01-05 07:20:00,1
U0041,P0063,view,2025-01-12 04:07:00,1
U0041,P0041,dismiss,2025-01-20 01:38:00,-3
U0041,P0005,dismiss,2025-02-04 22:45:00,-3
U0041,P0122,view,2025-02-04 23:04:00,1
U0041,P0429,view,2025-02-07 05:41:00,1
U0041,P0074,view,2025-02-21 11:23:00,1
U0041,P0378,view,2025-02-26 05:01:00,1
U0041,P0202,save,2025-03-05 02:11:00,4
U0041,P0301,view,2025-03-14 07:11:00,1
U0041,P0472,view,2025-03-15 13:02:00,1
U0041,P0289,dismiss,2025-03-17 06:19:00,-3
U0041,P0498,view,2025-03-19 20:21:00,1
U0041,P0126,view,2025-03-30 05:59:00,1
U0041,P0164,click,2025-04-03 03:01:00,2
U0041,P0235,click,2025-04-08 02:49:00,2
U0041,P0189,save,2025-04-12 06:49:00,4
U0041,P0336,click,2025-04-17 06:19:00,2
U0041,P0311,dismiss,2025-04-18 02:51:00,-3
U0041,P0430,view,2025-04-20 05:20:00,1
U0041,P0457,visit,2025-04-25 18:43:00,8
U0041,P0211,view,2025-04-30 06:49:00,1
U0041,P0096,share,2025-05-16 19:20:00,5
U0041,P0123,view,2025-05-22 14:28:00,1
U0041,P0226,view,2025-06-08 02:27:00,1
U0041,P0133,view,2025-06-10 11:57:00,1
U0041,P0162,view,2025-06-11 07:42:00,1
U0041,P0175,click,2025-06-12 13:12:00,2
U0041,P0040,visit,2025-06-17 17:29:00,8
U0041,P0038,visit,2025-06-17 18:34:00,8
U0041,P0201,click,2025-06-28 02:20:00,2
U0041,P0144,save,2025-07-01 00:08:00,4
U0041,P0259,click,2025-07-05 10:12:00,2
U0041,P0246,view,2025-07-14 13:25:00,1
U0041,P0308,click,2025-07-14 18:52:00,2
U0041,P0155,dismiss,2025-07-22 15:51:00,-3
U0041,P0092,view,2025-07-26 20:23:00,1
U0041,P0362,view,2025-08-01 05:26:00,1
U0041,P0265,visit,2025-08-10 00:25:00,8
U0041,P0091,dismiss,2025-08-13 09:07:00,-3
U0041,P0414,dismiss,2025-08-14 03:53:00,-3
U0041,P0491,view,2025-08-17 23:56:00,1
U0041,P0081,click,2025-08-28 19:41:00,2
U0041,P0349,click,2025-08-30 04:56:00,2
U0041,P0150,save,2025-09-12 06:19:00,4
U0041,P0084,view,2025-09-20 02:36:00,1
U0041,P0107,view,2025-09-20 11:01:00,1
U0041,P0423,visit,2025-09-22 03:10:00,8
U0041,P0089,click,2025-09-23 04:08:00,2
U0041,P0034,click,2025-09-23 04:47:00,2
U0041,P0442,view,2025-09-28 22:47:00,1
U0041,P0185,visit,2025-09-29 09:44:00,8
U0041,P0461,click,2025-10-01 19:54:00,2
U0041,P0385,click,2025-10-03 15:18:00,2
U0041,P0431,click,2025-10-17 00:08:00,2
U0041,P0297,view,2025-10-17 02:35:00,1
U0041,P0181,save,2025-10-17 13:02:00,4
U0041,P0102,view,2025-10-21 06:35:00,1
U0042,P0263,visit,2025-01-14 06:36:00,8
U0042,P0050,visit,2025-01-25 10:29:00,8
U0042,P0345,click,2025-01-30 20:06:00,2
U0042,P0166,save,2025-01-31 13:08:00,4
U0042,P0351,view,2025-02-06 23:21:00,1
U0042,P0361,click,2025-02-12 00:06:00,2
U0042,P0405,save,2025-02-15 10:22:00,4
U0042,P0104,visit,2025-02-16 20:25:00,8
U0042,P0260,share,2025-02-18 03:48:00,5
U0042,P0307,save,2025-02-21 21:10:00,4
U0042,P0427,click,2025-03-02 16:19:00,2
U0042,P0403,save,2025-03-11 23:19:00,4
U0042,P0193,view,2025-03-15 15:52:00,1
U0042,P0169,share,2025-03-19 17:39:00,5
U0042,P0441,view,2025-03-19 18:55:00,1
U0042,P0339,dismiss,2025-03-24 06:35:00,-3
U0042,P0012,dismiss,2025-03-24 07:25:00,-3
U0042,P0046,save,2025-03-27 11:10:00,4
U0042,P0392,save,2025-03-28 22:44:00,4
U0042,P0158,view,2025-03-30 15:54:00,1
U0042,P0019,share,2025-04-03 00:40:00,5
U0042,P0001,view,2025-04-08 18:19:00,1
U0042,P0281,click,2025-04-16 14:09:00,2
U0042,P0080,save,2025-04-26 08:08:00,4
U0042,P0395,click,2025-04-29 21:28:00,2
U0042,P0328,dismiss,2025-05-03 11:37:00,-3
U0042,P0196,save,2025-05-08 11:04:00,4
U0042,P0302,save,2025-05-11 03:40:00,4
U0042,P0058,save,2025-05-17 03:49:00,4
U0042,P0275,view,2025-05-20 01:24:00,1
U0042,P0484,view,2025-05-22 08:40:00,1
U0042,P0251,view,2025-05-24 23:46:00,1
U0042,P0391,click,2025-06-02 03:34:00,2
U0042,P0371,visit,2025-06-09 06:59:00,8
U0042,P0238,save,2025-06-15 00:07:00,4
U0042,P0140,view,2025-06-18 03:18:00,1
U0042,P0455,dismiss,2025-06-22 14:57:00,-3
U0042,P0438,visit,2025-07-01 16:38:00,8
U0042,P0424,save,2025-07-05 05:10:00,4
U0042,P0141,visit,2025-07-05 07:55:00,8
U0042,P0020,click,2025-07-20 18:12:00,2
U0042,P0374,booking,2025-07-21 22:47:00,10
U0042,P0187,booking,2025-07-25 03:46:00,10
U0042,P0499,click,2025-07-25 11:49:00,2
U0042,P0488,view,2025-07-31 00:46:00,1
U0042,P0332,booking,2025-08-10 21:58:00,10
U0042,P0252,click,2025-08-14 14:36:00,2
U0042,P0388,view,2025-08-22 08:22:00,1
U0042,P0037,view,2025-09-01 14:20:00,1
U0042,P0326,booking,2025-09-07 09:14:00,10
U0042,P0137,view,2025-09-25 01:25:00,1
U0042,P0110,view,2025-09-25 03:05:00,1
U0042,P0156,view,2025-09-26 03:49:00,1
U0042,P0254,booking,2025-09-29 16:03:00,10
U0042,P0010,save,2025-10-08 20:20:00,4
U0042,P0206,share,2025-10-27 15:14:00,5
U0042,P0335,click,2025-10-27 21:09:00,2
U0042,P0463,visit,2025-10-30 13:42:00,8
U0042,P0367,save,2025-11-05 03:37:00,4
U0042,P0086,click,2025-11-05 19:55:00,2
U0042,P0087,save,2025-11-06 13:52:00,4
U0042,P0390,visit,2025-11-07 18:24:00,8
U0042,P0064,share,2025-11-09 14:09:00,5
U0043,P0006,share,2025-01-01 16:00:00,5
U0043,P0182,view,2025-01-03 10:24:00,1
U0043,P0376,view,2025-01-11 19:03:00,1
U0043,P0432,share,2025-01-13 15:06:00,5
U0043,P0266,save,2025-01-20 17:56:00,4
U0043,P0485,booking,2025-01-23 06:06:00,10
U0043,P0218,share,2025-01-24 12:13:00,5
U0043,P0192,view,2025-01-25 09:24:00,1
U0043,P0294,save,2025-01-25 17:01:00,4
U0043,P0099,save,2025-01-27 21:55:00,4
U0043,P0437,save,2025-02-05 05:12:00,4
U0043,P0295,click,2025-02-06 19:04:00,2
U0043,P0273,share,2025-02-07 22:13:00,5
U0043,P0242,save,2025-02-15 09:57:00,4
U0043,P0394,booking,2025-02-18 12:36:00,10
U0043,P0439,visit,2025-02-18 16:16:00,8
U0043,P0340,view,2025-03-03 09:59:00,1
U0043,P0373,view,2025-03-03 10:05:00,1
U0043,P0023,visit,2025-03-11 14:48:00,8
U0043,P0062,view,2025-03-14 07:52:00,1
U0043,P0285,visit,2025-03-24 23:12:00,8
U0043,P0247,view,2025-04-01 16:09:00,1
U0043,P0292,click,2025-04-02 05:01:00,2
U0043,P0323,save,2025-04-04 17:13:00,4
U0043,P0416,view,2025-04-05 08:25:00,1
U0043,P0204,visit,2025-04-07 11:34:00,8
U0043,P0009,view,2025-04-12 09:40:00,1
U0043,P0475,click,2025-04-13 07:22:00,2
U0043,P0197,view,2025-04-13 09:20:00,1
U0043,P0002,save,2025-04-21 21:28:00,4
U0043,P0360,view,2025-04-24 22:20:00,1
U0043,P0213,view,2025-04-30 18:51:00,1
U0043,P0051,dismiss,2025-05-04 21:52:00,-3
U0043,P0033,visit,2025-05-08 19:49:00,8
U0043,P0444,view,2025-05-10 15:05:00,1
U0043,P0264,save,2025-05-30 03:22:00,4
U0043,P0094,visit,2025-06-06 00:51:00,8
U0043,P0221,share,2025-06-08 17:44:00,5
U0043,P0049,save,2025-06-09 11:11:00,4
U0043,P0112,click,2025-06-11 00:39:00,2
U0043,P0493,click,2025-06-14 17:30:00,2
U0043,P0334,save,2025-06-22 14:59:00,4
U0043,P0419,dismiss,2025-06-23 07:23:00,-3
U0043,P0219,save,2025-06-23 14:48:00,4
U0043,P0163,visit,2025-06-25 05:06:00,8
U0043,P0494,share,2025-06-26 03:55:00,5
U0043,P0410,dismiss,2025-07-03 18:07:00,-3
U0043,P0397,view,2025-07-09 21:44:00,1
U0043,P0304,view,2025-07-11 03:10:00,1
U0043,P0132,dismiss,2025-07-11 18:11:00,-3
U0043,P0482,save,2025-07-13 02:31:00,4
U0043,P0207,save,2025-07-19 14:07:00,4
U0043,P0471,view,2025-07-21 17:41:00,1
U0043,P0407,share,2025-07-26 01:22:00,5
U0043,P0312,view,2025-07-28 12:44:00,1
U0043,P0486,view,2025-08-07 12:27:00,1
U0043,P0057,view,2025-08-14 22:54:00,1
U0043,P0203,visit,2025-08-16 00:39:00,8
U0043,P0234,view,2025-08-23 05:57:00,1
U0043,P0282,view,2025-08-31 04:54:00,1
U0043,P0035,view,2025-09-12 09:49:00,1
U0043,P0030,visit,2025-09-18 13:09:00,8
U0043,P0459,click,2025-09-23 05:57:00,2
U0043,P0048,click,2025-09-27 18:36:00,2
U0043,P0487,visit,2025-09-28 01:12:00,8
U0043,P0079,view,2025-09-29 13:46:00,1
U0043,P0449,view,2025-10-04 21:37:00,1
U0043,P0159,save,2025-10-13 01:43:00,4
U0043,P0153,visit,2025-10-18 18:23:00,8
U0043,P0118,save,2025-10-20 17:11:00,4
U0043,P0492,dismiss,2025-10-28 23:57:00,-3
U0043,P0408,share,2025-10-30 03:54:00,5
U0044,P0488,click,2025-01-02 18:03:00,2
U0044,P0447,save,2025-01-11 00:58:00,4
U0044,P0166,booking,2025-01-11 13:51:00,10
U0044,P0158,visit,2025-01-11 15:42:00,8
U0044,P0087,visit,2025-01-11 18:44:00,8
U0044,P0140,save,2025-01-11 20:52:00,4
U0044,P0307,click,2025-01-13 15:20:00,2
U0044,P0296,dismiss,2025-01-21 04:56:00,-3
U0044,P0346,share,2025-01-27 06:13:00,5
U0044,P0345,click,2025-01-28 10:54:00,2
U0044,P0374,visit,2025-02-03 11:39:00,8
U0044,P0495,view,2025-02-12 11:38:00,1
U0044,P0303,view,2025-02-16 10:59:00,1
U0044,P0426,share,2025-02-19 02:05:00,5
U0044,P0104,click,2025-03-02 17:58:00,2
U0044,P0403,save,2025-03-06 20:22:00,4
U0044,P0484,click,2025-03-10 23:33:00,2
U0044,P0156,view,2025-03-11 19:19:00,1
U0044,P0391,share,2025-03-14 15:06:00,5
U0044,P0019,view,2025-03-15 03:43:00,1
U0044,P0335,booking,2025-03-18 03:59:00,10
U0044,P0184,share,2025-03-19 05:26:00,5
U0044,P0172,click,2025-03-20 14:34:00,2
U0044,P0361,click,2025-03-21 20:25:00,2
U0044,P0119,click,2025-03-22 21:24:00,2
U0044,P0324,view,2025-03-24 11:47:00,1
U0044,P0169,click,2025-03-28 23:59:00,2
U0044,P0499,share,2025-03-31 12:16:00,5
U0044,P0390,click,2025-04-10 23:42:00,2
U0044,P0280,visit,2025-04-16 07:13:00,8
U0044,P0427,booking,2025-04-16 12:36:00,10
U0044,P0351,booking,2025-04-17 12:26:00,10
U0044,P0046,visit,2025-04-25 20:02:00,8
U0044,P0380,view,2025-04-30 00:24:00,1
U0044,P0260,click,2025-05-02 21:31:00,2
U0044,P0238,visit,2025-05-03 22:19:00,8
U0044,P0263,save,2025-05-06 23:08:00,4
U0044,P0339,view,2025-05-15 14:27:00,1
U0044,P0441,view,2025-05-27 20:46:00,1
U0044,P0193,save,2025-06-03 04:02:00,4
U0044,P0017,view,2025-06-03 19:26:00,1
U0044,P0302,click,2025-06-05 03:51:00,2
U0044,P0143,view,2025-06-07 06:25:00,1
U0044,P0137,visit,2025-06-11 18:57:00,8
U0044,P0455,visit,2025-06-14 09:45:00,8
U0044,P0011,click,2025-06-14 11:02:00,2
U0044,P0187,booking,2025-06-16 21:25:00,10
U0044,P0251,click,2025-06-22 17:56:00,2
U0044,P0462,save,2025-06-23 02:56:00,4
U0044,P0438,share,2025-07-02 06:47:00,5
U0044,P0497,visit,2025-07-05 14:37:00,8
U0044,P0358,save,2025-07-06 08:12:00,4
U0044,P0369,save,2025-07-09 02:11:00,4
U0044,P0010,visit,2025-07-15 15:24:00,8
U0044,P0399,click,2025-07-17 09:43:00,2
U0044,P0206,click,2025-07-18 18:07:00,2
U0044,P0500,share,2025-07-29 11:41:00,5
U0044,P0320,booking,2025-07-30 10:29:00,10
U0044,P0359,view,2025-08-02 14:46:00,1
U0044,P0254,visit,2025-08-15 00:44:00,8
U0044,P0395,view,2025-08-16 03:48:00,1
U0044,P0110,share,2025-08-17 15:21:00,5
U0044,P0252,save,2025-08-20 14:24:00,4
U0044,P0272,view,2025-08-24 13:45:00,1
U0044,P0012,click,2025-08-26 11:21:00,2
U0044,P0338,share,2025-08-26 17:55:00,5
U0044,P0248,save,2025-08-29 22:17:00,4
U0044,P0424,save,2025-09-01 18:41:00,4
U0044,P0281,booking,2025-09-02 05:49:00,10
U0044,P0463,visit,2025-09-07 10:39:00,8
U0044,P0212,click,2025-09-11 00:39:00,2
U0044,P0001,save,2025-09-20 08:33:00,4
U0044,P0077,click,2025-09-22 13:11:00,2
U0044,P0064,click,2025-10-05 07:25:00,2
U0044,P0371,save,2025-10-05 20:28:00,4
U0044,P0050,visit,2025-10-15 05:57:00,8
U0044,P0037,click,2025-10-15 17:40:00,2
U0045,P0264,save,2025-01-02 10:22:00,4
U0045,P0149,save,2025-01-06 09:16:00,4
U0045,P0432,click,2025-01-07 23:43:00,2
U0045,P0051,click,2025-01-09 03:03:00,2
U0045,P0384,visit,2025-01-13 00:41:00,8
U0045,P0408,view,2025-01-22 22:22:00,1
U0045,P0437,view,2025-01-31 11:06:00,1
U0045,P0182,click,2025-02-01 02:31:00,2
U0045,P0471,save,2025-02-04 10:45:00,4
U0045,P0197,dismiss,2025-02-11 16:31:00,-3
U0045,P0483,view,2025-02-15 10:37:00,1
U0045,P0273,visit,2025-02-18 00:25:00,8
U0045,P0132,view,2025-03-04 19:08:00,1
U0045,P0459,click,2025-03-07 10:50:00,2
U0045,P0292,click,2025-03-07 11:36:00,2
U0045,P0376,view,2025-03-13 10:24:00,1
U0045,P0219,view,2025-03-14 07:33:00,1
U0045,P0207,booking,2025-03-14 23:48:00,10
U0045,P0410,save,2025-03-16 08:20:00,4
U0045,P0045,click,2025-03-17 14:40:00,2
U0045,P0316,view,2025-03-23 15:42:00,1
U0045,P0163,view,2025-04-10 16:51:00,1
U0045,P0486,visit,2025-04-12 22:38:00,8
U0045,P0178,share,2025-04-15 04:18:00,5
U0045,P0313,share,2025-04-27 06:31:00,5
U0045,P0234,view,2025-04-27 18:10:00,1
U0045,P0295,visit,2025-04-28 22:37:00,8
U0045,P0049,click,2025-05-04 16:00:00,2
U0045,P0482,view,2025-05-07 06:20:00,1
U0045,P0340,booking,2025-05-07 07:40:00,10
U0045,P0071,dismiss,2025-05-08 15:36:00,-3
U0045,P0006,click,2025-05-17 02:28:00,2
U0045,P0494,view,2025-05-21 14:17:00,1
U0045,P0304,share,2025-05-22 22:09:00,5
U0045,P0118,view,2025-05-25 05:04:00,1
U0045,P0048,save,2025-06-01 23:03:00,4
U0045,P0247,save,2025-06-03 15:20:00,4
U0045,P0213,visit,2025-06-05 17:17:00,8
U0045,P0090,view,2025-06-10 03:59:00,1
U0045,P0095,booking,2025-06-10 20:58:00,10
U0045,P0377,save,2025-06-13 14:22:00,4
U0045,P0030,view,2025-06-17 17:30:00,1
U0045,P0485,view,2025-06-19 22:12:00,1
U0045,P0433,view,2025-06-22 06:01:00,1
U0045,P0493,view,2025-06-24 18:50:00,1
U0045,P0192,booking,2025-06-26 23:03:00,10
U0045,P0282,share,2025-07-05 22:43:00,5
U0045,P0062,click,2025-07-08 04:20:00,2
U0045,P0098,view,2025-07-08 14:49:00,1
U0045,P0131,visit,2025-07-11 22:55:00,8
U0045,P0117,click,2025-07-12 13:44:00,2
U0045,P0159,save,2025-07-12 17:01:00,4
U0045,P0487,save,2025-07-15 17:10:00,4
U0045,P0416,save,2025-07-17 13:01:00,4
U0045,P0341,click,2025-07-19 06:50:00,2
U0045,P0373,visit,2025-07-26 14:55:00,8
U0045,P0473,save,2025-07-29 14:56:00,4
U0045,P0475,visit,2025-08-10 13:54:00,8
U0045,P0419,click,2025-08-17 11:26:00,2
U0045,P0397,visit,2025-08-21 09:10:00,8
U0045,P0099,visit,2025-08-25 10:59:00,8
U0045,P0221,view,2025-08-25 19:57:00,1
U0045,P0439,dismiss,2025-08-26 14:09:00,-3
U0045,P0002,view,2025-08-29 00:20:00,1
U0045,P0203,view,2025-08-30 04:17:00,1
U0045,P0409,share,2025-08-31 02:01:00,5
U0045,P0218,click,2025-09-02 19:18:00,2
U0045,P0033,view,2025-09-03 11:31:00,1
U0045,P0449,visit,2025-09-06 10:38:00,8
U0045,P0360,share,2025-09-09 00:19:00,5
U0045,P0009,save,2025-09-11 06:26:00,4
U0045,P0097,save,2025-09-12 12:10:00,4
U0045,P0171,click,2025-09-16 09:15:00,2
U0045,P0276,click,2025-09-19 03:24:00,2
U0045,P0023,view,2025-09-29 09:21:00,1
U0045,P0294,save,2025-10-02 06:52:00,4
U0045,P0112,view,2025-10-07 23:12:00,1
U0045,P0130,view,2025-10-19 08:46:00,1
U0046,P0058,save,2025-01-01 00:39:00,4
U0046,P0484,view,2025-01-01 09:28:00,1
U0046,P0303,click,2025-01-01 20:02:00,2
U0046,P0346,view,2025-01-08 03:05:00,1
U0046,P0238,view,2025-01-09 00:18:00,1
U0046,P0339,view,2025-01-13 09:00:00,1
U0046,P0328,click,2025-01-16 01:31:00,2
U0046,P0369,dismiss,2025-01-16 15:11:00,-3
U0046,P0212,click,2025-01-22 10:32:00,2
U0046,P0318,view,2025-01-22 16:06:00,1
U0046,P0172,view,2025-01-23 21:04:00,1
U0046,P0391,visit,2025-01-25 09:23:00,8
U0046,P0137,save,2025-01-26 00:17:00,4
U0046,P0206,share,2025-02-02 23:44:00,5
U0046,P0010,share,2025-02-11 13:56:00,5
U0046,P0338,view,2025-02-15 19:23:00,1
U0046,P0455,view,2025-02-19 06:01:00,1
U0046,P0380,view,2025-02-27 16:34:00,1
U0046,P0358,click,2025-03-03 06:11:00,2
U0046,P0196,share,2025-03-15 02:44:00,5
U0046,P0359,view,2025-03-20 06:04:00,1
U0046,P0302,view,2025-03-21 22:57:00,1
U0046,P0140,visit,2025-03-23 03:03:00,8
U0046,P0263,click,2025-03-23 18:08:00,2
U0046,P0080,share,2025-03-25 11:42:00,5
U0046,P0403,click,2025-03-26 15:30:00,2
U0046,P0447,click,2025-03-31 00:36:00,2
U0046,P0110,view,2025-03-31 18:25:00,1
U0046,P0367,click,2025-04-08 13:47:00,2
U0046,P0330,click,2025-04-15 03:58:00,2
U0046,P0390,visit,2025-04-16 22:25:00,8
U0046,P0324,dismiss,2025-04-18 17:40:00,-3
U0046,P0281,save,2025-04-21 05:55:00,4
U0046,P0488,click,2025-04-27 21:45:00,2
U0046,P0332,view,2025-04-29 22:54:00,1
U0046,P0187,click,2025-05-01 14:55:00,2
U0046,P0399,dismiss,2025-05-10 04:21:00,-3
U0046,P0019,visit,2025-05-10 06:32:00,8
U0046,P0141,share,2025-05-10 14:07:00,5
U0046,P0254,share,2025-05-15 14:59:00,5
U0046,P0345,save,2025-05-17 00:42:00,4
U0046,P0129,click,2025-05-20 06:15:00,2
U0046,P0184,save,2025-05-20 08:01:00,4
U0046,P0087,view,2025-05-24 22:18:00,1
U0046,P0001,share,2025-05-30 04:52:00,5
U0046,P0326,visit,2025-06-02 01:57:00,8
U0046,P0405,view,2025-06-05 13:39:00,1
U0046,P0361,save,2025-06-06 07:48:00,4
U0046,P0252,visit,2025-06-16 23:53:00,8
U0046,P0400,click,2025-06-24 17:40:00,2
U0046,P0064,view,2025-06-29 23:26:00,1
U0046,P0012,click,2025-07-03 20:29:00,2
U0046,P0335,view,2025-07-08 06:41:00,1
U0046,P0036,click,2025-07-10 02:17:00,2
U0046,P0086,view,2025-07-10 14:22:00,1
U0046,P0441,dismiss,2025-07-10 23:35:00,-3
U0046,P0169,view,2025-07-11 17:59:00,1
U0046,P0497,share,2025-07-15 23:36:00,5
U0046,P0158,view,2025-07-18 11:13:00,1
U0046,P0426,click,2025-07-18 23:20:00,2
U0046,P0499,visit,2025-07-21 07:36:00,8
U0046,P0374,visit,2025-07-23 21:24:00,8
U0046,P0251,view,2025-07-26 00:44:00,1
U0046,P0351,view,2025-07-27 09:52:00,1
U0046,P0291,click,2025-08-02 20:01:00,2
U0046,P0248,save,2025-08-05 11:42:00,4
U0046,P0296,visit,2025-08-10 02:38:00,8
U0046,P0260,view,2025-08-10 14:26:00,1
U0046,P0307,click,2025-08-19 17:55:00,2
U0046,P0020,click,2025-08-22 15:34:00,2
U0046,P0438,share,2025-08-23 12:38:00,5
U0046,P0392,view,2025-09-03 06:51:00,1
U0046,P0077,view,2025-09-16 03:31:00,1
U0046,P0053,visit,2025-10-04 04:20:00,8
U0046,P0495,share,2025-10-05 13:23:00,5
U0047,P0292,dismiss,2025-01-07 03:33:00,-3
U0047,P0419,view,2025-01-21 21:36:00,1
U0047,P0276,click,2025-01-27 13:40:00,2
U0047,P0432,visit,2025-01-28 01:54:00,8
U0047,P0394,share,2025-01-31 00:07:00,5
U0047,P0192,click,2025-01-31 13:02:00,2
U0047,P0171,view,2025-01-31 16:50:00,1
U0047,P0159,view,2025-02-02 08:40:00,1
U0047,P0397,click,2025-02-03 17:05:00,2
U0047,P0304,click,2025-02-04 06:51:00,2
U0047,P0483,save,2025-02-04 15:32:00,4
U0047,P0494,share,2025-02-04 21:11:00,5
U0047,P0062,click,2025-02-05 08:06:00,2
U0047,P0045,share,2025-02-06 04:42:00,5
U0047,P0433,view,2025-02-07 18:10:00,1
U0047,P0207,view,2025-02-14 18:11:00,1
U0047,P0131,save,2025-03-03 00:10:00,4
U0047,P0444,save,2025-03-07 03:59:00,4
U0047,P0285,share,2025-03-07 15:39:00,5
U0047,P0264,visit,2025-03-07 16:09:00,8
U0047,P0409,view,2025-03-10 23:44:00,1
U0047,P0002,view,2025-03-12 10:58:00,1
U0047,P0459,view,2025-03-30 03:46:00,1
U0047,P0178,view,2025-04-03 03:23:00,1
U0047,P0439,visit,2025-04-09 10:33:00,8
U0047,P0295,view,2025-04-14 04:19:00,1
U0047,P0416,view,2025-04-16 19:50:00,1
U0047,P0487,visit,2025-04-20 03:11:00,8
U0047,P0132,view,2025-04-20 06:42:00,1
U0047,P0033,visit,2025-04-26 08:26:00,8
U0047,P0006,visit,2025-04-27 10:59:00,8
U0047,P0492,click,2025-05-05 15:51:00,2
U0047,P0373,view,2025-05-06 12:30:00,1
U0047,P0316,visit,2025-05-07 20:48:00,8
U0047,P0197,click,2025-05-10 03:24:00,2
U0047,P0310,save,2025-05-11 19:04:00,4
U0047,P0408,visit,2025-05-16 19:27:00,8
U0047,P0051,dismiss,2025-05-18 08:55:00,-3
U0047,P0213,visit,2025-05-19 18:29:00,8
U0047,P0312,view,2025-05-22 09:27:00,1
U0047,P0099,click,2025-05-22 16:36:00,2
U0047,P0485,view,2025-05-23 12:17:00,1
U0047,P0057,visit,2025-05-28 19:32:00,8
U0047,P0283,view,2025-05-30 20:15:00,1
U0047,P0247,visit,2025-06-07 15:32:00,8
U0047,P0023,click,2025-06-10 03:08:00,2
U0047,P0360,click,2025-06-14 06:51:00,2
U0047,P0009,view,2025-06-14 12:01:00,1
U0047,P0219,click,2025-06-15 07:36:00,2
U0047,P0071,click,2025-06-22 02:44:00,2
U0047,P0475,view,2025-06-22 19:46:00,1
U0047,P0266,view,2025-06-24 09:53:00,1
U0047,P0094,view,2025-07-11 12:28:00,1
U0047,P0049,booking,2025-07-18 17:40:00,10
U0047,P0334,save,2025-07-20 00:23:00,4
U0047,P0149,view,2025-07-31 20:23:00,1
U0047,P0340,view,2025-08-04 06:17:00,1
U0047,P0230,dismiss,2025-08-25 18:33:00,-3
U0047,P0163,click,2025-08-26 20:51:00,2
U0047,P0482,view,2025-09-01 13:24:00,1
U0047,P0376,click,2025-09-01 15:30:00,2
U0047,P0341,dismiss,2025-09-07 12:48:00,-3
U0047,P0420,click,2025-09-08 10:34:00,2
U0047,P0486,dismiss,2025-09-08 19:06:00,-3
U0047,P0294,booking,2025-09-12 02:27:00,10
U0047,P0221,save,2025-09-18 13:41:00,4
U0047,P0242,save,2025-09-22 19:40:00,4
U0047,P0098,click,2025-09-29 00:19:00,2
U0047,P0407,view,2025-10-02 19:20:00,1
U0047,P0130,click,2025-10-03 10:09:00,2
U0047,P0117,view,2025-10-08 17:17:00,1
U0047,P0234,visit,2025-10-09 12:00:00,8
U0047,P0377,view,2025-10-09 18:52:00,1
U0047,P0118,view,2025-10-13 08:30:00,1
U0047,P0396,view,2025-10-14 01:14:00,1
U0047,P0203,view,2025-10-14 21:38:00,1
U0047,P0112,view,2025-10-21 04:30:00,1
U0047,P0313,view,2025-10-26 13:07:00,1
U0047,P0079,click,2025-11-03 16:18:00,2
U0048,P0446,click,2025-01-05 10:54:00,2
U0048,P0489,visit,2025-01-06 03:09:00,8
U0048,P0100,view,2025-01-09 06:27:00,1
U0048,P0284,booking,2025-01-11 16:32:00,10
U0048,P0387,view,2025-01-19 06:04:00,1
U0048,P0269,click,2025-01-21 15:04:00,2
U0048,P0365,view,2025-01-22 02:24:00,1
U0048,P0105,visit,2025-01-23 09:00:00,8
U0048,P0222,visit,2025-01-28 11:29:00,8
U0048,P0138,view,2025-01-30 12:08:00,1
U0048,P0249,visit,2025-01-31 00:32:00,8
U0048,P0451,view,2025-02-04 07:55:00,1
U0048,P0448,view,2025-02-09 02:49:00,1
U0048,P0136,share,2025-02-17 19:03:00,5
U0048,P0348,click,2025-02-21 08:52:00,2
U0048,P0039,share,2025-02-21 09:23:00,5
U0048,P0209,share,2025-02-26 22:15:00,5
U0048,P0008,visit,2025-03-10 06:26:00,8
U0048,P0003,click,2025-03-11 00:18:00,2
U0048,P0279,view,2025-03-14 06:05:00,1
U0048,P0113,save,2025-03-16 20:59:00,4
U0048,P0255,save,2025-03-19 13:35:00,4
U0048,P0329,visit,2025-03-20 12:21:00,8
U0048,P0300,view,2025-03-20 17:59:00,1
U0048,P0382,view,2025-03-21 04:15:00,1
U0048,P0261,dismiss,2025-03-25 01:16:00,-3
U0048,P0167,save,2025-03-27 01:30:00,4
U0048,P0379,view,2025-03-27 07:01:00,1
U0048,P0128,view,2025-03-29 08:32:00,1
U0048,P0165,save,2025-04-01 09:35:00,4
U0048,P0458,save,2025-04-02 17:07:00,4
U0048,P0227,click,2025-04-06 07:26:00,2
U0048,P0199,click,2025-04-11 19:45:00,2
U0048,P0315,save,2025-04-18 00:04:00,4
U0048,P0047,dismiss,2025-04-22 20:33:00,-3
U0048,P0214,view,2025-04-27 14:16:00,1
U0048,P0460,view,2025-05-06 04:01:00,1
U0048,P0228,save,2025-05-23 14:15:00,4
U0048,P0271,visit,2025-05-31 04:54:00,8
U0048,P0198,view,2025-06-02 03:38:00,1
U0048,P0157,booking,2025-06-03 11:01:00,10
U0048,P0287,share,2025-06-08 16:10:00,5
U0048,P0052,visit,2025-06-09 05:33:00,8
U0048,P0286,view,2025-06-11 15:12:00,1
U0048,P0068,share,2025-06-30 10:12:00,5
U0048,P0014,view,2025-07-08 01:51:00,1
U0048,P0257,save,2025-07-08 23:11:00,4
U0048,P0069,save,2025-07-10 00:28:00,4
U0048,P0469,view,2025-07-17 20:55:00,1
U0048,P0120,visit,2025-07-21 07:02:00,8
U0048,P0109,share,2025-07-22 17:34:00,5
U0048,P0032,visit,2025-07-26 10:51:00,8
U0048,P0411,visit,2025-07-26 16:29:00,8
U0048,P0186,booking,2025-07-27 08:33:00,10
U0048,P0306,click,2025-07-28 05:32:00,2
U0048,P0161,share,2025-07-31 12:24:00,5
U0048,P0220,view,2025-08-01 01:15:00,1
U0048,P0060,view,2025-08-10 02:38:00,1
U0048,P0106,save,2025-08-13 15:27:00,4
U0048,P0453,share,2025-08-21 05:45:00,5
U0048,P0216,view,2025-08-24 16:51:00,1
U0048,P0401,click,2025-08-25 17:48:00,2
U0048,P0065,share,2025-09-07 12:29:00,5
U0048,P0168,share,2025-09-08 21:48:00,5
U0048,P0232,save,2025-09-13 04:51:00,4
U0048,P0250,click,2025-09-20 17:30:00,2
U0048,P0160,view,2025-09-21 01:42:00,1
U0048,P0154,view,2025-09-22 18:07:00,1
U0049,P0022,dismiss,2025-01-01 06:50:00,-3
U0049,P0056,dismiss,2025-01-02 03:30:00,-3
U0049,P0414,view,2025-01-02 13:03:00,1
U0049,P0115,view,2025-01-04 05:16:00,1
U0049,P0445,click,2025-01-05 20:23:00,2
U0049,P0084,visit,2025-01-21 14:46:00,8
U0049,P0319,booking,2025-01-26 01:53:00,10
U0049,P0191,click,2025-02-02 15:53:00,2
U0049,P0189,share,2025-02-03 14:38:00,5
U0049,P0164,click,2025-02-05 02:09:00,2
U0049,P0262,visit,2025-02-07 09:49:00,8
U0049,P0041,visit,2025-02-08 08:34:00,8
U0049,P0327,share,2025-02-12 01:39:00,5
U0049,P0091,view,2025-02-21 01:37:00,1
U0049,P0478,view,2025-03-08 23:46:00,1
U0049,P0442,visit,2025-03-13 07:32:00,8
U0049,P0083,click,2025-03-17 10:43:00,2
U0049,P0245,view,2025-03-21 01:05:00,1
U0049,P0344,view,2025-03-25 11:06:00,1
U0049,P0040,booking,2025-03-25 22:30:00,10
U0049,P0181,click,2025-03-26 09:21:00,2
U0049,P0126,booking,2025-03-29 12:52:00,10
U0049,P0417,click,2025-04-09 11:04:00,2
U0049,P0350,booking,2025-04-14 23:11:00,10
U0049,P0259,visit,2025-04-28 01:14:00,8
U0049,P0277,view,2025-05-01 09:42:00,1
U0049,P0498,share,2025-05-10 12:11:00,5
U0049,P0461,click,2025-05-13 05:42:00,2
U0049,P0311,dismiss,2025-05-14 05:41:00,-3
U0049,P0074,share,2025-05-16 00:33:00,5
U0049,P0146,visit,2025-05-26 10:01:00,8
U0049,P0133,share,2025-05-28 03:54:00,5
U0049,P0043,save,2025-05-28 09:34:00,4
U0049,P0349,view,2025-05-30 21:16:00,1
U0049,P0289,visit,2025-06-06 09:41:00,8
U0049,P0236,view,2025-06-11 18:14:00,1
U0049,P0175,view,2025-06-15 14:08:00,1
U0049,P0370,view,2025-06-17 23:45:00,1
U0049,P0423,dismiss,2025-06-18 05:34:00,-3
U0049,P0096,save,2025-06-18 20:15:00,4
U0049,P0063,visit,2025-06-20 22:20:00,8
U0049,P0429,visit,2025-06-21 04:02:00,8
U0049,P0162,click,2025-07-06 05:25:00,2
U0049,P0491,share,2025-07-20 16:37:00,5
U0049,P0123,save,2025-07-21 10:42:00,4
U0049,P0479,click,2025-07-23 22:55:00,2
U0049,P0102,view,2025-08-01 02:31:00,1
U0049,P0378,visit,2025-08-01 05:57:00,8
U0049,P0155,share,2025-08-02 01:49:00,5
U0049,P0477,click,2025-08-02 14:58:00,2
U0049,P0457,save,2025-08-05 21:20:00,4
U0049,P0431,view,2025-08-07 06:46:00,1
U0049,P0151,view,2025-08-11 23:51:00,1
U0049,P0150,click,2025-08-18 04:09:00,2
U0049,P0170,view,2025-08-19 07:25:00,1
U0049,P0067,booking,2025-08-19 08:19:00,10
U0049,P0092,booking,2025-08-20 11:32:00,10
U0049,P0211,visit,2025-08-25 04:45:00,8
U0049,P0201,view,2025-08-31 20:02:00,1
U0049,P0004,booking,2025-09-03 00:06:00,10
U0049,P0314,booking,2025-09-09 03:17:00,10
U0049,P0430,view,2025-09-12 14:42:00,1
U0049,P0406,visit,2025-09-12 19:14:00,8
U0049,P0015,visit,2025-09-14 06:13:00,8
U0049,P0383,view,2025-09-14 23:50:00,1
U0049,P0005,click,2025-09-16 08:33:00,2
U0049,P0354,click,2025-09-27 02:53:00,2
U0049,P0301,click,2025-10-03 14:02:00,2
U0049,P0297,save,2025-10-07 13:01:00,4
U0049,P0226,view,2025-10-20 02:02:00,1
U0049,P0265,booking,2025-10-24 07:45:00,10
U0049,P0363,view,2025-10-24 08:25:00,1
U0050,P0484,view,2025-01-02 13:29:00,1
U0050,P0172,view,2025-01-08 15:50:00,1
U0050,P0447,visit,2025-01-09 15:13:00,8
U0050,P0359,visit,2025-01-11 02:36:00,8
U0050,P0053,view,2025-01-27 04:04:00,1
U0050,P0463,save,2025-01-31 23:29:00,4
U0050,P0050,click,2025-02-06 21:25:00,2
U0050,P0020,view,2025-02-10 07:03:00,1
U0050,P0252,click,2025-02-10 22:35:00,2
U0050,P0326,visit,2025-02-18 08:49:00,8
U0050,P0462,save,2025-02-18 18:00:00,4
U0050,P0441,save,2025-02-21 11:07:00,4
U0050,P0351,view,2025-02-23 20:51:00,1
U0050,P0390,view,2025-02-24 07:57:00,1
U0050,P0010,view,2025-02-24 15:02:00,1
U0050,P0405,view,2025-02-26 22:00:00,1
U0050,P0426,view,2025-02-27 18:00:00,1
U0050,P0238,view,2025-03-05 05:36:00,1
U0050,P0169,share,2025-03-05 11:20:00,5
U0050,P0335,view,2025-03-05 22:26:00,1
U0050,P0275,view,2025-03-10 00:49:00,1
U0050,P0058,view,2025-03-10 06:17:00,1
U0050,P0260,view,2025-03-16 03:17:00,1
U0050,P0143,view,2025-03-17 23:41:00,1
U0050,P0369,click,2025-03-18 00:20:00,2
U0050,P0328,view,2025-03-23 01:50:00,1
U0050,P0064,view,2025-03-23 18:35:00,1
U0050,P0495,view,2025-03-28 05:41:00,1
U0050,P0137,share,2025-04-07 15:35:00,5
U0050,P0129,view,2025-04-13 22:55:00,1
U0050,P0037,visit,2025-04-16 14:09:00,8
U0050,P0019,view,2025-04-19 18:51:00,1
U0050,P0427,share,2025-04-19 19:42:00,5
U0050,P0254,view,2025-04-23 14:57:00,1
U0050,P0392,click,2025-05-01 20:31:00,2
U0050,P0166,view,2025-05-02 01:27:00,1
U0050,P0012,view,2025-05-06 21:59:00,1
U0050,P0141,view,2025-05-07 02:21:00,1
U0050,P0500,view,2025-05-08 23:02:00,1
U0050,P0452,view,2025-05-10 22:08:00,1
U0050,P0318,save,2025-05-11 20:38:00,4
U0050,P0158,click,2025-05-18 07:39:00,2
U0050,P0403,view,2025-05-19 05:30:00,1
U0050,P0296,view,2025-05-22 15:24:00,1
U0050,P0272,view,2025-05-24 05:27:00,1
U0050,P0388,view,2025-05-25 08:51:00,1
U0050,P0080,view,2025-05-28 04:18:00,1
U0050,P0324,view,2025-06-02 03:57:00,1
U0050,P0291,visit,2025-06-02 17:42:00,8
U0050,P0367,click,2025-06-08 23:25:00,2
U0050,P0371,view,2025-06-20 08:47:00,1
U0050,P0455,click,2025-06-20 10:56:00,2
U0050,P0156,click,2025-07-09 16:16:00,2
U0050,P0206,view,2025-07-16 07:35:00,1
U0050,P0087,visit,2025-07-18 06:52:00,8
U0050,P0001,share,2025-07-19 11:12:00,5
U0050,P0104,click,2025-07-26 01:19:00,2
U0050,P0302,view,2025-07-28 00:43:00,1
U0050,P0212,dismiss,2025-07-30 18:18:00,-3
U0050,P0196,view,2025-07-31 03:21:00,1
U0050,P0110,view,2025-07-31 03:56:00,1
U0050,P0281,view,2025-08-04 02:42:00,1
U0050,P0339,view,2025-08-12 01:16:00,1
U0050,P0499,click,2025-08-16 21:12:00,2
U0050,P0193,click,2025-08-29 11:25:00,2
U0050,P0374,click,2025-09-08 15:17:00,2
U0050,P0280,view,2025-09-12 00:07:00,1
U0050,P0036,share,2025-09-12 16:00:00,5
U0050,P0438,view,2025-09-18 20:59:00,1
U0050,P0346,save,2025-09-23 21:17:00,4
U0050,P0391,view,2025-09-25 08:36:00,1
U0050,P0399,click,2025-09-26 09:13:00,2
U0050,P0303,click,2025-09-28 09:22:00,2
U0050,P0140,view,2025-09-29 02:37:00,1
U0051,P0406,save,2025-01-02 21:16:00,4
U0051,P0005,save,2025-01-03 08:40:00,4
U0051,P0191,click,2025-01-11 06:25:00,2
U0051,P0461,share,2025-01-16 02:20:00,5
U0051,P0498,view,2025-01-21 20:30:00,1
U0051,P0144,save,2025-01-22 10:24:00,4
U0051,P0083,share,2025-01-22 17:45:00,5
U0051,P0297,click,2025-01-23 19:03:00,2
U0051,P0084,share,2025-01-26 16:54:00,5
U0051,P0349,click,2025-01-28 07:47:00,2
U0051,P0478,share,2025-01-28 13:13:00,5
U0051,P0235,view,2025-01-30 20:47:00,1
U0051,P0150,save,2025-02-02 12:17:00,4
U0051,P0211,view,2025-02-07 07:34:00,1
U0051,P0414,dismiss,2025-02-12 22:12:00,-3
U0051,P0091,click,2025-02-13 17:52:00,2
U0051,P0034,share,2025-02-16 18:07:00,5
U0051,P0370,view,2025-02-27 17:30:00,1
U0051,P0240,click,2025-03-04 07:26:00,2
U0051,P0040,visit,2025-03-04 12:16:00,8
U0051,P0431,visit,2025-03-06 02:03:00,8
U0051,P0205,view,2025-03-11 01:33:00,1
U0051,P0467,view,2025-03-17 19:42:00,1
U0051,P0226,view,2025-03-18 08:32:00,1
U0051,P0089,click,2025-03-18 11:20:00,2
U0051,P0202,click,2025-03-20 13:06:00,2
U0051,P0063,save,2025-03-22 06:04:00,4
U0051,P0164,save,2025-03-26 23:51:00,4
U0051,P0146,booking,2025-03-27 08:45:00,10
U0051,P0067,share,2025-03-29 11:02:00,5
U0051,P0122,view,2025-04-02 01:27:00,1
U0051,P0325,click,2025-04-03 17:56:00,2
U0051,P0175,view,2025-04-07 16:41:00,1
U0051,P0301,view,2025-04-23 22:40:00,1
U0051,P0417,view,2025-04-27 10:23:00,1
U0051,P0123,view,2025-04-29 04:15:00,1
U0051,P0344,click,2025-05-04 13:38:00,2
U0051,P0201,dismiss,2025-05-05 04:43:00,-3
U0051,P0102,visit,2025-05-13 08:21:00,8
U0051,P0436,click,2025-05-13 20:11:00,2
U0051,P0265,click,2025-05-14 19:13:00,2
U0051,P0215,click,2025-05-18 01:59:00,2
U0051,P0038,share,2025-05-21 16:09:00,5
U0051,P0074,view,2025-05-28 15:33:00,1
U0051,P0262,view,2025-05-30 08:10:00,1
U0051,P0423,click,2025-06-08 05:50:00,2
U0051,P0236,visit,2025-06-14 14:10:00,8
U0051,P0354,view,2025-06-22 00:02:00,1
U0051,P0162,visit,2025-07-05 23:33:00,8
U0051,P0289,view,2025-07-13 22:48:00,1
U0051,P0189,visit,2025-07-14 21:07:00,8
U0051,P0041,click,2025-07-22 20:37:00,2
U0051,P0327,dismiss,2025-07-24 19:43:00,-3
U0051,P0015,save,2025-07-27 12:36:00,4
U0051,P0443,view,2025-08-05 23:40:00,1
U0051,P0246,visit,2025-08-06 05:39:00,8
U0051,P0415,view,2025-08-11 07:44:00,1
U0051,P0480,visit,2025-08-11 14:01:00,8
U0051,P0308,save,2025-08-20 05:53:00,4
U0051,P0457,visit,2025-08-29 01:32:00,8
U0051,P0056,click,2025-08-31 12:00:00,2
U0051,P0125,save,2025-09-04 03:28:00,4
U0051,P0043,view,2025-09-09 06:08:00,1
U0051,P0259,click,2025-09-16 20:18:00,2
U0051,P0314,click,2025-09-24 22:35:00,2
U0051,P0336,visit,2025-09-26 17:05:00,8
U0051,P0224,view,2025-09-28 03:56:00,1
U0051,P0430,visit,2025-10-02 14:59:00,8
U0051,P0245,view,2025-10-03 20:23:00,1
U0051,P0004,dismiss,2025-10-08 15:31:00,-3
U0051,P0081,click,2025-10-09 04:52:00,2
U0051,P0277,click,2025-10-10 02:21:00,2
U0052,P0104,click,2025-01-11 10:15:00,2
U0052,P0140,view,2025-01-12 17:30:00,1
U0052,P0169,save,2025-01-14 00:37:00,4
U0052,P0077,click,2025-01-14 12:09:00,2
U0052,P0424,click,2025-01-14 18:08:00,2
U0052,P0371,view,2025-01-21 03:15:00,1
U0052,P0328,view,2025-01-24 06:14:00,1
U0052,P0260,dismiss,2025-01-30 02:19:00,-3
U0052,P0395,click,2025-02-07 07:28:00,2
U0052,P0438,booking,2025-02-24 10:49:00,10
U0052,P0064,visit,2025-02-25 15:40:00,8
U0052,P0001,visit,2025-03-01 23:08:00,8
U0052,P0156,visit,2025-03-05 01:06:00,8
U0052,P0447,view,2025-03-05 16:40:00,1
U0052,P0452,view,2025-03-07 19:33:00,1
U0052,P0087,click,2025-03-14 13:25:00,2
U0052,P0187,click,2025-03-15 19:13:00,2
U0052,P0367,view,2025-03-22 06:38:00,1
U0052,P0086,visit,2025-03-26 12:48:00,8
U0052,P0338,view,2025-04-04 00:45:00,1
U0052,P0129,save,2025-04-04 13:36:00,4
U0052,P0050,view,2025-04-05 06:52:00,1
U0052,P0488,click,2025-04-08 03:11:00,2
U0052,P0080,view,2025-04-09 01:33:00,1
U0052,P0307,view,2025-04-10 05:56:00,1
U0052,P0403,click,2025-04-10 10:19:00,2
U0052,P0500,view,2025-04-15 11:24:00,1
U0052,P0380,view,2025-04-22 08:57:00,1
U0052,P0405,view,2025-04-25 09:49:00,1
U0052,P0291,dismiss,2025-04-29 12:33:00,-3
U0052,P0359,view,2025-05-02 15:55:00,1
U0052,P0427,view,2025-05-08 04:21:00,1
U0052,P0248,share,2025-05-11 01:44:00,5
U0052,P0495,save,2025-05-16 23:18:00,4
U0052,P0196,save,2025-05-21 10:21:00,4
U0052,P0143,view,2025-05-29 09:36:00,1
U0052,P0046,view,2025-05-31 04:33:00,1
U0052,P0272,save,2025-06-05 17:00:00,4
U0052,P0281,click,2025-06-08 18:39:00,2
U0052,P0335,click,2025-06-24 11:03:00,2
U0052,P0280,dismiss,2025-07-08 18:37:00,-3
U0052,P0497,view,2025-07-12 21:18:00,1
U0052,P0036,save,2025-07-13 10:30:00,4
U0052,P0058,view,2025-07-16 20:36:00,1
U0052,P0193,click,2025-07-20 11:39:00,2
U0052,P0020,view,2025-07-23 19:05:00,1
U0052,P0374,view,2025-07-28 06:10:00,1
U0052,P0320,click,2025-07-28 19:44:00,2
U0052,P0296,click,2025-08-01 00:56:00,2
U0052,P0345,view,2025-08-01 03:35:00,1
U0052,P0392,view,2025-08-07 00:02:00,1
U0052,P0400,view,2025-08-09 16:35:00,1
U0052,P0012,view,2025-08-20 08:37:00,1
U0052,P0330,visit,2025-08-22 02:56:00,8
U0052,P0019,view,2025-09-02 10:53:00,1
U0052,P0184,view,2025-09-06 13:48:00,1
U0052,P0318,dismiss,2025-09-10 12:27:00,-3
U0052,P0053,click,2025-09-23 22:06:00,2
U0052,P0361,save,2025-09-25 09:09:00,4
U0052,P0399,view,2025-09-26 08:18:00,1
U0052,P0302,click,2025-09-28 04:26:00,2
U0052,P0141,visit,2025-09-28 14:49:00,8
U0052,P0206,view,2025-10-02 11:37:00,1
U0052,P0263,dismiss,2025-10-04 09:14:00,-3
U0052,P0212,view,2025-10-10 20:38:00,1
U0053,P0116,view,2025-01-01 12:07:00,1
U0053,P0134,save,2025-01-06 06:54:00,4
U0053,P0013,view,2025-01-08 05:40:00,1
U0053,P0389,visit,2025-01-25 05:36:00,8
U0053,P0298,click,2025-01-26 23:10:00,2
U0053,P0111,view,2025-02-10 19:10:00,1
U0053,P0464,share,2025-02-17 15:57:00,5
U0053,P0127,view,2025-02-17 23:55:00,1
U0053,P0288,view,2025-02-18 13:17:00,1
U0053,P0088,view,2025-02-23 21:16:00,1
U0053,P0135,view,2025-02-28 16:11:00,1
U0053,P0070,dismiss,2025-03-09 10:22:00,-3
U0053,P0474,view,2025-03-13 10:36:00,1
U0053,P0061,click,2025-03-13 23:25:00,2
U0053,P0073,view,2025-03-14 12:18:00,1
U0053,P0398,click,2025-03-14 14:47:00,2
U0053,P0299,click,2025-03-26 21:06:00,2
U0053,P0352,save,2025-03-29 05:04:00,4
U0053,P0309,click,2025-03-29 05:14:00,2
U0053,P0183,view,2025-03-29 06:22:00,1
U0053,P0217,visit,2025-03-31 02:36:00,8
U0053,P0465,view,2025-04-12 06:29:00,1
U0053,P0190,dismiss,2025-04-22 14:04:00,-3
U0053,P0353,dismiss,2025-04-23 13:15:00,-3
U0053,P0124,view,2025-04-28 18:48:00,1
U0053,P0231,view,2025-04-29 02:59:00,1
U0053,P0021,view,2025-05-09 03:25:00,1
U0053,P0337,view,2025-05-15 00:25:00,1
U0053,P0101,save,2025-05-15 02:12:00,4
U0053,P0253,view,2025-06-07 08:37:00,1
U0053,P0188,click,2025-06-19 01:38:00,2
U0053,P0243,view,2025-06-21 17:28:00,1
U0053,P0342,save,2025-07-12 03:12:00,4
U0053,P0055,view,2025-07-20 05:03:00,1
U0053,P0176,view,2025-07-21 21:55:00,1
U0053,P0375,view,2025-07-25 03:29:00,1
U0053,P0413,view,2025-07-27 18:09:00,1
U0053,P0496,click,2025-07-30 21:08:00,2
U0053,P0321,save,2025-08-03 05:36:00,4
U0053,P0042,click,2025-08-08 12:43:00,2
U0053,P0210,view,2025-08-09 19:38:00,1
U0053,P0179,view,2025-08-15 19:18:00,1
U0053,P0239,view,2025-08-20 06:43:00,1
U0053,P0103,view,2025-08-31 12:59:00,1
U0053,P0322,click,2025-09-09 23:40:00,2
U0053,P0274,click,2025-09-09 23:43:00,2
U0053,P0237,click,2025-09-12 07:57:00,2
U0053,P0085,save,2025-09-13 21:32:00,4
U0053,P0270,view,2025-09-19 01:52:00,1
U0053,P0148,click,2025-09-20 21:20:00,2
U0053,P0177,dismiss,2025-09-26 21:34:00,-3
U0053,P0293,click,2025-10-04 07:56:00,2
U0053,P0305,save,2025-10-05 09:50:00,4
U0053,P0018,save,2025-10-06 02:29:00,4
U0053,P0466,view,2025-10-06 21:20:00,1
U0054,P0403,click,2025-01-03 10:21:00,2
U0054,P0358,click,2025-01-04 01:02:00,2
U0054,P0463,click,2025-01-05 02:33:00,2
U0054,P0390,view,2025-01-09 19:20:00,1
U0054,P0184,view,2025-01-13 17:10:00,1
U0054,P0260,share,2025-01-14 04:59:00,5
U0054,P0426,share,2025-01-20 02:53:00,5
U0054,P0320,view,2025-02-14 01:49:00,1
U0054,P0143,view,2025-02-22 07:55:00,1
U0054,P0086,view,2025-02-24 06:46:00,1
U0054,P0495,click,2025-02-27 15:38:00,2
U0054,P0212,click,2025-03-01 10:55:00,2
U0054,P0399,view,2025-03-04 22:37:00,1
U0054,P0158,view,2025-03-09 15:00:00,1
U0054,P0166,visit,2025-03-10 06:53:00,8
U0054,P0077,booking,2025-03-15 15:54:00,10
U0054,P0339,visit,2025-03-25 04:59:00,8
U0054,P0248,view,2025-03-27 04:31:00,1
U0054,P0359,view,2025-03-27 11:18:00,1
U0054,P0405,view,2025-03-30 11:39:00,1
U0054,P0019,dismiss,2025-04-04 21:06:00,-3
U0054,P0424,click,2025-04-10 09:40:00,2
U0054,P0345,share,2025-04-12 16:53:00,5
U0054,P0335,click,2025-04-15 20:40:00,2
U0054,P0001,dismiss,2025-04-18 02:33:00,-3
U0054,P0455,view,2025-04-22 05:45:00,1
U0054,P0374,share,2025-04-24 10:33:00,5
U0054,P0280,click,2025-05-01 08:50:00,2
U0054,P0011,dismiss,2025-05-01 16:33:00,-3
U0054,P0252,visit,2025-05-02 04:41:00,8
U0054,P0484,click,2025-05-06 13:16:00,2
U0054,P0012,dismiss,2025-05-14 07:00:00,-3
U0054,P0361,dismiss,2025-05-20 11:08:00,-3
U0054,P0238,view,2025-05-26 09:18:00,1
U0054,P0275,dismiss,2025-05-31 14:06:00,-3
U0054,P0462,view,2025-06-06 19:05:00,1
U0054,P0400,view,2025-06-12 02:13:00,1
U0054,P0193,view,2025-06-16 18:32:00,1
U0054,P0303,view,2025-06-17 10:12:00,1
U0054,P0172,share,2025-06-19 17:51:00,5
U0054,P0156,click,2025-06-22 23:57:00,2
U0054,P0499,dismiss,2025-07-01 05:29:00,-3
U0054,P0058,view,2025-07-06 06:25:00,1
U0054,P0447,click,2025-07-16 12:37:00,2
U0054,P0307,view,2025-07-16 19:33:00,1
U0054,P0206,visit,2025-07-17 17:20:00,8
U0054,P0281,share,2025-08-06 17:47:00,5
U0054,P0129,share,2025-08-07 14:54:00,5
U0054,P0302,dismiss,2025-08-14 23:18:00,-3
U0054,P0187,save,2025-09-05 05:03:00,4
U0054,P0326,view,2025-09-07 21:18:00,1
U0054,P0395,visit,2025-09-08 05:13:00,8
U0054,P0050,view,2025-09-08 16:16:00,1
U0054,P0391,view,2025-09-21 23:45:00,1
U0054,P0369,click,2025-09-24 16:39:00,2
U0054,P0196,view,2025-09-26 03:15:00,1
U0054,P0254,view,2025-09-26 15:35:00,1
U0054,P0351,save,2025-10-06 03:47:00,4
U0054,P0388,dismiss,2025-10-11 14:22:00,-3
U0054,P0317,click,2025-10-13 11:25:00,2
U0054,P0104,share,2025-10-29 13:23:00,5
U0055,P0387,view,2025-01-14 08:04:00,1
U0055,P0440,view,2025-01-21 06:01:00,1
U0055,P0168,view,2025-01-28 17:12:00,1
U0055,P0065,booking,2025-01-31 05:38:00,10
U0055,P0032,save,2025-02-13 13:27:00,4
U0055,P0026,view,2025-02-16 09:01:00,1
U0055,P0209,visit,2025-02-17 19:07:00,8
U0055,P0347,view,2025-02-19 07:29:00,1
U0055,P0198,view,2025-02-23 04:58:00,1
U0055,P0016,view,2025-02-26 14:04:00,1
U0055,P0453,view,2025-02-27 12:25:00,1
U0055,P0214,share,2025-02-28 19:49:00,5
U0055,P0490,share,2025-03-02 04:17:00,5
U0055,P0072,click,2025-03-05 11:39:00,2
U0055,P0145,visit,2025-03-07 22:37:00,8
U0055,P0167,view,2025-03-16 12:03:00,1
U0055,P0249,click,2025-03-18 00:51:00,2
U0055,P0460,visit,2025-03-18 19:18:00,8
U0055,P0315,view,2025-03-19 03:13:00,1
U0055,P0003,view,2025-03-24 15:14:00,1
U0055,P0225,view,2025-03-27 23:37:00,1
U0055,P0489,visit,2025-03-30 01:56:00,8
U0055,P0232,click,2025-04-03 01:07:00,2
U0055,P0136,visit,2025-04-08 13:59:00,8
U0055,P0229,view,2025-04-20 01:18:00,1
U0055,P0106,click,2025-04-27 04:08:00,2
U0055,P0121,view,2025-05-02 20:34:00,1
U0055,P0286,view,2025-05-08 06:59:00,1
U0055,P0476,view,2025-05-23 09:15:00,1
U0055,P0069,click,2025-05-25 05:06:00,2
U0055,P0279,visit,2025-05-25 16:41:00,8
U0055,P0287,view,2025-06-07 04:13:00,1
U0055,P0161,view,2025-06-22 00:36:00,1
U0055,P0306,dismiss,2025-06-25 21:47:00,-3
U0055,P0076,visit,2025-06-27 05:13:00,8
U0055,P0220,view,2025-06-28 21:01:00,1
U0055,P0458,view,2025-07-03 17:20:00,1
U0055,P0128,click,2025-07-06 12:46:00,2
U0055,P0300,view,2025-07-07 11:46:00,1
U0055,P0014,view,2025-07-14 02:51:00,1
U0055,P0165,click,2025-07-14 10:13:00,2
U0055,P0469,view,2025-07-18 20:05:00,1
U0055,P0448,view,2025-07-21 01:51:00,1
U0055,P0138,view,2025-07-29 14:48:00,1
U0055,P0222,click,2025-08-17 04:46:00,2
U0055,P0379,view,2025-08-29 02:13:00,1
U0055,P0446,view,2025-09-02 08:41:00,1
U0055,P0109,save,2025-09-04 01:27:00,4
U0055,P0039,dismiss,2025-09-12 00:49:00,-3
U0055,P0113,view,2025-09-15 16:55:00,1
U0055,P0199,view,2025-09-21 11:11:00,1
U0055,P0451,view,2025-09-23 07:08:00,1
U0055,P0228,save,2025-09-24 03:09:00,4
U0055,P0200,view,2025-09-28 14:59:00,1
U0055,P0401,view,2025-10-02 00:42:00,1
U0055,P0114,view,2025-10-04 11:24:00,1
U0055,P0250,save,2025-10-11 15:38:00,4
U0055,P0329,view,2025-10-13 15:17:00,1
U0055,P0008,visit,2025-10-19 14:22:00,8
U0055,P0255,view,2025-10-19 19:22:00,1
U0055,P0382,share,2025-10-20 02:01:00,5
U0055,P0066,view,2025-10-30 00:26:00,1
U0056,P0046,click,2025-01-06 17:11:00,2
U0056,P0252,click,2025-01-14 06:29:00,2
U0056,P0320,click,2025-01-20 18:19:00,2
U0056,P0050,view,2025-01-23 15:57:00,1
U0056,P0158,visit,2025-01-26 08:02:00,8
U0056,P0110,dismiss,2025-01-26 15:30:00,-3
U0056,P0104,click,2025-01-27 16:29:00,2
U0056,P0351,click,2025-01-30 08:25:00,2
U0056,P0488,view,2025-02-01 00:16:00,1
U0056,P0064,view,2025-02-03 06:29:00,1
U0056,P0184,save,2025-02-12 07:23:00,4
U0056,P0499,visit,2025-02-15 13:03:00,8
U0056,P0447,view,2025-02-15 18:27:00,1
U0056,P0172,view,2025-02-18 17:51:00,1
U0056,P0166,visit,2025-02-27 11:27:00,8
U0056,P0345,share,2025-03-03 13:24:00,5
U0056,P0371,view,2025-03-03 14:56:00,1
U0056,P0399,view,2025-03-17 03:05:00,1
U0056,P0187,share,2025-03-18 02:22:00,5
U0056,P0001,view,2025-03-22 16:57:00,1
U0056,P0452,view,2025-03-23 21:42:00,1
U0056,P0500,view,2025-03-26 19:42:00,1
U0056,P0020,view,2025-03-30 01:16:00,1
U0056,P0328,click,2025-04-01 15:18:00,2
U0056,P0388,dismiss,2025-04-03 06:24:00,-3
U0056,P0019,dismiss,2025-04-30 05:48:00,-3
U0056,P0129,click,2025-04-30 18:28:00,2
U0056,P0391,save,2025-05-01 17:49:00,4
U0056,P0307,save,2025-05-04 04:44:00,4
U0056,P0143,view,2025-05-10 01:01:00,1
U0056,P0077,visit,2025-06-09 10:40:00,8
U0056,P0335,click,2025-06-11 07:42:00,2
U0056,P0251,share,2025-06-15 13:11:00,5
U0056,P0263,view,2025-07-15 03:09:00,1
U0056,P0272,view,2025-07-20 18:42:00,1
U0056,P0212,share,2025-07-26 05:52:00,5
U0056,P0140,view,2025-08-01 13:06:00,1
U0056,P0484,dismiss,2025-08-05 17:57:00,-3
U0056,P0332,share,2025-08-09 21:08:00,5
U0056,P0080,save,2025-08-12 12:27:00,4
U0056,P0426,save,2025-08-14 08:53:00,4
U0056,P0367,view,2025-08-16 00:46:00,1
U0056,P0400,view,2025-08-17 00:04:00,1
U0056,P0053,dismiss,2025-08-17 18:31:00,-3
U0056,P0302,view,2025-08-31 10:30:00,1
U0056,P0260,view,2025-09-01 00:02:00,1
U0056,P0380,view,2025-09-12 12:50:00,1
U0056,P0196,view,2025-09-17 11:28:00,1
U0056,P0281,save,2025-09-21 21:37:00,4
U0056,P0169,share,2025-10-01 04:10:00,5
U0056,P0291,view,2025-10-04 01:26:00,1
U0056,P0359,dismiss,2025-10-04 05:06:00,-3
U0056,P0296,dismiss,2025-10-10 02:52:00,-3
U0056,P0497,view,2025-10-10 20:15:00,1
U0056,P0010,view,2025-10-13 07:21:00,1
U0056,P0087,view,2025-10-16 02:19:00,1
U0056,P0424,view,2025-10-16 22:54:00,1
U0056,P0403,view,2025-10-19 03:39:00,1
U0056,P0318,view,2025-10-20 08:15:00,1
U0056,P0346,view,2025-10-27 02:33:00,1
U0056,P0455,booking,2025-10-27 14:57:00,10
U0056,P0303,view,2025-10-28 09:59:00,1
U0056,P0193,view,2025-10-29 00:48:00,1
U0056,P0238,visit,2025-10-30 08:50:00,8
U0056,P0330,save,2025-10-30 14:43:00,4
U0056,P0338,share,2025-11-01 09:37:00,5
U0057,P0032,click,2025-01-02 12:29:00,2
U0057,P0078,save,2025-01-07 08:28:00,4
U0057,P0489,visit,2025-01-08 09:20:00,8
U0057,P0458,share,2025-01-26 00:38:00,5
U0057,P0065,view,2025-01-30 21:49:00,1
U0057,P0287,visit,2025-01-31 00:48:00,8
U0057,P0060,save,2025-02-01 07:53:00,4
U0057,P0026,share,2025-02-04 12:01:00,5
U0057,P0368,view,2025-02-16 10:21:00,1
U0057,P0401,view,2025-02-17 11:58:00,1
U0057,P0039,visit,2025-02-23 02:11:00,8
U0057,P0121,visit,2025-02-23 07:53:00,8
U0057,P0031,view,2025-02-26 05:03:00,1
U0057,P0161,click,2025-02-28 02:30:00,2
U0057,P0255,save,2025-03-05 19:08:00,4
U0057,P0199,click,2025-03-06 03:32:00,2
U0057,P0434,booking,2025-03-08 07:54:00,10
U0057,P0165,click,2025-03-08 20:11:00,2
U0057,P0227,view,2025-03-10 10:39:00,1
U0057,P0306,click,2025-03-24 05:07:00,2
U0057,P0186,save,2025-03-31 04:18:00,4
U0057,P0160,view,2025-04-02 01:18:00,1
U0057,P0093,click,2025-04-03 14:27:00,2
U0057,P0152,visit,2025-04-09 16:51:00,8
U0057,P0315,booking,2025-04-11 02:11:00,10
U0057,P0451,visit,2025-04-15 16:16:00,8
U0057,P0404,view,2025-04-28 01:00:00,1
U0057,P0411,view,2025-04-28 23:48:00,1
U0057,P0072,view,2025-05-15 05:40:00,1
U0057,P0076,booking,2025-05-16 17:27:00,10
U0057,P0448,view,2025-05-20 02:28:00,1
U0057,P0286,visit,2025-05-24 22:06:00,8
U0057,P0113,visit,2025-05-29 01:06:00,8
U0057,P0261,click,2025-06-04 04:19:00,2
U0057,P0066,share,2025-06-07 10:14:00,5
U0057,P0453,visit,2025-06-09 16:24:00,8
U0057,P0168,share,2025-06-17 19:11:00,5
U0057,P0379,share,2025-07-03 14:59:00,5
U0057,P0460,click,2025-07-10 19:03:00,2
U0057,P0387,save,2025-07-12 12:43:00,4
U0057,P0348,save,2025-07-14 15:00:00,4
U0057,P0347,visit,2025-07-21 20:24:00,8
U0057,P0114,save,2025-07-22 15:45:00,4
U0057,P0167,view,2025-07-23 20:21:00,1
U0057,P0284,view,2025-07-27 12:50:00,1
U0057,P0249,save,2025-07-30 22:41:00,4
U0057,P0003,visit,2025-08-03 10:44:00,8
U0057,P0440,save,2025-08-04 10:15:00,4
U0057,P0100,save,2025-08-05 11:31:00,4
U0057,P0228,visit,2025-08-06 02:09:00,8
U0057,P0136,booking,2025-08-09 15:26:00,10
U0057,P0106,click,2025-08-12 08:10:00,2
U0057,P0069,click,2025-08-15 10:34:00,2
U0057,P0232,share,2025-08-31 09:25:00,5
U0057,P0154,visit,2025-08-31 18:33:00,8
U0057,P0157,click,2025-09-02 11:15:00,2
U0057,P0225,visit,2025-09-02 22:42:00,8
U0057,P0257,booking,2025-09-11 17:08:00,10
U0057,P0329,save,2025-09-15 08:34:00,4
U0057,P0109,save,2025-09-22 20:24:00,4
U0057,P0105,save,2025-09-29 18:16:00,4
U0057,P0007,view,2025-10-02 00:06:00,1
U0057,P0052,click,2025-10-07 20:02:00,2
U0057,P0068,save,2025-10-10 04:06:00,4
U0057,P0128,dismiss,2025-10-12 12:13:00,-3
U0058,P0057,save,2025-01-01 14:34:00,4
U0058,P0341,click,2025-01-02 00:04:00,2
U0058,P0475,click,2025-01-08 20:43:00,2
U0058,P0221,visit,2025-01-16 11:51:00,8
U0058,P0230,click,2025-01-16 16:53:00,2
U0058,P0312,visit,2025-01-19 02:55:00,8
U0058,P0273,save,2025-02-01 23:15:00,4
U0058,P0340,save,2025-02-03 15:38:00,4
U0058,P0197,visit,2025-02-07 00:57:00,8
U0058,P0450,save,2025-02-08 10:01:00,4
U0058,P0266,view,2025-02-09 18:29:00,1
U0058,P0049,save,2025-02-22 04:07:00,4
U0058,P0002,view,2025-02-28 01:58:00,1
U0058,P0407,visit,2025-03-04 01:52:00,8
U0058,P0473,share,2025-03-22 18:13:00,5
U0058,P0009,view,2025-03-23 12:38:00,1
U0058,P0282,view,2025-03-25 16:15:00,1
U0058,P0149,click,2025-03-30 16:55:00,2
U0058,P0178,view,2025-03-31 08:08:00,1
U0058,P0023,click,2025-04-10 10:19:00,2
U0058,P0242,share,2025-04-10 13:26:00,5
U0058,P0283,view,2025-04-15 17:41:00,1
U0058,P0118,view,2025-04-19 05:09:00,1
U0058,P0432,save,2025-04-26 18:28:00,4
U0058,P0485,click,2025-04-28 05:56:00,2
U0058,P0376,click,2025-04-30 17:27:00,2
U0058,P0409,view,2025-05-02 18:50:00,1
U0058,P0132,save,2025-05-10 12:14:00,4
U0058,P0397,click,2025-05-15 13:03:00,2
U0058,P0360,visit,2025-06-01 06:23:00,8
U0058,P0482,visit,2025-06-06 10:30:00,8
U0058,P0449,save,2025-06-13 20:15:00,4
U0058,P0292,click,2025-06-14 07:41:00,2
U0058,P0095,share,2025-07-08 17:48:00,5
U0058,P0219,view,2025-07-09 09:55:00,1
U0058,P0323,view,2025-07-13 00:44:00,1
U0058,P0313,share,2025-07-15 22:16:00,5
U0058,P0419,click,2025-07-16 02:18:00,2
U0058,P0294,visit,2025-07-17 03:00:00,8
U0058,P0416,view,2025-07-26 05:00:00,1
U0058,P0425,booking,2025-07-29 18:20:00,10
U0058,P0098,visit,2025-08-05 08:05:00,8
U0058,P0153,click,2025-08-10 21:24:00,2
U0058,P0373,visit,2025-08-19 21:08:00,8
U0058,P0384,click,2025-08-24 00:33:00,2
U0058,P0420,view,2025-08-25 13:24:00,1
U0058,P0486,visit,2025-08-30 16:43:00,8
U0058,P0247,save,2025-09-03 03:17:00,4
U0058,P0304,save,2025-09-05 08:26:00,4
U0058,P0090,share,2025-09-13 00:25:00,5
U0058,P0218,dismiss,2025-09-19 01:50:00,-3
U0058,P0033,click,2025-09-20 21:16:00,2
U0058,P0035,click,2025-09-21 01:45:00,2
U0058,P0112,view,2025-09-21 04:56:00,1
U0058,P0048,booking,2025-09-25 19:00:00,10
U0058,P0285,view,2025-09-30 06:52:00,1
U0058,P0079,booking,2025-10-01 11:44:00,10
U0058,P0494,view,2025-10-01 23:36:00,1
U0058,P0131,visit,2025-10-02 14:32:00,8
U0058,P0264,click,2025-10-03 23:24:00,2
U0058,P0051,view,2025-10-08 02:52:00,1
U0058,P0071,visit,2025-10-08 06:18:00,8
U0058,P0207,click,2025-10-09 20:08:00,2
U0058,P0396,share,2025-10-11 09:59:00,5
U0058,P0444,dismiss,2025-10-13 17:33:00,-3
U0058,P0483,share,2025-10-13 21:30:00,5
U0058,P0276,booking,2025-10-17 19:25:00,10
U0058,P0045,click,2025-10-23 17:59:00,2
U0058,P0203,view,2025-10-24 22:08:00,1
U0058,P0334,view,2025-10-29 12:28:00,1
U0058,P0062,visit,2025-10-30 13:11:00,8
U0058,P0492,view,2025-11-02 03:09:00,1
U0059,P0092,visit,2025-01-03 15:16:00,8
U0059,P0325,click,2025-01-04 15:04:00,2
U0059,P0155,click,2025-01-05 19:02:00,2
U0059,P0467,view,2025-01-07 06:44:00,1
U0059,P0336,click,2025-01-17 06:27:00,2
U0059,P0430,share,2025-01-17 14:18:00,5
U0059,P0406,booking,2025-01-20 23:27:00,10
U0059,P0344,view,2025-01-23 15:06:00,1
U0059,P0357,click,2025-01-23 23:23:00,2
U0059,P0107,booking,2025-01-24 16:39:00,10
U0059,P0164,view,2025-01-31 00:10:00,1
U0059,P0429,visit,2025-01-31 02:07:00,8
U0059,P0480,save,2025-01-31 11:35:00,4
U0059,P0235,view,2025-01-31 12:55:00,1
U0059,P0056,visit,2025-02-03 01:00:00,8
U0059,P0259,view,2025-02-06 01:16:00,1
U0059,P0311,view,2025-02-06 13:37:00,1
U0059,P0289,view,2025-02-10 11:25:00,1
U0059,P0043,view,2025-02-12 21:08:00,1
U0059,P0126,save,2025-02-21 14:49:00,4
U0059,P0363,click,2025-03-08 14:38:00,2
U0059,P0378,share,2025-03-12 17:03:00,5
U0059,P0162,booking,2025-03-23 06:36:00,10
U0059,P0498,click,2025-03-28 20:01:00,2
U0059,P0443,view,2025-04-04 11:51:00,1
U0059,P0246,click,2025-04-04 14:57:00,2
U0059,P0370,click,2025-04-04 23:52:00,2
U0059,P0144,view,2025-04-06 13:05:00,1
U0059,P0174,click,2025-04-14 09:51:00,2
U0059,P0301,dismiss,2025-04-27 14:03:00,-3
U0059,P0319,view,2025-04-27 20:09:00,1
U0059,P0015,click,2025-04-29 21:48:00,2
U0059,P0226,click,2025-04-30 03:05:00,2
U0059,P0211,save,2025-05-09 09:59:00,4
U0059,P0423,visit,2025-05-20 17:27:00,8
U0059,P0054,click,2025-05-22 22:03:00,2
U0059,P0074,click,2025-06-01 22:28:00,2
U0059,P0362,view,2025-06-09 17:45:00,1
U0059,P0040,save,2025-06-10 18:22:00,4
U0059,P0084,view,2025-06-10 21:00:00,1
U0059,P0215,click,2025-06-16 03:02:00,2
U0059,P0414,dismiss,2025-06-17 22:18:00,-3
U0059,P0125,save,2025-06-19 10:03:00,4
U0059,P0096,save,2025-06-20 01:09:00,4
U0059,P0133,view,2025-06-30 17:42:00,1
U0059,P0461,save,2025-07-01 22:47:00,4
U0059,P0415,dismiss,2025-07-04 14:16:00,-3
U0059,P0327,view,2025-07-09 07:20:00,1
U0059,P0393,dismiss,2025-07-21 09:43:00,-3
U0059,P0142,share,2025-07-21 11:28:00,5
U0059,P0472,view,2025-07-27 22:39:00,1
U0059,P0067,visit,2025-07-31 11:08:00,8
U0059,P0115,dismiss,2025-07-31 18:35:00,-3
U0059,P0089,view,2025-08-02 22:58:00,1
U0059,P0181,share,2025-08-15 22:12:00,5
U0059,P0265,view,2025-08-17 14:59:00,1
U0059,P0150,click,2025-08-18 06:37:00,2
U0059,P0442,view,2025-08-26 03:52:00,1
U0059,P0063,booking,2025-08-28 09:13:00,10
U0059,P0224,save,2025-08-30 03:26:00,4
U0059,P0146,view,2025-09-10 20:44:00,1
U0059,P0004,click,2025-09-17 12:06:00,2
U0059,P0189,booking,2025-09-21 04:30:00,10
U0059,P0478,click,2025-09-26 07:21:00,2
U0059,P0102,click,2025-10-03 02:13:00,2
U0059,P0175,click,2025-10-04 10:57:00,2
U0059,P0201,view,2025-10-05 16:12:00,1
U0059,P0205,visit,2025-10-08 07:45:00,8
U0059,P0191,click,2025-10-08 09:11:00,2
U0059,P0277,save,2025-10-09 01:59:00,4
U0059,P0041,view,2025-10-18 16:29:00,1
U0059,P0091,view,2025-10-19 04:12:00,1
U0060,P0421,visit,2025-01-05 22:09:00,8
U0060,P0042,view,2025-01-13 22:38:00,1
U0060,P0075,click,2025-01-15 08:15:00,2
U0060,P0322,view,2025-01-21 12:14:00,1
U0060,P0256,share,2025-01-26 10:58:00,5
U0060,P0305,click,2025-01-28 21:06:00,2
U0060,P0470,dismiss,2025-02-03 13:23:00,-3
U0060,P0088,save,2025-02-06 21:01:00,4
U0060,P0288,click,2025-02-11 06:07:00,2
U0060,P0070,view,2025-02-11 23:37:00,1
U0060,P0073,visit,2025-02-14 05:37:00,8
U0060,P0210,view,2025-02-15 08:17:00,1
U0060,P0298,view,2025-02-15 13:43:00,1
U0060,P0177,view,2025-02-18 12:35:00,1
U0060,P0135,save,2025-02-18 13:06:00,4
U0060,P0333,click,2025-02-22 07:23:00,2
U0060,P0309,visit,2025-02-27 16:27:00,8
U0060,P0059,view,2025-03-05 16:36:00,1
U0060,P0111,save,2025-03-06 00:58:00,4
U0060,P0481,click,2025-03-07 01:40:00,2
U0060,P0237,view,2025-03-07 22:56:00,1
U0060,P0055,click,2025-03-08 16:05:00,2
U0060,P0267,view,2025-03-20 02:36:00,1
U0060,P0148,visit,2025-03-21 01:16:00,8
U0060,P0183,save,2025-03-25 04:36:00,4
U0060,P0028,visit,2025-03-27 12:02:00,8
U0060,P0195,click,2025-03-27 22:44:00,2
U0060,P0356,save,2025-03-30 16:17:00,4
U0060,P0496,save,2025-04-03 06:27:00,4
U0060,P0013,visit,2025-04-10 01:57:00,8
U0060,P0024,visit,2025-04-11 22:00:00,8
U0060,P0454,booking,2025-04-17 01:17:00,10
U0060,P0239,view,2025-04-19 17:23:00,1
U0060,P0082,click,2025-04-19 23:08:00,2
U0060,P0270,save,2025-04-23 04:08:00,4
U0060,P0299,visit,2025-04-28 04:42:00,8
U0060,P0244,share,2025-04-29 07:26:00,5
U0060,P0179,click,2025-05-02 15:34:00,2
U0060,P0025,view,2025-05-11 14:29:00,1
U0060,P0061,view,2025-06-10 18:47:00,1
U0060,P0398,visit,2025-06-19 09:55:00,8
U0060,P0413,view,2025-06-20 17:35:00,1
U0060,P0173,save,2025-06-30 16:50:00,4
U0060,P0274,save,2025-07-02 12:57:00,4
U0060,P0190,view,2025-07-05 01:19:00,1
U0060,P0468,save,2025-07-12 19:09:00,4
U0060,P0466,view,2025-07-21 14:48:00,1
U0060,P0029,booking,2025-07-22 06:00:00,10
U0060,P0342,booking,2025-08-02 10:56:00,10
U0060,P0223,share,2025-08-03 15:00:00,5
U0060,P0108,save,2025-08-13 15:22:00,4
U0060,P0474,view,2025-08-14 14:29:00,1
U0060,P0389,view,2025-08-16 03:05:00,1
U0060,P0021,view,2025-08-23 11:22:00,1
U0060,P0418,dismiss,2025-08-26 22:30:00,-3
U0060,P0412,save,2025-08-29 09:24:00,4
U0060,P0044,save,2025-09-02 05:00:00,4
U0060,P0381,booking,2025-09-07 08:41:00,10
U0060,P0176,booking,2025-09-08 23:00:00,10
U0060,P0085,view,2025-09-14 01:23:00,1
U0060,P0352,view,2025-09-18 18:30:00,1
U0060,P0233,dismiss,2025-09-20 12:23:00,-3
U0060,P0253,visit,2025-09-21 04:10:00,8
U0060,P0375,share,2025-09-22 01:45:00,5
U0060,P0027,click,2025-09-24 05:04:00,2
U0060,P0464,view,2025-09-26 23:07:00,1
U0060,P0422,save,2025-09-29 06:07:00,4
U0060,P0465,share,2025-10-02 04:40:00,5
U0061,P0230,visit,2025-01-05 18:21:00,8
U0061,P0090,save,2025-01-13 11:20:00,4
U0061,P0459,view,2025-01-14 19:41:00,1
U0061,P0049,booking,2025-01-18 06:07:00,10
U0061,P0295,visit,2025-01-18 15:25:00,8
U0061,P0002,booking,2025-01-24 01:01:00,10
U0061,P0485,share,2025-01-24 20:44:00,5
U0061,P0416,click,2025-01-29 14:36:00,2
U0061,P0294,save,2025-02-10 05:21:00,4
U0061,P0316,booking,2025-02-14 10:11:00,10
U0061,P0437,visit,2025-02-14 16:22:00,8
U0061,P0323,share,2025-02-16 01:35:00,5
U0061,P0397,save,2025-02-20 00:31:00,4
U0061,P0079,visit,2025-02-21 11:41:00,8
U0061,P0153,click,2025-02-27 15:12:00,2
U0061,P0384,save,2025-03-01 09:49:00,4
U0061,P0192,booking,2025-03-02 08:11:00,10
U0061,P0276,view,2025-03-03 02:23:00,1
U0061,P0334,save,2025-03-04 15:33:00,4
U0061,P0420,view,2025-03-05 04:25:00,1
U0061,P0449,share,2025-03-07 02:19:00,5
U0061,P0242,booking,2025-03-09 18:27:00,10
U0061,P0444,save,2025-03-17 07:57:00,4
U0061,P0033,visit,2025-03-19 15:54:00,8
U0061,P0494,visit,2025-03-19 20:44:00,8
U0061,P0483,save,2025-03-20 16:49:00,4
U0061,P0030,share,2025-03-22 06:23:00,5
U0061,P0247,click,2025-03-22 13:52:00,2
U0061,P0340,share,2025-03-31 00:18:00,5
U0061,P0310,booking,2025-04-01 13:56:00,10
U0061,P0425,visit,2025-04-06 10:29:00,8
U0061,P0094,visit,2025-04-06 12:38:00,8
U0061,P0341,visit,2025-04-06 18:46:00,8
U0061,P0112,click,2025-04-12 12:39:00,2
U0061,P0396,booking,2025-04-13 12:02:00,10
U0061,P0433,save,2025-04-17 08:08:00,4
U0061,P0045,booking,2025-04-22 12:33:00,10
U0061,P0471,click,2025-04-27 13:27:00,2
U0061,P0373,click,2025-05-01 04:10:00,2
U0061,P0197,visit,2025-05-03 00:29:00,8
U0061,P0062,visit,2025-05-07 11:08:00,8
U0061,P0450,booking,2025-05-16 20:34:00,10
U0061,P0035,view,2025-05-17 21:41:00,1
U0061,P0264,visit,2025-05-22 04:15:00,8
U0061,P0292,booking,2025-05-23 01:41:00,10
U0061,P0407,save,2025-05-27 01:42:00,4
U0061,P0439,visit,2025-05-27 11:01:00,8
U0061,P0213,visit,2025-06-04 07:36:00,8
U0061,P0394,share,2025-06-12 09:13:00,5
U0061,P0178,visit,2025-06-15 11:36:00,8
U0061,P0131,click,2025-06-24 23:52:00,2
U0061,P0159,visit,2025-06-27 11:45:00,8
U0061,P0219,share,2025-07-01 07:08:00,5
U0061,P0071,save,2025-07-02 04:52:00,4
U0061,P0409,save,2025-07-02 05:09:00,4
U0061,P0304,click,2025-07-06 15:44:00,2
U0061,P0493,view,2025-07-08 22:37:00,1
U0061,P0473,save,2025-07-11 19:22:00,4
U0061,P0207,share,2025-07-15 02:27:00,5
U0061,P0410,save,2025-07-15 12:19:00,4
U0061,P0360,booking,2025-07-17 03:59:00,10
U0061,P0149,booking,2025-07-20 05:58:00,10
U0061,P0218,visit,2025-07-24 19:09:00,8
U0061,P0132,visit,2025-07-24 21:20:00,8
U0061,P0221,save,2025-07-28 06:12:00,4
U0061,P0204,view,2025-07-31 07:42:00,1
U0061,P0130,save,2025-08-06 00:38:00,4
U0061,P0006,view,2025-08-13 17:04:00,1
U0061,P0408,share,2025-08-15 07:44:00,5
U0061,P0283,share,2025-08-16 14:28:00,5
U0061,P0023,click,2025-08-17 05:07:00,2
U0061,P0099,visit,2025-08-23 07:06:00,8
U0061,P0171,visit,2025-08-24 01:32:00,8
U0061,P0456,save,2025-08-28 00:07:00,4
U0061,P0482,booking,2025-09-11 05:58:00,10
U0061,P0282,click,2025-09-12 03:48:00,2
U0061,P0097,view,2025-09-16 05:53:00,1
U0061,P0163,click,2025-09-16 14:16:00,2
U0061,P0057,visit,2025-09-25 19:38:00,8
U0061,P0203,visit,2025-10-01 20:43:00,8
U0061,P0313,click,2025-10-02 22:58:00,2
U0062,P0084,save,2025-01-01 04:01:00,4
U0062,P0043,click,2025-01-09 16:48:00,2
U0062,P0181,visit,2025-01-18 08:54:00,8
U0062,P0202,view,2025-01-23 15:20:00,1
U0062,P0146,share,2025-02-01 22:11:00,5
U0062,P0125,click,2025-02-06 19:55:00,2
U0062,P0091,dismiss,2025-02-07 06:36:00,-3
U0062,P0150,click,2025-02-15 04:19:00,2
U0062,P0107,dismiss,2025-02-16 20:49:00,-3
U0062,P0092,click,2025-02-26 05:33:00,2
U0062,P0123,click,2025-02-28 15:48:00,2
U0062,P0122,click,2025-03-03 18:04:00,2
U0062,P0170,view,2025-03-07 19:46:00,1
U0062,P0325,booking,2025-03-11 23:42:00,10
U0062,P0081,view,2025-03-13 13:35:00,1
U0062,P0354,click,2025-03-16 01:10:00,2
U0062,P0350,click,2025-03-22 03:00:00,2
U0062,P0040,dismiss,2025-03-23 21:00:00,-3
U0062,P0089,view,2025-03-24 14:26:00,1
U0062,P0205,visit,2025-04-02 11:22:00,8
U0062,P0301,view,2025-04-05 01:30:00,1
U0062,P0467,view,2025-04-07 00:32:00,1
U0062,P0297,visit,2025-04-14 03:38:00,8
U0062,P0235,share,2025-04-14 12:56:00,5
U0062,P0133,visit,2025-04-22 18:42:00,8
U0062,P0096,save,2025-04-24 09:45:00,4
U0062,P0314,visit,2025-04-25 01:37:00,8
U0062,P0429,view,2025-04-26 18:56:00,1
U0062,P0327,save,2025-05-05 22:27:00,4
U0062,P0349,click,2025-05-10 05:27:00,2
U0062,P0443,dismiss,2025-05-12 02:50:00,-3
U0062,P0211,share,2025-05-15 09:47:00,5
U0062,P0164,click,2025-05-19 13:16:00,2
U0062,P0162,visit,2025-06-02 10:48:00,8
U0062,P0265,click,2025-06-03 07:05:00,2
U0062,P0151,view,2025-06-04 16:22:00,1
U0062,P0430,view,2025-06-06 19:07:00,1
U0062,P0383,view,2025-06-08 02:26:00,1
U0062,P0005,save,2025-06-08 17:42:00,4
U0062,P0357,view,2025-06-10 19:18:00,1
U0062,P0189,click,2025-06-11 22:14:00,2
U0062,P0414,view,2025-06-14 06:03:00,1
U0062,P0083,save,2025-06-18 16:26:00,4
U0062,P0417,view,2025-06-19 01:01:00,1
U0062,P0319,visit,2025-06-21 19:25:00,8
U0062,P0478,view,2025-06-23 22:36:00,1
U0062,P0175,view,2025-06-27 13:44:00,1
U0062,P0226,dismiss,2025-06-28 09:26:00,-3
U0062,P0144,view,2025-06-28 15:51:00,1
U0062,P0457,visit,2025-06-30 00:49:00,8
U0062,P0236,view,2025-07-03 04:36:00,1
U0062,P0022,dismiss,2025-07-13 08:18:00,-3
U0062,P0038,save,2025-07-15 10:19:00,4
U0062,P0423,view,2025-07-28 07:22:00,1
U0062,P0041,click,2025-08-04 11:15:00,2
U0062,P0308,visit,2025-08-07 15:57:00,8
U0062,P0067,click,2025-08-11 15:25:00,2
U0062,P0415,dismiss,2025-08-13 20:24:00,-3
U0062,P0289,visit,2025-08-21 12:02:00,8
U0062,P0262,save,2025-08-26 12:19:00,4
U0062,P0201,save,2025-08-27 23:00:00,4
U0062,P0406,booking,2025-08-29 06:02:00,10
U0062,P0034,view,2025-09-01 20:34:00,1
U0062,P0311,dismiss,2025-09-02 23:59:00,-3
U0062,P0056,dismiss,2025-09-05 07:05:00,-3
U0062,P0259,click,2025-09-25 18:54:00,2
U0062,P0015,visit,2025-09-26 19:54:00,8
U0062,P0498,booking,2025-09-29 17:39:00,10
U0062,P0142,save,2025-09-30 18:41:00,4
U0062,P0336,visit,2025-09-30 20:49:00,8
U0062,P0461,visit,2025-10-14 18:48:00,8
U0062,P0155,click,2025-10-15 05:09:00,2
U0063,P0187,share,2025-01-01 22:34:00,5
U0063,P0302,click,2025-01-06 07:01:00,2
U0063,P0272,click,2025-01-06 14:54:00,2
U0063,P0036,view,2025-01-09 02:29:00,1
U0063,P0169,click,2025-01-10 09:32:00,2
U0063,P0361,view,2025-01-25 03:33:00,1
U0063,P0326,click,2025-01-26 15:18:00,2
U0063,P0196,visit,2025-01-29 02:57:00,8
U0063,P0345,view,2025-02-02 05:09:00,1
U0063,P0010,booking,2025-02-04 18:51:00,10
U0063,P0252,view,2025-02-04 23:44:00,1
U0063,P0462,save,2025-02-07 14:54:00,4
U0063,P0367,click,2025-02-09 05:06:00,2
U0063,P0371,view,2025-02-24 19:50:00,1
U0063,P0499,view,2025-02-25 06:13:00,1
U0063,P0110,view,2025-02-26 15:06:00,1
U0063,P0495,click,2025-03-08 02:05:00,2
U0063,P0086,view,2025-03-09 01:08:00,1
U0063,P0463,view,2025-03-09 09:03:00,1
U0063,P0317,view,2025-03-10 16:09:00,1
U0063,P0184,visit,2025-03-11 00:08:00,8
U0063,P0263,click,2025-03-17 07:31:00,2
U0063,P0141,view,2025-03-17 10:32:00,1
U0063,P0087,share,2025-03-19 11:06:00,5
U0063,P0427,share,2025-03-23 06:12:00,5
U0063,P0280,click,2025-03-23 19:47:00,2
U0063,P0338,dismiss,2025-03-25 00:23:00,-3
U0063,P0332,view,2025-03-25 05:42:00,1
U0063,P0403,dismiss,2025-03-27 00:55:00,-3
U0063,P0359,visit,2025-03-30 05:09:00,8
U0063,P0291,visit,2025-03-30 07:47:00,8
U0063,P0346,view,2025-04-04 12:27:00,1
U0063,P0143,save,2025-04-11 06:18:00,4
U0063,P0238,view,2025-04-23 06:16:00,1
U0063,P0391,view,2025-04-27 17:55:00,1
U0063,P0497,click,2025-05-01 00:13:00,2
U0063,P0260,save,2025-05-01 22:22:00,4
U0063,P0296,view,2025-05-08 20:12:00,1
U0063,P0064,view,2025-05-09 22:22:00,1
U0063,P0248,view,2025-05-11 07:14:00,1
U0063,P0374,click,2025-05-11 16:46:00,2
U0063,P0104,visit,2025-05-12 19:44:00,8
U0063,P0388,view,2025-05-13 15:10:00,1
U0063,P0405,click,2025-05-16 01:24:00,2
U0063,P0011,view,2025-05-18 05:28:00,1
U0063,P0012,visit,2025-05-19 22:58:00,8
U0063,P0358,click,2025-05-29 04:09:00,2
U0063,P0050,view,2025-05-31 09:28:00,1
U0063,P0390,visit,2025-06-10 06:50:00,8
U0063,P0320,view,2025-06-12 13:14:00,1
U0063,P0080,dismiss,2025-06-12 19:02:00,-3
U0063,P0119,view,2025-06-14 08:26:00,1
U0063,P0020,booking,2025-06-19 00:17:00,10
U0063,P0212,click,2025-06-19 12:36:00,2
U0063,P0438,view,2025-06-27 10:15:00,1
U0063,P0019,view,2025-06-28 02:39:00,1
U0063,P0281,click,2025-07-04 20:34:00,2
U0063,P0484,visit,2025-07-11 01:28:00,8
U0063,P0251,view,2025-07-12 21:20:00,1
U0063,P0303,dismiss,2025-07-13 16:43:00,-3
U0063,P0399,save,2025-07-17 12:48:00,4
U0063,P0172,view,2025-07-29 14:28:00,1
U0063,P0330,click,2025-08-07 04:49:00,2
U0063,P0380,view,2025-08-08 14:23:00,1
U0063,P0046,click,2025-08-14 04:50:00,2
U0063,P0137,click,2025-08-20 18:49:00,2
U0063,P0500,view,2025-08-23 16:02:00,1
U0063,P0158,visit,2025-08-26 00:51:00,8
U0063,P0392,view,2025-09-02 19:39:00,1
U0063,P0166,click,2025-09-10 12:47:00,2
U0063,P0254,view,2025-09-23 15:32:00,1
U0064,P0012,click,2025-01-04 20:57:00,2
U0064,P0119,view,2025-01-09 09:44:00,1
U0064,P0036,visit,2025-01-11 01:14:00,8
U0064,P0037,view,2025-01-11 23:44:00,1
U0064,P0424,click,2025-01-31 14:25:00,2
U0064,P0158,visit,2025-02-01 00:22:00,8
U0064,P0495,save,2025-02-02 01:18:00,4
U0064,P0497,save,2025-02-02 16:30:00,4
U0064,P0104,visit,2025-02-08 06:11:00,8
U0064,P0077,save,2025-02-08 19:08:00,4
U0064,P0484,share,2025-02-12 16:21:00,5
U0064,P0172,visit,2025-02-18 04:20:00,8
U0064,P0335,visit,2025-02-18 20:02:00,8
U0064,P0010,share,2025-02-19 00:20:00,5
U0064,P0252,view,2025-02-19 20:10:00,1
U0064,P0307,share,2025-02-25 00:04:00,5
U0064,P0358,booking,2025-02-26 23:35:00,10
U0064,P0324,booking,2025-02-27 02:30:00,10
U0064,P0359,dismiss,2025-02-27 09:46:00,-3
U0064,P0332,click,2025-03-11 18:55:00,2
U0064,P0238,share,2025-03-14 22:59:00,5
U0064,P0275,save,2025-03-15 19:26:00,4
U0064,P0050,view,2025-03-19 22:25:00,1
U0064,P0388,booking,2025-03-20 03:43:00,10
U0064,P0395,click,2025-03-24 13:53:00,2
U0064,P0441,view,2025-03-25 14:48:00,1
U0064,P0390,visit,2025-03-25 19:16:00,8
U0064,P0272,visit,2025-03-28 22:00:00,8
U0064,P0328,click,2025-03-29 19:55:00,2
U0064,P0380,view,2025-04-02 08:15:00,1
U0064,P0345,visit,2025-04-03 03:39:00,8
U0064,P0212,share,2025-04-06 14:47:00,5
U0064,P0320,click,2025-04-08 04:42:00,2
U0064,P0426,save,2025-04-11 23:10:00,4
U0064,P0166,visit,2025-04-15 06:52:00,8
U0064,P0361,save,2025-04-22 09:42:00,4
U0064,P0303,save,2025-04-25 11:57:00,4
U0064,P0427,dismiss,2025-04-26 22:38:00,-3
U0064,P0330,booking,2025-04-27 05:54:00,10
U0064,P0080,save,2025-05-07 17:44:00,4
U0064,P0339,view,2025-05-18 20:30:00,1
U0064,P0129,visit,2025-05-20 21:27:00,8
U0064,P0017,share,2025-06-03 11:42:00,5
U0064,P0499,save,2025-06-16 07:38:00,4
U0064,P0087,view,2025-06-16 22:48:00,1
U0064,P0400,click,2025-06-30 18:26:00,2
U0064,P0187,share,2025-07-01 17:44:00,5
U0064,P0248,save,2025-07-01 18:53:00,4
U0064,P0391,visit,2025-07-09 18:10:00,8
U0064,P0338,view,2025-07-12 11:44:00,1
U0064,P0399,visit,2025-07-17 21:50:00,8
U0064,P0156,save,2025-07-24 17:24:00,4
U0064,P0351,view,2025-07-26 05:25:00,1
U0064,P0371,save,2025-07-28 18:39:00,4
U0064,P0193,save,2025-07-29 03:29:00,4
U0064,P0019,visit,2025-08-05 18:19:00,8
U0064,P0346,view,2025-08-05 20:46:00,1
U0064,P0455,booking,2025-08-10 13:26:00,10
U0064,P0291,visit,2025-08-11 17:19:00,8
U0064,P0140,save,2025-08-12 04:11:00,4
U0064,P0447,click,2025-08-12 07:54:00,2
U0064,P0137,view,2025-08-16 23:19:00,1
U0064,P0143,share,2025-08-18 06:19:00,5
U0064,P0317,save,2025-08-21 03:15:00,4
U0064,P0001,share,2025-08-28 19:28:00,5
U0064,P0452,save,2025-09-04 15:24:00,4
U0064,P0184,visit,2025-09-05 13:57:00,8
U0064,P0302,share,2025-09-06 16:58:00,5
U0064,P0020,dismiss,2025-09-12 05:47:00,-3
U0064,P0064,visit,2025-09-14 19:57:00,8
U0064,P0263,click,2025-09-15 22:07:00,2
U0064,P0374,save,2025-09-16 05:12:00,4
U0064,P0438,share,2025-09-21 22:12:00,5
U0064,P0254,save,2025-09-29 07:35:00,4
U0064,P0326,click,2025-09-30 06:50:00,2
U0064,P0141,booking,2025-10-01 22:27:00,10
U0064,P0462,click,2025-10-03 16:06:00,2
U0064,P0500,share,2025-10-04 10:12:00,5
U0064,P0206,click,2025-10-04 16:46:00,2
U0065,P0343,view,2025-01-02 23:15:00,1
U0065,P0464,booking,2025-01-05 09:52:00,10
U0065,P0070,click,2025-01-10 20:07:00,2
U0065,P0258,view,2025-01-16 08:31:00,1
U0065,P0322,view,2025-01-18 00:07:00,1
U0065,P0108,view,2025-01-20 16:30:00,1
U0065,P0177,dismiss,2025-01-23 12:30:00,-3
U0065,P0179,save,2025-01-25 07:17:00,4
U0065,P0413,click,2025-01-27 16:48:00,2
U0065,P0309,save,2025-01-27 16:54:00,4
U0065,P0466,save,2025-01-29 10:58:00,4
U0065,P0375,click,2025-02-04 22:49:00,2
U0065,P0398,click,2025-02-11 04:18:00,2
U0065,P0421,save,2025-02-21 16:36:00,4
U0065,P0194,share,2025-02-24 11:27:00,5
U0065,P0210,save,2025-03-09 19:38:00,4
U0065,P0290,click,2025-03-14 04:07:00,2
U0065,P0148,click,2025-03-14 09:28:00,2
U0065,P0139,save,2025-03-31 17:04:00,4
U0065,P0389,click,2025-04-03 03:38:00,2
U0065,P0364,share,2025-04-05 02:59:00,5
U0065,P0381,save,2025-04-13 07:52:00,4
U0065,P0073,save,2025-04-21 20:41:00,4
U0065,P0468,save,2025-04-22 03:10:00,4
U0065,P0342,dismiss,2025-04-24 06:07:00,-3
U0065,P0135,booking,2025-04-25 19:27:00,10
U0065,P0418,click,2025-04-28 11:40:00,2
U0065,P0356,view,2025-04-29 17:14:00,1
U0065,P0024,click,2025-05-14 09:54:00,2
U0065,P0134,booking,2025-05-28 21:50:00,10
U0065,P0085,save,2025-06-01 03:53:00,4
U0065,P0386,save,2025-06-01 09:16:00,4
U0065,P0103,save,2025-06-04 01:24:00,4
U0065,P0321,share,2025-06-07 08:30:00,5
U0065,P0454,click,2025-06-07 15:57:00,2
U0065,P0217,save,2025-06-07 19:05:00,4
U0065,P0470,visit,2025-06-10 00:31:00,8
U0065,P0337,share,2025-06-10 03:25:00,5
U0065,P0352,visit,2025-06-10 05:07:00,8
U0065,P0331,save,2025-06-15 11:39:00,4
U0065,P0173,view,2025-06-16 05:11:00,1
U0065,P0237,visit,2025-06-16 11:38:00,8
U0065,P0018,booking,2025-06-17 05:06:00,10
U0065,P0176,visit,2025-06-20 07:31:00,8
U0065,P0274,click,2025-06-20 23:22:00,2
U0065,P0111,click,2025-06-27 04:45:00,2
U0065,P0116,click,2025-06-30 05:30:00,2
U0065,P0465,share,2025-07-10 22:07:00,5
U0065,P0101,visit,2025-07-21 04:42:00,8
U0065,P0267,visit,2025-07-25 11:10:00,8
U0065,P0496,view,2025-07-29 10:53:00,1
U0065,P0244,view,2025-08-01 20:51:00,1
U0065,P0333,click,2025-08-05 17:57:00,2
U0065,P0293,visit,2025-08-06 05:11:00,8
U0065,P0183,click,2025-08-06 08:34:00,2
U0065,P0124,save,2025-08-16 22:19:00,4
U0065,P0299,visit,2025-08-25 03:22:00,8
U0065,P0042,booking,2025-08-26 15:10:00,10
U0065,P0055,booking,2025-08-30 07:59:00,10
U0065,P0412,visit,2025-09-02 04:20:00,8
U0065,P0366,click,2025-09-03 23:58:00,2
U0065,P0231,view,2025-09-05 16:03:00,1
U0065,P0029,save,2025-09-08 11:39:00,4
U0065,P0044,click,2025-09-28 23:47:00,2
U0065,P0059,view,2025-09-29 06:26:00,1
U0066,P0487,booking,2025-01-01 04:31:00,10
U0066,P0283,save,2025-01-03 10:58:00,4
U0066,P0030,visit,2025-01-06 07:54:00,8
U0066,P0485,booking,2025-01-07 21:20:00,10
U0066,P0323,save,2025-01-11 23:29:00,4
U0066,P0118,visit,2025-01-15 05:34:00,8
U0066,P0112,click,2025-01-22 09:20:00,2
U0066,P0407,share,2025-01-22 18:03:00,5
U0066,P0394,share,2025-01-23 13:31:00,5
U0066,P0219,view,2025-02-01 04:19:00,1
U0066,P0396,click,2025-02-09 01:57:00,2
U0066,P0432,visit,2025-02-23 19:44:00,8
U0066,P0230,view,2025-02-24 12:53:00,1
U0066,P0213,save,2025-02-28 02:36:00,4
U0066,P0377,visit,2025-03-01 03:24:00,8
U0066,P0023,view,2025-03-04 03:36:00,1
U0066,P0035,view,2025-03-05 01:12:00,1
U0066,P0203,share,2025-03-10 20:55:00,5
U0066,P0360,view,2025-03-15 15:26:00,1
U0066,P0416,click,2025-03-27 03:28:00,2
U0066,P0492,view,2025-03-30 05:32:00,1
U0066,P0408,view,2025-04-06 11:22:00,1
U0066,P0276,view,2025-04-10 04:43:00,1
U0066,P0192,click,2025-04-17 13:08:00,2
U0066,P0099,click,2025-04-19 22:29:00,2
U0066,P0292,view,2025-04-20 00:16:00,1
U0066,P0420,click,2025-04-24 11:05:00,2
U0066,P0049,view,2025-05-04 18:05:00,1
U0066,P0090,view,2025-05-04 19:03:00,1
U0066,P0207,click,2025-05-05 23:27:00,2
U0066,P0410,click,2025-05-06 06:22:00,2
U0066,P0171,booking,2025-05-06 19:31:00,10
U0066,P0433,view,2025-05-11 08:04:00,1
U0066,P0312,dismiss,2025-05-16 01:23:00,-3
U0066,P0285,dismiss,2025-05-17 06:01:00,-3
U0066,P0117,view,2025-05-19 10:48:00,1
U0066,P0450,view,2025-05-19 14:07:00,1
U0066,P0095,view,2025-05-29 07:25:00,1
U0066,P0310,visit,2025-06-11 11:07:00,8
U0066,P0242,click,2025-06-18 17:47:00,2
U0066,P0376,view,2025-06-20 17:20:00,1
U0066,P0048,click,2025-06-22 18:00:00,2
U0066,P0159,click,2025-06-25 22:50:00,2
U0066,P0033,view,2025-06-29 03:54:00,1
U0066,P0384,click,2025-07-09 10:09:00,2
U0066,P0071,view,2025-07-14 12:08:00,1
U0066,P0316,visit,2025-07-17 12:15:00,8
U0066,P0009,save,2025-07-22 00:47:00,4
U0066,P0459,view,2025-07-25 08:44:00,1
U0066,P0437,view,2025-07-30 18:51:00,1
U0066,P0397,click,2025-08-05 18:13:00,2
U0066,P0419,view,2025-08-14 02:13:00,1
U0066,P0295,save,2025-08-21 04:54:00,4
U0066,P0149,view,2025-08-25 10:40:00,1
U0066,P0475,click,2025-08-28 18:03:00,2
U0066,P0294,save,2025-09-06 05:29:00,4
U0066,P0483,view,2025-09-09 03:29:00,1
U0066,P0204,booking,2025-09-16 17:48:00,10
U0066,P0409,view,2025-09-18 03:16:00,1
U0066,P0471,view,2025-09-18 07:30:00,1
U0066,P0153,view,2025-09-24 02:24:00,1
U0066,P0282,visit,2025-09-28 18:14:00,8
U0066,P0221,click,2025-09-29 15:13:00,2
U0066,P0449,view,2025-09-30 04:54:00,1
U0066,P0247,view,2025-10-01 03:54:00,1
U0066,P0456,click,2025-10-02 08:39:00,2
U0066,P0493,share,2025-10-03 02:17:00,5
U0066,P0062,view,2025-10-11 17:07:00,1
U0066,P0266,save,2025-10-14 13:59:00,4
U0066,P0482,share,2025-10-21 20:54:00,5
U0066,P0094,booking,2025-10-27 15:36:00,10
U0066,P0264,visit,2025-10-31 10:50:00,8
U0067,P0489,share,2025-01-04 14:16:00,5
U0067,P0255,click,2025-01-05 05:04:00,2
U0067,P0165,visit,2025-01-05 16:33:00,8
U0067,P0382,visit,2025-01-12 06:43:00,8
U0067,P0065,share,2025-01-17 15:18:00,5
U0067,P0214,click,2025-01-17 19:21:00,2
U0067,P0120,visit,2025-01-21 16:10:00,8
U0067,P0106,click,2025-01-23 01:25:00,2
U0067,P0167,save,2025-01-28 04:52:00,4
U0067,P0154,save,2025-02-01 00:01:00,4
U0067,P0007,view,2025-02-05 18:23:00,1
U0067,P0208,view,2025-02-08 20:24:00,1
U0067,P0222,click,2025-02-10 20:29:00,2
U0067,P0008,click,2025-02-12 04:46:00,2
U0067,P0261,save,2025-02-13 13:19:00,4
U0067,P0016,dismiss,2025-02-16 05:51:00,-3
U0067,P0145,view,2025-02-18 07:59:00,1
U0067,P0039,save,2025-02-24 03:36:00,4
U0067,P0269,visit,2025-02-25 06:34:00,8
U0067,P0220,view,2025-02-26 18:10:00,1
U0067,P0152,save,2025-03-02 07:36:00,4
U0067,P0157,save,2025-03-03 00:51:00,4
U0067,P0060,view,2025-03-06 06:29:00,1
U0067,P0306,booking,2025-03-08 15:26:00,10
U0067,P0453,save,2025-03-09 05:23:00,4
U0067,P0209,share,2025-03-10 08:22:00,5
U0067,P0404,save,2025-03-15 02:41:00,4
U0067,P0160,view,2025-03-17 00:22:00,1
U0067,P0093,save,2025-03-17 22:54:00,4
U0067,P0186,view,2025-03-27 06:47:00,1
U0067,P0365,view,2025-03-29 05:05:00,1
U0067,P0446,click,2025-04-03 12:39:00,2
U0067,P0387,view,2025-04-04 13:41:00,1
U0067,P0121,share,2025-04-11 13:34:00,5
U0067,P0229,dismiss,2025-04-17 06:00:00,-3
U0067,P0216,view,2025-04-26 09:18:00,1
U0067,P0278,booking,2025-04-29 14:52:00,10
U0067,P0249,booking,2025-05-02 12:57:00,10
U0067,P0109,share,2025-05-05 04:21:00,5
U0067,P0198,view,2025-05-13 00:32:00,1
U0067,P0199,view,2025-05-18 09:29:00,1
U0067,P0458,view,2025-05-21 13:11:00,1
U0067,P0052,save,2025-06-06 07:26:00,4
U0067,P0329,booking,2025-06-16 07:17:00,10
U0067,P0250,save,2025-06-18 00:56:00,4
U0067,P0411,click,2025-06-23 14:30:00,2
U0067,P0434,view,2025-06-25 05:13:00,1
U0067,P0490,view,2025-07-14 01:58:00,1
U0067,P0105,click,2025-07-15 01:08:00,2
U0067,P0448,save,2025-07-23 00:09:00,4
U0067,P0284,share,2025-07-27 22:18:00,5
U0067,P0113,share,2025-07-28 03:31:00,5
U0067,P0100,view,2025-07-31 08:30:00,1
U0067,P0047,view,2025-08-01 23:08:00,1
U0067,P0315,view,2025-08-09 17:56:00,1
U0067,P0138,click,2025-08-12 08:28:00,2
U0067,P0460,click,2025-08-17 15:56:00,2
U0067,P0348,click,2025-08-25 02:12:00,2
U0067,P0031,view,2025-09-09 21:47:00,1
U0067,P0032,visit,2025-09-11 04:11:00,8
U0067,P0257,dismiss,2025-09-18 15:56:00,-3
U0067,P0168,view,2025-09-21 21:26:00,1
U0067,P0128,view,2025-09-28 06:25:00,1
U0067,P0114,dismiss,2025-10-02 18:59:00,-3
U0067,P0069,visit,2025-10-04 08:32:00,8
U0068,P0414,view,2025-01-02 21:27:00,1
U0068,P0480,view,2025-01-04 11:31:00,1
U0068,P0344,save,2025-01-08 01:26:00,4
U0068,P0202,view,2025-01-09 00:18:00,1
U0068,P0477,visit,2025-01-10 11:54:00,8
U0068,P0491,share,2025-01-13 03:39:00,5
U0068,P0091,view,2025-01-16 20:57:00,1
U0068,P0162,booking,2025-01-17 01:29:00,10
U0068,P0067,save,2025-01-18 16:22:00,4
U0068,P0262,view,2025-01-24 09:41:00,1
U0068,P0084,visit,2025-01-28 09:46:00,8
U0068,P0297,click,2025-01-29 08:27:00,2
U0068,P0015,share,2025-02-03 16:33:00,5
U0068,P0350,view,2025-02-12 15:26:00,1
U0068,P0378,view,2025-02-12 23:11:00,1
U0068,P0038,save,2025-02-13 04:35:00,4
U0068,P0355,view,2025-02-15 03:06:00,1
U0068,P0102,click,2025-02-15 10:15:00,2
U0068,P0406,visit,2025-02-15 23:56:00,8
U0068,P0336,visit,2025-02-16 22:32:00,8
U0068,P0142,click,2025-02-18 17:08:00,2
U0068,P0498,view,2025-02-24 17:07:00,1
U0068,P0133,dismiss,2025-02-25 16:19:00,-3
U0068,P0246,click,2025-02-26 04:05:00,2
U0068,P0363,view,2025-03-07 18:47:00,1
U0068,P0005,booking,2025-03-17 14:15:00,10
U0068,P0164,save,2025-03-18 08:15:00,4
U0068,P0457,visit,2025-03-18 12:09:00,8
U0068,P0151,view,2025-03-19 04:41:00,1
U0068,P0479,view,2025-03-23 18:03:00,1
U0068,P0443,dismiss,2025-03-30 00:25:00,-3
U0068,P0211,click,2025-03-31 06:57:00,2
U0068,P0289,visit,2025-04-01 04:28:00,8
U0068,P0122,view,2025-04-04 02:10:00,1
U0068,P0096,click,2025-04-24 11:29:00,2
U0068,P0311,click,2025-04-30 09:14:00,2
U0068,P0089,dismiss,2025-05-01 10:55:00,-3
U0068,P0063,view,2025-05-05 16:09:00,1
U0068,P0478,share,2025-05-12 18:50:00,5
U0068,P0354,click,2025-05-13 09:24:00,2
U0068,P0215,visit,2025-05-20 06:19:00,8
U0068,P0383,view,2025-05-22 18:51:00,1
U0068,P0362,visit,2025-05-25 20:52:00,8
U0068,P0185,view,2025-05-28 16:55:00,1
U0068,P0467,view,2025-06-08 15:54:00,1
U0068,P0146,share,2025-06-12 03:47:00,5
U0068,P0224,visit,2025-06-16 07:52:00,8
U0068,P0417,booking,2025-06-22 20:27:00,10
U0068,P0349,click,2025-06-22 21:37:00,2
U0068,P0175,click,2025-06-29 02:08:00,2
U0068,P0174,view,2025-07-02 05:22:00,1
U0068,P0442,save,2025-07-03 20:12:00,4
U0068,P0393,dismiss,2025-07-09 09:12:00,-3
U0068,P0126,view,2025-07-11 00:31:00,1
U0068,P0277,click,2025-07-13 17:09:00,2
U0068,P0054,view,2025-07-18 11:59:00,1
U0068,P0461,view,2025-07-21 14:00:00,1
U0068,P0004,dismiss,2025-07-27 12:16:00,-3
U0068,P0265,share,2025-07-29 00:03:00,5
U0068,P0107,visit,2025-07-29 17:28:00,8
U0068,P0226,view,2025-07-30 09:10:00,1
U0068,P0205,click,2025-08-03 07:54:00,2
U0068,P0423,save,2025-08-03 17:01:00,4
U0068,P0325,click,2025-08-03 22:51:00,2
U0068,P0436,view,2025-08-03 23:48:00,1
U0068,P0385,view,2025-08-08 13:48:00,1
U0068,P0236,view,2025-08-23 21:11:00,1
U0068,P0083,visit,2025-08-28 02:42:00,8
U0068,P0123,visit,2025-09-14 02:31:00,8
U0068,P0155,view,2025-09-14 18:30:00,1
U0068,P0034,dismiss,2025-09-15 05:46:00,-3
U0068,P0150,click,2025-09-18 12:54:00,2
U0069,P0323,share,2025-01-05 06:12:00,5
U0069,P0112,visit,2025-01-09 03:56:00,8
U0069,P0264,save,2025-01-11 12:51:00,4
U0069,P0204,view,2025-01-17 00:10:00,1
U0069,P0310,save,2025-01-19 11:04:00,4
U0069,P0487,share,2025-01-20 12:38:00,5
U0069,P0045,view,2025-01-26 05:36:00,1
U0069,P0118,view,2025-01-27 13:57:00,1
U0069,P0292,click,2025-01-29 23:07:00,2
U0069,P0341,click,2025-02-01 06:06:00,2
U0069,P0009,share,2025-02-06 12:30:00,5
U0069,P0153,save,2025-02-07 09:32:00,4
U0069,P0313,view,2025-02-08 00:20:00,1
U0069,P0247,dismiss,2025-02-09 14:58:00,-3
U0069,P0397,view,2025-02-17 00:20:00,1
U0069,P0219,view,2025-02-20 04:14:00,1
U0069,P0203,share,2025-02-20 10:23:00,5
U0069,P0377,visit,2025-02-21 11:58:00,8
U0069,P0266,share,2025-03-04 12:37:00,5
U0069,P0149,click,2025-03-11 06:56:00,2
U0069,P0450,view,2025-03-12 09:34:00,1
U0069,P0416,save,2025-03-14 02:20:00,4
U0069,P0057,visit,2025-03-15 15:04:00,8
U0069,P0095,view,2025-03-16 12:04:00,1
U0069,P0340,view,2025-03-24 07:46:00,1
U0069,P0094,click,2025-03-30 10:16:00,2
U0069,P0376,click,2025-04-06 14:18:00,2
U0069,P0283,click,2025-04-17 23:35:00,2
U0069,P0079,save,2025-04-19 22:47:00,4
U0069,P0360,view,2025-04-23 00:00:00,1
U0069,P0312,dismiss,2025-04-27 16:01:00,-3
U0069,P0131,visit,2025-04-28 01:09:00,8
U0069,P0433,click,2025-04-28 15:42:00,2
U0069,P0449,save,2025-05-06 18:54:00,4
U0069,P0316,visit,2025-05-09 04:00:00,8
U0069,P0334,click,2025-05-13 04:24:00,2
U0069,P0285,dismiss,2025-05-13 04:31:00,-3
U0069,P0485,click,2025-05-13 05:18:00,2
U0069,P0483,dismiss,2025-05-15 16:58:00,-3
U0069,P0117,click,2025-05-15 20:30:00,2
U0069,P0482,view,2025-05-22 15:26:00,1
U0069,P0002,visit,2025-05-30 16:04:00,8
U0069,P0473,view,2025-05-31 06:51:00,1
U0069,P0409,visit,2025-06-01 09:27:00,8
U0069,P0006,save,2025-06-04 03:47:00,4
U0069,P0475,save,2025-06-08 17:05:00,4
U0069,P0420,view,2025-06-16 22:29:00,1
U0069,P0071,view,2025-06-22 10:47:00,1
U0069,P0207,view,2025-06-30 14:16:00,1
U0069,P0396,view,2025-07-02 02:27:00,1
U0069,P0159,click,2025-07-05 12:51:00,2
U0069,P0234,dismiss,2025-07-06 01:52:00,-3
U0069,P0049,view,2025-07-06 22:35:00,1
U0069,P0098,view,2025-07-06 22:47:00,1
U0069,P0178,click,2025-07-09 08:27:00,2
U0069,P0373,view,2025-07-13 21:13:00,1
U0069,P0304,view,2025-07-16 00:09:00,1
U0069,P0030,click,2025-07-18 22:18:00,2
U0069,P0459,save,2025-07-21 21:33:00,4
U0069,P0171,save,2025-07-22 05:10:00,4
U0069,P0408,view,2025-07-23 21:30:00,1
U0069,P0035,click,2025-07-25 15:26:00,2
U0069,P0394,save,2025-07-26 04:57:00,4
U0069,P0419,save,2025-07-26 22:50:00,4
U0069,P0432,save,2025-07-28 09:52:00,4
U0069,P0182,view,2025-08-06 03:20:00,1
U0069,P0090,share,2025-08-06 19:51:00,5
U0069,P0425,dismiss,2025-08-15 03:01:00,-3
U0069,P0163,view,2025-08-17 20:57:00,1
U0069,P0242,save,2025-08-18 13:27:00,4
U0069,P0471,save,2025-08-24 06:03:00,4
U0069,P0213,booking,2025-08-25 14:09:00,10
U0069,P0439,click,2025-08-30 07:35:00,2
U0069,P0493,share,2025-09-07 10:19:00,5
U0069,P0099,share,2025-09-10 10:51:00,5
U0069,P0437,visit,2025-09-14 14:07:00,8
U0070,P0136,save,2025-01-08 12:11:00,4
U0070,P0460,click,2025-01-17 23:25:00,2
U0070,P0003,view,2025-01-18 07:54:00,1
U0070,P0076,click,2025-01-21 04:51:00,2
U0070,P0222,visit,2025-01-23 17:00:00,8
U0070,P0476,view,2025-01-31 03:39:00,1
U0070,P0250,view,2025-02-08 22:14:00,1
U0070,P0198,click,2025-02-09 11:49:00,2
U0070,P0220,view,2025-02-14 05:57:00,1
U0070,P0227,save,2025-02-17 18:13:00,4
U0070,P0007,view,2025-02-20 18:08:00,1
U0070,P0225,visit,2025-02-21 15:23:00,8
U0070,P0121,save,2025-02-22 18:53:00,4
U0070,P0199,view,2025-02-25 22:38:00,1
U0070,P0113,visit,2025-03-04 04:53:00,8
U0070,P0278,click,2025-03-06 13:45:00,2
U0070,P0008,view,2025-03-07 13:54:00,1
U0070,P0186,view,2025-03-10 01:07:00,1
U0070,P0068,click,2025-03-15 07:31:00,2
U0070,P0228,dismiss,2025-03-19 21:54:00,-3
U0070,P0387,view,2025-03-25 18:27:00,1
U0070,P0065,click,2025-03-26 05:49:00,2
U0070,P0284,view,2025-03-27 17:41:00,1
U0070,P0157,view,2025-03-29 14:55:00,1
U0070,P0052,visit,2025-03-29 19:02:00,8
U0070,P0368,view,2025-03-30 00:10:00,1
U0070,P0269,view,2025-04-09 07:13:00,1
U0070,P0287,view,2025-04-10 07:12:00,1
U0070,P0306,click,2025-04-17 05:26:00,2
U0070,P0208,view,2025-04-25 03:55:00,1
U0070,P0382,visit,2025-04-26 04:29:00,8
U0070,P0453,view,2025-04-29 23:25:00,1
U0070,P0261,view,2025-05-04 17:00:00,1
U0070,P0451,save,2025-05-06 11:04:00,4
U0070,P0286,click,2025-05-07 12:58:00,2
U0070,P0100,visit,2025-05-21 15:20:00,8
U0070,P0329,view,2025-05-23 14:27:00,1
U0070,P0161,share,2025-05-24 12:36:00,5
U0070,P0229,click,2025-06-03 07:39:00,2
U0070,P0458,visit,2025-06-04 00:26:00,8
U0070,P0106,click,2025-06-16 08:03:00,2
U0070,P0209,view,2025-06-18 22:43:00,1
U0070,P0031,view,2025-06-19 11:54:00,1
U0070,P0411,click,2025-07-11 20:51:00,2
U0070,P0167,save,2025-07-18 07:22:00,4
U0070,P0489,dismiss,2025-07-25 06:04:00,-3
U0070,P0300,view,2025-07-27 18:32:00,1
U0070,P0249,view,2025-07-31 00:10:00,1
U0070,P0257,view,2025-08-03 14:25:00,1
U0070,P0066,view,2025-08-14 05:36:00,1
U0070,P0060,click,2025-08-16 10:48:00,2
U0070,P0014,click,2025-08-18 10:39:00,2
U0070,P0105,click,2025-08-23 05:16:00,2
U0070,P0348,save,2025-09-04 14:19:00,4
U0070,P0232,view,2025-09-10 05:34:00,1
U0070,P0379,save,2025-09-16 17:27:00,4
U0070,P0216,click,2025-10-03 00:22:00,2
U0070,P0448,view,2025-10-04 07:36:00,1
U0071,P0108,view,2025-01-06 05:22:00,1
U0071,P0253,visit,2025-01-07 02:54:00,8
U0071,P0082,visit,2025-01-07 19:44:00,8
U0071,P0044,visit,2025-01-08 18:20:00,8
U0071,P0298,view,2025-01-10 22:14:00,1
U0071,P0468,click,2025-01-17 13:54:00,2
U0071,P0241,click,2025-01-21 04:26:00,2
U0071,P0179,view,2025-01-24 13:01:00,1
U0071,P0333,click,2025-01-29 15:27:00,2
U0071,P0422,view,2025-02-05 15:20:00,1
U0071,P0381,click,2025-02-11 18:25:00,2
U0071,P0223,view,2025-02-14 15:39:00,1
U0071,P0375,view,2025-02-14 18:14:00,1
U0071,P0389,save,2025-02-16 14:52:00,4
U0071,P0270,save,2025-02-24 17:11:00,4
U0071,P0101,save,2025-03-12 13:35:00,4
U0071,P0398,view,2025-03-28 05:15:00,1
U0071,P0013,view,2025-03-28 09:28:00,1
U0071,P0353,click,2025-03-28 09:35:00,2
U0071,P0352,click,2025-03-28 11:19:00,2
U0071,P0231,visit,2025-03-28 17:10:00,8
U0071,P0103,share,2025-03-30 05:55:00,5
U0071,P0465,view,2025-03-30 09:44:00,1
U0071,P0177,click,2025-03-30 17:26:00,2
U0071,P0454,visit,2025-04-01 04:10:00,8
U0071,P0134,visit,2025-04-03 19:02:00,8
U0071,P0237,click,2025-04-04 01:56:00,2
U0071,P0305,booking,2025-04-05 02:30:00,10
U0071,P0075,click,2025-04-07 18:48:00,2
U0071,P0085,share,2025-04-12 16:27:00,5
U0071,P0188,share,2025-04-13 08:27:00,5
U0071,P0021,visit,2025-04-13 17:39:00,8
U0071,P0176,view,2025-04-13 22:06:00,1
U0071,P0356,view,2025-04-16 06:50:00,1
U0071,P0496,save,2025-04-21 20:55:00,4
U0071,P0139,view,2025-04-22 22:33:00,1
U0071,P0293,booking,2025-04-23 14:19:00,10
U0071,P0366,visit,2025-04-25 21:07:00,8
U0071,P0147,view,2025-05-06 11:48:00,1
U0071,P0217,share,2025-05-09 05:41:00,5
U0071,P0386,visit,2025-05-09 19:18:00,8
U0071,P0061,visit,2025-05-17 08:04:00,8
U0071,P0421,view,2025-05-18 05:05:00,1
U0071,P0055,visit,2025-05-18 11:27:00,8
U0071,P0135,click,2025-05-21 02:18:00,2
U0071,P0364,view,2025-05-23 13:51:00,1
U0071,P0124,view,2025-05-25 22:05:00,1
U0071,P0464,visit,2025-05-26 20:02:00,8
U0071,P0111,save,2025-05-28 03:58:00,4
U0071,P0088,click,2025-05-31 17:23:00,2
U0071,P0148,view,2025-06-10 15:47:00,1
U0071,P0268,click,2025-06-13 23:23:00,2
U0071,P0059,click,2025-06-14 12:17:00,2
U0071,P0290,click,2025-06-21 06:32:00,2
U0071,P0309,click,2025-06-24 03:32:00,2
U0071,P0342,visit,2025-06-25 01:37:00,8
U0071,P0194,share,2025-06-29 00:48:00,5
U0071,P0183,share,2025-06-30 23:50:00,5
U0071,P0239,save,2025-07-04 13:12:00,4
U0071,P0481,view,2025-07-15 00:44:00,1
U0071,P0024,view,2025-07-18 16:23:00,1
U0071,P0413,share,2025-07-19 11:17:00,5
U0071,P0029,view,2025-07-19 18:16:00,1
U0071,P0018,view,2025-07-20 23:17:00,1
U0071,P0256,visit,2025-07-24 00:16:00,8
U0071,P0299,view,2025-07-24 03:59:00,1
U0071,P0428,visit,2025-07-30 03:00:00,8
U0071,P0402,save,2025-08-11 09:08:00,4
U0071,P0042,view,2025-08-18 18:48:00,1
U0071,P0466,visit,2025-08-26 15:42:00,8
U0071,P0435,click,2025-09-02 13:57:00,2
U0072,P0261,share,2025-01-02 11:16:00,5
U0072,P0401,save,2025-01-03 12:40:00,4
U0072,P0476,booking,2025-01-04 17:27:00,10
U0072,P0382,save,2025-01-09 07:39:00,4
U0072,P0469,save,2025-01-10 14:09:00,4
U0072,P0093,booking,2025-01-12 21:40:00,10
U0072,P0315,click,2025-01-13 23:54:00,2
U0072,P0026,click,2025-01-16 21:54:00,2
U0072,P0138,save,2025-01-17 16:08:00,4
U0072,P0120,click,2025-01-17 16:40:00,2
U0072,P0076,view,2025-01-22 14:56:00,1
U0072,P0458,dismiss,2025-01-24 03:30:00,-3
U0072,P0347,click,2025-01-25 06:01:00,2
U0072,P0065,view,2025-01-27 03:24:00,1
U0072,P0255,save,2025-01-28 19:09:00,4
U0072,P0368,click,2025-02-01 02:25:00,2
U0072,P0069,click,2025-02-03 14:10:00,2
U0072,P0165,visit,2025-02-08 14:46:00,8
U0072,P0279,save,2025-02-14 21:49:00,4
U0072,P0451,view,2025-02-15 02:26:00,1
U0072,P0008,visit,2025-02-16 14:47:00,8
U0072,P0287,share,2025-02-17 10:00:00,5
U0072,P0387,view,2025-02-26 05:51:00,1
U0072,P0404,view,2025-02-28 10:56:00,1
U0072,P0446,view,2025-03-03 14:03:00,1
U0072,P0105,share,2025-03-13 03:44:00,5
U0072,P0269,share,2025-03-14 20:32:00,5
U0072,P0016,view,2025-03-17 22:43:00,1
U0072,P0007,view,2025-03-23 15:07:00,1
U0072,P0032,click,2025-03-26 19:26:00,2
U0072,P0060,share,2025-03-29 12:37:00,5
U0072,P0490,visit,2025-04-01 16:53:00,8
U0072,P0200,save,2025-04-05 20:41:00,4
U0072,P0286,dismiss,2025-04-09 18:37:00,-3
U0072,P0199,click,2025-04-13 14:49:00,2
U0072,P0300,click,2025-04-15 07:29:00,2
U0072,P0154,click,2025-04-16 22:44:00,2
U0072,P0157,booking,2025-05-02 10:19:00,10
U0072,P0222,save,2025-05-06 01:44:00,4
U0072,P0121,share,2025-05-20 07:35:00,5
U0072,P0152,view,2025-05-23 21:50:00,1
U0072,P0052,visit,2025-05-25 11:49:00,8
U0072,P0228,save,2025-05-30 05:01:00,4
U0072,P0209,view,2025-06-01 09:53:00,1
U0072,P0411,click,2025-06-04 18:08:00,2
U0072,P0225,visit,2025-06-07 19:16:00,8
U0072,P0348,view,2025-06-11 20:20:00,1
U0072,P0229,share,2025-07-12 20:17:00,5
U0072,P0379,view,2025-07-20 06:11:00,1
U0072,P0068,save,2025-07-25 04:33:00,4
U0072,P0448,share,2025-07-25 21:46:00,5
U0072,P0113,click,2025-07-31 20:19:00,2
U0072,P0365,booking,2025-08-15 00:26:00,10
U0072,P0249,visit,2025-08-19 00:24:00,8
U0072,P0003,share,2025-08-22 01:16:00,5
U0072,P0168,visit,2025-08-28 20:17:00,8
U0072,P0214,visit,2025-08-30 12:25:00,8
U0072,P0434,view,2025-08-30 16:55:00,1
U0072,P0216,visit,2025-09-15 15:25:00,8
U0072,P0232,share,2025-09-20 20:34:00,5
U0072,P0114,view,2025-09-20 23:49:00,1
U0072,P0014,view,2025-09-22 16:42:00,1
U0072,P0220,save,2025-09-27 10:48:00,4
U0072,P0106,click,2025-10-03 03:26:00,2
U0072,P0271,view,2025-10-03 14:12:00,1
U0072,P0145,save,2025-10-04 00:27:00,4
U0072,P0306,click,2025-10-09 05:41:00,2
U0072,P0160,visit,2025-10-15 04:26:00,8
U0072,P0460,view,2025-10-17 19:26:00,1
U0072,P0227,share,2025-10-18 17:59:00,5
U0072,P0167,share,2025-10-24 10:36:00,5
U0072,P0072,view,2025-10-25 23:42:00,1
U0073,P0056,dismiss,2025-01-02 14:39:00,-3
U0073,P0423,click,2025-01-06 00:00:00,2
U0073,P0491,booking,2025-01-07 01:31:00,10
U0073,P0191,view,2025-01-14 14:47:00,1
U0073,P0467,save,2025-01-17 18:39:00,4
U0073,P0430,click,2025-01-18 09:46:00,2
U0073,P0226,visit,2025-01-18 20:54:00,8
U0073,P0436,view,2025-01-24 04:44:00,1
U0073,P0297,click,2025-01-26 16:55:00,2
U0073,P0378,share,2025-01-26 20:42:00,5
U0073,P0289,view,2025-02-03 00:44:00,1
U0073,P0126,click,2025-02-04 09:19:00,2
U0073,P0122,share,2025-02-04 09:47:00,5
U0073,P0040,view,2025-02-06 18:12:00,1
U0073,P0477,view,2025-02-07 17:50:00,1
U0073,P0370,view,2025-02-07 21:12:00,1
U0073,P0180,visit,2025-02-09 19:04:00,8
U0073,P0201,view,2025-02-10 23:47:00,1
U0073,P0457,save,2025-03-07 00:24:00,4
U0073,P0472,dismiss,2025-03-07 07:20:00,-3
U0073,P0461,view,2025-03-09 00:05:00,1
U0073,P0123,click,2025-03-19 01:33:00,2
U0073,P0236,view,2025-03-19 20:53:00,1
U0073,P0144,visit,2025-03-21 04:25:00,8
U0073,P0041,click,2025-03-21 18:58:00,2
U0073,P0277,visit,2025-03-25 10:14:00,8
U0073,P0015,save,2025-03-27 17:37:00,4
U0073,P0151,view,2025-04-04 07:21:00,1
U0073,P0431,dismiss,2025-04-05 09:54:00,-3
U0073,P0004,view,2025-04-08 09:46:00,1
U0073,P0327,view,2025-04-08 19:05:00,1
U0073,P0038,view,2025-04-13 19:33:00,1
U0073,P0067,click,2025-04-15 16:51:00,2
U0073,P0125,click,2025-04-18 14:02:00,2
U0073,P0240,visit,2025-04-26 13:05:00,8
U0073,P0142,view,2025-04-29 00:36:00,1
U0073,P0443,share,2025-05-06 20:59:00,5
U0073,P0349,save,2025-05-07 06:20:00,4
U0073,P0043,view,2025-05-07 09:31:00,1
U0073,P0259,save,2025-05-11 01:38:00,4
U0073,P0224,save,2025-05-11 16:11:00,4
U0073,P0415,click,2025-05-12 03:45:00,2
U0073,P0107,click,2025-05-14 17:57:00,2
U0073,P0185,view,2025-05-19 15:27:00,1
U0073,P0325,view,2025-05-29 00:19:00,1
U0073,P0429,save,2025-06-01 00:21:00,4
U0073,P0479,visit,2025-06-02 05:47:00,8
U0073,P0336,view,2025-06-03 03:01:00,1
U0073,P0393,booking,2025-06-04 03:15:00,10
U0073,P0344,click,2025-06-08 08:54:00,2
U0073,P0034,save,2025-06-11 12:06:00,4
U0073,P0350,view,2025-06-20 15:09:00,1
U0073,P0189,view,2025-06-20 19:47:00,1
U0073,P0354,view,2025-06-26 11:34:00,1
U0073,P0308,click,2025-06-26 12:39:00,2
U0073,P0311,click,2025-06-27 02:17:00,2
U0073,P0383,click,2025-06-30 12:12:00,2
U0073,P0235,view,2025-07-01 16:00:00,1
U0073,P0084,booking,2025-07-02 02:30:00,10
U0073,P0245,view,2025-07-09 12:34:00,1
U0073,P0170,booking,2025-07-10 13:00:00,10
U0073,P0478,share,2025-07-24 04:53:00,5
U0073,P0174,view,2025-07-28 05:12:00,1
U0073,P0215,visit,2025-07-29 13:06:00,8
U0073,P0362,view,2025-07-30 18:39:00,1
U0073,P0074,view,2025-08-02 12:04:00,1
U0073,P0092,click,2025-08-18 09:35:00,2
U0073,P0417,click,2025-08-21 18:37:00,2
U0073,P0175,booking,2025-08-26 22:31:00,10
U0073,P0205,click,2025-08-29 13:20:00,2
U0073,P0357,view,2025-08-30 20:02:00,1
U0073,P0355,visit,2025-08-31 21:23:00,8
U0073,P0262,view,2025-09-04 21:39:00,1
U0073,P0202,click,2025-09-06 13:27:00,2
U0073,P0445,view,2025-09-08 15:12:00,1
U0073,P0414,booking,2025-09-12 11:03:00,10
U0073,P0442,visit,2025-09-22 15:12:00,8
U0073,P0089,save,2025-09-27 13:36:00,4
U0073,P0162,share,2025-10-01 13:55:00,5
U0074,P0247,booking,2025-01-03 02:28:00,10
U0074,P0030,dismiss,2025-01-05 11:02:00,-3
U0074,P0242,click,2025-01-05 19:34:00,2
U0074,P0099,view,2025-01-07 04:47:00,1
U0074,P0218,click,2025-01-07 07:51:00,2
U0074,P0203,booking,2025-01-22 12:25:00,10
U0074,P0419,save,2025-01-26 19:45:00,4
U0074,P0192,save,2025-01-27 12:15:00,4
U0074,P0098,click,2025-01-29 22:24:00,2
U0074,P0420,save,2025-01-31 23:15:00,4
U0074,P0492,view,2025-02-01 11:08:00,1
U0074,P0009,save,2025-02-02 11:32:00,4
U0074,P0360,share,2025-02-08 06:15:00,5
U0074,P0394,share,2025-02-10 20:59:00,5
U0074,P0432,click,2025-02-27 18:41:00,2
U0074,P0316,visit,2025-03-05 15:39:00,8
U0074,P0130,view,2025-03-05 18:59:00,1
U0074,P0459,view,2025-03-08 11:31:00,1
U0074,P0450,save,2025-03-08 23:33:00,4
U0074,P0473,visit,2025-03-09 06:22:00,8
U0074,P0006,share,2025-03-10 14:22:00,5
U0074,P0118,share,2025-03-12 01:20:00,5
U0074,P0456,visit,2025-03-22 22:12:00,8
U0074,P0079,share,2025-03-27 19:50:00,5
U0074,P0163,view,2025-04-02 08:19:00,1
U0074,P0062,view,2025-04-06 12:02:00,1
U0074,P0230,save,2025-04-21 12:33:00,4
U0074,P0117,click,2025-04-21 18:02:00,2
U0074,P0295,save,2025-04-26 19:57:00,4
U0074,P0304,visit,2025-04-28 21:46:00,8
U0074,P0002,share,2025-05-03 13:53:00,5
U0074,P0264,view,2025-05-05 18:17:00,1
U0074,P0494,save,2025-05-16 23:47:00,4
U0074,P0131,visit,2025-05-20 20:37:00,8
U0074,P0213,save,2025-05-25 10:25:00,4
U0074,P0396,click,2025-05-27 10:14:00,2
U0074,P0221,click,2025-05-27 23:35:00,2
U0074,P0234,visit,2025-06-01 15:46:00,8
U0074,P0097,view,2025-06-13 23:29:00,1
U0074,P0197,save,2025-06-14 08:51:00,4
U0074,P0035,dismiss,2025-06-17 22:48:00,-3
U0074,P0207,save,2025-06-28 20:22:00,4
U0074,P0057,click,2025-07-06 00:04:00,2
U0074,P0282,visit,2025-07-06 04:01:00,8
U0074,P0439,click,2025-07-07 06:06:00,2
U0074,P0095,visit,2025-07-07 07:54:00,8
U0074,P0384,booking,2025-07-11 06:43:00,10
U0074,P0340,share,2025-07-16 02:47:00,5
U0074,P0178,dismiss,2025-07-18 13:08:00,-3
U0074,P0486,click,2025-07-19 23:04:00,2
U0074,P0283,save,2025-07-25 01:21:00,4
U0074,P0048,visit,2025-07-27 05:55:00,8
U0074,P0153,save,2025-07-28 05:15:00,4
U0074,P0313,save,2025-07-29 03:51:00,4
U0074,P0493,click,2025-08-04 04:19:00,2
U0074,P0444,view,2025-08-04 12:01:00,1
U0074,P0485,share,2025-08-04 15:51:00,5
U0074,P0433,view,2025-08-05 01:22:00,1
U0074,P0292,visit,2025-08-15 18:16:00,8
U0074,P0045,visit,2025-08-16 02:18:00,8
U0074,P0475,save,2025-08-18 00:18:00,4
U0074,P0312,view,2025-08-18 20:09:00,1
U0074,P0409,view,2025-08-24 11:36:00,1
U0074,P0049,save,2025-08-28 18:03:00,4
U0074,P0482,visit,2025-08-28 22:38:00,8
U0074,P0204,save,2025-08-29 21:00:00,4
U0074,P0487,booking,2025-09-01 15:17:00,10
U0074,P0397,click,2025-09-10 09:42:00,2
U0074,P0373,save,2025-09-11 01:20:00,4
U0074,P0090,save,2025-09-12 03:20:00,4
U0074,P0323,visit,2025-09-21 02:07:00,8
U0074,P0276,share,2025-09-26 20:36:00,5
U0074,P0219,click,2025-09-27 14:36:00,2
U0074,P0410,view,2025-09-29 06:18:00,1
U0074,P0408,save,2025-09-30 12:27:00,4
U0074,P0334,visit,2025-09-30 21:57:00,8
U0074,P0159,visit,2025-10-01 09:01:00,8
U0074,P0266,share,2025-10-01 13:02:00,5
U0074,P0377,visit,2025-10-05 13:01:00,8
U0075,P0464,save,2025-01-02 13:53:00,4
U0075,P0299,visit,2025-01-02 19:54:00,8
U0075,P0474,view,2025-01-04 03:26:00,1
U0075,P0231,share,2025-01-09 00:44:00,5
U0075,P0333,view,2025-01-18 10:39:00,1
U0075,P0270,booking,2025-01-20 20:30:00,10
U0075,P0412,save,2025-01-21 07:45:00,4
U0075,P0239,click,2025-01-28 04:57:00,2
U0075,P0298,view,2025-02-02 16:49:00,1
U0075,P0190,view,2025-02-06 09:36:00,1
U0075,P0116,save,2025-02-07 05:43:00,4
U0075,P0386,view,2025-02-21 05:45:00,1
U0075,P0223,visit,2025-03-07 06:28:00,8
U0075,P0422,share,2025-03-12 11:36:00,5
U0075,P0342,share,2025-03-14 13:05:00,5
U0075,P0021,view,2025-03-19 04:31:00,1
U0075,P0305,save,2025-03-23 00:53:00,4
U0075,P0337,click,2025-04-09 18:33:00,2
U0075,P0177,click,2025-04-13 22:46:00,2
U0075,P0176,share,2025-04-21 04:08:00,5
U0075,P0070,save,2025-04-22 06:04:00,4
U0075,P0353,view,2025-04-24 18:16:00,1
U0075,P0059,visit,2025-05-02 12:51:00,8
U0075,P0183,visit,2025-05-11 18:41:00,8
U0075,P0454,save,2025-05-15 13:46:00,4
U0075,P0134,visit,2025-05-19 12:01:00,8
U0075,P0073,save,2025-05-23 10:31:00,4
U0075,P0256,share,2025-05-25 19:44:00,5
U0075,P0375,save,2025-05-29 02:24:00,4
U0075,P0322,view,2025-06-03 05:52:00,1
U0075,P0366,visit,2025-06-10 00:55:00,8
U0075,P0364,view,2025-06-10 05:39:00,1
U0075,P0028,share,2025-06-13 23:28:00,5
U0075,P0044,booking,2025-06-15 11:57:00,10
U0075,P0290,click,2025-06-23 07:16:00,2
U0075,P0468,visit,2025-07-07 16:10:00,8
U0075,P0195,booking,2025-07-09 12:19:00,10
U0075,P0139,booking,2025-07-15 03:08:00,10
U0075,P0217,visit,2025-07-16 12:08:00,8
U0075,P0243,visit,2025-07-18 06:56:00,8
U0075,P0061,click,2025-07-22 03:03:00,2
U0075,P0147,share,2025-07-23 22:29:00,5
U0075,P0042,click,2025-07-25 09:46:00,2
U0075,P0024,view,2025-07-27 06:51:00,1
U0075,P0027,visit,2025-08-01 23:32:00,8
U0075,P0082,visit,2025-08-02 13:18:00,8
U0075,P0103,click,2025-08-07 01:37:00,2
U0075,P0466,booking,2025-08-08 14:26:00,10
U0075,P0435,save,2025-08-08 21:28:00,4
U0075,P0293,click,2025-08-10 20:46:00,2
U0075,P0496,save,2025-08-11 15:50:00,4
U0075,P0372,visit,2025-08-15 00:13:00,8
U0075,P0481,save,2025-08-16 04:12:00,4
U0075,P0321,view,2025-08-18 08:20:00,1
U0075,P0135,visit,2025-08-19 13:47:00,8
U0075,P0029,share,2025-08-19 14:29:00,5
U0075,P0274,click,2025-08-28 23:36:00,2
U0075,P0085,save,2025-09-02 00:59:00,4
U0075,P0013,visit,2025-09-06 23:36:00,8
U0075,P0356,visit,2025-09-11 08:01:00,8
U0075,P0253,view,2025-09-14 16:09:00,1
U0075,P0398,save,2025-09-15 09:08:00,4
U0075,P0241,view,2025-09-16 22:31:00,1
U0075,P0194,visit,2025-09-18 21:22:00,8
U0075,P0267,save,2025-09-25 01:24:00,4
U0075,P0402,booking,2025-09-25 06:37:00,10
U0075,P0233,click,2025-09-27 20:34:00,2
U0075,P0268,click,2025-10-01 20:04:00,2
U0075,P0470,visit,2025-10-05 22:17:00,8
U0075,P0413,visit,2025-10-06 01:36:00,8
U0075,P0237,save,2025-10-08 18:45:00,4
U0075,P0124,share,2025-10-13 11:03:00,5
U0075,P0018,visit,2025-10-28 06:06:00,8
U0075,P0331,save,2025-11-01 15:41:00,4
U0075,P0352,view,2025-11-03 02:16:00,1
U0075,P0055,save,2025-11-03 17:55:00,4
U0075,P0421,view,2025-11-03 22:32:00,1
U0075,P0025,click,2025-11-12 09:35:00,2
U0076,P0055,click,2025-01-01 05:45:00,2
U0076,P0217,view,2025-01-02 12:25:00,1
U0076,P0389,view,2025-01-12 13:59:00,1
U0076,P0386,view,2025-01-15 20:54:00,1
U0076,P0148,save,2025-01-23 07:05:00,4
U0076,P0465,click,2025-01-29 21:56:00,2
U0076,P0188,dismiss,2025-01-30 17:37:00,-3
U0076,P0042,click,2025-02-06 20:50:00,2
U0076,P0418,save,2025-02-16 14:34:00,4
U0076,P0025,click,2025-02-17 16:59:00,2
U0076,P0454,click,2025-02-20 16:49:00,2
U0076,P0481,save,2025-03-02 01:29:00,4
U0076,P0343,view,2025-03-02 14:39:00,1
U0076,P0268,click,2025-03-08 19:20:00,2
U0076,P0256,click,2025-03-10 00:41:00,2
U0076,P0233,dismiss,2025-03-13 21:27:00,-3
U0076,P0421,click,2025-03-17 12:52:00,2
U0076,P0183,visit,2025-03-17 20:55:00,8
U0076,P0127,view,2025-03-19 07:37:00,1
U0076,P0322,click,2025-03-20 07:08:00,2
U0076,P0474,view,2025-03-21 00:43:00,1
U0076,P0075,view,2025-03-23 06:00:00,1
U0076,P0124,visit,2025-04-03 03:59:00,8
U0076,P0210,click,2025-04-04 18:13:00,2
U0076,P0029,booking,2025-04-23 20:30:00,10
U0076,P0270,save,2025-04-27 03:36:00,4
U0076,P0195,view,2025-05-17 21:33:00,1
U0076,P0468,click,2025-05-24 19:53:00,2
U0076,P0173,click,2025-06-04 11:32:00,2
U0076,P0024,click,2025-06-09 04:02:00,2
U0076,P0028,view,2025-06-10 10:12:00,1
U0076,P0299,click,2025-06-14 15:38:00,2
U0076,P0239,save,2025-06-15 22:16:00,4
U0076,P0101,click,2025-06-20 23:05:00,2
U0076,P0194,click,2025-06-30 18:04:00,2
U0076,P0364,click,2025-07-01 16:38:00,2
U0076,P0139,view,2025-07-05 10:36:00,1
U0076,P0179,click,2025-07-18 20:50:00,2
U0076,P0305,view,2025-07-19 05:25:00,1
U0076,P0298,view,2025-07-22 22:32:00,1
U0076,P0290,view,2025-07-25 12:45:00,1
U0076,P0398,view,2025-08-04 05:15:00,1
U0076,P0231,share,2025-08-08 00:47:00,5
U0076,P0288,click,2025-08-12 14:23:00,2
U0076,P0070,view,2025-08-14 21:29:00,1
U0076,P0013,view,2025-08-15 13:13:00,1
U0076,P0241,view,2025-08-16 06:44:00,1
U0076,P0464,share,2025-08-16 13:31:00,5
U0076,P0073,view,2025-08-20 23:13:00,1
U0076,P0177,view,2025-08-24 13:53:00,1
U0076,P0176,view,2025-08-24 23:09:00,1
U0076,P0021,click,2025-08-27 14:37:00,2
U0076,P0223,view,2025-08-30 09:34:00,1
U0076,P0274,view,2025-08-30 21:52:00,1
U0076,P0356,view,2025-09-04 04:37:00,1
U0076,P0018,view,2025-09-08 00:58:00,1
U0076,P0435,share,2025-09-14 04:18:00,5
U0076,P0253,share,2025-09-14 16:48:00,5
U0076,P0428,view,2025-09-15 18:01:00,1
U0076,P0258,view,2025-09-20 13:47:00,1
U0076,P0309,click,2025-09-22 06:06:00,2
U0076,P0027,visit,2025-09-26 00:55:00,8
U0076,P0237,view,2025-10-04 16:41:00,1
U0076,P0366,view,2025-10-06 17:39:00,1
U0076,P0496,view,2025-10-08 12:45:00,1
U0076,P0243,dismiss,2025-10-08 17:06:00,-3
U0077,P0476,click,2025-01-16 18:46:00,2
U0077,P0300,view,2025-01-21 02:57:00,1
U0077,P0269,view,2025-01-24 00:13:00,1
U0077,P0198,view,2025-02-02 14:00:00,1
U0077,P0208,share,2025-02-12 20:31:00,5
U0077,P0228,visit,2025-02-18 15:55:00,8
U0077,P0458,click,2025-02-23 16:25:00,2
U0077,P0168,click,2025-03-05 19:47:00,2
U0077,P0060,view,2025-03-06 17:25:00,1
U0077,P0093,view,2025-03-07 18:51:00,1
U0077,P0003,view,2025-03-13 10:47:00,1
U0077,P0076,view,2025-03-22 20:11:00,1
U0077,P0255,view,2025-03-24 19:58:00,1
U0077,P0451,view,2025-03-26 02:32:00,1
U0077,P0032,share,2025-03-31 01:08:00,5
U0077,P0078,click,2025-04-17 09:18:00,2
U0077,P0404,view,2025-04-17 23:28:00,1
U0077,P0026,click,2025-04-22 02:36:00,2
U0077,P0440,visit,2025-05-04 06:49:00,8
U0077,P0145,view,2025-05-11 12:11:00,1
U0077,P0154,view,2025-05-11 17:13:00,1
U0077,P0387,click,2025-05-11 17:15:00,2
U0077,P0287,view,2025-05-28 21:40:00,1
U0077,P0072,click,2025-06-03 02:24:00,2
U0077,P0152,save,2025-06-03 08:42:00,4
U0077,P0222,view,2025-06-05 08:52:00,1
U0077,P0249,booking,2025-06-05 12:58:00,10
U0077,P0209,view,2025-06-07 04:55:00,1
U0077,P0066,view,2025-06-17 04:40:00,1
U0077,P0014,view,2025-06-27 20:47:00,1
U0077,P0279,view,2025-07-02 18:48:00,1
U0077,P0128,view,2025-07-04 13:56:00,1
U0077,P0200,view,2025-07-10 02:35:00,1
U0077,P0460,click,2025-07-12 01:07:00,2
U0077,P0227,dismiss,2025-07-12 08:51:00,-3
U0077,P0069,click,2025-07-13 14:29:00,2
U0077,P0329,visit,2025-07-16 15:45:00,8
U0077,P0365,view,2025-07-19 00:29:00,1
U0077,P0257,view,2025-07-26 03:17:00,1
U0077,P0220,view,2025-08-04 15:22:00,1
U0077,P0167,view,2025-08-05 17:14:00,1
U0077,P0229,view,2025-08-11 02:00:00,1
U0077,P0347,view,2025-08-19 09:01:00,1
U0077,P0165,save,2025-08-20 19:04:00,4
U0077,P0106,share,2025-08-20 22:58:00,5
U0077,P0160,view,2025-09-03 12:44:00,1
U0077,P0379,click,2025-09-06 21:28:00,2
U0077,P0105,view,2025-09-13 16:42:00,1
U0077,P0348,view,2025-10-08 10:00:00,1
U0077,P0008,click,2025-10-09 12:15:00,2
U0077,P0157,view,2025-10-13 06:26:00,1
U0077,P0284,save,2025-10-14 11:58:00,4
U0077,P0214,click,2025-10-14 23:13:00,2
U0077,P0232,save,2025-10-17 02:21:00,4
U0077,P0039,click,2025-10-26 13:51:00,2
U0077,P0225,share,2025-10-26 15:23:00,5
U0077,P0368,view,2025-10-27 11:47:00,1
U0077,P0121,visit,2025-11-09 03:27:00,8
U0078,P0223,view,2025-01-03 03:17:00,1
U0078,P0256,click,2025-01-10 03:55:00,2
U0078,P0073,share,2025-01-14 13:50:00,5
U0078,P0398,click,2025-01-15 07:01:00,2
U0078,P0353,click,2025-01-20 01:20:00,2
U0078,P0139,save,2025-01-25 11:24:00,4
U0078,P0474,view,2025-01-28 23:51:00,1
U0078,P0148,click,2025-02-01 19:58:00,2
U0078,P0342,visit,2025-02-03 08:31:00,8
U0078,P0082,view,2025-02-08 03:48:00,1
U0078,P0464,booking,2025-02-12 03:25:00,10
U0078,P0059,share,2025-02-17 10:44:00,5
U0078,P0337,view,2025-02-18 21:47:00,1
U0078,P0085,visit,2025-02-19 09:50:00,8
U0078,P0024,visit,2025-02-19 11:55:00,8
U0078,P0194,click,2025-02-21 12:46:00,2
U0078,P0108,view,2025-02-22 10:04:00,1
U0078,P0111,visit,2025-02-22 10:30:00,8
U0078,P0270,visit,2025-02-23 08:30:00,8
U0078,P0309,visit,2025-03-08 12:03:00,8
U0078,P0044,share,2025-03-11 04:17:00,5
U0078,P0025,save,2025-03-13 20:01:00,4
U0078,P0029,click,2025-03-20 00:25:00,2
U0078,P0070,click,2025-03-20 09:12:00,2
U0078,P0075,view,2025-04-01 12:25:00,1
U0078,P0268,click,2025-04-05 21:11:00,2
U0078,P0422,share,2025-04-17 08:34:00,5
U0078,P0465,save,2025-04-19 21:18:00,4
U0078,P0470,view,2025-04-20 05:15:00,1
U0078,P0176,click,2025-04-25 10:17:00,2
U0078,P0375,share,2025-04-25 21:32:00,5
U0078,P0055,booking,2025-04-27 20:11:00,10
U0078,P0343,visit,2025-04-29 11:25:00,8
U0078,P0190,dismiss,2025-04-29 18:08:00,-3
U0078,P0466,click,2025-05-05 08:42:00,2
U0078,P0402,click,2025-05-07 20:32:00,2
U0078,P0239,save,2025-05-07 21:36:00,4
U0078,P0021,save,2025-05-08 06:54:00,4
U0078,P0364,visit,2025-05-12 10:47:00,8
U0078,P0481,booking,2025-05-16 18:32:00,10
U0078,P0231,view,2025-05-18 05:47:00,1
U0078,P0356,visit,2025-05-28 23:06:00,8
U0078,P0243,click,2025-06-02 19:28:00,2
U0078,P0274,share,2025-06-05 05:32:00,5
U0078,P0352,save,2025-06-07 06:14:00,4
U0078,P0333,click,2025-06-12 21:14:00,2
U0078,P0116,view,2025-06-20 04:13:00,1
U0078,P0179,save,2025-06-23 06:35:00,4
U0078,P0134,click,2025-06-23 23:15:00,2
U0078,P0088,visit,2025-07-06 05:33:00,8
U0078,P0386,view,2025-07-09 05:18:00,1
U0078,P0217,save,2025-07-09 07:15:00,4
U0078,P0061,save,2025-07-09 10:36:00,4
U0078,P0293,view,2025-07-13 03:50:00,1
U0078,P0237,booking,2025-07-19 05:23:00,10
U0078,P0028,view,2025-07-21 13:46:00,1
U0078,P0042,view,2025-07-24 09:49:00,1
U0078,P0210,visit,2025-07-25 13:57:00,8
U0078,P0013,click,2025-07-27 18:44:00,2
U0078,P0103,click,2025-07-29 15:02:00,2
U0078,P0195,visit,2025-07-30 17:21:00,8
U0078,P0101,save,2025-07-30 21:18:00,4
U0078,P0183,save,2025-08-02 13:19:00,4
U0078,P0253,visit,2025-08-03 06:47:00,8
U0078,P0372,visit,2025-08-08 00:11:00,8
U0078,P0321,view,2025-08-09 13:12:00,1
U0078,P0331,view,2025-08-12 14:40:00,1
U0078,P0290,click,2025-08-15 08:59:00,2
U0078,P0322,click,2025-08-23 20:44:00,2
U0078,P0413,share,2025-08-30 22:10:00,5
U0078,P0135,visit,2025-09-12 06:30:00,8
U0078,P0381,dismiss,2025-09-14 23:27:00,-3
U0078,P0389,visit,2025-09-21 20:12:00,8
U0078,P0468,view,2025-09-23 04:08:00,1
U0078,P0288,click,2025-10-03 04:18:00,2
U0078,P0435,view,2025-10-17 15:37:00,1
U0078,P0244,view,2025-10-21 17:40:00,1
U0079,P0469,dismiss,2025-01-03 00:40:00,-3
U0079,P0216,save,2025-01-03 05:59:00,4
U0079,P0076,view,2025-01-04 15:26:00,1
U0079,P0460,view,2025-01-09 04:19:00,1
U0079,P0306,visit,2025-01-12 21:02:00,8
U0079,P0434,view,2025-01-20 04:33:00,1
U0079,P0120,view,2025-01-21 07:18:00,1
U0079,P0145,save,2025-01-21 22:32:00,4
U0079,P0008,save,2025-01-25 02:45:00,4
U0079,P0152,save,2025-01-27 13:38:00,4
U0079,P0228,save,2025-01-30 00:23:00,4
U0079,P0225,view,2025-02-03 22:29:00,1
U0079,P0476,view,2025-02-06 07:35:00,1
U0079,P0186,booking,2025-02-07 19:38:00,10
U0079,P0114,view,2025-02-08 13:03:00,1
U0079,P0222,view,2025-02-10 01:58:00,1
U0079,P0348,view,2025-02-17 03:08:00,1
U0079,P0287,view,2025-02-24 18:40:00,1
U0079,P0007,view,2025-03-02 11:18:00,1
U0079,P0167,visit,2025-03-11 15:59:00,8
U0079,P0300,view,2025-03-13 20:23:00,1
U0079,P0039,click,2025-03-15 03:54:00,2
U0079,P0232,visit,2025-04-05 12:04:00,8
U0079,P0387,view,2025-04-18 10:12:00,1
U0079,P0060,view,2025-04-24 00:52:00,1
U0079,P0157,view,2025-05-14 04:03:00,1
U0079,P0032,booking,2025-05-20 03:31:00,10
U0079,P0065,share,2025-05-25 15:46:00,5
U0079,P0168,booking,2025-06-09 02:00:00,10
U0079,P0249,save,2025-06-15 05:48:00,4
U0079,P0161,save,2025-06-18 09:35:00,4
U0079,P0329,visit,2025-06-21 06:21:00,8
U0079,P0106,click,2025-07-03 13:24:00,2
U0079,P0068,share,2025-07-07 00:16:00,5
U0079,P0113,click,2025-07-13 16:41:00,2
U0079,P0136,click,2025-07-26 04:48:00,2
U0079,P0448,share,2025-07-28 17:16:00,5
U0079,P0490,save,2025-07-30 13:34:00,4
U0079,P0379,view,2025-08-02 03:25:00,1
U0079,P0440,view,2025-08-04 05:16:00,1
U0079,P0100,view,2025-08-08 06:38:00,1
U0079,P0069,share,2025-08-10 14:22:00,5
U0079,P0278,booking,2025-08-16 03:56:00,10
U0079,P0052,view,2025-08-22 04:24:00,1
U0079,P0315,click,2025-08-26 21:55:00,2
U0079,P0453,save,2025-09-01 16:23:00,4
U0079,P0121,visit,2025-09-09 12:18:00,8
U0079,P0209,click,2025-09-11 03:13:00,2
U0079,P0105,view,2025-10-01 14:54:00,1
U0079,P0016,click,2025-10-06 01:47:00,2
U0079,P0066,click,2025-10-06 12:03:00,2
U0079,P0014,view,2025-10-15 13:54:00,1
U0079,P0160,click,2025-10-19 19:14:00,2
U0079,P0411,click,2025-10-23 09:10:00,2
U0079,P0255,click,2025-10-26 17:38:00,2
U0079,P0138,visit,2025-10-26 21:19:00,8
U0079,P0401,save,2025-10-30 03:13:00,4
U0080,P0478,share,2025-01-01 13:38:00,5
U0080,P0297,visit,2025-01-03 01:17:00,8
U0080,P0314,view,2025-01-05 17:18:00,1
U0080,P0414,click,2025-01-07 23:07:00,2
U0080,P0151,click,2025-01-08 12:04:00,2
U0080,P0443,click,2025-01-11 04:38:00,2
U0080,P0040,booking,2025-01-11 17:48:00,10
U0080,P0385,visit,2025-01-17 06:07:00,8
U0080,P0423,click,2025-01-23 02:25:00,2
U0080,P0133,click,2025-01-25 12:21:00,2
U0080,P0170,save,2025-01-26 22:19:00,4
U0080,P0043,visit,2025-01-30 20:01:00,8
U0080,P0236,visit,2025-02-08 09:21:00,8
U0080,P0081,view,2025-02-10 14:45:00,1
U0080,P0350,click,2025-02-14 13:29:00,2
U0080,P0181,click,2025-02-16 14:10:00,2
U0080,P0215,visit,2025-02-20 12:09:00,8
U0080,P0277,booking,2025-02-20 15:18:00,10
U0080,P0491,visit,2025-03-03 11:43:00,8
U0080,P0083,view,2025-03-06 09:07:00,1
U0080,P0067,view,2025-03-06 11:48:00,1
U0080,P0162,save,2025-03-09 00:19:00,4
U0080,P0477,click,2025-03-13 11:14:00,2
U0080,P0393,save,2025-03-13 16:24:00,4
U0080,P0301,view,2025-03-14 08:11:00,1
U0080,P0436,view,2025-03-15 07:00:00,1
U0080,P0472,save,2025-03-15 19:50:00,4
U0080,P0363,click,2025-03-22 19:08:00,2
U0080,P0107,visit,2025-03-24 20:39:00,8
U0080,P0125,save,2025-03-31 15:36:00,4
U0080,P0479,click,2025-04-05 04:02:00,2
U0080,P0457,click,2025-04-05 10:24:00,2
U0080,P0126,booking,2025-04-05 22:37:00,10
U0080,P0417,save,2025-04-18 15:54:00,4
U0080,P0164,view,2025-04-19 09:32:00,1
U0080,P0349,view,2025-04-20 07:42:00,1
U0080,P0144,view,2025-04-22 04:47:00,1
U0080,P0378,visit,2025-04-24 02:20:00,8
U0080,P0005,view,2025-04-25 13:42:00,1
U0080,P0240,view,2025-04-26 01:17:00,1
U0080,P0246,view,2025-04-29 18:10:00,1
U0080,P0226,booking,2025-04-30 02:24:00,10
U0080,P0091,click,2025-04-30 14:48:00,2
U0080,P0319,click,2025-05-04 18:11:00,2
U0080,P0406,click,2025-05-05 06:23:00,2
U0080,P0480,share,2025-05-20 11:28:00,5
U0080,P0089,view,2025-05-23 05:23:00,1
U0080,P0383,click,2025-05-24 06:30:00,2
U0080,P0355,visit,2025-05-27 11:46:00,8
U0080,P0415,save,2025-05-28 07:28:00,4
U0080,P0146,view,2025-05-30 11:11:00,1
U0080,P0202,view,2025-06-04 14:49:00,1
U0080,P0092,booking,2025-06-08 00:46:00,10
U0080,P0004,save,2025-06-11 14:18:00,4
U0080,P0325,visit,2025-06-12 04:28:00,8
U0080,P0022,visit,2025-06-13 10:35:00,8
U0080,P0054,save,2025-06-15 11:58:00,4
U0080,P0142,visit,2025-06-17 17:21:00,8
U0080,P0442,visit,2025-06-19 10:15:00,8
U0080,P0467,save,2025-06-23 21:38:00,4
U0080,P0115,dismiss,2025-07-03 04:33:00,-3
U0080,P0357,save,2025-07-08 11:38:00,4
U0080,P0259,view,2025-07-12 09:28:00,1
U0080,P0362,view,2025-07-13 00:10:00,1
U0080,P0445,view,2025-07-23 09:17:00,1
U0080,P0327,save,2025-07-23 19:06:00,4
U0080,P0180,save,2025-07-24 19:39:00,4
U0080,P0262,visit,2025-07-27 12:38:00,8
U0080,P0224,click,2025-08-01 02:59:00,2
U0080,P0354,view,2025-08-03 03:42:00,1
U0080,P0015,visit,2025-08-09 18:40:00,8
U0080,P0123,share,2025-08-11 12:11:00,5
U0080,P0174,click,2025-08-16 08:59:00,2
U0080,P0344,click,2025-08-19 18:39:00,2
U0080,P0150,click,2025-08-20 01:15:00,2
U0080,P0211,visit,2025-08-27 17:49:00,8
U0080,P0122,save,2025-09-10 11:37:00,4
U0080,P0056,view,2025-09-13 05:20:00,1
U0081,P0321,share,2025-01-03 03:04:00,5
U0081,P0422,booking,2025-01-03 05:09:00,10
U0081,P0134,share,2025-01-07 03:59:00,5
U0081,P0135,share,2025-01-13 06:14:00,5
U0081,P0179,share,2025-01-19 09:16:00,5
U0081,P0298,visit,2025-01-22 19:40:00,8
U0081,P0108,share,2025-01-25 06:33:00,5
U0081,P0268,view,2025-01-26 23:43:00,1
U0081,P0124,share,2025-01-27 03:55:00,5
U0081,P0322,save,2025-01-31 17:56:00,4
U0081,P0356,view,2025-02-17 18:59:00,1
U0081,P0413,click,2025-02-25 10:18:00,2
U0081,P0343,share,2025-03-09 18:07:00,5
U0081,P0024,click,2025-03-10 02:18:00,2
U0081,P0111,booking,2025-03-12 04:01:00,10
U0081,P0116,share,2025-03-12 10:00:00,5
U0081,P0082,visit,2025-03-12 11:07:00,8
U0081,P0147,visit,2025-03-15 07:12:00,8
U0081,P0256,click,2025-03-21 22:03:00,2
U0081,P0044,click,2025-03-26 08:52:00,2
U0081,P0013,click,2025-04-07 04:16:00,2
U0081,P0061,click,2025-04-11 09:57:00,2
U0081,P0299,share,2025-04-11 13:40:00,5
U0081,P0210,share,2025-04-15 06:27:00,5
U0081,P0337,visit,2025-04-16 12:00:00,8
U0081,P0042,booking,2025-04-21 08:43:00,10
U0081,P0464,view,2025-04-21 11:03:00,1
U0081,P0421,visit,2025-04-22 15:19:00,8
U0081,P0389,share,2025-04-23 21:08:00,5
U0081,P0468,booking,2025-04-29 23:20:00,10
U0081,P0481,share,2025-05-04 02:22:00,5
U0081,P0386,save,2025-05-10 17:13:00,4
U0081,P0018,save,2025-05-10 19:58:00,4
U0081,P0021,save,2025-05-18 04:04:00,4
U0081,P0029,view,2025-05-18 04:24:00,1
U0081,P0070,view,2025-05-19 10:04:00,1
U0081,P0267,share,2025-05-21 16:41:00,5
U0081,P0244,click,2025-05-25 01:17:00,2
U0081,P0233,click,2025-05-27 13:56:00,2
U0081,P0364,view,2025-06-04 13:55:00,1
U0081,P0474,view,2025-06-19 06:33:00,1
U0081,P0183,share,2025-06-20 03:09:00,5
U0081,P0176,save,2025-06-21 20:43:00,4
U0081,P0331,visit,2025-06-26 15:46:00,8
U0081,P0194,view,2025-06-26 16:45:00,1
U0081,P0288,view,2025-07-08 03:01:00,1
U0081,P0217,click,2025-07-15 00:50:00,2
U0081,P0305,save,2025-07-16 17:59:00,4
U0081,P0342,share,2025-07-17 19:30:00,5
U0081,P0085,view,2025-07-20 03:30:00,1
U0081,P0466,share,2025-07-20 10:59:00,5
U0081,P0188,share,2025-07-22 15:25:00,5
U0081,P0025,visit,2025-07-27 12:57:00,8
U0081,P0454,save,2025-07-30 08:33:00,4
U0081,P0237,visit,2025-07-31 18:08:00,8
U0081,P0293,save,2025-08-03 08:36:00,4
U0081,P0190,view,2025-08-04 04:48:00,1
U0081,P0195,share,2025-08-14 16:18:00,5
U0081,P0028,click,2025-08-14 18:49:00,2
U0081,P0173,click,2025-08-16 00:25:00,2
U0081,P0402,visit,2025-08-16 20:46:00,8
U0081,P0055,click,2025-08-18 13:45:00,2
U0081,P0253,save,2025-08-20 17:43:00,4
U0081,P0258,view,2025-08-20 21:36:00,1
U0081,P0127,view,2025-08-23 10:22:00,1
U0081,P0418,dismiss,2025-09-08 11:43:00,-3
U0081,P0073,booking,2025-09-10 05:38:00,10
U0081,P0027,click,2025-09-10 14:35:00,2
U0081,P0290,share,2025-09-13 23:47:00,5
U0081,P0059,visit,2025-09-16 01:12:00,8
U0081,P0270,view,2025-09-18 05:44:00,1
U0081,P0241,visit,2025-09-18 10:04:00,8
U0081,P0088,save,2025-09-18 18:40:00,4
U0081,P0223,save,2025-09-23 09:32:00,4
U0081,P0333,share,2025-09-24 09:44:00,5
U0081,P0428,view,2025-09-24 13:12:00,1
U0081,P0103,share,2025-10-04 19:25:00,5
U0081,P0101,click,2025-10-15 11:58:00,2
U0082,P0183,view,2025-01-02 01:51:00,1
U0082,P0237,save,2025-01-05 20:29:00,4
U0082,P0243,dismiss,2025-01-07 02:58:00,-3
U0082,P0402,save,2025-01-11 11:44:00,4
U0082,P0085,save,2025-01-11 17:25:00,4
U0082,P0299,click,2025-01-16 16:02:00,2
U0082,P0337,visit,2025-01-18 22:56:00,8
U0082,P0194,save,2025-01-20 18:03:00,4
U0082,P0435,dismiss,2025-01-21 19:39:00,-3
U0082,P0454,view,2025-02-05 12:45:00,1
U0082,P0139,click,2025-02-07 01:52:00,2
U0082,P0075,click,2025-02-14 18:01:00,2
U0082,P0293,click,2025-02-28 10:31:00,2
U0082,P0496,save,2025-02-28 12:41:00,4
U0082,P0352,share,2025-03-01 03:56:00,5
U0082,P0412,visit,2025-03-10 12:22:00,8
U0082,P0466,visit,2025-03-14 22:54:00,8
U0082,P0270,view,2025-03-19 05:59:00,1
U0082,P0147,visit,2025-03-19 13:00:00,8
U0082,P0173,view,2025-03-27 15:50:00,1
U0082,P0465,click,2025-03-27 23:31:00,2
U0082,P0025,view,2025-04-06 03:18:00,1
U0082,P0070,click,2025-04-12 07:20:00,2
U0082,P0464,share,2025-04-14 23:03:00,5
U0082,P0018,view,2025-04-15 07:20:00,1
U0082,P0389,save,2025-04-17 04:31:00,4
U0082,P0217,share,2025-04-17 21:16:00,5
U0082,P0244,view,2025-04-22 12:38:00,1
U0082,P0134,visit,2025-04-25 17:55:00,8
U0082,P0073,view,2025-05-01 06:18:00,1
U0082,P0470,save,2025-05-05 13:03:00,4
U0082,P0028,click,2025-05-10 12:15:00,2
U0082,P0331,view,2025-05-13 07:39:00,1
U0082,P0135,visit,2025-05-16 18:57:00,8
U0082,P0024,dismiss,2025-05-17 00:01:00,-3
U0082,P0375,click,2025-05-23 04:12:00,2
U0082,P0055,visit,2025-05-25 04:43:00,8
U0082,P0013,dismiss,2025-05-26 15:42:00,-3
U0082,P0044,share,2025-05-26 21:53:00,5
U0082,P0309,booking,2025-06-01 21:18:00,10
U0082,P0059,visit,2025-06-05 21:47:00,8
U0082,P0268,booking,2025-06-13 04:44:00,10
U0082,P0364,save,2025-07-06 04:49:00,4
U0082,P0468,share,2025-07-06 06:49:00,5
U0082,P0231,dismiss,2025-07-06 22:39:00,-3
U0082,P0188,view,2025-07-13 00:20:00,1
U0082,P0305,share,2025-07-14 21:45:00,5
U0082,P0027,visit,2025-07-19 06:00:00,8
U0082,P0418,booking,2025-07-21 17:21:00,10
U0082,P0274,save,2025-07-24 12:49:00,4
U0082,P0127,click,2025-07-31 20:24:00,2
U0082,P0381,view,2025-08-04 20:58:00,1
U0082,P0148,visit,2025-08-07 03:43:00,8
U0082,P0042,click,2025-08-11 11:49:00,2
U0082,P0124,save,2025-08-15 02:09:00,4
U0082,P0356,share,2025-08-22 13:18:00,5
U0082,P0298,view,2025-08-22 17:58:00,1
U0082,P0111,click,2025-08-28 10:38:00,2
U0082,P0321,click,2025-08-29 03:48:00,2
U0082,P0082,view,2025-08-30 04:56:00,1
U0082,P0088,view,2025-09-01 03:24:00,1
U0082,P0177,save,2025-09-01 15:29:00,4
U0082,P0322,click,2025-09-04 20:32:00,2
U0082,P0428,view,2025-09-08 06:56:00,1
U0082,P0241,click,2025-09-09 02:38:00,2
U0082,P0422,visit,2025-09-14 09:08:00,8
U0082,P0256,save,2025-09-23 04:19:00,4
U0082,P0481,visit,2025-10-14 10:17:00,8
U0082,P0474,view,2025-10-14 18:45:00,1
U0082,P0190,visit,2025-10-19 02:52:00,8
U0082,P0258,click,2025-10-20 12:30:00,2
U0082,P0103,click,2025-10-24 18:40:00,2
U0082,P0342,view,2025-11-05 01:00:00,1
U0083,P0280,view,2025-01-03 16:57:00,1
U0083,P0281,share,2025-01-07 02:41:00,5
U0083,P0463,view,2025-01-09 12:10:00,1
U0083,P0497,view,2025-01-10 03:06:00,1
U0083,P0019,save,2025-01-11 04:51:00,4
U0083,P0318,visit,2025-01-16 02:58:00,8
U0083,P0335,view,2025-01-22 00:50:00,1
U0083,P0169,click,2025-01-23 00:45:00,2
U0083,P0392,save,2025-02-17 17:34:00,4
U0083,P0495,booking,2025-02-28 09:33:00,10
U0083,P0156,visit,2025-03-02 20:35:00,8
U0083,P0001,view,2025-03-18 10:40:00,1
U0083,P0166,view,2025-04-07 17:23:00,1
U0083,P0137,share,2025-04-10 14:41:00,5
U0083,P0317,visit,2025-04-28 21:59:00,8
U0083,P0272,booking,2025-04-30 20:01:00,10
U0083,P0077,click,2025-05-04 04:01:00,2
U0083,P0424,view,2025-05-14 05:57:00,1
U0083,P0251,click,2025-05-18 16:12:00,2
U0083,P0452,click,2025-05-19 19:45:00,2
U0083,P0275,share,2025-05-21 05:36:00,5
U0083,P0187,share,2025-05-30 18:37:00,5
U0083,P0010,view,2025-06-01 00:35:00,1
U0083,P0143,view,2025-06-01 17:47:00,1
U0083,P0064,click,2025-06-03 07:55:00,2
U0083,P0252,click,2025-06-03 16:20:00,2
U0083,P0184,view,2025-06-06 10:51:00,1
U0083,P0399,share,2025-06-15 10:39:00,5
U0083,P0488,view,2025-06-16 05:11:00,1
U0083,P0499,view,2025-06-19 23:04:00,1
U0083,P0254,save,2025-06-22 17:02:00,4
U0083,P0129,save,2025-06-30 20:35:00,4
U0083,P0326,booking,2025-07-02 00:48:00,10
U0083,P0141,click,2025-07-06 07:30:00,2
U0083,P0058,save,2025-07-08 13:43:00,4
U0083,P0361,visit,2025-07-10 07:16:00,8
U0083,P0046,visit,2025-07-14 17:57:00,8
U0083,P0212,view,2025-07-17 20:45:00,1
U0083,P0248,save,2025-07-18 10:30:00,4
U0083,P0403,click,2025-07-20 21:38:00,2
U0083,P0484,booking,2025-07-23 02:25:00,10
U0083,P0400,dismiss,2025-08-05 04:16:00,-3
U0083,P0330,visit,2025-08-08 01:03:00,8
U0083,P0260,view,2025-08-08 17:34:00,1
U0083,P0328,view,2025-08-08 20:10:00,1
U0083,P0291,click,2025-08-09 19:44:00,2
U0083,P0339,view,2025-08-14 02:41:00,1
U0083,P0086,booking,2025-08-14 03:57:00,10
U0083,P0080,view,2025-08-16 16:53:00,1
U0083,P0324,dismiss,2025-08-17 17:53:00,-3
U0083,P0320,click,2025-09-02 15:29:00,2
U0083,P0438,visit,2025-09-09 11:40:00,8
U0083,P0050,view,2025-09-11 08:03:00,1
U0083,P0427,dismiss,2025-09-13 20:12:00,-3
U0083,P0172,save,2025-09-17 12:53:00,4
U0083,P0302,view,2025-09-21 06:42:00,1
U0083,P0110,view,2025-09-30 00:20:00,1
U0083,P0367,view,2025-10-02 03:08:00,1
U0083,P0263,view,2025-10-09 20:38:00,1
U0083,P0196,save,2025-10-10 18:12:00,4
U0083,P0388,visit,2025-10-19 22:44:00,8
U0083,P0374,click,2025-10-20 02:52:00,2
U0083,P0390,save,2025-11-05 05:16:00,4
U0083,P0447,share,2025-11-05 15:24:00,5
U0083,P0296,save,2025-11-06 06:52:00,4
U0084,P0395,click,2025-01-13 23:18:00,2
U0084,P0187,view,2025-01-18 06:47:00,1
U0084,P0307,view,2025-01-25 08:00:00,1
U0084,P0392,view,2025-01-27 00:51:00,1
U0084,P0011,view,2025-01-28 23:32:00,1
U0084,P0484,view,2025-01-29 05:38:00,1
U0084,P0010,click,2025-01-31 13:36:00,2
U0084,P0317,view,2025-02-02 14:13:00,1
U0084,P0263,share,2025-02-08 07:53:00,5
U0084,P0129,click,2025-02-13 01:43:00,2
U0084,P0254,save,2025-02-13 16:54:00,4
U0084,P0158,view,2025-02-16 21:18:00,1
U0084,P0019,click,2025-02-20 18:35:00,2
U0084,P0339,save,2025-02-21 05:48:00,4
U0084,P0275,click,2025-02-24 07:16:00,2
U0084,P0324,booking,2025-02-24 10:01:00,10
U0084,P0143,click,2025-03-02 21:41:00,2
U0084,P0452,view,2025-03-06 21:45:00,1
U0084,P0080,save,2025-03-13 02:42:00,4
U0084,P0399,view,2025-03-16 11:38:00,1
U0084,P0499,booking,2025-03-24 16:07:00,10
U0084,P0367,view,2025-03-27 13:16:00,1
U0084,P0391,visit,2025-03-31 23:15:00,8
U0084,P0087,click,2025-04-01 00:08:00,2
U0084,P0374,view,2025-04-16 08:26:00,1
U0084,P0358,click,2025-04-22 21:29:00,2
U0084,P0017,view,2025-04-28 16:58:00,1
U0084,P0169,share,2025-04-30 02:38:00,5
U0084,P0206,click,2025-05-01 19:38:00,2
U0084,P0238,visit,2025-05-02 20:49:00,8
U0084,P0330,visit,2025-05-03 13:34:00,8
U0084,P0338,click,2025-05-05 12:19:00,2
U0084,P0438,view,2025-05-07 14:16:00,1
U0084,P0037,view,2025-05-11 08:20:00,1
U0084,P0488,view,2025-05-12 16:07:00,1
U0084,P0427,view,2025-06-03 07:27:00,1
U0084,P0053,click,2025-06-07 16:22:00,2
U0084,P0001,save,2025-06-08 20:22:00,4
U0084,P0361,click,2025-06-11 16:25:00,2
U0084,P0077,share,2025-06-12 15:23:00,5
U0084,P0390,share,2025-06-18 23:39:00,5
U0084,P0351,click,2025-06-19 09:37:00,2
U0084,P0119,click,2025-06-21 01:45:00,2
U0084,P0318,click,2025-06-22 02:27:00,2
U0084,P0251,share,2025-06-27 19:47:00,5
U0084,P0403,visit,2025-07-07 01:54:00,8
U0084,P0046,click,2025-07-09 14:24:00,2
U0084,P0141,click,2025-07-11 06:03:00,2
U0084,P0500,visit,2025-07-17 03:53:00,8
U0084,P0369,save,2025-07-19 10:51:00,4
U0084,P0497,save,2025-07-20 05:00:00,4
U0084,P0058,view,2025-07-28 04:43:00,1
U0084,P0426,save,2025-08-01 14:12:00,4
U0084,P0424,view,2025-08-03 14:14:00,1
U0084,P0050,view,2025-08-05 23:46:00,1
U0084,P0320,click,2025-08-06 00:32:00,2
U0084,P0405,click,2025-08-07 04:43:00,2
U0084,P0137,click,2025-08-09 07:01:00,2
U0084,P0303,save,2025-08-15 20:18:00,4
U0084,P0296,view,2025-08-17 05:04:00,1
U0084,P0252,click,2025-08-20 12:03:00,2
U0084,P0156,save,2025-08-20 15:00:00,4
U0084,P0140,click,2025-08-27 05:38:00,2
U0084,P0110,click,2025-08-28 19:08:00,2
U0084,P0328,click,2025-09-08 07:52:00,2
U0084,P0332,visit,2025-09-10 01:19:00,8
U0084,P0280,click,2025-09-11 17:39:00,2
U0084,P0036,view,2025-09-16 03:02:00,1
U0084,P0086,view,2025-09-19 20:28:00,1
U0084,P0196,view,2025-09-24 07:35:00,1
U0084,P0012,click,2025-10-12 16:02:00,2
U0084,P0020,view,2025-10-17 16:43:00,1
U0084,P0455,visit,2025-10-27 03:43:00,8
U0085,P0483,visit,2025-01-05 13:04:00,8
U0085,P0394,click,2025-01-07 15:04:00,2
U0085,P0242,visit,2025-01-24 09:44:00,8
U0085,P0312,visit,2025-01-25 03:48:00,8
U0085,P0420,click,2025-01-30 10:10:00,2
U0085,P0410,visit,2025-02-05 09:19:00,8
U0085,P0062,click,2025-02-10 11:36:00,2
U0085,P0487,visit,2025-02-15 18:53:00,8
U0085,P0230,share,2025-02-18 02:34:00,5
U0085,P0276,click,2025-02-19 21:19:00,2
U0085,P0492,click,2025-02-22 11:11:00,2
U0085,P0316,share,2025-02-27 19:25:00,5
U0085,P0377,view,2025-03-05 03:17:00,1
U0085,P0437,share,2025-03-05 04:30:00,5
U0085,P0213,visit,2025-03-11 03:31:00,8
U0085,P0439,save,2025-03-26 23:08:00,4
U0085,P0264,share,2025-03-29 03:24:00,5
U0085,P0049,click,2025-03-31 20:42:00,2
U0085,P0099,click,2025-04-02 23:55:00,2
U0085,P0057,share,2025-04-03 23:09:00,5
U0085,P0045,save,2025-04-07 21:44:00,4
U0085,P0023,click,2025-04-09 00:05:00,2
U0085,P0475,save,2025-04-17 13:16:00,4
U0085,P0071,visit,2025-04-17 20:52:00,8
U0085,P0294,visit,2025-04-19 16:54:00,8
U0085,P0493,save,2025-04-22 00:18:00,4
U0085,P0494,click,2025-04-22 21:41:00,2
U0085,P0376,view,2025-04-24 22:12:00,1
U0085,P0482,click,2025-04-27 22:53:00,2
U0085,P0118,visit,2025-04-29 00:01:00,8
U0085,P0095,click,2025-05-01 21:38:00,2
U0085,P0471,view,2025-05-04 02:30:00,1
U0085,P0247,visit,2025-05-09 12:20:00,8
U0085,P0473,share,2025-05-16 01:24:00,5
U0085,P0373,click,2025-05-18 18:02:00,2
U0085,P0159,visit,2025-05-23 17:14:00,8
U0085,P0304,click,2025-05-23 23:13:00,2
U0085,P0221,view,2025-05-26 18:39:00,1
U0085,P0117,click,2025-05-28 21:24:00,2
U0085,P0130,save,2025-06-01 11:33:00,4
U0085,P0323,click,2025-06-01 16:14:00,2
U0085,P0266,visit,2025-06-18 19:14:00,8
U0085,P0153,save,2025-06-20 16:14:00,4
U0085,P0408,share,2025-06-21 13:22:00,5
U0085,P0079,visit,2025-06-24 22:26:00,8
U0085,P0204,share,2025-06-25 03:28:00,5
U0085,P0035,view,2025-06-30 14:52:00,1
U0085,P0163,visit,2025-07-13 17:36:00,8
U0085,P0459,dismiss,2025-07-18 18:32:00,-3
U0085,P0283,save,2025-07-20 12:11:00,4
U0085,P0207,click,2025-07-25 20:03:00,2
U0085,P0192,visit,2025-07-28 06:53:00,8
U0085,P0006,booking,2025-07-28 07:06:00,10
U0085,P0334,click,2025-07-30 06:31:00,2
U0085,P0310,booking,2025-08-01 03:26:00,10
U0085,P0407,booking,2025-08-04 03:51:00,10
U0085,P0097,view,2025-08-07 15:22:00,1
U0085,P0203,save,2025-08-18 16:39:00,4
U0085,P0273,click,2025-08-18 19:38:00,2
U0085,P0002,view,2025-08-20 05:08:00,1
U0085,P0149,booking,2025-08-23 13:49:00,10
U0085,P0051,view,2025-08-25 11:53:00,1
U0085,P0485,booking,2025-09-01 21:10:00,10
U0085,P0295,share,2025-09-03 00:53:00,5
U0085,P0432,click,2025-09-03 03:33:00,2
U0085,P0218,view,2025-09-03 10:43:00,1
U0085,P0048,click,2025-09-05 00:13:00,2
U0085,P0341,save,2025-09-05 01:24:00,4
U0085,P0094,click,2025-09-07 21:38:00,2
U0085,P0178,view,2025-09-10 06:40:00,1
U0085,P0456,booking,2025-09-11 13:13:00,10
U0085,P0425,save,2025-09-20 05:17:00,4
U0085,P0090,click,2025-09-22 23:06:00,2
U0085,P0030,click,2025-09-24 20:16:00,2
U0085,P0449,visit,2025-09-29 05:44:00,8
U0085,P0360,share,2025-09-30 23:26:00,5
U0086,P0259,visit,2025-01-03 01:48:00,8
U0086,P0311,visit,2025-01-05 07:36:00,8
U0086,P0319,view,2025-01-09 13:44:00,1
U0086,P0162,save,2025-01-09 20:21:00,4
U0086,P0442,click,2025-01-14 06:51:00,2
U0086,P0164,dismiss,2025-01-16 05:44:00,-3
U0086,P0301,click,2025-02-03 10:26:00,2
U0086,P0185,dismiss,2025-02-03 20:52:00,-3
U0086,P0125,save,2025-02-06 00:41:00,4
U0086,P0362,view,2025-02-08 21:57:00,1
U0086,P0174,dismiss,2025-02-13 08:39:00,-3
U0086,P0092,save,2025-02-19 15:25:00,4
U0086,P0277,share,2025-03-18 09:00:00,5
U0086,P0378,save,2025-03-30 05:36:00,4
U0086,P0349,view,2025-04-01 16:47:00,1
U0086,P0336,view,2025-04-03 23:36:00,1
U0086,P0054,view,2025-04-07 08:26:00,1
U0086,P0479,dismiss,2025-04-08 06:51:00,-3
U0086,P0350,visit,2025-04-09 14:02:00,8
U0086,P0314,view,2025-04-09 19:34:00,1
U0086,P0429,dismiss,2025-04-13 10:24:00,-3
U0086,P0414,share,2025-04-18 10:38:00,5
U0086,P0089,view,2025-05-02 08:13:00,1
U0086,P0498,save,2025-05-14 18:56:00,4
U0086,P0457,share,2025-05-21 00:39:00,5
U0086,P0004,visit,2025-05-24 07:51:00,8
U0086,P0084,visit,2025-05-26 07:46:00,8
U0086,P0155,save,2025-05-26 22:13:00,4
U0086,P0041,save,2025-06-03 21:33:00,4
U0086,P0265,save,2025-06-06 04:17:00,4
U0086,P0150,visit,2025-06-08 15:22:00,8
U0086,P0015,save,2025-06-13 19:17:00,4
U0086,P0246,view,2025-06-16 00:41:00,1
U0086,P0357,click,2025-06-18 10:01:00,2
U0086,P0383,view,2025-06-23 02:34:00,1
U0086,P0226,visit,2025-06-24 00:36:00,8
U0086,P0354,view,2025-06-27 05:48:00,1
U0086,P0262,view,2025-06-27 07:14:00,1
U0086,P0142,click,2025-07-03 13:27:00,2
U0086,P0133,view,2025-07-05 09:11:00,1
U0086,P0040,visit,2025-07-08 00:44:00,8
U0086,P0175,click,2025-07-08 19:56:00,2
U0086,P0091,view,2025-07-13 13:43:00,1
U0086,P0406,booking,2025-07-15 13:37:00,10
U0086,P0430,view,2025-07-29 13:54:00,1
U0086,P0240,click,2025-07-30 11:44:00,2
U0086,P0191,booking,2025-08-07 19:55:00,10
U0086,P0423,view,2025-08-10 18:03:00,1
U0086,P0480,save,2025-08-14 02:05:00,4
U0086,P0122,share,2025-08-18 03:21:00,5
U0086,P0308,click,2025-08-23 03:51:00,2
U0086,P0181,view,2025-08-30 11:06:00,1
U0086,P0325,view,2025-09-03 12:45:00,1
U0086,P0211,click,2025-09-03 20:55:00,2
U0086,P0491,view,2025-09-09 21:18:00,1
U0086,P0289,view,2025-09-18 14:13:00,1
U0086,P0043,save,2025-09-21 13:42:00,4
U0086,P0096,click,2025-09-22 10:01:00,2
U0086,P0005,save,2025-09-25 19:23:00,4
U0086,P0067,click,2025-09-26 08:50:00,2
U0086,P0327,view,2025-09-27 12:27:00,1
U0086,P0205,visit,2025-10-03 19:14:00,8
U0086,P0445,dismiss,2025-10-09 16:12:00,-3
U0086,P0144,view,2025-10-14 20:57:00,1
U0086,P0126,save,2025-10-15 05:24:00,4
U0086,P0385,save,2025-10-19 08:05:00,4
U0086,P0370,dismiss,2025-10-22 09:06:00,-3
U0086,P0081,view,2025-10-24 08:29:00,1
U0087,P0060,dismiss,2025-01-09 23:23:00,-3
U0087,P0278,click,2025-01-09 23:55:00,2
U0087,P0039,view,2025-01-13 08:55:00,1
U0087,P0199,view,2025-01-15 07:30:00,1
U0087,P0232,view,2025-01-15 18:47:00,1
U0087,P0387,click,2025-01-17 20:45:00,2
U0087,P0008,save,2025-01-19 08:29:00,4
U0087,P0411,dismiss,2025-01-24 18:54:00,-3
U0087,P0451,view,2025-01-29 11:04:00,1
U0087,P0120,share,2025-02-04 08:45:00,5
U0087,P0093,view,2025-02-08 10:48:00,1
U0087,P0257,visit,2025-03-12 18:22:00,8
U0087,P0284,save,2025-03-17 22:39:00,4
U0087,P0249,click,2025-03-18 00:55:00,2
U0087,P0216,dismiss,2025-03-18 07:47:00,-3
U0087,P0136,save,2025-03-21 02:16:00,4
U0087,P0161,view,2025-03-26 22:14:00,1
U0087,P0469,view,2025-04-03 18:45:00,1
U0087,P0076,save,2025-04-07 10:38:00,4
U0087,P0440,click,2025-04-08 14:47:00,2
U0087,P0286,visit,2025-04-13 09:05:00,8
U0087,P0379,click,2025-04-13 21:08:00,2
U0087,P0490,click,2025-04-17 01:39:00,2
U0087,P0003,booking,2025-04-26 16:30:00,10
U0087,P0229,click,2025-05-06 09:37:00,2
U0087,P0105,click,2025-05-14 14:19:00,2
U0087,P0329,visit,2025-05-23 23:02:00,8
U0087,P0072,click,2025-05-27 00:20:00,2
U0087,P0348,view,2025-05-29 23:16:00,1
U0087,P0032,view,2025-06-04 04:00:00,1
U0087,P0208,dismiss,2025-06-06 15:28:00,-3
U0087,P0068,dismiss,2025-06-07 15:19:00,-3
U0087,P0382,view,2025-06-10 02:05:00,1
U0087,P0152,click,2025-06-12 16:13:00,2
U0087,P0368,save,2025-06-20 20:42:00,4
U0087,P0347,save,2025-06-25 05:58:00,4
U0087,P0489,view,2025-06-25 07:33:00,1
U0087,P0007,visit,2025-07-01 02:19:00,8
U0087,P0300,click,2025-07-02 02:34:00,2
U0087,P0434,click,2025-07-02 23:32:00,2
U0087,P0114,click,2025-07-18 12:02:00,2
U0087,P0145,click,2025-07-19 14:26:00,2
U0087,P0401,share,2025-07-26 10:38:00,5
U0087,P0287,save,2025-07-28 13:19:00,4
U0087,P0065,view,2025-07-29 11:25:00,1
U0087,P0255,view,2025-07-30 12:42:00,1
U0087,P0269,view,2025-07-30 13:02:00,1
U0087,P0209,view,2025-08-04 02:05:00,1
U0087,P0198,visit,2025-08-05 05:58:00,8
U0087,P0121,visit,2025-08-05 11:15:00,8
U0087,P0261,view,2025-08-06 02:32:00,1
U0087,P0306,view,2025-08-07 02:19:00,1
U0087,P0200,click,2025-08-18 08:25:00,2
U0087,P0138,visit,2025-08-19 07:13:00,8
U0087,P0014,click,2025-08-24 08:56:00,2
U0087,P0128,dismiss,2025-08-25 23:37:00,-3
U0087,P0168,save,2025-08-30 06:41:00,4
U0087,P0078,dismiss,2025-09-03 13:29:00,-3
U0087,P0271,visit,2025-09-08 15:16:00,8
U0087,P0448,click,2025-09-11 11:39:00,2
U0087,P0016,view,2025-09-14 10:10:00,1
U0087,P0458,visit,2025-09-15 22:21:00,8
U0087,P0069,view,2025-09-19 15:42:00,1
U0087,P0460,share,2025-10-08 03:43:00,5
U0087,P0157,view,2025-10-10 18:53:00,1
U0088,P0126,share,2025-01-05 08:30:00,5
U0088,P0174,click,2025-01-07 13:50:00,2
U0088,P0436,visit,2025-01-09 01:57:00,8
U0088,P0259,save,2025-01-09 12:02:00,4
U0088,P0297,save,2025-01-23 10:43:00,4
U0088,P0043,click,2025-01-25 19:56:00,2
U0088,P0308,visit,2025-01-29 18:21:00,8
U0088,P0336,view,2025-02-07 18:45:00,1
U0088,P0170,click,2025-02-12 20:32:00,2
U0088,P0185,click,2025-02-15 03:51:00,2
U0088,P0056,save,2025-02-17 23:26:00,4
U0088,P0041,dismiss,2025-02-18 12:21:00,-3
U0088,P0034,view,2025-02-22 00:26:00,1
U0088,P0431,share,2025-02-23 22:47:00,5
U0088,P0344,share,2025-03-04 08:29:00,5
U0088,P0289,click,2025-03-05 12:34:00,2
U0088,P0457,view,2025-03-07 08:51:00,1
U0088,P0175,view,2025-03-08 04:35:00,1
U0088,P0327,view,2025-03-10 07:32:00,1
U0088,P0155,view,2025-03-12 18:01:00,1
U0088,P0150,click,2025-03-14 13:39:00,2
U0088,P0325,save,2025-03-14 13:52:00,4
U0088,P0362,click,2025-03-16 00:02:00,2
U0088,P0406,share,2025-03-20 01:26:00,5
U0088,P0415,view,2025-03-30 05:16:00,1
U0088,P0443,share,2025-04-08 17:29:00,5
U0088,P0122,click,2025-04-10 17:24:00,2
U0088,P0498,save,2025-04-20 16:01:00,4
U0088,P0181,save,2025-04-24 04:42:00,4
U0088,P0102,save,2025-05-13 06:02:00,4
U0088,P0054,view,2025-05-17 17:21:00,1
U0088,P0277,click,2025-05-19 15:36:00,2
U0088,P0423,click,2025-05-28 17:01:00,2
U0088,P0357,click,2025-06-05 03:50:00,2
U0088,P0363,click,2025-06-06 10:56:00,2
U0088,P0478,save,2025-06-07 21:05:00,4
U0088,P0383,view,2025-06-10 10:29:00,1
U0088,P0442,share,2025-06-15 23:15:00,5
U0088,P0096,view,2025-06-21 05:57:00,1
U0088,P0125,click,2025-06-29 02:18:00,2
U0088,P0133,visit,2025-07-05 07:19:00,8
U0088,P0429,click,2025-07-15 04:01:00,2
U0088,P0472,save,2025-07-15 11:27:00,4
U0088,P0092,visit,2025-07-19 21:03:00,8
U0088,P0067,click,2025-07-21 15:00:00,2
U0088,P0215,share,2025-07-24 22:38:00,5
U0088,P0480,save,2025-07-28 23:53:00,4
U0088,P0417,view,2025-08-12 12:44:00,1
U0088,P0479,click,2025-08-14 04:35:00,2
U0088,P0040,share,2025-08-14 17:05:00,5
U0088,P0205,view,2025-08-17 02:48:00,1
U0088,P0265,dismiss,2025-08-31 06:40:00,-3
U0088,P0164,click,2025-09-13 11:59:00,2
U0088,P0142,click,2025-09-15 04:09:00,2
U0088,P0084,click,2025-09-18 16:28:00,2
U0088,P0211,visit,2025-09-19 16:25:00,8
U0088,P0089,view,2025-09-20 20:01:00,1
U0088,P0107,save,2025-09-28 06:40:00,4
U0088,P0477,click,2025-10-09 09:42:00,2
U0088,P0430,view,2025-10-12 08:55:00,1
U0088,P0038,view,2025-10-13 23:11:00,1
U0088,P0461,save,2025-10-14 05:45:00,4
U0088,P0083,view,2025-10-14 15:33:00,1
U0088,P0123,save,2025-10-16 23:03:00,4
U0088,P0004,visit,2025-10-19 07:08:00,8
U0088,P0189,visit,2025-10-19 09:19:00,8
U0088,P0235,share,2025-10-23 19:00:00,5
U0088,P0491,dismiss,2025-10-24 00:16:00,-3
U0088,P0378,visit,2025-10-27 16:21:00,8
U0088,P0144,click,2025-10-29 08:42:00,2
U0088,P0350,save,2025-11-02 18:06:00,4
U0088,P0201,dismiss,2025-11-03 08:21:00,-3
U0088,P0301,click,2025-11-12 15:47:00,2
U0089,P0366,share,2025-01-02 18:17:00,5
U0089,P0139,view,2025-01-05 06:12:00,1
U0089,P0061,view,2025-01-09 11:15:00,1
U0089,P0466,click,2025-01-11 21:31:00,2
U0089,P0421,visit,2025-01-12 15:53:00,8
U0089,P0179,visit,2025-01-19 15:01:00,8
U0089,P0044,visit,2025-01-22 05:05:00,8
U0089,P0353,click,2025-01-25 18:40:00,2
U0089,P0343,save,2025-01-25 20:21:00,4
U0089,P0464,dismiss,2025-01-27 21:03:00,-3
U0089,P0322,click,2025-02-03 14:30:00,2
U0089,P0195,view,2025-02-06 10:55:00,1
U0089,P0398,click,2025-02-12 20:55:00,2
U0089,P0413,view,2025-02-15 05:24:00,1
U0089,P0290,view,2025-02-19 09:38:00,1
U0089,P0183,visit,2025-02-21 19:32:00,8
U0089,P0321,click,2025-03-16 17:23:00,2
U0089,P0375,view,2025-03-20 18:43:00,1
U0089,P0239,view,2025-03-26 10:13:00,1
U0089,P0267,view,2025-03-30 11:23:00,1
U0089,P0018,view,2025-04-02 16:48:00,1
U0089,P0244,click,2025-04-04 13:16:00,2
U0089,P0223,click,2025-04-18 11:37:00,2
U0089,P0116,view,2025-04-20 19:42:00,1
U0089,P0253,save,2025-04-22 19:23:00,4
U0089,P0025,click,2025-04-23 14:47:00,2
U0089,P0237,click,2025-04-25 10:17:00,2
U0089,P0352,dismiss,2025-05-04 11:50:00,-3
U0089,P0108,share,2025-05-04 21:04:00,5
U0089,P0331,view,2025-05-17 23:52:00,1
U0089,P0342,save,2025-05-20 13:56:00,4
U0089,P0412,view,2025-05-22 19:34:00,1
U0089,P0029,share,2025-05-28 19:16:00,5
U0089,P0217,click,2025-06-02 03:22:00,2
U0089,P0309,view,2025-06-03 17:00:00,1
U0089,P0299,visit,2025-06-06 07:49:00,8
U0089,P0256,visit,2025-06-10 04:15:00,8
U0089,P0194,view,2025-06-13 17:08:00,1
U0089,P0305,click,2025-06-13 18:57:00,2
U0089,P0243,click,2025-06-22 13:51:00,2
U0089,P0381,save,2025-06-25 02:42:00,4
U0089,P0481,click,2025-06-27 10:16:00,2
U0089,P0177,share,2025-06-28 13:28:00,5
U0089,P0027,view,2025-06-29 12:49:00,1
U0089,P0298,view,2025-07-02 10:46:00,1
U0089,P0173,share,2025-07-05 10:19:00,5
U0089,P0372,visit,2025-07-15 13:35:00,8
U0089,P0176,view,2025-07-21 01:39:00,1
U0089,P0085,view,2025-07-21 17:21:00,1
U0089,P0042,view,2025-07-22 00:28:00,1
U0089,P0073,visit,2025-07-23 15:41:00,8
U0089,P0233,view,2025-07-25 08:06:00,1
U0089,P0386,view,2025-07-26 20:44:00,1
U0089,P0270,save,2025-07-27 22:15:00,4
U0089,P0188,click,2025-08-10 17:30:00,2
U0089,P0075,click,2025-08-12 15:54:00,2
U0089,P0148,view,2025-08-14 14:27:00,1
U0089,P0135,view,2025-08-21 07:49:00,1
U0089,P0101,click,2025-08-21 10:55:00,2
U0089,P0241,booking,2025-08-26 14:07:00,10
U0089,P0103,view,2025-08-28 16:21:00,1
U0089,P0210,click,2025-09-06 03:59:00,2
U0089,P0293,view,2025-09-07 09:06:00,1
U0089,P0028,view,2025-09-14 11:47:00,1
U0089,P0496,view,2025-09-17 01:17:00,1
U0089,P0356,click,2025-09-20 08:18:00,2
U0089,P0190,view,2025-09-24 08:27:00,1
U0089,P0422,view,2025-09-27 12:25:00,1
U0089,P0134,view,2025-10-02 15:08:00,1
U0089,P0127,view,2025-10-13 07:55:00,1
U0089,P0013,view,2025-10-16 05:09:00,1
U0089,P0333,click,2025-10-16 22:36:00,2
U0089,P0231,click,2025-10-20 15:17:00,2
U0089,P0428,visit,2025-10-21 02:06:00,8
U0090,P0250,share,2025-01-01 16:30:00,5
U0090,P0065,visit,2025-01-13 16:11:00,8
U0090,P0014,click,2025-01-19 10:45:00,2
U0090,P0128,view,2025-01-25 19:29:00,1
U0090,P0401,view,2025-01-26 21:19:00,1
U0090,P0016,booking,2025-01-31 03:07:00,10
U0090,P0365,booking,2025-02-02 22:17:00,10
U0090,P0347,click,2025-02-08 08:12:00,2
U0090,P0460,click,2025-02-08 08:42:00,2
U0090,P0208,visit,2025-02-15 04:43:00,8
U0090,P0411,view,2025-02-21 17:49:00,1
U0090,P0106,view,2025-02-22 16:24:00,1
U0090,P0261,booking,2025-02-25 18:31:00,10
U0090,P0300,save,2025-03-07 06:50:00,4
U0090,P0066,view,2025-03-10 05:01:00,1
U0090,P0168,click,2025-03-15 01:13:00,2
U0090,P0120,share,2025-03-15 23:38:00,5
U0090,P0136,click,2025-03-17 10:51:00,2
U0090,P0222,share,2025-03-20 12:52:00,5
U0090,P0451,view,2025-03-27 02:16:00,1
U0090,P0138,click,2025-04-05 14:10:00,2
U0090,P0186,view,2025-04-10 19:00:00,1
U0090,P0255,save,2025-04-20 05:23:00,4
U0090,P0404,view,2025-04-20 07:51:00,1
U0090,P0121,visit,2025-04-20 12:58:00,8
U0090,P0269,visit,2025-04-26 21:10:00,8
U0090,P0469,share,2025-04-27 11:49:00,5
U0090,P0214,click,2025-04-27 13:25:00,2
U0090,P0093,booking,2025-05-02 14:24:00,10
U0090,P0157,share,2025-05-09 18:02:00,5
U0090,P0448,click,2025-05-14 12:42:00,2
U0090,P0003,view,2025-05-24 15:05:00,1
U0090,P0072,click,2025-05-25 17:33:00,2
U0090,P0161,visit,2025-05-27 02:07:00,8
U0090,P0225,visit,2025-06-02 03:37:00,8
U0090,P0154,visit,2025-06-08 05:31:00,8
U0090,P0306,save,2025-06-13 14:16:00,4
U0090,P0069,share,2025-06-15 05:51:00,5
U0090,P0200,click,2025-06-18 12:16:00,2
U0090,P0113,view,2025-06-25 05:42:00,1
U0090,P0060,booking,2025-06-26 03:48:00,10
U0090,P0167,booking,2025-07-06 17:52:00,10
U0090,P0271,view,2025-07-11 00:30:00,1
U0090,P0476,visit,2025-07-13 02:59:00,8
U0090,P0026,view,2025-07-13 11:44:00,1
U0090,P0489,view,2025-07-18 09:41:00,1
U0090,P0032,save,2025-07-19 00:12:00,4
U0090,P0257,click,2025-07-22 09:29:00,2
U0090,P0446,save,2025-08-01 07:57:00,4
U0090,P0227,save,2025-08-02 05:06:00,4
U0090,P0047,click,2025-08-04 20:30:00,2
U0090,P0232,click,2025-08-08 16:19:00,2
U0090,P0382,share,2025-08-08 18:06:00,5
U0090,P0209,booking,2025-08-11 03:34:00,10
U0090,P0109,save,2025-08-19 06:32:00,4
U0090,P0348,view,2025-08-22 21:46:00,1
U0090,P0249,save,2025-08-30 18:16:00,4
U0090,P0287,share,2025-09-03 22:49:00,5
U0090,P0198,view,2025-09-05 01:46:00,1
U0090,P0199,save,2025-09-13 04:02:00,4
U0090,P0458,save,2025-09-17 16:24:00,4
U0090,P0279,save,2025-09-22 12:35:00,4
U0090,P0152,view,2025-09-24 00:12:00,1
U0090,P0008,save,2025-09-24 03:51:00,4
U0090,P0315,click,2025-09-25 07:12:00,2
U0090,P0068,click,2025-10-04 03:44:00,2
U0090,P0228,visit,2025-10-05 06:58:00,8
U0090,P0440,view,2025-10-10 20:41:00,1
U0090,P0220,share,2025-10-18 13:28:00,5
U0090,P0434,view,2025-10-21 00:26:00,1
U0090,P0076,view,2025-10-22 07:02:00,1
U0090,P0229,save,2025-10-31 06:28:00,4
U0091,P0362,save,2025-01-01 09:34:00,4
U0091,P0041,view,2025-01-03 10:05:00,1
U0091,P0319,visit,2025-01-04 10:15:00,8
U0091,P0336,share,2025-01-06 19:32:00,5
U0091,P0202,view,2025-01-11 10:54:00,1
U0091,P0246,save,2025-01-13 06:37:00,4
U0091,P0142,view,2025-01-15 12:36:00,1
U0091,P0406,click,2025-01-18 19:49:00,2
U0091,P0262,share,2025-01-23 18:19:00,5
U0091,P0211,view,2025-01-25 01:50:00,1
U0091,P0146,booking,2025-01-27 14:38:00,10
U0091,P0081,click,2025-02-01 00:24:00,2
U0091,P0431,visit,2025-02-17 11:24:00,8
U0091,P0344,click,2025-03-01 17:29:00,2
U0091,P0350,view,2025-03-01 18:40:00,1
U0091,P0170,view,2025-03-02 03:06:00,1
U0091,P0498,view,2025-03-08 06:21:00,1
U0091,P0414,view,2025-03-08 17:38:00,1
U0091,P0205,share,2025-03-13 19:19:00,5
U0091,P0155,view,2025-03-15 06:39:00,1
U0091,P0417,view,2025-03-18 16:36:00,1
U0091,P0107,visit,2025-03-25 07:12:00,8
U0091,P0122,view,2025-03-27 09:12:00,1
U0091,P0005,visit,2025-03-27 11:22:00,8
U0091,P0102,booking,2025-04-04 20:45:00,10
U0091,P0162,visit,2025-04-17 07:28:00,8
U0091,P0215,click,2025-04-18 09:32:00,2
U0091,P0378,view,2025-04-22 03:34:00,1
U0091,P0191,dismiss,2025-04-27 07:11:00,-3
U0091,P0327,view,2025-04-29 20:40:00,1
U0091,P0074,click,2025-05-03 11:07:00,2
U0091,P0083,click,2025-05-10 22:24:00,2
U0091,P0089,save,2025-05-13 21:24:00,4
U0091,P0151,click,2025-05-13 22:14:00,2
U0091,P0015,save,2025-05-16 18:50:00,4
U0091,P0133,click,2025-05-24 07:19:00,2
U0091,P0084,share,2025-05-24 12:01:00,5
U0091,P0442,share,2025-05-28 17:30:00,5
U0091,P0461,click,2025-05-29 05:30:00,2
U0091,P0355,view,2025-06-03 15:26:00,1
U0091,P0265,view,2025-06-04 04:23:00,1
U0091,P0430,save,2025-06-09 04:33:00,4
U0091,P0354,click,2025-06-16 20:53:00,2
U0091,P0314,save,2025-06-20 00:30:00,4
U0091,P0054,view,2025-06-22 08:43:00,1
U0091,P0349,view,2025-06-24 03:49:00,1
U0091,P0491,click,2025-06-24 07:06:00,2
U0091,P0443,click,2025-06-25 07:30:00,2
U0091,P0477,save,2025-07-11 14:02:00,4
U0091,P0201,view,2025-07-12 07:31:00,1
U0091,P0429,view,2025-07-17 17:16:00,1
U0091,P0189,click,2025-07-18 21:36:00,2
U0091,P0308,view,2025-07-20 10:49:00,1
U0091,P0445,view,2025-07-25 22:56:00,1
U0091,P0226,click,2025-07-26 14:29:00,2
U0091,P0480,view,2025-07-28 02:13:00,1
U0091,P0185,visit,2025-07-29 17:30:00,8
U0091,P0357,view,2025-08-02 00:53:00,1
U0091,P0180,dismiss,2025-08-03 05:11:00,-3
U0091,P0370,view,2025-08-04 23:53:00,1
U0091,P0150,booking,2025-08-11 12:46:00,10
U0091,P0034,save,2025-08-13 17:56:00,4
U0091,P0457,visit,2025-08-15 14:56:00,8
U0091,P0004,visit,2025-08-16 02:42:00,8
U0091,P0297,view,2025-08-16 13:48:00,1
U0091,P0240,view,2025-08-19 11:18:00,1
U0091,P0277,save,2025-08-20 10:58:00,4
U0091,P0472,click,2025-08-21 21:40:00,2
U0091,P0467,view,2025-08-22 04:10:00,1
U0091,P0175,dismiss,2025-08-22 14:38:00,-3
U0091,P0063,view,2025-08-28 18:11:00,1
U0091,P0259,view,2025-08-31 12:19:00,1
U0091,P0245,save,2025-09-13 08:55:00,4
U0091,P0415,visit,2025-09-23 04:59:00,8
U0092,P0367,view,2025-01-02 08:36:00,1
U0092,P0086,click,2025-01-04 03:23:00,2
U0092,P0369,view,2025-01-07 00:40:00,1
U0092,P0380,dismiss,2025-01-16 23:03:00,-3
U0092,P0497,click,2025-01-17 07:26:00,2
U0092,P0339,view,2025-01-20 22:40:00,1
U0092,P0251,view,2025-01-23 05:39:00,1
U0092,P0129,save,2025-01-23 23:06:00,4
U0092,P0395,click,2025-02-03 08:31:00,2
U0092,P0010,view,2025-02-03 16:17:00,1
U0092,P0263,click,2025-02-05 05:19:00,2
U0092,P0187,visit,2025-02-12 09:38:00,8
U0092,P0252,click,2025-02-21 21:21:00,2
U0092,P0046,click,2025-02-25 22:07:00,2
U0092,P0137,save,2025-02-26 09:58:00,4
U0092,P0405,visit,2025-03-03 17:09:00,8
U0092,P0058,visit,2025-03-06 19:51:00,8
U0092,P0424,click,2025-03-07 09:56:00,2
U0092,P0169,click,2025-03-08 11:38:00,2
U0092,P0080,visit,2025-03-09 00:39:00,8
U0092,P0495,save,2025-03-17 14:15:00,4
U0092,P0166,view,2025-03-25 23:19:00,1
U0092,P0172,share,2025-03-26 00:57:00,5
U0092,P0254,click,2025-03-26 19:55:00,2
U0092,P0064,share,2025-03-27 12:24:00,5
U0092,P0335,view,2025-03-28 05:27:00,1
U0092,P0452,save,2025-04-04 09:35:00,4
U0092,P0260,visit,2025-04-04 12:19:00,8
U0092,P0001,view,2025-04-12 20:56:00,1
U0092,P0212,click,2025-04-25 06:21:00,2
U0092,P0156,share,2025-04-26 08:59:00,5
U0092,P0426,save,2025-04-27 15:26:00,4
U0092,P0332,view,2025-04-27 22:09:00,1
U0092,P0403,view,2025-05-01 20:27:00,1
U0092,P0390,visit,2025-05-05 20:48:00,8
U0092,P0328,view,2025-05-08 19:01:00,1
U0092,P0318,dismiss,2025-05-14 19:09:00,-3
U0092,P0441,dismiss,2025-05-18 20:03:00,-3
U0092,P0391,share,2025-05-20 14:51:00,5
U0092,P0143,view,2025-05-31 15:37:00,1
U0092,P0345,view,2025-06-06 05:10:00,1
U0092,P0019,visit,2025-06-07 07:57:00,8
U0092,P0248,booking,2025-06-15 03:04:00,10
U0092,P0104,view,2025-06-15 19:26:00,1
U0092,P0307,save,2025-06-18 13:36:00,4
U0092,P0119,dismiss,2025-06-25 09:39:00,-3
U0092,P0141,save,2025-06-30 04:15:00,4
U0092,P0330,visit,2025-07-12 11:30:00,8
U0092,P0358,view,2025-07-27 22:54:00,1
U0092,P0346,click,2025-07-30 05:24:00,2
U0092,P0359,view,2025-08-08 06:51:00,1
U0092,P0281,save,2025-08-24 05:52:00,4
U0092,P0087,click,2025-08-25 16:31:00,2
U0092,P0272,click,2025-08-27 23:49:00,2
U0092,P0238,view,2025-08-28 07:37:00,1
U0092,P0036,view,2025-08-29 23:28:00,1
U0092,P0196,booking,2025-09-02 02:22:00,10
U0092,P0296,share,2025-09-02 18:21:00,5
U0092,P0184,view,2025-09-14 22:06:00,1
U0092,P0484,booking,2025-09-16 05:37:00,10
U0092,P0374,click,2025-09-23 21:41:00,2
U0092,P0351,dismiss,2025-10-01 20:01:00,-3
U0092,P0317,view,2025-10-09 23:46:00,1
U0092,P0291,dismiss,2025-10-17 14:53:00,-3
U0093,P0471,view,2025-01-01 14:27:00,1
U0093,P0266,save,2025-01-01 23:40:00,4
U0093,P0416,click,2025-01-07 15:09:00,2
U0093,P0377,view,2025-01-09 13:07:00,1
U0093,P0234,booking,2025-01-17 04:22:00,10
U0093,P0094,save,2025-01-20 08:51:00,4
U0093,P0218,visit,2025-02-05 17:21:00,8
U0093,P0197,visit,2025-02-05 19:45:00,8
U0093,P0304,dismiss,2025-02-07 10:02:00,-3
U0093,P0432,booking,2025-02-08 21:42:00,10
U0093,P0340,click,2025-02-15 16:03:00,2
U0093,P0090,view,2025-02-15 16:52:00,1
U0093,P0048,view,2025-02-16 07:52:00,1
U0093,P0408,share,2025-02-19 01:46:00,5
U0093,P0204,save,2025-02-22 04:16:00,4
U0093,P0449,view,2025-02-22 20:16:00,1
U0093,P0051,view,2025-03-04 12:27:00,1
U0093,P0292,dismiss,2025-03-09 00:55:00,-3
U0093,P0285,visit,2025-03-17 00:46:00,8
U0093,P0171,click,2025-03-21 20:12:00,2
U0093,P0494,share,2025-03-24 12:30:00,5
U0093,P0397,click,2025-04-01 16:02:00,2
U0093,P0312,view,2025-04-08 21:13:00,1
U0093,P0149,click,2025-04-18 18:59:00,2
U0093,P0099,view,2025-04-21 19:09:00,1
U0093,P0492,view,2025-04-24 01:49:00,1
U0093,P0207,dismiss,2025-04-25 23:44:00,-3
U0093,P0419,booking,2025-05-23 13:15:00,10
U0093,P0242,share,2025-05-25 17:30:00,5
U0093,P0009,click,2025-05-26 13:46:00,2
U0093,P0456,booking,2025-05-29 04:03:00,10
U0093,P0420,click,2025-06-05 07:59:00,2
U0093,P0117,view,2025-06-08 19:16:00,1
U0093,P0049,visit,2025-06-10 11:31:00,8
U0093,P0178,share,2025-06-10 19:35:00,5
U0093,P0033,share,2025-06-14 00:42:00,5
U0093,P0203,share,2025-06-19 06:15:00,5
U0093,P0130,share,2025-06-21 12:48:00,5
U0093,P0213,click,2025-06-26 00:22:00,2
U0093,P0276,view,2025-06-27 09:38:00,1
U0093,P0002,save,2025-07-03 21:41:00,4
U0093,P0444,view,2025-07-07 12:13:00,1
U0093,P0045,visit,2025-07-11 09:21:00,8
U0093,P0410,click,2025-07-13 15:44:00,2
U0093,P0482,click,2025-07-14 16:32:00,2
U0093,P0219,view,2025-07-17 07:35:00,1
U0093,P0062,visit,2025-07-18 15:16:00,8
U0093,P0316,view,2025-07-24 19:28:00,1
U0093,P0057,save,2025-07-30 04:54:00,4
U0093,P0439,save,2025-08-01 03:23:00,4
U0093,P0360,view,2025-08-02 14:23:00,1
U0093,P0373,dismiss,2025-08-04 09:01:00,-3
U0093,P0035,click,2025-08-04 19:02:00,2
U0093,P0023,share,2025-08-04 19:28:00,5
U0093,P0459,visit,2025-08-06 09:22:00,8
U0093,P0473,view,2025-08-09 01:22:00,1
U0093,P0098,booking,2025-08-10 07:20:00,10
U0093,P0409,share,2025-08-23 06:22:00,5
U0093,P0486,view,2025-08-24 02:19:00,1
U0093,P0341,view,2025-08-25 02:16:00,1
U0093,P0030,click,2025-08-27 16:14:00,2
U0093,P0283,visit,2025-08-29 03:21:00,8
U0093,P0131,click,2025-08-29 22:30:00,2
U0093,P0485,click,2025-09-04 07:01:00,2
U0093,P0282,visit,2025-09-09 03:05:00,8
U0093,P0487,view,2025-09-14 17:06:00,1
U0093,P0310,booking,2025-09-16 01:47:00,10
U0093,P0425,dismiss,2025-09-18 15:45:00,-3
U0093,P0433,view,2025-09-22 02:37:00,1
U0093,P0407,click,2025-09-24 19:37:00,2
U0093,P0132,view,2025-09-25 03:26:00,1
U0093,P0493,view,2025-09-28 11:27:00,1
U0093,P0475,view,2025-10-02 21:23:00,1
U0093,P0159,click,2025-10-02 23:22:00,2
U0093,P0071,save,2025-10-03 19:13:00,4
U0093,P0095,click,2025-10-08 06:26:00,2
U0093,P0376,view,2025-10-11 03:43:00,1
U0094,P0371,click,2025-01-02 09:19:00,2
U0094,P0358,share,2025-01-19 02:01:00,5
U0094,P0426,save,2025-01-20 12:59:00,4
U0094,P0238,save,2025-01-22 07:04:00,4
U0094,P0328,view,2025-02-02 01:14:00,1
U0094,P0332,share,2025-02-03 22:41:00,5
U0094,P0087,view,2025-02-05 14:00:00,1
U0094,P0424,view,2025-02-07 14:06:00,1
U0094,P0080,share,2025-02-09 09:23:00,5
U0094,P0330,visit,2025-02-13 00:16:00,8
U0094,P0184,visit,2025-02-14 21:53:00,8
U0094,P0050,view,2025-02-17 06:48:00,1
U0094,P0320,view,2025-02-24 00:03:00,1
U0094,P0438,share,2025-02-26 17:40:00,5
U0094,P0324,view,2025-03-05 03:52:00,1
U0094,P0058,click,2025-03-20 14:20:00,2
U0094,P0156,click,2025-03-27 13:48:00,2
U0094,P0403,click,2025-03-29 02:17:00,2
U0094,P0484,share,2025-04-06 20:25:00,5
U0094,P0374,booking,2025-04-12 03:16:00,10
U0094,P0158,save,2025-04-14 01:28:00,4
U0094,P0307,share,2025-04-19 02:01:00,5
U0094,P0441,view,2025-04-20 14:16:00,1
U0094,P0169,visit,2025-04-24 20:30:00,8
U0094,P0141,click,2025-04-28 12:47:00,2
U0094,P0455,click,2025-04-30 21:42:00,2
U0094,P0172,share,2025-05-08 21:36:00,5
U0094,P0046,save,2025-05-13 19:40:00,4
U0094,P0251,share,2025-05-15 02:17:00,5
U0094,P0275,visit,2025-05-15 03:38:00,8
U0094,P0129,view,2025-05-18 01:29:00,1
U0094,P0077,visit,2025-05-23 19:01:00,8
U0094,P0281,visit,2025-05-24 07:14:00,8
U0094,P0497,click,2025-05-24 14:18:00,2
U0094,P0296,view,2025-05-27 09:05:00,1
U0094,P0395,dismiss,2025-05-28 00:03:00,-3
U0094,P0405,share,2025-06-03 02:00:00,5
U0094,P0254,view,2025-06-05 23:31:00,1
U0094,P0390,save,2025-06-08 19:12:00,4
U0094,P0196,visit,2025-06-10 18:58:00,8
U0094,P0338,save,2025-06-11 12:42:00,4
U0094,P0361,click,2025-06-11 15:08:00,2
U0094,P0020,view,2025-06-11 20:07:00,1
U0094,P0036,click,2025-06-14 07:25:00,2
U0094,P0317,save,2025-06-25 02:44:00,4
U0094,P0499,click,2025-07-04 13:00:00,2
U0094,P0391,save,2025-07-17 00:14:00,4
U0094,P0369,click,2025-07-21 06:46:00,2
U0094,P0326,visit,2025-07-28 03:10:00,8
U0094,P0206,booking,2025-07-29 00:24:00,10
U0094,P0017,view,2025-07-29 17:35:00,1
U0094,P0346,share,2025-08-05 01:02:00,5
U0094,P0086,click,2025-08-16 18:42:00,2
U0094,P0064,click,2025-08-19 01:32:00,2
U0094,P0037,click,2025-08-19 11:14:00,2
U0094,P0143,view,2025-08-21 02:55:00,1
U0094,P0019,visit,2025-08-22 14:00:00,8
U0094,P0339,visit,2025-08-25 07:29:00,8
U0094,P0318,view,2025-09-14 18:53:00,1
U0094,P0345,booking,2025-09-15 14:33:00,10
U0094,P0272,view,2025-09-18 08:33:00,1
U0094,P0104,view,2025-09-23 09:42:00,1
U0094,P0452,click,2025-09-23 18:17:00,2
U0094,P0001,save,2025-09-24 12:29:00,4
U0094,P0260,click,2025-09-26 14:00:00,2
U0094,P0447,click,2025-09-28 03:07:00,2
U0094,P0388,share,2025-10-01 19:25:00,5
U0094,P0302,click,2025-10-02 17:53:00,2
U0094,P0252,click,2025-10-12 01:22:00,2
U0094,P0012,click,2025-10-15 12:49:00,2
U0095,P0179,click,2025-01-04 01:42:00,2
U0095,P0244,view,2025-01-04 05:39:00,1
U0095,P0147,view,2025-01-08 07:09:00,1
U0095,P0173,view,2025-01-09 22:46:00,1
U0095,P0061,click,2025-01-12 06:09:00,2
U0095,P0139,view,2025-01-24 13:16:00,1
U0095,P0274,view,2025-01-29 02:52:00,1
U0095,P0103,view,2025-02-04 22:36:00,1
U0095,P0101,view,2025-02-11 03:42:00,1
U0095,P0135,click,2025-02-13 10:20:00,2
U0095,P0055,view,2025-02-27 03:04:00,1
U0095,P0042,view,2025-03-01 22:40:00,1
U0095,P0421,view,2025-03-12 04:04:00,1
U0095,P0223,view,2025-03-13 00:26:00,1
U0095,P0343,save,2025-03-13 02:54:00,4
U0095,P0176,click,2025-03-27 15:33:00,2
U0095,P0386,dismiss,2025-03-29 11:36:00,-3
U0095,P0070,view,2025-03-30 12:03:00,1
U0095,P0333,click,2025-04-06 10:11:00,2
U0095,P0299,save,2025-04-08 10:32:00,4
U0095,P0027,share,2025-04-09 16:54:00,5
U0095,P0481,view,2025-04-11 21:59:00,1
U0095,P0305,view,2025-04-26 18:42:00,1
U0095,P0111,save,2025-04-27 21:11:00,4
U0095,P0190,save,2025-04-27 23:29:00,4
U0095,P0372,click,2025-04-29 00:03:00,2
U0095,P0321,view,2025-05-06 20:26:00,1
U0095,P0233,share,2025-05-08 23:40:00,5
U0095,P0290,visit,2025-05-10 23:39:00,8
U0095,P0241,view,2025-05-12 08:19:00,1
U0095,P0474,view,2025-05-16 21:16:00,1
U0095,P0253,dismiss,2025-05-17 12:15:00,-3
U0095,P0194,click,2025-06-02 02:34:00,2
U0095,P0435,save,2025-06-05 21:24:00,4
U0095,P0024,view,2025-06-08 07:14:00,1
U0095,P0177,view,2025-06-12 20:39:00,1
U0095,P0256,click,2025-06-13 11:42:00,2
U0095,P0470,click,2025-06-14 04:38:00,2
U0095,P0342,booking,2025-06-14 05:59:00,10
U0095,P0298,visit,2025-06-17 13:04:00,8
U0095,P0073,view,2025-06-25 04:50:00,1
U0095,P0239,save,2025-07-03 15:54:00,4
U0095,P0028,click,2025-07-05 10:46:00,2
U0095,P0413,view,2025-07-14 19:15:00,1
U0095,P0288,save,2025-07-23 09:07:00,4
U0095,P0402,save,2025-07-27 15:08:00,4
U0095,P0309,view,2025-07-31 05:56:00,1
U0095,P0496,click,2025-08-01 02:54:00,2
U0095,P0356,visit,2025-08-03 02:38:00,8
U0095,P0375,view,2025-08-05 16:12:00,1
U0095,P0464,click,2025-08-08 22:46:00,2
U0095,P0428,view,2025-08-12 19:15:00,1
U0095,P0422,save,2025-08-21 03:11:00,4
U0095,P0237,visit,2025-08-25 18:16:00,8
U0095,P0013,save,2025-08-28 05:07:00,4
U0095,P0108,view,2025-09-04 12:04:00,1
U0095,P0270,click,2025-09-20 04:41:00,2
U0095,P0217,view,2025-09-24 00:20:00,1
U0095,P0188,click,2025-09-28 03:31:00,2
U0095,P0231,click,2025-09-29 17:08:00,2
U0095,P0059,share,2025-10-01 04:56:00,5
U0095,P0389,visit,2025-10-05 13:32:00,8
U0095,P0366,view,2025-10-15 08:50:00,1
U0095,P0331,view,2025-10-15 15:30:00,1
U0095,P0364,view,2025-10-20 06:38:00,1
U0095,P0082,save,2025-10-21 19:03:00,4
U0095,P0293,view,2025-10-24 10:48:00,1
U0095,P0210,view,2025-10-26 04:23:00,1
U0096,P0198,visit,2025-01-01 08:23:00,8
U0096,P0458,visit,2025-01-02 18:08:00,8
U0096,P0284,visit,2025-01-10 20:39:00,8
U0096,P0052,view,2025-01-11 08:58:00,1
U0096,P0114,visit,2025-01-16 21:34:00,8
U0096,P0490,dismiss,2025-01-20 03:56:00,-3
U0096,P0167,view,2025-01-21 07:05:00,1
U0096,P0199,view,2025-01-30 22:54:00,1
U0096,P0109,click,2025-02-15 03:43:00,2
U0096,P0136,share,2025-02-21 10:46:00,5
U0096,P0209,view,2025-02-24 02:07:00,1
U0096,P0448,visit,2025-02-24 23:07:00,8
U0096,P0016,dismiss,2025-03-10 21:50:00,-3
U0096,P0220,view,2025-03-15 14:55:00,1
U0096,P0249,visit,2025-03-25 22:21:00,8
U0096,P0382,visit,2025-03-27 05:07:00,8
U0096,P0261,visit,2025-04-03 01:20:00,8
U0096,P0105,save,2025-04-03 14:28:00,4
U0096,P0186,visit,2025-04-07 14:37:00,8
U0096,P0315,click,2025-04-10 03:21:00,2
U0096,P0446,view,2025-04-16 06:24:00,1
U0096,P0076,save,2025-04-24 03:27:00,4
U0096,P0068,booking,2025-04-27 00:43:00,10
U0096,P0128,dismiss,2025-05-06 22:10:00,-3
U0096,P0078,view,2025-05-08 06:54:00,1
U0096,P0093,save,2025-05-09 10:49:00,4
U0096,P0379,click,2025-05-23 08:04:00,2
U0096,P0368,visit,2025-05-28 09:50:00,8
U0096,P0222,click,2025-06-01 03:07:00,2
U0096,P0365,save,2025-06-01 21:46:00,4
U0096,P0100,save,2025-06-08 04:11:00,4
U0096,P0007,view,2025-06-16 10:32:00,1
U0096,P0271,view,2025-06-18 05:52:00,1
U0096,P0157,visit,2025-06-19 14:26:00,8
U0096,P0401,booking,2025-06-19 17:01:00,10
U0096,P0208,view,2025-06-28 21:59:00,1
U0096,P0014,click,2025-06-29 08:47:00,2
U0096,P0106,save,2025-06-30 18:26:00,4
U0096,P0072,save,2025-07-03 00:20:00,4
U0096,P0225,visit,2025-07-03 17:57:00,8
U0096,P0387,share,2025-07-06 01:49:00,5
U0096,P0003,visit,2025-07-06 19:56:00,8
U0096,P0329,booking,2025-07-10 05:44:00,10
U0096,P0286,save,2025-07-12 01:00:00,4
U0096,P0489,click,2025-07-19 00:35:00,2
U0096,P0165,click,2025-07-27 05:21:00,2
U0096,P0228,click,2025-07-28 09:09:00,2
U0096,P0250,share,2025-07-28 19:36:00,5
U0096,P0065,click,2025-08-01 22:25:00,2
U0096,P0279,dismiss,2025-08-07 19:24:00,-3
U0096,P0066,click,2025-08-12 12:16:00,2
U0096,P0255,view,2025-08-15 10:28:00,1
U0096,P0026,share,2025-08-16 08:34:00,5
U0096,P0287,click,2025-08-22 20:28:00,2
U0096,P0152,visit,2025-08-23 13:43:00,8
U0096,P0232,booking,2025-09-11 08:24:00,10
U0096,P0008,visit,2025-09-11 19:38:00,8
U0096,P0031,view,2025-09-15 17:12:00,1
U0096,P0440,save,2025-09-17 00:45:00,4
U0096,P0121,save,2025-09-21 06:17:00,4
U0096,P0460,view,2025-09-22 18:39:00,1
U0096,P0214,click,2025-10-03 05:25:00,2
U0096,P0306,visit,2025-10-06 13:04:00,8
U0096,P0257,booking,2025-10-08 07:01:00,10
U0096,P0451,view,2025-10-10 01:20:00,1
U0096,P0227,click,2025-10-13 15:46:00,2
U0096,P0434,booking,2025-10-14 00:55:00,10
U0096,P0300,click,2025-10-19 11:33:00,2
U0096,P0453,save,2025-10-20 14:58:00,4
U0096,P0168,save,2025-10-21 04:54:00,4
U0096,P0348,share,2025-10-22 03:27:00,5
U0096,P0476,save,2025-10-25 13:53:00,4
U0097,P0140,visit,2025-01-02 15:32:00,8
U0097,P0137,view,2025-01-03 08:23:00,1
U0097,P0455,share,2025-01-08 13:20:00,5
U0097,P0358,view,2025-01-12 12:06:00,1
U0097,P0206,booking,2025-01-14 20:40:00,10
U0097,P0427,view,2025-01-15 16:11:00,1
U0097,P0275,view,2025-01-16 14:47:00,1
U0097,P0291,click,2025-01-18 18:15:00,2
U0097,P0318,visit,2025-01-27 04:26:00,8
U0097,P0037,view,2025-01-29 06:37:00,1
U0097,P0484,save,2025-02-01 18:28:00,4
U0097,P0345,share,2025-02-04 10:43:00,5
U0097,P0087,click,2025-02-18 21:40:00,2
U0097,P0326,view,2025-02-20 21:53:00,1
U0097,P0452,view,2025-02-25 05:02:00,1
U0097,P0184,click,2025-03-02 09:39:00,2
U0097,P0447,click,2025-03-08 17:21:00,2
U0097,P0369,click,2025-03-12 15:26:00,2
U0097,P0302,booking,2025-03-14 13:56:00,10
U0097,P0064,click,2025-03-17 03:00:00,2
U0097,P0361,dismiss,2025-03-18 01:02:00,-3
U0097,P0324,view,2025-03-20 05:55:00,1
U0097,P0104,save,2025-03-23 03:35:00,4
U0097,P0296,view,2025-03-23 14:15:00,1
U0097,P0238,visit,2025-03-25 03:24:00,8
U0097,P0080,visit,2025-04-04 23:04:00,8
U0097,P0196,visit,2025-04-06 07:05:00,8
U0097,P0391,click,2025-04-07 04:08:00,2
U0097,P0187,click,2025-04-07 13:37:00,2
U0097,P0335,booking,2025-04-08 06:45:00,10
U0097,P0403,click,2025-04-09 10:42:00,2
U0097,P0438,click,2025-04-09 18:46:00,2
U0097,P0193,view,2025-04-17 08:19:00,1
U0097,P0156,view,2025-04-19 22:21:00,1
U0097,P0320,view,2025-04-21 07:41:00,1
U0097,P0392,view,2025-05-02 20:45:00,1
U0097,P0426,save,2025-05-06 08:30:00,4
U0097,P0158,click,2025-05-06 12:36:00,2
U0097,P0328,visit,2025-05-09 02:12:00,8
U0097,P0077,share,2025-06-08 06:19:00,5
U0097,P0166,booking,2025-06-10 22:42:00,10
U0097,P0332,click,2025-06-24 18:21:00,2
U0097,P0488,view,2025-07-04 18:17:00,1
U0097,P0110,share,2025-07-08 11:44:00,5
U0097,P0272,dismiss,2025-07-09 10:51:00,-3
U0097,P0053,click,2025-07-11 10:43:00,2
U0097,P0251,save,2025-07-13 15:33:00,4
U0097,P0307,visit,2025-07-13 20:39:00,8
U0097,P0338,share,2025-07-13 23:42:00,5
U0097,P0263,booking,2025-07-17 09:18:00,10
U0097,P0330,save,2025-07-21 10:12:00,4
U0097,P0495,view,2025-07-27 03:57:00,1
U0097,P0339,click,2025-07-30 03:30:00,2
U0097,P0019,view,2025-08-03 09:16:00,1
U0097,P0001,view,2025-08-03 17:44:00,1
U0097,P0169,click,2025-08-06 19:21:00,2
U0097,P0212,share,2025-08-08 00:31:00,5
U0097,P0462,view,2025-08-10 20:58:00,1
U0097,P0374,share,2025-08-12 19:30:00,5
U0097,P0367,visit,2025-08-15 20:42:00,8
U0097,P0260,save,2025-08-19 04:16:00,4
U0097,P0020,view,2025-08-20 01:58:00,1
U0097,P0252,click,2025-08-23 19:02:00,2
U0097,P0395,click,2025-08-25 00:58:00,2
U0097,P0497,visit,2025-08-27 14:24:00,8
U0097,P0141,view,2025-08-29 12:07:00,1
U0097,P0058,view,2025-09-07 02:18:00,1
U0097,P0280,view,2025-09-13 15:49:00,1
U0097,P0017,save,2025-10-01 06:24:00,4
U0097,P0351,save,2025-10-03 19:51:00,4
U0097,P0254,share,2025-10-10 20:12:00,5
U0097,P0303,save,2025-10-16 07:59:00,4
U0097,P0172,view,2025-10-26 05:09:00,1
U0097,P0399,save,2025-10-28 19:21:00,4
U0097,P0500,visit,2025-11-01 22:03:00,8
U0098,P0412,view,2025-01-01 01:43:00,1
U0098,P0025,click,2025-01-01 22:32:00,2
U0098,P0402,view,2025-01-03 16:20:00,1
U0098,P0210,save,2025-01-17 02:00:00,4
U0098,P0134,click,2025-01-18 18:59:00,2
U0098,P0147,view,2025-01-21 15:29:00,1
U0098,P0241,view,2025-01-21 21:54:00,1
U0098,P0075,share,2025-01-25 04:22:00,5
U0098,P0352,dismiss,2025-01-29 15:52:00,-3
U0098,P0018,view,2025-01-30 06:52:00,1
U0098,P0188,dismiss,2025-01-30 22:33:00,-3
U0098,P0059,save,2025-02-02 04:29:00,4
U0098,P0101,view,2025-02-06 17:16:00,1
U0098,P0270,view,2025-02-12 12:18:00,1
U0098,P0231,visit,2025-02-12 21:03:00,8
U0098,P0027,save,2025-02-22 11:10:00,4
U0098,P0333,view,2025-02-24 15:35:00,1
U0098,P0124,save,2025-02-25 03:57:00,4
U0098,P0454,save,2025-02-27 11:49:00,4
U0098,P0496,save,2025-03-01 02:44:00,4
U0098,P0309,view,2025-03-05 05:48:00,1
U0098,P0258,save,2025-03-19 12:42:00,4
U0098,P0253,dismiss,2025-03-26 01:18:00,-3
U0098,P0364,save,2025-04-01 00:23:00,4
U0098,P0389,view,2025-04-07 07:29:00,1
U0098,P0342,visit,2025-04-19 14:18:00,8
U0098,P0305,dismiss,2025-04-28 19:27:00,-3
U0098,P0029,booking,2025-05-05 10:09:00,10
U0098,P0028,click,2025-05-11 05:22:00,2
U0098,P0085,save,2025-05-13 21:41:00,4
U0098,P0343,view,2025-05-14 17:01:00,1
U0098,P0481,click,2025-05-15 04:35:00,2
U0098,P0386,view,2025-05-19 02:53:00,1
U0098,P0274,save,2025-05-21 08:37:00,4
U0098,P0194,view,2025-06-17 02:05:00,1
U0098,P0223,view,2025-06-19 00:36:00,1
U0098,P0299,click,2025-06-22 16:25:00,2
U0098,P0148,visit,2025-06-25 15:49:00,8
U0098,P0356,view,2025-07-02 18:26:00,1
U0098,P0239,click,2025-07-05 00:46:00,2
U0098,P0413,view,2025-07-05 16:19:00,1
U0098,P0021,view,2025-07-07 02:57:00,1
U0098,P0331,view,2025-07-10 22:55:00,1
U0098,P0267,view,2025-07-11 21:43:00,1
U0098,P0288,click,2025-07-14 17:07:00,2
U0098,P0422,dismiss,2025-07-22 23:36:00,-3
U0098,P0233,save,2025-07-24 00:05:00,4
U0098,P0244,dismiss,2025-07-30 21:27:00,-3
U0098,P0366,dismiss,2025-08-14 23:37:00,-3
U0098,P0474,dismiss,2025-08-15 19:24:00,-3
U0098,P0195,click,2025-08-16 08:16:00,2
U0098,P0135,view,2025-08-16 13:50:00,1
U0098,P0293,click,2025-08-20 22:09:00,2
U0098,P0179,view,2025-08-20 23:19:00,1
U0098,P0372,share,2025-08-29 01:52:00,5
U0098,P0070,save,2025-08-29 11:57:00,4
U0098,P0088,share,2025-08-31 05:43:00,5
U0098,P0217,click,2025-09-19 19:35:00,2
U0098,P0298,save,2025-09-22 16:05:00,4
U0098,P0428,save,2025-09-25 14:00:00,4
U0098,P0127,dismiss,2025-10-08 18:23:00,-3
U0098,P0465,visit,2025-10-23 11:40:00,8
U0098,P0111,booking,2025-10-23 19:05:00,10
U0098,P0108,view,2025-10-26 16:12:00,1
U0098,P0418,view,2025-11-02 07:52:00,1
U0098,P0073,share,2025-11-03 21:02:00,5
U0098,P0176,view,2025-11-10 07:55:00,1
U0099,P0204,visit,2025-01-12 09:45:00,8
U0099,P0090,dismiss,2025-01-15 23:15:00,-3
U0099,P0153,view,2025-01-19 10:09:00,1
U0099,P0283,click,2025-01-23 07:05:00,2
U0099,P0473,booking,2025-01-25 12:26:00,10
U0099,P0033,view,2025-02-09 06:34:00,1
U0099,P0045,click,2025-02-09 10:44:00,2
U0099,P0203,booking,2025-02-10 23:00:00,10
U0099,P0444,click,2025-02-23 04:40:00,2
U0099,P0159,view,2025-03-02 02:23:00,1
U0099,P0433,view,2025-03-09 22:58:00,1
U0099,P0483,save,2025-03-13 02:10:00,4
U0099,P0171,visit,2025-03-18 00:32:00,8
U0099,P0149,view,2025-03-20 10:21:00,1
U0099,P0377,save,2025-03-23 00:13:00,4
U0099,P0486,view,2025-03-24 09:19:00,1
U0099,P0095,click,2025-03-25 08:02:00,2
U0099,P0117,view,2025-03-27 06:47:00,1
U0099,P0397,view,2025-04-07 02:51:00,1
U0099,P0485,visit,2025-04-22 01:08:00,8
U0099,P0416,view,2025-04-24 08:40:00,1
U0099,P0276,save,2025-04-26 08:28:00,4
U0099,P0197,view,2025-05-03 01:51:00,1
U0099,P0079,save,2025-05-08 01:13:00,4
U0099,P0234,click,2025-05-10 16:01:00,2
U0099,P0419,view,2025-05-11 10:13:00,1
U0099,P0221,click,2025-05-31 03:06:00,2
U0099,P0316,save,2025-06-02 11:39:00,4
U0099,P0242,dismiss,2025-06-08 05:34:00,-3
U0099,P0456,view,2025-06-11 07:06:00,1
U0099,P0285,view,2025-06-11 19:17:00,1
U0099,P0449,view,2025-06-22 09:58:00,1
U0099,P0048,save,2025-06-23 16:22:00,4
U0099,P0192,save,2025-06-26 14:59:00,4
U0099,P0071,view,2025-07-01 13:20:00,1
U0099,P0230,view,2025-07-13 01:08:00,1
U0099,P0410,visit,2025-07-19 18:59:00,8
U0099,P0099,dismiss,2025-07-25 04:45:00,-3
U0099,P0030,booking,2025-07-25 12:14:00,10
U0099,P0439,click,2025-07-29 17:51:00,2
U0099,P0219,view,2025-07-30 16:38:00,1
U0099,P0487,visit,2025-07-31 20:41:00,8
U0099,P0094,share,2025-08-01 15:35:00,5
U0099,P0494,click,2025-08-03 10:39:00,2
U0099,P0057,click,2025-08-06 05:12:00,2
U0099,P0062,view,2025-08-07 17:44:00,1
U0099,P0304,view,2025-08-10 12:33:00,1
U0099,P0425,share,2025-08-12 09:08:00,5
U0099,P0294,save,2025-08-14 21:11:00,4
U0099,P0341,view,2025-08-15 23:30:00,1
U0099,P0178,dismiss,2025-08-20 15:41:00,-3
U0099,P0420,save,2025-08-22 11:26:00,4
U0099,P0131,click,2025-08-24 02:50:00,2
U0099,P0266,save,2025-08-25 07:47:00,4
U0099,P0218,share,2025-08-27 00:42:00,5
U0099,P0373,view,2025-08-30 04:33:00,1
U0099,P0312,view,2025-09-03 07:21:00,1
U0099,P0334,booking,2025-09-05 14:35:00,10
U0099,P0396,dismiss,2025-09-07 17:48:00,-3
U0099,P0295,click,2025-09-09 02:34:00,2
U0099,P0118,click,2025-09-14 05:44:00,2
U0099,P0098,click,2025-09-19 10:32:00,2
U0099,P0384,share,2025-09-25 00:10:00,5
U0099,P0097,view,2025-09-25 05:21:00,1
U0099,P0407,click,2025-09-28 12:53:00,2
U0099,P0112,view,2025-09-30 09:28:00,1
U0099,P0264,save,2025-10-02 07:52:00,4
U0099,P0482,view,2025-10-03 02:23:00,1
U0099,P0247,save,2025-10-04 12:27:00,4
U0099,P0432,visit,2025-10-06 05:35:00,8
U0099,P0323,share,2025-10-07 12:08:00,5
U0099,P0163,click,2025-10-24 14:57:00,2
U0099,P0292,click,2025-10-26 13:40:00,2
U0099,P0310,booking,2025-10-27 01:58:00,10
U0099,P0049,view,2025-11-06 07:27:00,1
U0099,P0408,click,2025-11-12 17:35:00,2
U0100,P0204,share,2025-01-12 18:16:00,5
U0100,P0118,share,2025-01-16 03:15:00,5
U0100,P0213,click,2025-01-18 05:39:00,2
U0100,P0282,click,2025-01-19 10:52:00,2
U0100,P0471,view,2025-01-20 11:45:00,1
U0100,P0266,click,2025-01-21 02:18:00,2
U0100,P0433,view,2025-01-29 10:49:00,1
U0100,P0373,view,2025-01-30 06:52:00,1
U0100,P0316,click,2025-02-01 14:57:00,2
U0100,P0009,view,2025-02-04 19:40:00,1
U0100,P0487,save,2025-02-08 12:41:00,4
U0100,P0295,click,2025-02-09 02:41:00,2
U0100,P0420,visit,2025-02-15 17:57:00,8
U0100,P0439,share,2025-02-16 05:47:00,5
U0100,P0450,view,2025-02-16 05:51:00,1
U0100,P0449,save,2025-02-28 06:51:00,4
U0100,P0334,visit,2025-03-01 04:01:00,8
U0100,P0292,view,2025-03-01 18:06:00,1
U0100,P0030,click,2025-03-02 12:01:00,2
U0100,P0483,view,2025-03-07 03:49:00,1
U0100,P0090,view,2025-03-19 07:04:00,1
U0100,P0035,view,2025-03-20 02:42:00,1
U0100,P0221,view,2025-03-20 10:19:00,1
U0100,P0171,save,2025-03-26 19:05:00,4
U0100,P0407,view,2025-04-11 21:31:00,1
U0100,P0408,view,2025-04-13 13:14:00,1
U0100,P0002,view,2025-04-14 00:32:00,1
U0100,P0456,click,2025-04-15 01:50:00,2
U0100,P0159,view,2025-04-22 06:20:00,1
U0100,P0323,click,2025-04-30 08:51:00,2
U0100,P0057,dismiss,2025-05-04 05:46:00,-3
U0100,P0049,view,2025-05-08 08:51:00,1
U0100,P0218,view,2025-05-10 02:08:00,1
U0100,P0130,view,2025-05-15 18:23:00,1
U0100,P0482,click,2025-05-26 09:00:00,2
U0100,P0475,click,2025-05-29 20:53:00,2
U0100,P0182,view,2025-06-04 23:46:00,1
U0100,P0432,visit,2025-06-10 03:55:00,8
U0100,P0099,click,2025-06-10 04:47:00,2
U0100,P0377,click,2025-06-13 04:03:00,2
U0100,P0264,click,2025-07-04 05:12:00,2
U0100,P0459,view,2025-07-13 23:13:00,1
U0100,P0341,click,2025-07-20 17:46:00,2
U0100,P0473,visit,2025-07-28 00:05:00,8
U0100,P0310,click,2025-07-31 09:51:00,2
U0100,P0384,view,2025-08-01 02:11:00,1
U0100,P0492,view,2025-08-09 20:25:00,1
U0100,P0493,view,2025-08-15 04:14:00,1
U0100,P0247,click,2025-08-25 13:34:00,2
U0100,P0312,click,2025-09-02 18:20:00,2
U0100,P0419,click,2025-09-02 19:58:00,2
U0100,P0219,view,2025-09-08 01:19:00,1
U0100,P0048,visit,2025-09-10 07:18:00,8
U0100,P0494,save,2025-09-11 14:22:00,4
U0100,P0394,visit,2025-09-14 05:49:00,8
U0100,P0071,dismiss,2025-09-15 02:14:00,-3
U0100,P0273,share,2025-09-15 22:23:00,5
U0100,P0079,save,2025-09-28 22:04:00,4
U0100,P0153,dismiss,2025-10-08 04:19:00,-3
U0100,P0192,view,2025-10-12 17:41:00,1
U0100,P0203,share,2025-10-24 12:43:00,5
U0100,P0444,view,2025-10-26 18:03:00,1
U0100,P0425,view,2025-10-30 01:32:00,1
U0100,P0006,view,2025-10-31 09:35:00,1
U0100,P0410,click,2025-11-13 03:56:00,2
U0100,P0234,click,2025-11-15 08:29:00,2
U0100,P0294,view,2025-11-19 12:48:00,1
U0100,P0132,view,2025-11-25 16:46:00,1
