traveler_id,poi_id,interest_match,preference_match,budget_match,mobility_match,party_match,poi_rating,poi_review_count,poi_popularity,tourist_level,expected_duration,trip_duration,geographic_distance
U0001,P0001,0.0,0.33299999999999996,0.6,1.0,1.0,4.32,5.337538079701318,0.32,0.667,30,3,5.6637814322732565
U0001,P0010,0.0,0.5589999999999999,0.6,1.0,1.0,3.69,3.8066624897703196,0.479,0.441,180,3,1.2843231976421747
U0001,P0011,0.0,0.132,0.6,1.0,1.0,4.76,5.231108616854587,0.371,0.868,45,3,17.59879068330836
U0001,P0012,0.0,0.20499999999999996,0.6,1.0,1.0,4.13,3.8066624897703196,0.301,0.795,90,3,23.411665155654507
U0001,P0017,0.0,0.43200000000000005,0.6,0.0,1.0,4.09,4.23410650459726,0.428,0.568,90,3,1.3054351803959063
U0001,P0019,0.5,0.17000000000000004,0.6,1.0,1.0,4.19,3.1780538303479458,0.525,0.83,180,3,17.08806072916304
U0001,P0020,0.0,0.383,1.0,1.0,1.0,3.5,5.736572297479192,0.643,0.617,30,3,14.141452945953894
U0001,P0036,0.0,0.808,0.6,1.0,1.0,4.26,7.346010209913293,0.95,0.192,30,3,10.48050645951798
U0001,P0037,0.0,0.856,0.6,0.0,1.0,4.08,7.3777589082278725,1.0,0.144,120,3,12.222799571058632
U0001,P0046,0.5,0.29200000000000004,0.2,1.0,1.0,4.14,6.663132695990803,0.812,0.708,90,3,22.637937119330974
U0001,P0050,0.0,0.21299999999999997,0.2,0.0,1.0,4.1,5.220355825078324,0.486,0.787,150,3,13.707710131116945
U0001,P0053,0.0,0.37,1.0,1.0,1.0,4.03,5.986452005284438,0.418,0.63,45,3,6.209672268843001
U0001,P0058,0.5,0.515,0.6,1.0,1.0,4.01,5.863631175598097,0.535,0.485,120,3,14.922684814580043
U0001,P0064,0.5,0.845,0.6,1.0,1.0,3.65,4.8283137373023015,0.408,0.155,90,3,16.902845903558482
U0001,P0077,0.5,0.9319999999999999,1.0,0.0,1.0,3.79,5.780743515792329,0.656,0.068,90,3,19.75680795198228
U0001,P0080,0.5,0.27,1.0,1.0,1.0,3.56,6.289715570908998,0.705,0.73,45,3,17.41664661917968
U0001,P0086,0.5,0.344,1.0,0.0,1.0,3.7,4.5217885770490405,0.474,0.656,120,3,16.22300372981901
U0001,P0087,0.0,0.831,0.2,1.0,1.0,4.07,5.910796644040527,0.392,0.169,90,3,6.595938616153596
U0001,P0104,0.5,0.5549999999999999,1.0,1.0,1.0,4.33,6.118097198041348,0.635,0.445,45,3,9.173366145004902
U0001,P0110,0.0,0.663,1.0,1.0,1.0,3.88,5.598421958998375,0.397,0.337,150,3,4.81206685963722
U0001,P0119,0.0,0.07699999999999996,0.6,0.0,1.0,3.19,5.726847747587197,0.593,0.923,150,3,8.905182514184062
U0001,P0129,0.5,0.07499999999999996,0.6,1.0,1.0,4.67,4.653960350157523,0.551,0.925,120,3,10.873686648212045
U0001,P0137,0.0,0.643,0.6,1.0,1.0,4.62,5.5134287461649825,0.627,0.357,180,3,18.67714894863407
U0001,P0140,0.0,0.355,1.0,1.0,1.0,4.13,5.043425116919247,0.467,0.645,45,3,23.964339077725132
U0001,P0141,0.5,0.33399999999999996,1.0,1.0,1.0,4.15,6.295266001439646,0.507,0.666,60,3,17.90611337827787
U0001,P0143,0.0,0.942,1.0,1.0,1.0,5.0,3.1780538303479458,0.308,0.058,180,3,11.290574176814426
U0001,P0156,0.5,0.785,0.2,0.0,1.0,4.0,6.818924065275521,0.86,0.215,60,3,17.414772631689754
U0001,P0158,0.0,0.479,0.2,1.0,1.0,4.69,5.5254529391317835,0.362,0.521,90,3,8.716777768295316
U0001,P0166,0.0,0.43100000000000005,0.2,1.0,1.0,4.09,4.430816798843313,0.377,0.569,150,3,6.636252343176808
U0001,P0169,0.0,0.02200000000000002,0.2,1.0,1.0,3.73,5.117993812416755,0.411,0.978,60,3,17.021482159466675
U0001,P0172,0.5,0.7050000000000001,0.2,0.0,1.0,4.21,4.897839799950911,0.419,0.295,150,3,20.6753925176187
U0001,P0184,0.0,0.44299999999999995,0.2,1.0,1.0,4.2,5.517452896464707,0.367,0.557,90,3,11.648891587389693
U0001,P0187,0.5,0.8049999999999999,0.2,1.0,1.0,4.75,6.651571873589727,0.602,0.195,30,3,10.95463759052734
U0001,P0193,0.0,0.898,1.0,0.0,1.0,3.76,5.683579767338681,0.552,0.102,150,3,14.024122242145364
U0001,P0196,0.5,0.764,0.2,1.0,1.0,3.7,6.091309882077698,0.697,0.236,90,3,1.7644894002886917
U0001,P0206,0.0,0.28200000000000003,0.2,1.0,1.0,4.42,4.1588830833596715,0.469,0.718,45,3,7.72306192397253
U0001,P0212,0.5,0.33699999999999997,1.0,1.0,1.0,3.99,6.666956792429207,0.86,0.663,90,3,19.264678553664538
U0001,P0238,0.0,0.133,1.0,1.0,1.0,4.84,5.204006687076795,0.479,0.867,45,3,13.91249020918598
U0001,P0248,0.5,0.43799999999999994,0.6,1.0,1.0,4.79,6.148468295917647,0.759,0.562,120,3,6.024354155277921
U0001,P0251,0.0,0.050000000000000044,0.2,1.0,1.0,4.52,7.791522819150732,1.0,0.95,45,3,19.696937564164923
U0001,P0252,0.5,0.651,0.6,1.0,1.0,3.47,6.175867270105761,0.566,0.349,150,3,15.405133944002161
U0001,P0254,0.0,0.17900000000000005,0.2,1.0,1.0,3.83,4.465908118654584,0.391,0.821,45,3,4.3042691570660665
U0001,P0260,0.5,0.28600000000000003,0.6,1.0,1.0,4.14,6.401917196727186,0.669,0.714,180,3,7.478157351712347
U0001,P0263,0.0,0.121,0.6,1.0,1.0,3.76,3.367295829986474,0.32,0.879,90,3,22.35928719835451
U0001,P0272,0.5,0.53,0.6,1.0,1.0,4.34,7.2305631534092925,1.0,0.47,30,3,10.35554032251081
U0001,P0275,0.5,0.11099999999999999,1.0,0.0,1.0,4.27,4.77912349311153,0.591,0.889,120,3,17.030630585531476
U0001,P0280,0.0,0.05900000000000005,0.6,0.0,1.0,4.28,4.997212273764115,0.537,0.941,120,3,10.70285098733665
U0001,P0281,0.5,0.22899999999999998,0.2,1.0,1.0,4.23,7.990576881743923,1.0,0.771,30,3,16.178775661626158
U0001,P0291,0.0,0.522,0.6,1.0,1.0,4.25,5.003946305945459,0.58,0.478,180,3,16.116085627381942
U0001,P0296,0.5,0.791,0.6,1.0,1.0,4.13,4.927253685157205,0.342,0.209,150,3,20.689277747599082
U0001,P0302,0.0,0.5660000000000001,0.6,1.0,1.0,4.49,7.126890808898808,1.0,0.434,90,3,4.699358265421118
U0001,P0303,0.0,0.513,0.6,1.0,1.0,4.29,7.752335163302292,1.0,0.487,150,3,5.892331551187802
U0001,P0307,0.5,0.8160000000000001,0.6,1.0,1.0,4.23,4.1588830833596715,0.352,0.184,180,3,1.7463736718925418
U0001,P0317,0.5,0.898,1.0,1.0,1.0,4.03,4.990432586778736,0.512,0.102,120,3,19.351403366244575
U0001,P0318,0.0,0.399,0.6,0.0,1.0,3.64,3.5263605246161616,0.245,0.601,60,3,10.96750824156858
U0001,P0320,0.0,0.928,0.2,0.0,1.0,3.52,3.9512437185814275,0.257,0.072,30,3,2.8056467329730155
U0001,P0324,0.0,0.31599999999999995,1.0,0.0,1.0,2.89,5.438079308923196,0.474,0.684,60,3,22.6776668078042
U0001,P0326,0.5,0.938,0.2,1.0,1.0,4.93,6.852242569051878,0.99,0.062,60,3,20.432060685599097
U0001,P0328,0.0,0.15700000000000003,0.6,0.0,1.0,5.0,5.572154032177765,0.438,0.843,180,3,7.684911842603152
U0001,P0330,0.5,0.795,0.2,1.0,1.0,4.19,5.327876168789581,0.598,0.205,45,3,17.351499052695004
U0001,P0332,0.5,0.04500000000000004,0.6,1.0,1.0,4.09,4.852030263919617,0.297,0.955,45,3,5.136210807388979
U0001,P0335,0.0,0.05500000000000005,0.6,0.0,1.0,2.91,6.810142450115136,0.759,0.945,45,3,8.331484111811747
U0001,P0338,0.5,0.05800000000000005,0.6,0.0,1.0,3.47,4.574710978503383,0.318,0.942,180,3,2.0255117814896724
U0001,P0339,0.5,0.14800000000000002,0.6,1.0,1.0,3.6,7.602900462204755,1.0,0.852,30,3,9.771497906519901
U0001,P0345,0.0,0.644,0.6,1.0,1.0,4.42,6.035481432524756,0.502,0.356,150,3,8.793368379960206
U0001,P0346,0.0,0.405,0.6,1.0,1.0,3.94,6.891625897052253,0.71,0.595,150,3,15.42836538374964
U0001,P0351,0.5,0.45399999999999996,0.6,0.0,1.0,3.86,6.759255270663693,0.911,0.546,150,3,22.907026078238165
U0001,P0358,0.5,0.44999999999999996,0.6,1.0,1.0,4.08,6.824373670043086,0.828,0.55,45,3,13.25671624819692
U0001,P0359,0.0,0.77,0.6,1.0,1.0,4.15,5.683579767338681,0.385,0.23,180,3,12.91549797712224
U0001,P0361,0.5,0.10199999999999998,0.2,1.0,1.0,4.24,3.4657359027997265,0.315,0.898,120,3,13.852152225188672
U0001,P0367,0.0,0.484,0.6,1.0,1.0,4.28,3.4657359027997265,0.364,0.516,90,3,14.947301491819626
U0001,P0369,0.5,0.15100000000000002,0.6,0.0,1.0,4.22,6.679599185844383,0.722,0.849,180,3,16.480440854518015
U0001,P0371,0.0,0.839,0.6,1.0,1.0,3.27,3.970291913552122,0.261,0.161,30,3,11.445482684671125
U0001,P0374,0.5,0.65,0.2,1.0,1.0,4.18,4.59511985013459,0.424,0.35,90,3,12.201451166143464
U0001,P0380,0.0,0.819,0.6,0.0,1.0,3.71,6.342121418721152,0.567,0.181,150,3,8.544844295843076
U0001,P0388,0.5,0.41300000000000003,0.6,1.0,1.0,4.38,3.6375861597263857,0.236,0.587,120,3,17.15588018211305
U0001,P0390,0.5,0.9319999999999999,0.6,1.0,1.0,4.07,6.246106765481563,0.77,0.068,120,3,16.3935922097413
U0001,P0391,0.0,0.587,0.2,1.0,1.0,4.18,3.912023005428146,0.403,0.413,30,3,10.319134862993188
U0001,P0392,0.5,0.646,0.6,1.0,1.0,4.27,6.234410725718371,0.68,0.354,30,3,2.6786829363993316
U0001,P0395,0.5,0.261,1.0,0.0,1.0,4.07,3.5263605246161616,0.234,0.739,150,3,17.435471105318765
U0001,P0399,0.0,0.45299999999999996,0.2,1.0,1.0,4.08,6.318968113746434,0.659,0.547,150,3,1.9117336988053018
U0001,P0400,0.0,0.737,1.0,0.0,1.0,4.11,5.537334267018537,0.362,0.263,120,3,3.249030888931814
U0001,P0403,0.0,0.14300000000000002,0.2,1.0,1.0,3.9,5.1298987149230735,0.376,0.857,150,3,21.164020794857905
U0001,P0405,0.5,0.654,1.0,1.0,1.0,4.67,4.430816798843313,0.395,0.346,90,3,13.41359892371189
U0001,P0424,0.0,0.804,0.2,1.0,1.0,4.23,8.446556111816797,1.0,0.196,30,3,11.786517405897225
U0001,P0426,0.5,0.062000000000000055,0.6,1.0,1.0,3.82,4.836281906951478,0.263,0.938,120,3,15.235172038580192
U0001,P0427,0.0,0.599,1.0,1.0,1.0,3.81,6.927557906278317,0.653,0.401,45,3,2.0675268523247343
U0001,P0438,0.5,0.554,1.0,1.0,1.0,4.09,7.653494909661253,1.0,0.446,45,3,17.55190947982749
U0001,P0441,0.0,0.5900000000000001,0.6,1.0,1.0,5.0,4.867534450455582,0.426,0.41,150,3,9.355361554447342
U0001,P0447,0.0,0.475,0.2,0.0,1.0,4.58,6.903747257584598,0.815,0.525,120,3,21.25549652540763
U0001,P0452,0.5,0.839,0.6,1.0,1.0,4.11,7.034387929915503,1.0,0.161,150,3,8.285348271327116
U0001,P0455,0.0,0.20599999999999996,0.6,1.0,1.0,4.39,8.096208271650037,1.0,0.794,150,3,3.4367069388152096
U0001,P0462,0.0,0.44399999999999995,0.6,1.0,1.0,4.16,4.663439094112067,0.492,0.556,150,3,5.547952535361539
U0001,P0463,0.0,0.04500000000000004,0.6,1.0,1.0,4.64,3.6888794541139363,0.486,0.955,180,3,17.78122995218778
U0001,P0484,0.5,0.698,1.0,1.0,1.0,3.8,7.661527081358517,1.0,0.302,60,3,9.064313815420649
U0001,P0488,0.0,0.22299999999999998,0.6,1.0,1.0,3.9,3.258096538021482,0.334,0.777,30,3,3.623621885131792
U0001,P0495,0.5,0.78,0.6,1.0,1.0,4.0,5.53338948872752,0.423,0.22,60,3,18.68095352514038
U0001,P0497,0.0,0.581,0.2,1.0,1.0,3.99,4.68213122712422,0.302,0.419,30,3,13.7259022318714
U0001,P0499,0.0,0.5,1.0,1.0,1.0,4.91,6.269096283706261,0.682,0.5,120,3,2.533683115512577
U0001,P0500,0.0,0.16100000000000003,0.6,1.0,1.0,3.84,6.18826412308259,0.439,0.839,180,3,5.463707150108026
U0002,P0001,0.0,0.33299999999999996,0.6,1.0,1.0,4.32,5.337538079701318,0.32,0.667,30,2,7.737167712919342
U0002,P0010,0.0,0.5589999999999999,0.6,1.0,0.0,3.69,3.8066624897703196,0.479,0.441,180,2,6.5268999512630375
U0002,P0011,0.0,0.132,0.6,1.0,0.0,4.76,5.231108616854587,0.371,0.868,45,2,15.40238555724768
U0002,P0012,0.0,0.20499999999999996,0.6,1.0,0.0,4.13,3.8066624897703196,0.301,0.795,90,2,17.323703005309298
U0002,P0017,0.0,0.43200000000000005,0.6,0.0,0.0,4.09,4.23410650459726,0.428,0.568,90,2,5.310433990182308
U0002,P0019,0.5,0.17000000000000004,0.6,1.0,0.0,4.19,3.1780538303479458,0.525,0.83,180,2,12.691612288236113
U0002,P0020,0.0,0.383,1.0,1.0,0.0,3.5,5.736572297479192,0.643,0.617,30,2,7.953824104244702
U0002,P0036,0.0,0.808,0.6,1.0,1.0,4.26,7.346010209913293,0.95,0.192,30,2,5.741941604550187
U0002,P0037,0.0,0.856,0.6,0.0,1.0,4.08,7.3777589082278725,1.0,0.144,120,2,7.779391108752456
U0002,P0046,0.5,0.29200000000000004,0.2,1.0,0.0,4.14,6.663132695990803,0.812,0.708,90,2,16.434856740108152
U0002,P0050,0.0,0.21299999999999997,0.2,0.0,0.0,4.1,5.220355825078324,0.486,0.787,150,2,7.99203425981246
U0002,P0053,0.0,0.37,1.0,1.0,0.0,4.03,5.986452005284438,0.418,0.63,45,2,8.115635816946241
U0002,P0058,0.5,0.515,0.6,1.0,0.0,4.01,5.863631175598097,0.535,0.485,120,2,8.510362412702879
U0002,P0064,0.5,0.845,0.6,1.0,1.0,3.65,4.8283137373023015,0.408,0.155,90,2,15.305228784615796
U0002,P0077,0.5,0.9319999999999999,1.0,0.0,1.0,3.79,5.780743515792329,0.656,0.068,90,2,14.132812852537542
U0002,P0080,0.5,0.27,1.0,1.0,1.0,3.56,6.289715570908998,0.705,0.73,45,2,11.72736949978278
U0002,P0086,0.5,0.344,1.0,0.0,0.0,3.7,4.5217885770490405,0.474,0.656,120,2,9.784614955969943
U0002,P0087,0.0,0.831,0.2,1.0,1.0,4.07,5.910796644040527,0.392,0.169,90,2,0.46806666288088455
U0002,P0104,0.5,0.5549999999999999,1.0,1.0,0.0,4.33,6.118097198041348,0.635,0.445,45,2,4.030584757776658
U0002,P0110,0.0,0.663,1.0,1.0,0.0,3.88,5.598421958998375,0.397,0.337,150,2,6.085833004365712
U0002,P0119,0.0,0.07699999999999996,0.6,0.0,0.0,3.19,5.726847747587197,0.593,0.923,150,2,3.5794658448260606
U0002,P0129,0.5,0.07499999999999996,0.6,1.0,1.0,4.67,4.653960350157523,0.551,0.925,120,2,5.093900640778549
U0002,P0137,0.0,0.643,0.6,1.0,1.0,4.62,5.5134287461649825,0.627,0.357,180,2,13.281507433780448
U0002,P0140,0.0,0.355,1.0,1.0,0.0,4.13,5.043425116919247,0.467,0.645,45,2,17.97731603730432
U0002,P0141,0.5,0.33399999999999996,1.0,1.0,1.0,4.15,6.295266001439646,0.507,0.666,60,2,11.54249908881207
U0002,P0143,0.0,0.942,1.0,1.0,1.0,5.0,3.1780538303479458,0.308,0.058,180,2,6.961973491621638
U0002,P0156,0.5,0.785,0.2,0.0,1.0,4.0,6.818924065275521,0.86,0.215,60,2,13.767163325213403
U0002,P0158,0.0,0.479,0.2,1.0,1.0,4.69,5.5254529391317835,0.362,0.521,90,2,3.0021603168482023
U0002,P0166,0.0,0.43100000000000005,0.2,1.0,1.0,4.09,4.430816798843313,0.377,0.569,150,2,9.253755406902451
U0002,P0169,0.0,0.02200000000000002,0.2,1.0,1.0,3.73,5.117993812416755,0.411,0.978,60,2,10.555708408035265
U0002,P0172,0.5,0.7050000000000001,0.2,0.0,1.0,4.21,4.897839799950911,0.419,0.295,150,2,17.739548931082926
U0002,P0184,0.0,0.44299999999999995,0.2,1.0,1.0,4.2,5.517452896464707,0.367,0.557,90,2,5.531989019872955
U0002,P0187,0.5,0.8049999999999999,0.2,1.0,1.0,4.75,6.651571873589727,0.602,0.195,30,2,4.49687873032323
U0002,P0193,0.0,0.898,1.0,0.0,1.0,3.76,5.683579767338681,0.552,0.102,150,2,7.714949313824373
U0002,P0196,0.5,0.764,0.2,1.0,1.0,3.7,6.091309882077698,0.697,0.236,90,2,5.762762052218706
U0002,P0206,0.0,0.28200000000000003,0.2,1.0,1.0,4.42,4.1588830833596715,0.469,0.718,45,2,9.203074502536328
U0002,P0212,0.5,0.33699999999999997,1.0,1.0,1.0,3.99,6.666956792429207,0.86,0.663,90,2,13.342763908710456
U0002,P0238,0.0,0.133,1.0,1.0,1.0,4.84,5.204006687076795,0.479,0.867,45,2,9.473568313628983
U0002,P0248,0.5,0.43799999999999994,0.6,1.0,0.0,4.79,6.148468295917647,0.759,0.562,120,2,5.383641350066998
U0002,P0251,0.0,0.050000000000000044,0.2,1.0,0.0,4.52,7.791522819150732,1.0,0.95,45,2,13.403594482240667
U0002,P0252,0.5,0.651,0.6,1.0,1.0,3.47,6.175867270105761,0.566,0.349,150,2,10.887498932456257
U0002,P0254,0.0,0.17900000000000005,0.2,1.0,1.0,3.83,4.465908118654584,0.391,0.821,45,2,4.0175959550958025
U0002,P0260,0.5,0.28600000000000003,0.6,1.0,0.0,4.14,6.401917196727186,0.669,0.714,180,2,2.053766070189402
U0002,P0263,0.0,0.121,0.6,1.0,1.0,3.76,3.367295829986474,0.32,0.879,90,2,16.302082363488474
U0002,P0272,0.5,0.53,0.6,1.0,0.0,4.34,7.2305631534092925,1.0,0.47,30,2,7.278044398047265
U0002,P0275,0.5,0.11099999999999999,1.0,0.0,1.0,4.27,4.77912349311153,0.591,0.889,120,2,11.434169234570499
U0002,P0280,0.0,0.05900000000000005,0.6,0.0,0.0,4.28,4.997212273764115,0.537,0.941,120,2,11.300642189508563
U0002,P0281,0.5,0.22899999999999998,0.2,1.0,0.0,4.23,7.990576881743923,1.0,0.771,30,2,11.014902691180787
U0002,P0291,0.0,0.522,0.6,1.0,1.0,4.25,5.003946305945459,0.58,0.478,180,2,11.186454989254885
U0002,P0296,0.5,0.791,0.6,1.0,0.0,4.13,4.927253685157205,0.342,0.209,150,2,14.720474145097707
U0002,P0302,0.0,0.5660000000000001,0.6,1.0,0.0,4.49,7.126890808898808,1.0,0.434,90,2,4.447948895345784
U0002,P0303,0.0,0.513,0.6,1.0,0.0,4.29,7.752335163302292,1.0,0.487,150,2,2.257056558394605
U0002,P0307,0.5,0.8160000000000001,0.6,1.0,1.0,4.23,4.1588830833596715,0.352,0.184,180,2,7.261660071460011
U0002,P0317,0.5,0.898,1.0,1.0,0.0,4.03,4.990432586778736,0.512,0.102,120,2,15.440871072518132
U0002,P0318,0.0,0.399,0.6,0.0,1.0,3.64,3.5263605246161616,0.245,0.601,60,2,11.226764767563386
U0002,P0320,0.0,0.928,0.2,0.0,1.0,3.52,3.9512437185814275,0.257,0.072,30,2,3.792093581405273
U0002,P0324,0.0,0.31599999999999995,1.0,0.0,0.0,2.89,5.438079308923196,0.474,0.684,60,2,16.787003674399198
U0002,P0326,0.5,0.938,0.2,1.0,1.0,4.93,6.852242569051878,0.99,0.062,60,2,13.959673703429768
U0002,P0328,0.0,0.15700000000000003,0.6,0.0,1.0,5.0,5.572154032177765,0.438,0.843,180,2,5.491429988648982
U0002,P0330,0.5,0.795,0.2,1.0,0.0,4.19,5.327876168789581,0.598,0.205,45,2,10.868021363987028
U0002,P0332,0.5,0.04500000000000004,0.6,1.0,1.0,4.09,4.852030263919617,0.297,0.955,45,2,4.583426477641731
U0002,P0335,0.0,0.05500000000000005,0.6,0.0,1.0,2.91,6.810142450115136,0.759,0.945,45,2,4.816110872562755
U0002,P0338,0.5,0.05800000000000005,0.6,0.0,0.0,3.47,4.574710978503383,0.318,0.942,180,2,5.206975333964994
U0002,P0339,0.5,0.14800000000000002,0.6,1.0,1.0,3.6,7.602900462204755,1.0,0.852,30,2,3.969346097697988
U0002,P0345,0.0,0.644,0.6,1.0,1.0,4.42,6.035481432524756,0.502,0.356,150,2,10.57793780644491
U0002,P0346,0.0,0.405,0.6,1.0,1.0,3.94,6.891625897052253,0.71,0.595,150,2,8.939308545157616
U0002,P0351,0.5,0.45399999999999996,0.6,0.0,0.0,3.86,6.759255270663693,0.911,0.546,150,2,16.656498726150783
U0002,P0358,0.5,0.44999999999999996,0.6,1.0,1.0,4.08,6.824373670043086,0.828,0.55,45,2,7.369883326758551
U0002,P0359,0.0,0.77,0.6,1.0,0.0,4.15,5.683579767338681,0.385,0.23,180,2,7.546493319367315
U0002,P0361,0.5,0.10199999999999998,0.2,1.0,0.0,4.24,3.4657359027997265,0.315,0.898,120,2,9.713031641709987
U0002,P0367,0.0,0.484,0.6,1.0,0.0,4.28,3.4657359027997265,0.364,0.516,90,2,9.737453403809809
U0002,P0369,0.5,0.15100000000000002,0.6,0.0,1.0,4.22,6.679599185844383,0.722,0.849,180,2,10.61364654865405
U0002,P0371,0.0,0.839,0.6,1.0,1.0,3.27,3.970291913552122,0.261,0.161,30,2,5.0766898262818225
U0002,P0374,0.5,0.65,0.2,1.0,1.0,4.18,4.59511985013459,0.424,0.35,90,2,7.66613690999032
U0002,P0380,0.0,0.819,0.6,0.0,1.0,3.71,6.342121418721152,0.567,0.181,150,2,2.7282875962289475
U0002,P0388,0.5,0.41300000000000003,0.6,1.0,1.0,4.38,3.6375861597263857,0.236,0.587,120,2,12.691463238330778
U0002,P0390,0.5,0.9319999999999999,0.6,1.0,0.0,4.07,6.246106765481563,0.77,0.068,120,2,9.967606664405984
U0002,P0391,0.0,0.587,0.2,1.0,1.0,4.18,3.912023005428146,0.403,0.413,30,2,4.264993073088345
U0002,P0392,0.5,0.646,0.6,1.0,1.0,4.27,6.234410725718371,0.68,0.354,30,2,5.523707649887771
U0002,P0395,0.5,0.261,1.0,0.0,0.0,4.07,3.5263605246161616,0.234,0.739,150,2,10.989381411467397
U0002,P0399,0.0,0.45299999999999996,0.2,1.0,1.0,4.08,6.318968113746434,0.659,0.547,150,2,5.372438936139048
U0002,P0400,0.0,0.737,1.0,0.0,0.0,4.11,5.537334267018537,0.362,0.263,120,2,5.093618855620426
U0002,P0403,0.0,0.14300000000000002,0.2,1.0,1.0,3.9,5.1298987149230735,0.376,0.857,150,2,15.449367311628144
U0002,P0405,0.5,0.654,1.0,1.0,0.0,4.67,4.430816798843313,0.395,0.346,90,2,12.463645006762544
U0002,P0424,0.0,0.804,0.2,1.0,0.0,4.23,8.446556111816797,1.0,0.196,30,2,6.870132742091076
U0002,P0426,0.5,0.062000000000000055,0.6,1.0,1.0,3.82,4.836281906951478,0.263,0.938,120,2,13.862856067200392
U0002,P0427,0.0,0.599,1.0,1.0,0.0,3.81,6.927557906278317,0.653,0.401,45,2,4.584893675064836
U0002,P0438,0.5,0.554,1.0,1.0,0.0,4.09,7.653494909661253,1.0,0.446,45,2,14.151524996979052
U0002,P0441,0.0,0.5900000000000001,0.6,1.0,0.0,5.0,4.867534450455582,0.426,0.41,150,2,3.505846916222091
U0002,P0447,0.0,0.475,0.2,0.0,0.0,4.58,6.903747257584598,0.815,0.525,120,2,17.37534001636328
U0002,P0452,0.5,0.839,0.6,1.0,1.0,4.11,7.034387929915503,1.0,0.161,150,2,5.825534932405913
U0002,P0455,0.0,0.20599999999999996,0.6,1.0,0.0,4.39,8.096208271650037,1.0,0.794,150,2,8.563980154924927
U0002,P0462,0.0,0.44399999999999995,0.6,1.0,0.0,4.16,4.663439094112067,0.492,0.556,150,2,9.522383711206508
U0002,P0463,0.0,0.04500000000000004,0.6,1.0,0.0,4.64,3.6888794541139363,0.486,0.955,180,2,11.778420354950152
U0002,P0484,0.5,0.698,1.0,1.0,1.0,3.8,7.661527081358517,1.0,0.302,60,2,5.8938664318093235
U0002,P0488,0.0,0.22299999999999998,0.6,1.0,0.0,3.9,3.258096538021482,0.334,0.777,30,2,9.183822513031142
U0002,P0495,0.5,0.78,0.6,1.0,1.0,4.0,5.53338948872752,0.423,0.22,60,2,12.203639777493592
U0002,P0497,0.0,0.581,0.2,1.0,1.0,3.99,4.68213122712422,0.302,0.419,30,2,7.868685985814105
U0002,P0499,0.0,0.5,1.0,1.0,1.0,4.91,6.269096283706261,0.682,0.5,120,2,8.39459413612521
U0002,P0500,0.0,0.16100000000000003,0.6,1.0,0.0,3.84,6.18826412308259,0.439,0.839,180,2,6.98360604464631
U0003,P0013,0.5,0.0,0.2,1.0,1.0,3.86,5.634789603169249,0.339,0.532,120,4,5.408152599434933
U0003,P0018,0.5,0.0,0.6,1.0,0.0,4.47,4.04305126783455,0.482,0.204,60,4,24.19502185674954
U0003,P0021,0.5,0.0,0.6,1.0,0.0,4.43,5.707110264748875,0.484,0.335,30,4,18.689696929228074
U0003,P0024,0.5,0.0,0.6,1.0,0.0,3.89,6.769641976852503,0.648,0.177,150,4,16.588376967496803
U0003,P0025,0.0,0.0,0.2,1.0,1.0,4.25,3.4011973816621555,0.494,0.273,120,4,26.656568524867566
U0003,P0027,0.0,0.0,0.2,1.0,0.0,3.8,6.234410725718371,0.572,0.848,30,4,7.749434201683709
U0003,P0028,0.0,0.0,0.0,0.0,1.0,4.56,6.618738983517219,0.679,0.84,90,4,10.111400271924978
U0003,P0029,0.0,0.0,0.6,1.0,0.0,3.72,5.1298987149230735,0.331,0.257,30,4,22.89472385487225
U0003,P0042,0.5,0.0,0.0,0.0,1.0,4.77,4.882801922586371,0.316,0.243,120,4,3.200354861934061
U0003,P0044,0.5,0.0,1.0,0.0,1.0,4.51,5.8971538676367405,0.486,0.319,180,4,13.264389800192198
U0003,P0055,0.5,0.0,0.6,0.0,1.0,4.22,5.4116460518550396,0.467,0.663,45,4,27.07581493696147
U0003,P0059,0.0,0.0,0.6,1.0,1.0,4.08,4.110873864173311,0.254,0.625,60,4,15.859107223325777
U0003,P0061,0.5,0.0,0.2,1.0,1.0,4.46,4.418840607796598,0.566,0.148,180,4,20.42463094093273
U0003,P0070,0.0,0.0,0.0,0.0,0.0,4.47,4.02535169073515,0.424,0.13,30,4,23.3013709558936
U0003,P0073,0.5,1.0,0.6,1.0,0.0,4.22,6.439350371100098,0.572,0.563,45,4,1.0976486490744986
U0003,P0075,0.0,1.0,0.0,1.0,1.0,4.33,5.857933154483459,0.712,0.88,180,4,17.5803045198964
U0003,P0082,0.0,0.0,0.0,1.0,1.0,4.62,4.5217885770490405,0.401,0.831,180,4,19.961155565962464
U0003,P0085,0.5,0.0,0.6,1.0,0.0,3.99,4.605170185988092,0.419,0.631,90,4,10.099647550149042
U0003,P0088,0.5,0.0,1.0,1.0,0.0,4.22,6.493753839851686,0.689,0.944,60,4,23.01316577120255
U0003,P0101,0.5,0.0,1.0,1.0,0.0,4.26,6.173786103901937,0.432,0.519,120,4,23.27701574354932
U0003,P0103,0.5,0.0,0.0,1.0,0.0,3.48,4.382026634673881,0.292,0.671,180,4,23.818595638911606
U0003,P0108,0.5,0.0,0.6,0.0,0.0,3.96,6.411818267709897,0.819,0.98,90,4,17.181032314350865
U0003,P0111,0.0,0.0,1.0,1.0,1.0,5.0,3.295836866004329,0.602,0.408,150,4,27.417401917849137
U0003,P0116,0.5,0.0,0.0,0.0,0.0,3.77,5.762051382780177,0.396,0.685,120,4,21.569328775445904
U0003,P0124,0.0,0.0,0.6,1.0,1.0,3.89,4.718498871295094,0.293,0.335,60,4,20.423070010118778
U0003,P0127,0.0,1.0,0.0,0.0,0.0,5.0,6.739336627357174,0.679,0.12,60,4,26.744574691316988
U0003,P0134,0.5,0.0,0.2,1.0,1.0,4.83,3.784189633918261,0.31,0.18,60,4,20.06867063691629
U0003,P0135,0.5,0.0,1.0,1.0,1.0,3.9,5.659482215759621,0.602,0.484,45,4,15.495266725200516
U0003,P0139,0.5,0.0,0.2,0.0,1.0,4.19,4.787491742782046,0.506,0.746,60,4,25.506172076375748
U0003,P0147,0.0,0.0,0.2,0.0,1.0,3.83,6.520621127558696,0.524,0.667,45,4,15.95788319607435
U0003,P0148,0.0,1.0,1.0,1.0,1.0,4.26,4.672828834461906,0.369,0.522,150,4,25.209470087382194
U0003,P0173,0.0,0.0,0.0,1.0,1.0,3.89,5.780743515792329,0.392,0.559,120,4,20.900238264429152
U0003,P0176,0.5,1.0,0.6,0.0,1.0,4.24,7.271008538280992,0.926,0.719,180,4,5.839505027077525
U0003,P0177,0.0,0.0,0.2,1.0,1.0,4.49,5.308267697401205,0.435,0.097,180,4,11.71471874366611
U0003,P0179,0.5,1.0,0.2,1.0,1.0,4.09,5.159055299214529,0.479,0.313,120,4,10.53768425102781
U0003,P0183,0.0,0.0,0.0,1.0,1.0,4.41,5.0238805208462765,0.634,0.366,90,4,24.6446427379066
U0003,P0188,0.5,0.0,0.2,0.0,0.0,5.0,4.584967478670572,0.334,0.974,30,4,20.073244116169622
U0003,P0190,0.0,0.0,0.2,0.0,0.0,5.0,4.532599493153256,0.572,0.059,60,4,4.515810388316839
U0003,P0194,0.5,0.0,0.0,1.0,1.0,4.25,7.751475318021456,1.0,0.524,45,4,14.729250965276732
U0003,P0195,0.0,0.0,0.0,0.0,1.0,4.53,4.812184355372417,0.614,0.62,60,4,4.424006816747033
U0003,P0210,0.5,0.0,1.0,1.0,1.0,4.63,5.583496308781699,0.649,0.143,120,4,15.881301383426903
U0003,P0217,0.5,0.0,0.6,1.0,0.0,3.98,6.361302477572996,0.586,0.507,150,4,18.133754356488488
U0003,P0223,0.5,0.0,0.0,0.0,0.0,3.51,6.304448802421981,0.679,0.145,180,4,13.023554714745842
U0003,P0231,0.0,0.0,1.0,0.0,1.0,4.98,5.545177444479562,0.548,0.787,90,4,20.477663778768683
U0003,P0233,0.0,0.0,0.6,1.0,0.0,4.05,5.236441962829949,0.487,0.863,120,4,19.57568623199314
U0003,P0237,0.5,0.0,1.0,1.0,0.0,3.42,7.140453043101158,0.812,0.075,90,4,17.173552455122316
U0003,P0239,0.0,0.0,0.2,1.0,1.0,4.36,5.87493073085203,0.696,0.338,90,4,26.676270728833707
U0003,P0241,0.0,0.0,0.2,1.0,1.0,4.04,4.356708826689592,0.381,0.48,180,4,9.047648851319611
U0003,P0243,0.5,1.0,0.2,0.0,0.0,3.76,3.8066624897703196,0.479,0.837,30,4,12.559805890565631
U0003,P0244,0.5,0.0,0.0,0.0,1.0,3.81,4.204692619390966,0.356,0.545,60,4,13.83574624180011
U0003,P0253,0.0,0.0,0.2,1.0,1.0,3.81,4.919980925828125,0.378,0.065,90,4,15.987763382881504
U0003,P0256,0.0,0.0,0.2,1.0,1.0,4.22,5.442417710521793,0.498,0.745,60,4,17.815604873538685
U0003,P0258,0.0,1.0,0.0,1.0,1.0,3.84,6.406879986069314,0.577,0.355,120,4,13.642985132329706
U0003,P0267,0.5,0.0,0.2,0.0,0.0,4.07,4.060443010546419,0.562,0.874,45,4,6.873636439111514
U0003,P0268,0.0,1.0,1.0,1.0,1.0,3.81,5.560681631015528,0.489,0.985,90,4,4.277504475737339
U0003,P0270,0.0,0.0,0.2,1.0,1.0,4.55,4.812184355372417,0.525,0.652,150,4,3.7682465170224417
U0003,P0274,0.5,1.0,1.0,1.0,1.0,4.36,5.2574953720277815,0.406,0.249,45,4,9.47750919055466
U0003,P0288,0.0,0.0,0.2,1.0,0.0,4.47,2.8903717578961645,0.368,0.805,120,4,4.126263348747773
U0003,P0290,0.0,0.0,0.0,0.0,1.0,3.43,6.873163834212518,0.654,0.687,120,4,14.829563336969585
U0003,P0293,0.5,0.0,0.2,1.0,1.0,4.18,5.799092654460526,0.544,0.45,30,4,15.770802427974454
U0003,P0298,0.0,0.0,0.6,0.0,0.0,4.57,4.890349128221754,0.47,0.061,150,4,21.158358662570272
U0003,P0299,0.5,1.0,1.0,1.0,0.0,3.98,4.330733340286331,0.253,0.864,120,4,13.219811925418746
U0003,P0305,0.5,0.0,1.0,1.0,0.0,3.3,7.295735072749282,0.946,0.485,150,4,26.845364230056735
U0003,P0309,0.5,0.0,1.0,0.0,1.0,4.15,6.371611847231857,0.679,0.38,150,4,7.573173737375168
U0003,P0321,0.5,1.0,0.6,0.0,0.0,3.95,7.503289630675082,1.0,0.512,120,4,16.27414633642395
U0003,P0322,0.0,0.0,0.2,1.0,0.0,3.98,3.713572066704308,0.486,0.203,30,4,19.25124997301149
U0003,P0331,0.5,1.0,0.6,0.0,1.0,3.84,4.844187086458591,0.516,0.81,120,4,12.278972068149725
U0003,P0333,0.5,0.0,0.2,1.0,0.0,3.78,5.631211781821365,0.556,0.339,45,4,7.5032664966620075
U0003,P0337,0.5,0.0,0.0,0.0,1.0,3.95,5.056245805348308,0.307,0.719,60,4,31.50309766157089
U0003,P0342,0.0,0.0,1.0,1.0,1.0,3.86,6.089044875446846,0.525,0.867,60,4,20.04042704697769
U0003,P0343,0.0,0.0,0.0,1.0,1.0,3.55,6.3561076606958915,0.603,0.409,180,4,7.650779891334176
U0003,P0352,0.5,0.0,0.6,1.0,0.0,3.78,3.828641396489095,0.537,0.292,45,4,21.86596772056767
U0003,P0353,0.5,1.0,0.0,1.0,0.0,3.4,6.2285110035911835,0.648,0.752,180,4,8.758432323888703
U0003,P0356,0.0,0.0,0.6,0.0,1.0,4.19,5.384495062789089,0.527,0.839,60,4,10.086927132426908
U0003,P0364,0.5,0.0,0.6,1.0,1.0,4.11,5.918893854273146,0.416,0.309,30,4,11.938176590300277
U0003,P0366,0.5,0.0,0.2,1.0,0.0,4.19,4.330733340286331,0.575,0.808,150,4,10.298517449487987
U0003,P0372,0.0,0.0,1.0,1.0,0.0,3.82,5.53338948872752,0.348,0.075,30,4,21.41710513258576
U0003,P0375,0.5,0.0,1.0,1.0,1.0,3.82,3.828641396489095,0.268,0.914,150,4,25.984998222053232
U0003,P0381,0.5,0.0,0.2,1.0,0.0,3.84,5.648974238161206,0.43,0.659,180,4,22.188493546622727
U0003,P0386,0.5,0.0,0.0,1.0,0.0,4.42,4.8283137373023015,0.5,0.171,90,4,4.883745688546195
U0003,P0389,0.5,0.0,1.0,1.0,1.0,3.77,5.204006687076795,0.55,0.96,150,4,11.344999056397976
U0003,P0398,0.5,1.0,0.2,0.0,0.0,3.61,6.763884908562435,0.637,0.085,180,4,4.089063233733469
U0003,P0402,0.0,0.0,0.2,1.0,0.0,4.14,4.948759890378168,0.452,0.6,45,4,16.95167817591465
U0003,P0412,0.5,0.0,0.2,0.0,1.0,5.0,5.0689042022202315,0.525,0.426,150,4,7.1267698848122905
U0003,P0413,0.5,0.0,0.2,1.0,1.0,3.9,7.24422751560335,0.905,0.439,30,4,3.6692014762513874
U0003,P0418,0.0,1.0,0.2,1.0,1.0,4.08,5.783825182329737,0.382,0.239,30,4,11.895047573099198
U0003,P0421,0.5,0.0,0.0,1.0,0.0,4.08,6.309918278226516,0.666,0.485,180,4,13.926526391718523
U0003,P0422,0.0,0.0,0.0,0.0,1.0,3.59,5.961005339623274,0.498,0.36,180,4,18.19033039734304
U0003,P0428,0.0,0.0,0.0,1.0,0.0,4.74,4.820281565605037,0.53,0.979,180,4,21.515408983808957
U0003,P0435,0.0,0.0,0.0,0.0,0.0,4.4,7.912423121473705,1.0,0.783,30,4,22.181997810938437
U0003,P0454,0.0,0.0,1.0,1.0,0.0,3.49,6.396929655216146,0.507,0.172,120,4,14.323215385949164
U0003,P0464,0.5,0.0,0.2,1.0,1.0,3.85,5.953243334287785,0.534,0.34,60,4,21.819787739530256
U0003,P0465,0.5,0.0,1.0,1.0,1.0,4.8,5.424950017481403,0.464,0.131,150,4,14.964906380485978
U0003,P0466,0.5,0.0,0.2,1.0,1.0,3.85,7.757478766584179,1.0,0.847,90,4,22.851820907914252
U0003,P0468,0.5,0.0,0.6,0.0,1.0,4.3,4.897839799950911,0.313,0.275,30,4,23.76783702362721
U0003,P0470,0.5,0.0,0.0,0.0,1.0,4.21,4.8283137373023015,0.28,0.411,45,4,23.29460429624522
U0003,P0474,0.0,1.0,0.0,0.0,1.0,3.41,4.672828834461906,0.439,0.801,30,4,9.958696312870446
U0003,P0481,0.0,0.0,0.2,1.0,1.0,4.39,7.095064377287131,0.812,0.371,150,4,25.565503522897078
U0003,P0496,0.0,0.0,0.2,1.0,1.0,4.19,3.091042453358316,0.52,0.853,90,4,10.354110236170516
U0004,P0001,0.0,1.0,0.6,1.0,1.0,4.32,5.337538079701318,0.32,0.667,30,5,13.645942572484909
U0004,P0010,0.0,0.0,0.6,1.0,0.0,3.69,3.8066624897703196,0.479,0.441,180,5,15.945085366820376
U0004,P0011,0.0,0.0,0.6,1.0,0.0,4.76,5.231108616854587,0.371,0.868,45,5,9.136003586937177
U0004,P0012,0.0,0.0,0.6,1.0,0.0,4.13,3.8066624897703196,0.301,0.795,90,5,7.905037111563411
U0004,P0017,0.0,0.0,0.6,1.0,0.0,4.09,4.23410650459726,0.428,0.568,90,5,15.835635443247494
U0004,P0019,0.0,0.0,0.6,1.0,0.0,4.19,3.1780538303479458,0.525,0.83,180,5,2.8738274382230307
U0004,P0020,0.5,0.0,1.0,1.0,0.0,3.5,5.736572297479192,0.643,0.617,30,5,11.294710030767966
U0004,P0036,0.0,1.0,0.6,1.0,1.0,4.26,7.346010209913293,0.95,0.192,30,5,6.131441529597724
U0004,P0037,0.5,1.0,0.6,1.0,1.0,4.08,7.3777589082278725,1.0,0.144,120,5,4.580126422329394
U0004,P0046,0.0,0.0,0.2,1.0,0.0,4.14,6.663132695990803,0.812,0.708,90,5,7.773366997369365
U0004,P0050,0.5,0.0,0.2,1.0,0.0,4.1,5.220355825078324,0.486,0.787,150,5,3.602421950818014
U0004,P0053,0.0,0.0,1.0,1.0,0.0,4.03,5.986452005284438,0.418,0.63,45,5,13.51859727936198
U0004,P0058,0.0,0.0,0.6,1.0,0.0,4.01,5.863631175598097,0.535,0.485,120,5,6.324760883621117
U0004,P0064,0.0,1.0,0.6,1.0,1.0,3.65,4.8283137373023015,0.408,0.155,90,5,10.268330716352452
U0004,P0077,0.5,1.0,1.0,1.0,1.0,3.79,5.780743515792329,0.656,0.068,90,5,3.4161200256086905
U0004,P0080,0.5,1.0,1.0,1.0,1.0,3.56,6.289715570908998,0.705,0.73,45,5,1.9410041730369112
U0004,P0086,0.0,0.0,1.0,1.0,0.0,3.7,4.5217885770490405,0.474,0.656,120,5,9.82445019633641
U0004,P0087,0.5,1.0,0.2,1.0,1.0,4.07,5.910796644040527,0.392,0.169,90,5,10.999769394353228
U0004,P0104,0.5,0.0,1.0,1.0,0.0,4.33,6.118097198041348,0.635,0.445,45,5,13.064353419901185
U0004,P0110,0.0,0.0,1.0,1.0,0.0,3.88,5.598421958998375,0.397,0.337,150,5,12.90731438993591
U0004,P0119,0.0,0.0,0.6,1.0,0.0,3.19,5.726847747587197,0.593,0.923,150,5,7.942715448282716
U0004,P0129,0.0,1.0,0.6,1.0,1.0,4.67,4.653960350157523,0.551,0.925,120,5,12.133297783219636
U0004,P0137,0.5,1.0,0.6,1.0,1.0,4.62,5.5134287461649825,0.627,0.357,180,5,2.1047687723537205
U0004,P0140,0.0,0.0,1.0,1.0,0.0,4.13,5.043425116919247,0.467,0.645,45,5,8.06892099916458
U0004,P0141,0.0,1.0,1.0,1.0,1.0,4.15,6.295266001439646,0.507,0.666,60,5,11.365288248190272
U0004,P0143,0.5,1.0,1.0,1.0,1.0,5.0,3.1780538303479458,0.308,0.058,180,5,15.335461642368239
U0004,P0156,0.0,1.0,0.2,1.0,1.0,4.0,6.818924065275521,0.86,0.215,60,5,5.1877076302849945
U0004,P0158,0.0,1.0,0.2,1.0,1.0,4.69,5.5254529391317835,0.362,0.521,90,5,12.054896880843463
U0004,P0166,0.0,1.0,0.2,1.0,1.0,4.09,4.430816798843313,0.377,0.569,150,5,14.545899496795075
U0004,P0169,0.0,1.0,0.2,1.0,1.0,3.73,5.117993812416755,0.411,0.978,60,5,7.301029940440552
U0004,P0172,0.5,1.0,0.2,1.0,1.0,4.21,4.897839799950911,0.419,0.295,150,5,9.181003021058892
U0004,P0184,0.0,1.0,0.2,1.0,1.0,4.2,5.517452896464707,0.367,0.557,90,5,11.199387002555737
U0004,P0187,0.5,1.0,0.2,1.0,1.0,4.75,6.651571873589727,0.602,0.195,30,5,8.184296476600155
U0004,P0193,0.5,1.0,1.0,1.0,1.0,3.76,5.683579767338681,0.552,0.102,150,5,5.675403033541408
U0004,P0196,0.0,1.0,0.2,1.0,1.0,3.7,6.091309882077698,0.697,0.236,90,5,16.624158718843603
U0004,P0206,0.0,1.0,0.2,1.0,1.0,4.42,4.1588830833596715,0.469,0.718,45,5,13.20874616504499
U0004,P0212,0.5,1.0,1.0,1.0,1.0,3.99,6.666956792429207,0.86,0.663,90,5,3.911965356654685
U0004,P0238,0.0,1.0,1.0,1.0,1.0,4.84,5.204006687076795,0.479,0.867,45,5,16.598795372364098
U0004,P0248,0.0,0.0,0.6,1.0,0.0,4.79,6.148468295917647,0.759,0.562,120,5,11.237377640618607
U0004,P0251,0.0,0.0,0.2,1.0,0.0,4.52,7.791522819150732,1.0,0.95,45,5,6.286764242926001
U0004,P0252,0.5,1.0,0.6,1.0,1.0,3.47,6.175867270105761,0.566,0.349,150,5,2.3788712777650516
U0004,P0254,0.0,1.0,0.2,1.0,1.0,3.83,4.465908118654584,0.391,0.821,45,5,12.36529794981736
U0004,P0260,0.5,0.0,0.6,1.0,0.0,4.14,6.401917196727186,0.669,0.714,180,5,9.54193895810129
U0004,P0263,0.0,1.0,0.6,1.0,1.0,3.76,3.367295829986474,0.32,0.879,90,5,6.8740236618541495
U0004,P0272,0.0,0.0,0.6,1.0,0.0,4.34,7.2305631534092925,1.0,0.47,30,5,16.85731778921014
U0004,P0275,0.0,1.0,1.0,1.0,1.0,4.27,4.77912349311153,0.591,0.889,120,5,1.450358216012884
U0004,P0280,0.5,0.0,0.6,1.0,0.0,4.28,4.997212273764115,0.537,0.941,120,5,12.514977269664344
U0004,P0281,0.5,0.0,0.2,1.0,0.0,4.23,7.990576881743923,1.0,0.771,30,5,0.4616686600419787
U0004,P0291,0.0,1.0,0.6,1.0,1.0,4.25,5.003946305945459,0.58,0.478,180,5,1.0605364111551803
U0004,P0296,0.0,0.0,0.6,1.0,0.0,4.13,4.927253685157205,0.342,0.209,150,5,5.1559546260624405
U0004,P0302,0.0,0.0,0.6,1.0,0.0,4.49,7.126890808898808,1.0,0.434,90,5,15.832001203041319
U0004,P0303,0.0,0.0,0.6,1.0,0.0,4.29,7.752335163302292,1.0,0.487,150,5,13.532992602072182
U0004,P0307,0.5,1.0,0.6,1.0,1.0,4.23,4.1588830833596715,0.352,0.184,180,5,16.409086947486365
U0004,P0317,0.0,0.0,1.0,1.0,0.0,4.03,4.990432586778736,0.512,0.102,120,5,5.6229537372881895
U0004,P0318,0.0,1.0,0.6,1.0,1.0,3.64,3.5263605246161616,0.245,0.601,60,5,11.984031650084889
U0004,P0320,0.5,1.0,0.2,1.0,1.0,3.52,3.9512437185814275,0.257,0.072,30,5,14.612670974904205
U0004,P0324,0.0,0.0,1.0,1.0,0.0,2.89,5.438079308923196,0.474,0.684,60,5,6.634444819979568
U0004,P0326,0.0,1.0,0.2,1.0,1.0,4.93,6.852242569051878,0.99,0.062,60,5,8.95928467897763
U0004,P0328,0.0,1.0,0.6,1.0,1.0,5.0,5.572154032177765,0.438,0.843,180,5,16.226045002290114
U0004,P0330,0.5,0.0,0.2,1.0,0.0,4.19,5.327876168789581,0.598,0.205,45,5,7.895611323954232
U0004,P0332,0.5,1.0,0.6,1.0,1.0,4.09,4.852030263919617,0.297,0.955,45,5,15.946119974754575
U0004,P0335,0.0,1.0,0.6,1.0,1.0,2.91,6.810142450115136,0.759,0.945,45,5,15.01294453526839
U0004,P0338,0.5,0.0,0.6,1.0,0.0,3.47,4.574710978503383,0.318,0.942,180,5,14.657002674381358
U0004,P0339,0.5,1.0,0.6,1.0,1.0,3.6,7.602900462204755,1.0,0.852,30,5,7.419105931220876
U0004,P0345,0.0,1.0,0.6,1.0,1.0,4.42,6.035481432524756,0.502,0.356,150,5,13.951169967919062
U0004,P0346,0.5,1.0,0.6,1.0,1.0,3.94,6.891625897052253,0.71,0.595,150,5,7.778984039312903
U0004,P0351,0.5,0.0,0.6,1.0,0.0,3.86,6.759255270663693,0.911,0.546,150,5,8.264959694110093
U0004,P0358,0.5,1.0,0.6,1.0,1.0,4.08,6.824373670043086,0.828,0.55,45,5,12.352071493341198
U0004,P0359,0.5,0.0,0.6,1.0,0.0,4.15,5.683579767338681,0.385,0.23,180,5,13.818206505540495
U0004,P0361,0.0,0.0,0.2,1.0,0.0,4.24,3.4657359027997265,0.315,0.898,120,5,17.216403079882937
U0004,P0367,0.0,0.0,0.6,1.0,0.0,4.28,3.4657359027997265,0.364,0.516,90,5,15.2412275943377
U0004,P0369,0.5,1.0,0.6,1.0,1.0,4.22,6.679599185844383,0.722,0.849,180,5,2.6298934898016064
U0004,P0371,0.0,1.0,0.6,1.0,1.0,3.27,3.970291913552122,0.261,0.161,30,5,10.059222660024686
U0004,P0374,0.5,1.0,0.2,1.0,1.0,4.18,4.59511985013459,0.424,0.35,90,5,15.41377305771729
U0004,P0380,0.5,1.0,0.6,1.0,1.0,3.71,6.342121418721152,0.567,0.181,150,5,8.662861418557943
U0004,P0388,0.0,1.0,0.6,1.0,1.0,4.38,3.6375861597263857,0.236,0.587,120,5,2.695799243738834
U0004,P0390,0.0,0.0,0.6,1.0,0.0,4.07,6.246106765481563,0.77,0.068,120,5,6.505976144043563
U0004,P0391,0.0,1.0,0.2,1.0,1.0,4.18,3.912023005428146,0.403,0.413,30,5,11.350093083101925
U0004,P0392,0.0,1.0,0.6,1.0,1.0,4.27,6.234410725718371,0.68,0.354,30,5,14.306678373012298
U0004,P0395,0.5,0.0,1.0,1.0,0.0,4.07,3.5263605246161616,0.234,0.739,150,5,7.033083235828024
U0004,P0399,0.5,1.0,0.2,1.0,1.0,4.08,6.318968113746434,0.659,0.547,150,5,14.80425199639732
U0004,P0400,0.0,0.0,1.0,1.0,0.0,4.11,5.537334267018537,0.362,0.263,120,5,16.347709998566028
U0004,P0403,0.0,1.0,0.2,1.0,1.0,3.9,5.1298987149230735,0.376,0.857,150,5,4.86673299363403
U0004,P0405,0.0,0.0,1.0,1.0,0.0,4.67,4.430816798843313,0.395,0.346,90,5,10.322903559999444
U0004,P0424,0.5,0.0,0.2,1.0,0.0,4.23,8.446556111816797,1.0,0.196,30,5,14.413956774274059
U0004,P0426,0.5,1.0,0.6,1.0,1.0,3.82,4.836281906951478,0.263,0.938,120,5,10.0326488576178
U0004,P0427,0.5,0.0,1.0,1.0,0.0,3.81,6.927557906278317,0.653,0.401,45,5,14.581621348527465
U0004,P0438,0.0,0.0,1.0,1.0,0.0,4.09,7.653494909661253,1.0,0.446,45,5,5.937189280074396
U0004,P0441,0.5,0.0,0.6,1.0,0.0,5.0,4.867534450455582,0.426,0.41,150,5,7.881408723125452
U0004,P0447,0.5,0.0,0.2,1.0,0.0,4.58,6.903747257584598,0.815,0.525,120,5,7.195485420875012
U0004,P0452,0.0,1.0,0.6,1.0,1.0,4.11,7.034387929915503,1.0,0.161,150,5,8.894462706323742
U0004,P0455,0.0,0.0,0.6,1.0,0.0,4.39,8.096208271650037,1.0,0.794,150,5,16.766755144104568
U0004,P0462,0.5,0.0,0.6,1.0,0.0,4.16,4.663439094112067,0.492,0.556,150,5,16.111836348101424
U0004,P0463,0.5,0.0,0.6,1.0,0.0,4.64,3.6888794541139363,0.486,0.955,180,5,3.523607710244167
U0004,P0484,0.0,1.0,1.0,1.0,1.0,3.8,7.661527081358517,1.0,0.302,60,5,7.928620106172702
U0004,P0488,0.0,0.0,0.6,1.0,0.0,3.9,3.258096538021482,0.334,0.777,30,5,17.551827976246457
U0004,P0495,0.0,1.0,0.6,1.0,1.0,4.0,5.53338948872752,0.423,0.22,60,5,9.984738744273377
U0004,P0497,0.0,1.0,0.2,1.0,1.0,3.99,4.68213122712422,0.302,0.419,30,5,12.609272595076325
U0004,P0499,0.0,1.0,1.0,1.0,1.0,4.91,6.269096283706261,0.682,0.5,120,5,17.34439612197228
U0004,P0500,0.0,0.0,0.6,1.0,0.0,3.84,6.18826412308259,0.439,0.839,180,5,13.057255562963755
U0005,P0001,0.0,0.0,0.2,1.0,1.0,4.32,5.337538079701318,0.32,0.667,30,4,4.803312117058365
U0005,P0010,0.0,0.0,1.0,1.0,0.0,3.69,3.8066624897703196,0.479,0.441,180,4,0.5960596689178569
U0005,P0011,0.0,1.0,0.2,1.0,0.0,4.76,5.231108616854587,0.371,0.868,45,4,16.970674271645997
U0005,P0012,0.0,0.0,0.2,1.0,0.0,4.13,3.8066624897703196,0.301,0.795,90,4,23.55384495289881
U0005,P0017,0.0,1.0,0.2,0.0,0.0,4.09,4.23410650459726,0.428,0.568,90,4,2.2291071025199587
U0005,P0019,1.0,1.0,0.2,1.0,0.0,4.19,3.1780538303479458,0.525,0.83,180,4,16.832650553412307
U0005,P0020,0.0,0.0,0.6,1.0,0.0,3.5,5.736572297479192,0.643,0.617,30,4,14.820480018329597
U0005,P0036,0.0,0.0,0.2,1.0,1.0,4.26,7.346010209913293,0.95,0.192,30,4,10.432132107727993
U0005,P0037,0.0,0.0,0.2,0.0,1.0,4.08,7.3777589082278725,1.0,0.144,120,4,12.064003380005023
U0005,P0046,1.0,1.0,0.6,1.0,0.0,4.14,6.663132695990803,0.812,0.708,90,4,22.83396843515151
U0005,P0050,0.0,0.0,0.6,0.0,0.0,4.1,5.220355825078324,0.486,0.787,150,4,13.79885702355106
U0005,P0053,0.0,1.0,0.6,1.0,0.0,4.03,5.986452005284438,0.418,0.63,45,4,5.336824805039436
U0005,P0058,1.0,1.0,0.2,1.0,0.0,4.01,5.863631175598097,0.535,0.485,120,4,15.274135547313808
U0005,P0064,1.0,1.0,0.2,1.0,1.0,3.65,4.8283137373023015,0.408,0.155,90,4,16.20025626828124
U0005,P0077,0.0,0.0,0.6,0.0,1.0,3.79,5.780743515792329,0.656,0.068,90,4,19.760582160377428
U0005,P0080,0.0,0.0,0.6,1.0,1.0,3.56,6.289715570908998,0.705,0.73,45,4,17.457622274115252
U0005,P0086,1.0,1.0,0.6,0.0,0.0,3.7,4.5217885770490405,0.474,0.656,120,4,16.78505505886326
U0005,P0087,0.0,0.0,0.6,1.0,1.0,4.07,5.910796644040527,0.392,0.169,90,4,7.0379394519254275
U0005,P0104,0.0,0.0,0.6,1.0,0.0,4.33,6.118097198041348,0.635,0.445,45,4,9.990837509535456
U0005,P0110,0.0,1.0,0.6,1.0,0.0,3.88,5.598421958998375,0.397,0.337,150,4,4.198373604041349
U0005,P0119,0.0,1.0,0.2,0.0,0.0,3.19,5.726847747587197,0.593,0.923,150,4,9.037704856801694
U0005,P0129,1.0,1.0,0.2,1.0,1.0,4.67,4.653960350157523,0.551,0.925,120,4,11.626170170546564
U0005,P0137,0.0,0.0,1.0,1.0,1.0,4.62,5.5134287461649825,0.627,0.357,180,4,18.627198202379727
U0005,P0140,0.0,1.0,0.6,1.0,0.0,4.13,5.043425116919247,0.467,0.645,45,4,24.064645466139634
U0005,P0141,1.0,1.0,0.6,1.0,1.0,4.15,6.295266001439646,0.507,0.666,60,4,18.520075328644946
U0005,P0143,0.0,0.0,0.6,1.0,1.0,5.0,3.1780538303479458,0.308,0.058,180,4,12.231956898428045
U0005,P0156,1.0,1.0,0.6,0.0,1.0,4.0,6.818924065275521,0.86,0.215,60,4,17.0172415362936
U0005,P0158,0.0,0.0,0.6,1.0,1.0,4.69,5.5254529391317835,0.362,0.521,90,4,9.44370484071114
U0005,P0166,0.0,0.0,0.6,1.0,1.0,4.09,4.430816798843313,0.377,0.569,150,4,5.650543628582587
U0005,P0169,0.0,0.0,0.6,1.0,1.0,3.73,5.117993812416755,0.411,0.978,60,4,17.416920662513174
U0005,P0172,0.0,0.0,0.6,0.0,1.0,4.21,4.897839799950911,0.419,0.295,150,4,20.12780388662242
U0005,P0184,0.0,0.0,0.6,1.0,1.0,4.2,5.517452896464707,0.367,0.557,90,4,12.335575484759177
U0005,P0187,0.0,0.0,0.6,1.0,1.0,4.75,6.651571873589727,0.602,0.195,30,4,11.371508325792485
U0005,P0193,0.0,0.0,0.6,0.0,1.0,3.76,5.683579767338681,0.552,0.102,150,4,14.318725014062233
U0005,P0196,1.0,1.0,0.6,1.0,1.0,3.7,6.091309882077698,0.697,0.236,90,4,2.8541574061717565
U0005,P0206,0.0,0.0,0.6,1.0,1.0,4.42,4.1588830833596715,0.469,0.718,45,4,6.832868582976966
U0005,P0212,0.0,0.0,0.6,1.0,1.0,3.99,6.666956792429207,0.86,0.663,90,4,19.364599011634706
U0005,P0238,0.0,0.0,0.6,1.0,1.0,4.84,5.204006687076795,0.479,0.867,45,4,14.86850564056062
U0005,P0248,1.0,1.0,1.0,1.0,0.0,4.79,6.148468295917647,0.759,0.562,120,4,5.60649215071686
U0005,P0251,0.0,0.0,0.6,1.0,0.0,4.52,7.791522819150732,1.0,0.95,45,4,19.9501963047391
U0005,P0252,0.0,0.0,0.2,1.0,1.0,3.47,6.175867270105761,0.566,0.349,150,4,15.196793783855073
U0005,P0254,0.0,0.0,0.6,1.0,1.0,3.83,4.465908118654584,0.391,0.821,45,4,4.182503435793966
U0005,P0260,0.0,0.0,1.0,1.0,0.0,4.14,6.401917196727186,0.669,0.714,180,4,7.719003968087129
U0005,P0263,0.0,0.0,1.0,1.0,1.0,3.76,3.367295829986474,0.32,0.879,90,4,22.493097180070926
U0005,P0272,1.0,1.0,0.2,1.0,0.0,4.34,7.2305631534092925,1.0,0.47,30,4,11.37755545750669
U0005,P0275,1.0,1.0,0.6,0.0,1.0,4.27,4.77912349311153,0.591,0.889,120,4,17.04905747951486
U0005,P0280,0.0,0.0,0.2,0.0,0.0,4.28,4.997212273764115,0.537,0.941,120,4,9.830835253598067
U0005,P0281,0.0,0.0,0.6,1.0,0.0,4.23,7.990576881743923,1.0,0.771,30,4,16.09784360243593
U0005,P0291,0.0,0.0,0.2,1.0,1.0,4.25,5.003946305945459,0.58,0.478,180,4,15.983251300912315
U0005,P0296,1.0,1.0,1.0,1.0,0.0,4.13,4.927253685157205,0.342,0.209,150,4,20.797463576343674
U0005,P0302,0.0,0.0,1.0,1.0,0.0,4.49,7.126890808898808,1.0,0.434,90,4,5.72318782264596
U0005,P0303,0.0,1.0,0.2,1.0,0.0,4.29,7.752335163302292,1.0,0.487,150,4,6.697544566772739
U0005,P0307,0.0,0.0,1.0,1.0,1.0,4.23,4.1588830833596715,0.352,0.184,180,4,0.6570325969941541
U0005,P0317,1.0,1.0,0.6,1.0,0.0,4.03,4.990432586778736,0.512,0.102,120,4,18.97955754253978
U0005,P0318,0.0,1.0,1.0,0.0,1.0,3.64,3.5263605246161616,0.245,0.601,60,4,10.129403855302694
U0005,P0320,0.0,0.0,0.6,0.0,1.0,3.52,3.9512437185814275,0.257,0.072,30,4,3.555608966010749
U0005,P0324,0.0,0.0,0.6,0.0,0.0,2.89,5.438079308923196,0.474,0.684,60,4,22.748595457894883
U0005,P0326,1.0,1.0,0.6,1.0,1.0,4.93,6.852242569051878,0.99,0.062,60,4,20.82909047193297
U0005,P0328,0.0,1.0,1.0,0.0,1.0,5.0,5.572154032177765,0.438,0.843,180,4,8.711886672637238
U0005,P0330,0.0,0.0,0.6,1.0,0.0,4.19,5.327876168789581,0.598,0.205,45,4,17.77679502849363
U0005,P0332,0.0,0.0,1.0,1.0,1.0,4.09,4.852030263919617,0.297,0.955,45,4,6.166922753083052
U0005,P0335,0.0,0.0,1.0,0.0,1.0,2.91,6.810142450115136,0.759,0.945,45,4,9.286058443524242
U0005,P0338,0.0,0.0,0.2,0.0,0.0,3.47,4.574710978503383,0.318,0.942,180,4,1.9487035358151181
U0005,P0339,0.0,0.0,0.2,1.0,1.0,3.6,7.602900462204755,1.0,0.852,30,4,9.970977326584192
U0005,P0345,0.0,0.0,0.2,1.0,1.0,4.42,6.035481432524756,0.502,0.356,150,4,7.834761141800934
U0005,P0346,0.0,0.0,0.2,1.0,1.0,3.94,6.891625897052253,0.71,0.595,150,4,15.874811234984243
U0005,P0351,0.0,0.0,0.2,0.0,0.0,3.86,6.759255270663693,0.911,0.546,150,4,23.125813043115112
U0005,P0358,0.0,0.0,0.2,1.0,1.0,4.08,6.824373670043086,0.828,0.55,45,4,14.008998788220666
U0005,P0359,0.0,0.0,0.2,1.0,0.0,4.15,5.683579767338681,0.385,0.23,180,4,13.75551234716539
U0005,P0361,1.0,1.0,0.6,1.0,0.0,4.24,3.4657359027997265,0.315,0.898,120,4,14.833715625603835
U0005,P0367,0.0,1.0,1.0,1.0,0.0,4.28,3.4657359027997265,0.364,0.516,90,4,15.824264724877475
U0005,P0369,0.0,0.0,0.2,0.0,1.0,4.22,6.679599185844383,0.722,0.849,180,4,16.583405686316382
U0005,P0371,0.0,1.0,1.0,1.0,1.0,3.27,3.970291913552122,0.261,0.161,30,4,12.04493328430827
U0005,P0374,0.0,0.0,0.6,1.0,1.0,4.18,4.59511985013459,0.424,0.35,90,4,13.133606986136192
U0005,P0380,0.0,0.0,0.2,0.0,1.0,3.71,6.342121418721152,0.567,0.181,150,4,8.794736540604191
U0005,P0388,1.0,1.0,0.2,1.0,1.0,4.38,3.6375861597263857,0.236,0.587,120,4,16.913078360408754
U0005,P0390,1.0,1.0,1.0,1.0,0.0,4.07,6.246106765481563,0.77,0.068,120,4,16.749100294518758
U0005,P0391,0.0,0.0,0.6,1.0,1.0,4.18,3.912023005428146,0.403,0.413,30,4,11.009384558065085
U0005,P0392,1.0,1.0,0.2,1.0,1.0,4.27,6.234410725718371,0.68,0.354,30,4,2.2606506044109995
U0005,P0395,0.0,0.0,0.6,0.0,0.0,4.07,3.5263605246161616,0.234,0.739,150,4,17.806192736974808
U0005,P0399,0.0,0.0,0.6,1.0,1.0,4.08,6.318968113746434,0.659,0.547,150,4,1.7847529384454597
U0005,P0400,0.0,0.0,0.6,0.0,0.0,4.11,5.537334267018537,0.362,0.263,120,4,4.314264940699491
U0005,P0403,0.0,1.0,0.6,1.0,1.0,3.9,5.1298987149230735,0.376,0.857,150,4,21.185706960728123
U0005,P0405,1.0,1.0,0.6,1.0,0.0,4.67,4.430816798843313,0.395,0.346,90,4,12.676346757440749
U0005,P0424,0.0,0.0,0.6,1.0,0.0,4.23,8.446556111816797,1.0,0.196,30,4,12.67369415634911
U0005,P0426,0.0,0.0,1.0,1.0,1.0,3.82,4.836281906951478,0.263,0.938,120,4,14.524025900175713
U0005,P0427,0.0,0.0,0.6,1.0,0.0,3.81,6.927557906278317,0.653,0.401,45,4,2.41652806728638
U0005,P0438,1.0,1.0,0.6,1.0,0.0,4.09,7.653494909661253,1.0,0.446,45,4,17.110528740410242
U0005,P0441,0.0,0.0,0.2,1.0,0.0,5.0,4.867534450455582,0.426,0.41,150,4,9.580146507359201
U0005,P0447,0.0,0.0,0.6,0.0,0.0,4.58,6.903747257584598,0.815,0.525,120,4,20.86163489819617
U0005,P0452,1.0,1.0,0.2,1.0,1.0,4.11,7.034387929915503,1.0,0.161,150,4,7.959735894649066
U0005,P0455,0.0,0.0,0.2,1.0,0.0,4.39,8.096208271650037,1.0,0.794,150,4,2.341287959707022
U0005,P0462,0.0,0.0,0.2,1.0,0.0,4.16,4.663439094112067,0.492,0.556,150,4,4.468832562291643
U0005,P0463,0.0,0.0,1.0,1.0,0.0,4.64,3.6888794541139363,0.486,0.955,180,4,17.919348336951053
U0005,P0484,1.0,1.0,0.6,1.0,1.0,3.8,7.661527081358517,1.0,0.302,60,4,8.806909983442457
U0005,P0488,0.0,1.0,1.0,1.0,0.0,3.9,3.258096538021482,0.334,0.777,30,4,2.5777837142225537
U0005,P0495,1.0,1.0,0.2,1.0,1.0,4.0,5.53338948872752,0.423,0.22,60,4,19.19671684482018
U0005,P0497,0.0,1.0,0.6,1.0,1.0,3.99,4.68213122712422,0.302,0.419,30,4,14.487381301671093
U0005,P0499,0.0,0.0,0.6,1.0,1.0,4.91,6.269096283706261,0.682,0.5,120,4,1.5314260126795676
U0005,P0500,0.0,1.0,0.2,1.0,0.0,3.84,6.18826412308259,0.439,0.839,180,4,4.714989476826071
U0006,P0002,0.0,0.0,0.2,0.0,1.0,4.39,7.3277805384216315,0.958,0.624,180,4,18.653878246277305
U0006,P0006,0.5,1.0,0.6,1.0,1.0,3.89,4.941642422609304,0.534,0.973,90,4,12.403437551662284
U0006,P0009,0.25,1.0,1.0,1.0,1.0,3.64,5.877735781779639,0.429,0.117,30,4,17.04064560266803
U0006,P0023,0.0,1.0,0.6,0.0,1.0,3.43,4.6443908991413725,0.5,0.119,45,4,11.561996409897336
U0006,P0030,0.5,0.0,0.0,1.0,1.0,4.25,6.670766320845874,0.706,0.712,150,4,23.436920292133994
U0006,P0033,0.0,1.0,1.0,1.0,1.0,4.47,7.1276936993473985,0.868,0.516,90,4,24.70825157554899
U0006,P0035,0.25,1.0,0.6,0.0,1.0,4.26,4.727387818712341,0.39,0.576,60,4,14.45246069576092
U0006,P0045,0.0,1.0,0.6,0.0,1.0,3.86,6.118097198041348,0.597,0.412,45,4,12.635801272625361
U0006,P0048,0.25,1.0,0.6,1.0,1.0,3.92,3.7612001156935624,0.3,0.699,90,4,25.0067167688041
U0006,P0049,0.0,1.0,1.0,1.0,1.0,4.23,5.814130531825066,0.516,0.337,60,4,17.180290790954007
U0006,P0051,0.25,0.0,0.2,1.0,1.0,3.46,4.997212273764115,0.515,0.445,30,4,22.295902087214486
U0006,P0057,0.0,1.0,0.6,1.0,1.0,4.13,8.455955881945048,1.0,0.358,180,4,21.61550681826843
U0006,P0062,0.0,0.0,0.0,1.0,1.0,4.73,3.828641396489095,0.553,0.221,180,4,19.274151370025567
U0006,P0071,0.0,0.0,0.0,1.0,1.0,4.2,7.069023426578259,1.0,0.694,150,4,15.896547720875944
U0006,P0079,0.25,1.0,1.0,1.0,1.0,4.94,6.07073772800249,0.775,0.405,120,4,15.284778584522877
U0006,P0090,0.0,0.0,0.0,1.0,1.0,3.98,8.764209507142004,1.0,0.626,30,4,16.149797851000212
U0006,P0094,0.5,1.0,1.0,0.0,1.0,4.31,5.41610040220442,0.332,0.183,45,4,28.597441898025327
U0006,P0095,0.0,1.0,1.0,1.0,1.0,3.72,3.6888794541139363,0.332,0.704,150,4,13.988727883549938
U0006,P0097,0.25,0.0,0.2,1.0,1.0,4.2,4.007333185232471,0.425,0.334,150,4,26.362034665347608
U0006,P0098,0.0,0.0,0.0,1.0,1.0,4.18,5.963579343618446,0.67,0.928,180,4,13.598239312837809
U0006,P0099,0.25,1.0,0.6,1.0,1.0,3.7,5.68697535633982,0.402,0.499,150,4,28.28485725499461
U0006,P0112,0.25,0.0,0.0,1.0,1.0,4.41,3.58351893845611,0.431,0.477,45,4,19.117907310436873
U0006,P0117,0.25,0.0,0.0,1.0,1.0,4.12,4.718498871295094,0.261,0.322,120,4,15.043446991149404
U0006,P0118,0.5,1.0,1.0,1.0,1.0,5.0,6.261491684321042,0.616,0.837,90,4,6.11199357861989
U0006,P0130,0.0,0.0,0.0,1.0,1.0,4.3,6.429719478039138,0.746,0.857,90,4,21.173222895253346
U0006,P0131,0.5,1.0,0.6,1.0,1.0,3.68,5.429345628954441,0.51,0.458,90,4,8.123484827653598
U0006,P0132,0.25,0.0,0.0,1.0,1.0,2.64,4.276666119016055,0.204,0.423,150,4,23.151353427989275
U0006,P0149,0.0,0.0,0.2,1.0,1.0,4.5,5.869296913133774,0.567,0.589,60,4,28.539218005522127
U0006,P0153,0.0,1.0,0.6,1.0,1.0,4.09,5.641907070938114,0.516,0.316,45,4,23.863405128570946
U0006,P0159,0.0,0.0,0.2,1.0,1.0,4.41,5.1298987149230735,0.471,0.661,120,4,21.080724281872783
U0006,P0163,0.0,0.0,0.2,1.0,1.0,3.65,4.04305126783455,0.544,0.2,60,4,19.399487315644375
U0006,P0171,0.5,0.0,0.0,1.0,1.0,3.73,5.793013608384144,0.62,0.908,90,4,24.885946004230956
U0006,P0178,0.25,1.0,0.6,1.0,1.0,4.09,4.30406509320417,0.464,0.969,120,4,8.34492070030315
U0006,P0182,0.0,0.0,0.0,1.0,1.0,4.05,5.983936280687191,0.679,0.895,90,4,14.992369697139855
U0006,P0192,0.0,0.0,0.2,1.0,1.0,3.14,4.875197323201151,0.429,0.094,180,4,27.828900633571667
U0006,P0197,0.0,0.0,0.0,1.0,1.0,3.51,7.698029170272805,1.0,0.461,120,4,13.998735248421958
U0006,P0203,0.5,0.0,0.2,1.0,1.0,3.9,6.248042874508429,0.636,0.722,180,4,17.04767291709725
U0006,P0204,0.5,1.0,0.6,1.0,1.0,3.62,5.332718793265369,0.506,0.997,60,4,12.180590645996345
U0006,P0207,0.0,0.0,0.2,1.0,1.0,3.41,7.033506484287697,0.876,0.351,120,4,14.895863627777247
U0006,P0213,0.25,1.0,0.6,1.0,1.0,4.39,7.142827401161621,1.0,0.191,120,4,20.86405096382976
U0006,P0218,0.5,1.0,1.0,0.0,1.0,4.78,5.5909869805108565,0.417,0.742,45,4,14.853847813207638
U0006,P0219,0.0,0.0,0.2,1.0,1.0,4.83,3.8501476017100584,0.321,0.176,150,4,19.4000548595767
U0006,P0221,0.0,0.0,0.0,1.0,1.0,4.27,5.4638318050256105,0.587,0.055,180,4,21.908885473305606
U0006,P0230,0.25,1.0,1.0,0.0,1.0,3.85,4.07753744390572,0.455,0.856,150,4,23.65890798681057
U0006,P0234,0.0,1.0,1.0,0.0,1.0,4.38,6.410174881966167,0.632,0.141,150,4,13.065575949712576
U0006,P0242,0.0,0.0,0.2,1.0,1.0,3.38,5.746203190540153,0.404,0.256,150,4,29.234185345576652
U0006,P0247,0.0,0.0,0.0,1.0,1.0,4.13,4.477336814478207,0.441,0.495,120,4,2.790515627272536
U0006,P0264,0.5,1.0,0.6,1.0,1.0,3.37,5.560681631015528,0.513,0.178,120,4,34.76740130766623
U0006,P0266,0.5,1.0,0.6,0.0,1.0,4.39,3.5263605246161616,0.475,0.495,60,4,21.263787354704856
U0006,P0273,0.25,0.0,0.2,1.0,1.0,2.99,4.553876891600541,0.308,0.631,30,4,12.704450070747265
U0006,P0276,0.0,0.0,0.0,1.0,1.0,4.14,5.313205979041787,0.443,0.706,60,4,20.39355886181683
U0006,P0282,0.25,1.0,0.6,1.0,1.0,4.49,5.111987788356544,0.395,0.946,30,4,5.43376444965238
U0006,P0283,0.5,0.0,0.0,1.0,1.0,4.64,5.0106352940962555,0.615,0.616,30,4,10.587441126961926
U0006,P0285,0.0,0.0,0.0,1.0,1.0,3.26,5.081404364984463,0.531,0.729,60,4,7.344462743450522
U0006,P0292,0.0,0.0,0.2,0.0,1.0,4.38,8.224967478914584,1.0,0.126,30,4,24.79713942633997
U0006,P0294,0.0,1.0,0.6,1.0,1.0,3.89,4.48863636973214,0.435,0.53,150,4,19.03954882715177
U0006,P0295,0.25,1.0,0.6,1.0,1.0,4.47,4.477336814478207,0.493,0.551,60,4,20.29285843391767
U0006,P0304,0.0,0.0,0.0,1.0,1.0,3.75,4.007333185232471,0.242,0.997,150,4,11.77587339679096
U0006,P0310,0.5,1.0,1.0,1.0,1.0,4.32,5.771441123130016,0.428,0.202,180,4,25.90361678872009
U0006,P0312,0.0,0.0,0.0,0.0,1.0,4.95,7.114769448366463,1.0,0.188,90,4,16.47752830050294
U0006,P0313,0.0,1.0,0.6,1.0,1.0,4.82,4.890349128221754,0.312,0.213,120,4,20.867557332191385
U0006,P0316,0.5,0.0,0.2,1.0,1.0,3.34,7.335633981927201,0.913,0.226,90,4,16.378713053676698
U0006,P0323,0.5,0.0,0.2,1.0,1.0,3.99,5.176149732573829,0.343,0.563,120,4,8.816037619960872
U0006,P0334,0.5,1.0,1.0,0.0,1.0,3.99,7.305188215393037,0.896,0.538,180,4,2.4422051463300254
U0006,P0340,0.0,0.0,0.0,1.0,1.0,4.52,7.026426808699636,0.966,0.288,90,4,18.884223932930798
U0006,P0341,0.0,0.0,0.2,1.0,1.0,4.42,4.1588830833596715,0.303,0.493,120,4,26.943722130253203
U0006,P0360,0.0,1.0,1.0,1.0,1.0,3.94,5.43372200355424,0.303,0.452,45,4,23.601780648801547
U0006,P0373,0.0,1.0,1.0,1.0,1.0,4.33,4.634728988229636,0.303,0.241,45,4,23.39458551567636
U0006,P0376,0.25,0.0,0.2,1.0,1.0,3.68,3.8918202981106265,0.447,0.804,30,4,32.43846687304717
U0006,P0377,0.25,1.0,0.6,1.0,1.0,3.66,6.7650389767805414,0.862,0.584,120,4,25.09035157213294
U0006,P0384,0.25,0.0,0.2,1.0,1.0,4.08,7.6251071482389,1.0,0.984,180,4,24.278523378608824
U0006,P0394,0.5,1.0,0.6,0.0,1.0,4.48,6.052089168924417,0.603,0.325,90,4,11.622511677608031
U0006,P0396,0.0,0.0,0.2,0.0,1.0,4.29,5.749392985908253,0.429,0.628,120,4,30.145288739019154
U0006,P0397,0.0,1.0,1.0,0.0,1.0,4.22,3.970291913552122,0.358,0.712,180,4,19.471631279100293
U0006,P0407,0.0,0.0,0.2,1.0,1.0,4.75,5.736572297479192,0.433,0.269,90,4,9.99260120517933
U0006,P0408,0.0,1.0,1.0,1.0,1.0,4.56,3.7376696182833684,0.272,0.777,30,4,18.078051217999803
U0006,P0409,0.25,1.0,0.6,1.0,1.0,4.22,6.568077911411976,0.538,0.798,180,4,26.015402529016527
U0006,P0410,0.25,1.0,1.0,1.0,1.0,4.14,6.778784897685177,0.653,0.458,45,4,22.6497819901454
U0006,P0416,0.25,1.0,1.0,0.0,1.0,3.49,4.406719247264253,0.321,0.079,45,4,11.976924816432287
U0006,P0419,0.25,1.0,1.0,1.0,1.0,4.8,4.30406509320417,0.333,0.504,180,4,12.376540775593416
U0006,P0420,0.5,0.0,0.0,0.0,1.0,4.54,5.247024072160486,0.408,0.55,30,4,22.50814858153589
U0006,P0425,0.0,1.0,1.0,1.0,1.0,3.81,4.867534450455582,0.458,0.137,30,4,6.575218755699779
U0006,P0432,0.5,1.0,1.0,1.0,1.0,4.8,7.655390644826152,1.0,0.287,90,4,24.45224037170402
U0006,P0433,0.25,0.0,0.0,1.0,1.0,3.82,5.0369526024136295,0.408,0.412,120,4,30.267655375099665
U0006,P0437,0.5,0.0,0.0,1.0,1.0,3.48,4.624972813284271,0.277,0.414,90,4,10.76553442940195
U0006,P0439,0.5,0.0,0.0,0.0,1.0,3.87,5.771441123130016,0.536,0.296,45,4,7.6687099175862015
U0006,P0444,0.0,0.0,0.0,1.0,1.0,4.36,5.0689042022202315,0.521,0.15,45,4,17.265215252120825
U0006,P0449,0.25,1.0,1.0,1.0,1.0,4.02,5.676753802268282,0.524,0.118,60,4,29.951545663954665
U0006,P0450,0.0,1.0,0.6,0.0,1.0,4.64,4.5217885770490405,0.475,0.236,90,4,22.038075288762418
U0006,P0456,0.0,1.0,1.0,1.0,1.0,3.96,5.765191102784844,0.424,0.574,45,4,29.17437457375318
U0006,P0459,0.25,1.0,1.0,1.0,1.0,4.37,5.726847747587197,0.418,0.715,150,4,15.320456844694164
U0006,P0471,0.25,0.0,0.2,1.0,1.0,3.52,6.548219102762372,0.617,0.1,60,4,5.868669732411331
U0006,P0473,0.25,1.0,1.0,1.0,1.0,4.93,4.219507705176107,0.291,0.569,150,4,9.470420000287547
U0006,P0475,0.25,1.0,1.0,1.0,1.0,4.08,5.793013608384144,0.409,0.225,180,4,23.438131502678743
U0006,P0482,0.0,0.0,0.2,1.0,1.0,4.19,6.35088571671474,0.687,0.845,30,4,17.69959089910477
U0006,P0483,0.0,0.0,0.0,1.0,1.0,4.06,7.228388451573604,0.882,0.367,30,4,3.1839232285041636
U0006,P0485,0.5,0.0,0.2,1.0,1.0,4.08,3.784189633918261,0.274,0.507,60,4,12.292414175808299
U0006,P0486,0.25,1.0,1.0,1.0,1.0,4.16,4.6913478822291435,0.46,0.858,90,4,10.747459199899723
U0006,P0487,0.5,1.0,0.6,1.0,1.0,4.48,4.718498871295094,0.566,0.161,120,4,21.784730974325623
U0006,P0492,0.25,1.0,1.0,1.0,1.0,3.66,5.44673737166631,0.397,0.349,60,4,6.819961641338751
U0006,P0493,0.5,0.0,0.0,1.0,1.0,4.1,4.110873864173311,0.399,0.645,180,4,19.62344829011293
U0006,P0494,0.5,1.0,1.0,1.0,1.0,4.78,6.553933404025811,0.866,0.195,180,4,4.165285838200594
U0007,P0004,0.0,1.0,0.6,1.0,1.0,4.81,6.421622267806518,0.679,0.831,60,7,14.58466381019414
U0007,P0005,0.0,0.0,0.0,1.0,1.0,3.89,6.152732694704104,0.456,0.903,45,7,5.171531127312918
U0007,P0015,0.0,1.0,0.6,1.0,1.0,3.83,5.153291594497779,0.446,0.842,45,7,30.44607725328648
U0007,P0022,0.0,0.0,0.0,1.0,1.0,4.05,5.14166355650266,0.471,0.356,30,7,30.833409959637248
U0007,P0034,0.0,0.0,0.2,1.0,1.0,4.07,6.704414354964107,0.693,0.164,90,7,22.246503368140285
U0007,P0038,0.0,0.0,0.0,1.0,1.0,2.92,6.48768401848461,0.682,0.481,90,7,33.67498475452935
U0007,P0040,0.0,1.0,1.0,0.0,1.0,4.14,3.1354942159291497,0.249,0.216,150,7,51.66300094214009
U0007,P0041,0.0,0.0,0.0,1.0,1.0,4.0,5.929589143389895,0.485,0.948,150,7,17.663638899122773
U0007,P0043,0.0,1.0,1.0,0.0,1.0,3.74,4.90527477843843,0.441,0.523,30,7,42.53794751171829
U0007,P0054,0.0,1.0,0.6,1.0,1.0,4.95,5.71042701737487,0.693,0.563,45,7,41.203701236604985
U0007,P0056,0.0,1.0,1.0,0.0,1.0,3.24,5.472270673671475,0.286,0.576,60,7,10.024827834129843
U0007,P0063,0.5,1.0,1.0,1.0,1.0,4.36,8.128585200374497,1.0,0.358,45,7,6.624887236411737
U0007,P0067,0.0,1.0,0.6,1.0,1.0,3.62,6.068425588244111,0.527,0.79,90,7,16.537436855087932
U0007,P0074,0.0,0.0,0.0,0.0,1.0,3.54,3.9318256327243257,0.327,0.272,150,7,44.5584581385844
U0007,P0081,0.0,0.0,0.0,0.0,1.0,3.66,6.4457198193855785,0.555,0.365,180,7,15.846316580860139
U0007,P0083,0.0,0.0,0.2,0.0,1.0,4.53,5.996452088619021,0.563,0.951,150,7,34.73127705936594
U0007,P0084,0.0,1.0,0.6,1.0,1.0,4.47,7.776535028185241,1.0,0.477,60,7,37.70144811267871
U0007,P0089,0.0,1.0,0.6,1.0,1.0,4.11,7.244941546337007,1.0,0.951,150,7,42.478175286358464
U0007,P0091,0.0,0.0,0.0,1.0,1.0,4.38,4.477336814478207,0.301,0.635,90,7,12.183349874719157
U0007,P0092,0.0,1.0,1.0,1.0,1.0,3.62,6.07993319509559,0.409,0.52,90,7,12.609735189551822
U0007,P0096,0.0,1.0,1.0,1.0,1.0,3.9,6.52795791762255,0.569,0.786,90,7,30.95755720047715
U0007,P0102,0.0,0.0,0.2,1.0,1.0,4.59,6.7650389767805414,0.896,0.456,120,7,29.707552069121366
U0007,P0107,0.5,1.0,1.0,0.0,1.0,4.53,6.282266746896006,0.812,0.979,90,7,36.72962984687199
U0007,P0115,0.0,0.0,0.0,1.0,1.0,3.78,6.317164686747284,0.541,0.672,45,7,29.388063142370655
U0007,P0122,0.0,1.0,1.0,1.0,1.0,4.33,6.539585955617669,0.798,0.795,60,7,34.18386357339498
U0007,P0123,0.0,1.0,0.6,1.0,1.0,3.56,5.099866427824199,0.282,0.386,90,7,43.114345823717635
U0007,P0125,0.0,1.0,1.0,0.0,1.0,4.89,5.986452005284438,0.755,0.668,60,7,29.604238692131386
U0007,P0126,0.0,1.0,0.6,1.0,1.0,3.53,6.602587892189336,0.622,0.568,60,7,33.599718009062784
U0007,P0133,0.0,0.0,0.2,1.0,1.0,3.99,4.007333185232471,0.265,0.617,60,7,8.579920492517893
U0007,P0142,0.0,1.0,1.0,1.0,1.0,4.81,4.02535169073515,0.312,0.867,45,7,15.243913076859577
U0007,P0144,0.0,1.0,0.6,1.0,1.0,4.03,6.206575926724928,0.688,0.313,120,7,3.351339148056268
U0007,P0146,0.0,1.0,1.0,0.0,1.0,4.01,4.912654885736052,0.467,0.531,30,7,6.89039460911789
U0007,P0150,0.0,1.0,1.0,1.0,1.0,4.47,6.255750041753367,0.623,0.918,90,7,34.57478894395538
U0007,P0151,0.0,1.0,1.0,1.0,1.0,3.73,4.8283137373023015,0.305,0.853,180,7,17.447069832069072
U0007,P0155,0.0,1.0,1.0,0.0,1.0,4.35,5.2574953720277815,0.361,0.479,90,7,37.348377356111286
U0007,P0162,0.0,1.0,1.0,0.0,1.0,3.73,8.01102337918644,1.0,0.241,45,7,11.377862876147455
U0007,P0164,0.0,0.0,0.2,0.0,1.0,4.62,6.450470422144176,0.56,0.967,150,7,34.192371250642395
U0007,P0170,0.0,0.0,0.2,1.0,1.0,4.29,4.8283137373023015,0.58,0.845,60,7,22.286401100964532
U0007,P0174,0.0,1.0,0.6,1.0,1.0,3.45,3.828641396489095,0.409,0.097,150,7,20.610343455253485
U0007,P0175,0.5,1.0,0.6,1.0,1.0,3.78,5.247024072160486,0.321,0.229,150,7,19.599545535025715
U0007,P0180,0.5,0.0,0.2,0.0,1.0,4.25,4.51085950651685,0.491,0.434,150,7,37.943727148865506
U0007,P0181,0.0,1.0,1.0,1.0,1.0,4.33,7.3395376954076745,1.0,0.696,150,7,4.066712533146628
U0007,P0185,0.0,0.0,0.2,0.0,1.0,4.14,4.574710978503383,0.359,0.333,30,7,13.929857448290319
U0007,P0189,0.0,1.0,1.0,1.0,1.0,4.49,5.720311776607412,0.596,0.737,30,7,24.39444694128963
U0007,P0191,0.0,1.0,1.0,1.0,1.0,3.72,4.787491742782046,0.38,0.892,90,7,19.95883838624404
U0007,P0201,0.0,0.0,0.2,1.0,1.0,3.38,4.787491742782046,0.465,0.968,30,7,29.800466071088614
U0007,P0202,0.0,0.0,0.2,1.0,1.0,4.1,5.556828061699537,0.478,0.089,150,7,16.176390732304377
U0007,P0205,0.0,1.0,1.0,1.0,1.0,4.15,6.118097198041348,0.546,0.813,120,7,4.035361394975777
U0007,P0211,0.0,0.0,0.0,1.0,1.0,5.0,7.60688453121963,1.0,0.351,120,7,25.92018705295203
U0007,P0215,0.5,1.0,0.6,1.0,1.0,4.58,3.4011973816621555,0.423,0.982,180,7,24.10000839637236
U0007,P0224,0.5,0.0,0.0,1.0,1.0,4.26,4.382026634673881,0.279,0.985,60,7,26.70637688046372
U0007,P0226,0.0,1.0,1.0,1.0,1.0,4.07,6.646390514847729,0.871,0.965,120,7,18.978444667219577
U0007,P0235,0.0,0.0,0.2,1.0,1.0,3.86,4.812184355372417,0.372,0.491,150,7,31.200884024874146
U0007,P0236,0.0,0.0,0.2,1.0,1.0,3.98,2.772588722239781,0.317,0.87,60,7,31.084314415716552
U0007,P0240,0.5,0.0,0.0,0.0,1.0,5.0,6.843749949006225,0.951,0.465,120,7,20.373094702236198
U0007,P0245,0.0,0.0,0.0,1.0,1.0,4.86,6.558197802812269,0.673,0.09,45,7,12.805863344374576
U0007,P0246,0.0,0.0,0.2,1.0,1.0,4.1,7.27655640271871,1.0,0.662,150,7,47.25319640662362
U0007,P0259,0.0,1.0,0.6,1.0,1.0,4.33,4.330733340286331,0.32,0.951,60,7,25.047499551409345
U0007,P0262,0.0,0.0,0.2,1.0,1.0,3.8,6.186208623900494,0.525,0.274,90,7,36.49243369380491
U0007,P0265,0.0,0.0,0.0,0.0,1.0,4.22,4.418840607796598,0.584,0.31,60,7,37.38311295278691
U0007,P0277,0.5,1.0,0.6,1.0,1.0,4.63,5.808142489980444,0.449,0.179,180,7,29.862889213855226
U0007,P0289,0.0,0.0,0.2,1.0,1.0,4.21,6.42648845745769,0.804,0.318,30,7,18.18995053256204
U0007,P0297,0.0,1.0,1.0,1.0,1.0,4.32,5.902633333401366,0.481,0.089,180,7,27.346009532137476
U0007,P0301,0.5,0.0,0.0,1.0,1.0,4.44,4.394449154672439,0.296,0.296,120,7,25.675482291973026
U0007,P0308,0.0,0.0,0.0,1.0,1.0,5.0,5.655991810819852,0.65,0.669,30,7,33.32040135307976
U0007,P0311,0.5,1.0,0.6,1.0,1.0,3.74,6.066108090103747,0.436,0.613,30,7,29.61742572990517
U0007,P0314,0.0,0.0,0.0,1.0,1.0,3.65,5.351858133476067,0.579,0.284,45,7,18.885431465031193
U0007,P0319,0.0,0.0,0.2,1.0,1.0,4.47,5.5909869805108565,0.502,0.328,120,7,24.54315487710532
U0007,P0325,0.0,1.0,0.6,1.0,1.0,4.0,6.336825731146441,0.61,0.792,30,7,27.09490366837942
U0007,P0327,0.0,0.0,0.0,1.0,1.0,3.98,4.174387269895637,0.483,0.989,90,7,36.89024299913737
U0007,P0336,0.0,0.0,0.2,1.0,1.0,4.66,3.044522437723423,0.302,0.722,180,7,37.445545028576156
U0007,P0344,0.5,0.0,0.2,1.0,1.0,3.99,5.056245805348308,0.403,0.273,90,7,32.656009744750406
U0007,P0349,0.0,0.0,0.2,1.0,1.0,4.25,4.007333185232471,0.525,0.192,150,7,31.53097577993627
U0007,P0350,0.0,1.0,0.6,1.0,1.0,4.52,5.2832037287379885,0.324,0.736,180,7,22.011334373152426
U0007,P0354,0.0,0.0,0.0,1.0,1.0,3.52,7.605890001053122,1.0,0.25,90,7,15.927103868130422
U0007,P0355,0.0,0.0,0.2,1.0,1.0,3.16,7.535830462798367,1.0,0.622,180,7,43.73247386663198
U0007,P0357,0.0,1.0,0.6,0.0,1.0,3.85,5.981414211254481,0.4,0.263,60,7,27.60581699037111
U0007,P0362,0.0,0.0,0.0,0.0,1.0,3.49,6.391917113392602,0.492,0.317,30,7,13.006349182428442
U0007,P0363,0.5,0.0,0.0,1.0,1.0,4.18,5.2832037287379885,0.564,0.497,45,7,23.694161171344486
U0007,P0370,0.5,0.0,0.2,1.0,1.0,4.85,6.717804695023691,0.739,0.797,120,7,7.500242094823582
U0007,P0378,0.0,1.0,1.0,1.0,1.0,3.67,8.658866349732383,1.0,0.865,90,7,10.723580038163888
U0007,P0383,0.0,1.0,0.6,1.0,1.0,4.62,4.663439094112067,0.311,0.896,120,7,30.14411282234529
U0007,P0385,0.5,1.0,1.0,1.0,1.0,3.82,7.675081857716334,1.0,0.441,120,7,17.140500496939897
U0007,P0393,0.0,0.0,0.2,1.0,1.0,4.35,6.79794041297493,0.641,0.892,90,7,46.899606359965226
U0007,P0406,0.0,1.0,1.0,1.0,1.0,4.02,4.976733742420574,0.349,0.241,180,7,23.21169021134441
U0007,P0414,0.0,1.0,1.0,1.0,1.0,4.81,4.875197323201151,0.574,0.237,45,7,42.08936596947441
U0007,P0415,0.5,0.0,0.2,1.0,1.0,3.91,5.1647859739235145,0.548,0.99,90,7,22.95587357221723
U0007,P0417,0.5,0.0,0.0,1.0,1.0,3.65,4.584967478670572,0.493,0.182,150,7,13.104018712906964
U0007,P0423,0.0,1.0,0.6,1.0,1.0,4.17,6.091309882077698,0.546,0.491,30,7,38.36595989012759
U0007,P0429,0.5,1.0,1.0,1.0,1.0,3.73,6.066108090103747,0.596,0.107,30,7,27.00481850576508
U0007,P0430,0.0,0.0,0.2,0.0,1.0,3.85,6.259581464064923,0.474,0.763,60,7,27.299684741461608
U0007,P0431,0.0,0.0,0.2,1.0,1.0,4.19,3.6888794541139363,0.291,0.653,150,7,24.59524392862135
U0007,P0436,0.5,0.0,0.2,1.0,1.0,4.02,4.543294782270004,0.464,0.947,150,7,5.8383657419111765
U0007,P0442,0.0,1.0,0.6,0.0,1.0,3.88,6.75343791859778,0.708,0.96,120,7,23.894085019413144
U0007,P0443,0.5,0.0,0.2,1.0,1.0,4.41,7.716460800176355,1.0,0.876,90,7,25.80408961422543
U0007,P0445,0.0,0.0,0.0,1.0,1.0,4.37,6.8308742346461795,0.666,0.662,150,7,39.87516772887471
U0007,P0457,0.0,1.0,1.0,1.0,1.0,4.21,7.393263094763838,1.0,0.306,150,7,45.63483330200882
U0007,P0461,0.0,0.0,0.2,1.0,1.0,4.58,4.276666119016055,0.594,0.782,120,7,27.51026808979484
U0007,P0467,0.0,0.0,0.2,1.0,1.0,3.45,2.8903717578961645,0.194,0.951,90,7,30.633052558984836
U0007,P0472,0.0,0.0,0.2,0.0,1.0,4.39,5.384495062789089,0.434,0.365,30,7,29.095829478171492
U0007,P0477,0.5,0.0,0.2,1.0,1.0,3.54,7.232733136177615,1.0,0.177,60,7,23.0225903014045
U0007,P0478,0.5,1.0,1.0,1.0,1.0,4.06,6.841615476477592,0.877,0.246,150,7,23.701293698679713
U0007,P0479,0.5,0.0,0.0,0.0,1.0,4.25,6.049733455231958,0.532,0.229,90,7,20.243207440248895
U0007,P0480,0.5,1.0,1.0,0.0,1.0,4.36,6.037870919922137,0.555,0.061,90,7,44.33046912056541
U0007,P0491,0.0,1.0,1.0,1.0,1.0,4.45,6.0112671744041615,0.433,0.251,120,7,37.71048068708929
U0007,P0498,0.0,1.0,1.0,1.0,1.0,3.65,5.1647859739235145,0.582,0.624,90,7,20.79262718066404
U0008,P0004,0.25,1.0,1.0,1.0,1.0,4.81,6.421622267806518,0.679,0.831,60,7,29.15444280630852
U0008,P0005,0.25,0.0,0.2,1.0,1.0,3.89,6.152732694704104,0.456,0.903,45,7,41.98549624677573
U0008,P0015,0.25,0.0,1.0,1.0,1.0,3.83,5.153291594497779,0.446,0.842,45,7,18.029585059492284
U0008,P0022,0.25,0.0,0.2,1.0,1.0,4.05,5.14166355650266,0.471,0.356,30,7,44.34750360608329
U0008,P0034,0.0,1.0,0.6,1.0,1.0,4.07,6.704414354964107,0.693,0.164,90,7,42.808647039297476
U0008,P0038,0.25,0.0,0.2,1.0,1.0,2.92,6.48768401848461,0.682,0.481,90,7,20.849826250775276
U0008,P0040,0.25,0.0,0.6,0.0,1.0,4.14,3.1354942159291497,0.249,0.216,150,7,46.8400278492071
U0008,P0041,0.25,0.0,0.2,1.0,1.0,4.0,5.929589143389895,0.485,0.948,150,7,33.90954237934095
U0008,P0043,0.25,0.0,0.6,0.0,1.0,3.74,4.90527477843843,0.441,0.523,30,7,4.0489336194508585
U0008,P0054,0.25,0.0,1.0,1.0,1.0,4.95,5.71042701737487,0.693,0.563,45,7,3.724168582444303
U0008,P0056,0.0,1.0,0.6,0.0,1.0,3.24,5.472270673671475,0.286,0.576,60,7,39.55437079060057
U0008,P0063,0.25,0.0,0.6,1.0,1.0,4.36,8.128585200374497,1.0,0.358,45,7,40.28914739003061
U0008,P0067,0.25,0.0,1.0,1.0,1.0,3.62,6.068425588244111,0.527,0.79,90,7,34.06475331676889
U0008,P0074,0.25,0.0,0.2,0.0,1.0,3.54,3.9318256327243257,0.327,0.272,150,7,39.466434240201814
U0008,P0081,0.0,1.0,0.2,0.0,1.0,3.66,6.4457198193855785,0.555,0.365,180,7,32.27637492597708
U0008,P0083,0.25,0.0,0.6,0.0,1.0,4.53,5.996452088619021,0.563,0.951,150,7,35.09676711558323
U0008,P0084,0.25,0.0,1.0,1.0,1.0,4.47,7.776535028185241,1.0,0.477,60,7,16.737463484742207
U0008,P0089,0.0,1.0,1.0,1.0,1.0,4.11,7.244941546337007,1.0,0.951,150,7,32.83596427247965
U0008,P0091,0.25,0.0,0.2,1.0,1.0,4.38,4.477336814478207,0.301,0.635,90,7,37.5436456233043
U0008,P0092,0.25,1.0,0.6,1.0,1.0,3.62,6.07993319509559,0.409,0.52,90,7,38.148707862051054
U0008,P0096,0.0,1.0,0.6,1.0,1.0,3.9,6.52795791762255,0.569,0.786,90,7,45.98095037000854
U0008,P0102,0.0,1.0,0.6,1.0,1.0,4.59,6.7650389767805414,0.896,0.456,120,7,15.28556954872321
U0008,P0107,0.25,0.0,0.6,0.0,1.0,4.53,6.282266746896006,0.812,0.979,90,7,51.79938124510776
U0008,P0115,0.25,0.0,0.2,1.0,1.0,3.78,6.317164686747284,0.541,0.672,45,7,43.16184802773834
U0008,P0122,0.25,0.0,0.6,1.0,1.0,4.33,6.539585955617669,0.798,0.795,60,7,20.609890010252638
U0008,P0123,0.25,1.0,1.0,1.0,1.0,3.56,5.099866427824199,0.282,0.386,90,7,1.956520910573028
U0008,P0125,0.0,1.0,0.6,0.0,1.0,4.89,5.986452005284438,0.755,0.668,60,7,45.060244210137164
U0008,P0126,0.25,1.0,1.0,1.0,1.0,3.53,6.602587892189336,0.622,0.568,60,7,43.496854174246124
U0008,P0133,0.25,0.0,0.6,1.0,1.0,3.99,4.007333185232471,0.265,0.617,60,7,35.0540139056817
U0008,P0142,0.0,1.0,0.6,1.0,1.0,4.81,4.02535169073515,0.312,0.867,45,7,28.513797550817436
U0008,P0144,0.0,1.0,1.0,1.0,1.0,4.03,6.206575926724928,0.688,0.313,120,7,41.173162884967795
U0008,P0146,0.25,0.0,0.6,0.0,1.0,4.01,4.912654885736052,0.467,0.531,30,7,39.88140390328628
U0008,P0150,0.25,0.0,0.6,1.0,1.0,4.47,6.255750041753367,0.623,0.918,90,7,22.850109186537782
U0008,P0151,0.0,1.0,0.6,1.0,1.0,3.73,4.8283137373023015,0.305,0.853,180,7,49.383635632663896
U0008,P0155,0.25,0.0,0.6,0.0,1.0,4.35,5.2574953720277815,0.361,0.479,90,7,7.62316767774571
U0008,P0162,0.25,0.0,0.6,0.0,1.0,3.73,8.01102337918644,1.0,0.241,45,7,34.71018222823875
U0008,P0164,0.25,0.0,0.6,0.0,1.0,4.62,6.450470422144176,0.56,0.967,150,7,18.735340760355854
U0008,P0170,0.25,0.0,0.6,1.0,1.0,4.29,4.8283137373023015,0.58,0.845,60,7,23.16210267937758
U0008,P0174,0.25,0.0,1.0,1.0,1.0,3.45,3.828641396489095,0.409,0.097,150,7,32.60001052108018
U0008,P0175,0.25,0.0,1.0,1.0,1.0,3.78,5.247024072160486,0.321,0.229,150,7,46.74860845680642
U0008,P0180,0.5,0.0,0.6,0.0,1.0,4.25,4.51085950651685,0.491,0.434,150,7,8.751150014572673
U0008,P0181,0.0,1.0,0.6,1.0,1.0,4.33,7.3395376954076745,1.0,0.696,150,7,39.54975118438537
U0008,P0185,0.0,1.0,0.6,0.0,1.0,4.14,4.574710978503383,0.359,0.333,30,7,31.196544635216956
U0008,P0189,0.25,0.0,0.6,1.0,1.0,4.49,5.720311776607412,0.596,0.737,30,7,21.43678719886732
U0008,P0191,0.25,1.0,0.6,1.0,1.0,3.72,4.787491742782046,0.38,0.892,90,7,52.50853746784967
U0008,P0201,0.0,1.0,0.6,1.0,1.0,3.38,4.787491742782046,0.465,0.968,30,7,27.91074353835818
U0008,P0202,0.0,1.0,0.6,1.0,1.0,4.1,5.556828061699537,0.478,0.089,150,7,33.97216668973537
U0008,P0205,0.25,0.0,0.6,1.0,1.0,4.15,6.118097198041348,0.546,0.813,120,7,40.592654668857094
U0008,P0211,0.25,1.0,0.2,1.0,1.0,5.0,7.60688453121963,1.0,0.351,120,7,45.24886760326895
U0008,P0215,0.25,0.0,1.0,1.0,1.0,4.58,3.4011973816621555,0.423,0.982,180,7,47.85483077498193
U0008,P0224,0.25,0.0,0.2,1.0,1.0,4.26,4.382026634673881,0.279,0.985,60,7,20.67058193787681
U0008,P0226,0.25,0.0,0.6,1.0,1.0,4.07,6.646390514847729,0.871,0.965,120,7,38.22306245674547
U0008,P0235,0.25,1.0,0.6,1.0,1.0,3.86,4.812184355372417,0.372,0.491,150,7,29.589540737823295
U0008,P0236,0.25,0.0,0.6,1.0,1.0,3.98,2.772588722239781,0.317,0.87,60,7,56.98454249712017
U0008,P0240,0.5,0.0,0.2,0.0,1.0,5.0,6.843749949006225,0.951,0.465,120,7,24.102900488302744
U0008,P0245,0.0,1.0,0.2,1.0,1.0,4.86,6.558197802812269,0.673,0.09,45,7,36.627305976776476
U0008,P0246,0.25,0.0,0.6,1.0,1.0,4.1,7.27655640271871,1.0,0.662,150,7,44.255739546325245
U0008,P0259,0.25,0.0,1.0,1.0,1.0,4.33,4.330733340286331,0.32,0.951,60,7,24.810296295363585
U0008,P0262,0.25,0.0,0.6,1.0,1.0,3.8,6.186208623900494,0.525,0.274,90,7,22.757519454861473
U0008,P0265,0.25,0.0,0.2,0.0,1.0,4.22,4.418840607796598,0.584,0.31,60,7,6.565476349263673
U0008,P0277,0.5,0.0,1.0,1.0,1.0,4.63,5.808142489980444,0.449,0.179,180,7,52.98083774551719
U0008,P0289,0.25,0.0,0.6,1.0,1.0,4.21,6.42648845745769,0.804,0.318,30,7,32.46949126464478
U0008,P0297,0.25,0.0,0.6,1.0,1.0,4.32,5.902633333401366,0.481,0.089,180,7,17.843222167336172
U0008,P0301,0.5,0.0,0.2,1.0,1.0,4.44,4.394449154672439,0.296,0.296,120,7,28.067047215344928
U0008,P0308,0.25,0.0,0.2,1.0,1.0,5.0,5.655991810819852,0.65,0.669,30,7,19.43268119762529
U0008,P0311,0.5,0.0,1.0,1.0,1.0,3.74,6.066108090103747,0.436,0.613,30,7,35.09598150034107
U0008,P0314,0.25,0.0,0.2,1.0,1.0,3.65,5.351858133476067,0.579,0.284,45,7,29.861011942838612
U0008,P0319,0.25,1.0,0.6,1.0,1.0,4.47,5.5909869805108565,0.502,0.328,120,7,32.696996618021004
U0008,P0325,0.25,0.0,1.0,1.0,1.0,4.0,6.336825731146441,0.61,0.792,30,7,55.63424118313885
U0008,P0327,0.25,0.0,0.2,1.0,1.0,3.98,4.174387269895637,0.483,0.989,90,7,6.787124500162207
U0008,P0336,0.25,0.0,0.6,1.0,1.0,4.66,3.044522437723423,0.302,0.722,180,7,49.31489772227385
U0008,P0344,0.25,0.0,0.6,1.0,1.0,3.99,5.056245805348308,0.403,0.273,90,7,48.10685164752932
U0008,P0349,0.25,0.0,0.6,1.0,1.0,4.25,4.007333185232471,0.525,0.192,150,7,12.077366597124879
U0008,P0350,0.25,0.0,1.0,1.0,1.0,4.52,5.2832037287379885,0.324,0.736,180,7,33.70376772495562
U0008,P0354,0.25,0.0,0.2,1.0,1.0,3.52,7.605890001053122,1.0,0.25,90,7,27.906364860534765
U0008,P0355,0.25,0.0,0.6,1.0,1.0,3.16,7.535830462798367,1.0,0.622,180,7,45.616243158839374
U0008,P0357,0.25,0.0,1.0,0.0,1.0,3.85,5.981414211254481,0.4,0.263,60,7,55.091237832155024
U0008,P0362,0.25,0.0,0.2,0.0,1.0,3.49,6.391917113392602,0.492,0.317,30,7,38.48155885637251
U0008,P0363,0.5,0.0,0.2,1.0,1.0,4.18,5.2832037287379885,0.564,0.497,45,7,32.51017105364729
U0008,P0370,0.25,0.0,0.6,1.0,1.0,4.85,6.717804695023691,0.739,0.797,120,7,43.49615030953447
U0008,P0378,0.25,1.0,0.6,1.0,1.0,3.67,8.658866349732383,1.0,0.865,90,7,36.66757253598172
U0008,P0383,0.25,0.0,1.0,1.0,1.0,4.62,4.663439094112067,0.311,0.896,120,7,57.32722597776008
U0008,P0385,0.5,0.0,0.6,1.0,1.0,3.82,7.675081857716334,1.0,0.441,120,7,27.231523466662814
U0008,P0393,0.25,0.0,0.6,1.0,1.0,4.35,6.79794041297493,0.641,0.892,90,7,36.12864867614238
U0008,P0406,0.25,0.0,0.6,1.0,1.0,4.02,4.976733742420574,0.349,0.241,180,7,24.447958216371678
U0008,P0414,0.25,0.0,0.6,1.0,1.0,4.81,4.875197323201151,0.574,0.237,45,7,36.778748037583696
U0008,P0415,0.5,0.0,0.6,1.0,1.0,3.91,5.1647859739235145,0.548,0.99,90,7,28.803071740848758
U0008,P0417,0.25,0.0,0.2,1.0,1.0,3.65,4.584967478670572,0.493,0.182,150,7,33.36975833238542
U0008,P0423,0.0,1.0,1.0,1.0,1.0,4.17,6.091309882077698,0.546,0.491,30,7,48.353107015261756
U0008,P0429,0.25,0.0,0.6,1.0,1.0,3.73,6.066108090103747,0.596,0.107,30,7,20.280853500563154
U0008,P0430,0.0,1.0,0.6,0.0,1.0,3.85,6.259581464064923,0.474,0.763,60,7,20.021356576756425
U0008,P0431,0.0,1.0,0.6,1.0,1.0,4.19,3.6888794541139363,0.291,0.653,150,7,21.046528221739617
U0008,P0436,0.25,0.0,0.6,1.0,1.0,4.02,4.543294782270004,0.464,0.947,150,7,39.42998928500153
U0008,P0442,0.25,0.0,1.0,0.0,1.0,3.88,6.75343791859778,0.708,0.96,120,7,20.849060525001526
U0008,P0443,0.25,0.0,0.6,1.0,1.0,4.41,7.716460800176355,1.0,0.876,90,7,45.466648947462424
U0008,P0445,0.25,0.0,0.2,1.0,1.0,4.37,6.8308742346461795,0.666,0.662,150,7,35.814390386156745
U0008,P0457,0.25,0.0,0.6,1.0,1.0,4.21,7.393263094763838,1.0,0.306,150,7,35.301094252275064
U0008,P0461,0.0,1.0,0.6,1.0,1.0,4.58,4.276666119016055,0.594,0.782,120,7,48.40416251296742
U0008,P0467,0.25,0.0,0.6,1.0,1.0,3.45,2.8903717578961645,0.194,0.951,90,7,13.233094497069626
U0008,P0472,0.25,0.0,0.6,0.0,1.0,4.39,5.384495062789089,0.434,0.365,30,7,57.43513805746382
U0008,P0477,0.25,0.0,0.6,1.0,1.0,3.54,7.232733136177615,1.0,0.177,60,7,55.73481737569044
U0008,P0478,0.25,0.0,0.6,1.0,1.0,4.06,6.841615476477592,0.877,0.246,150,7,50.18689076357624
U0008,P0479,0.5,0.0,0.2,0.0,1.0,4.25,6.049733455231958,0.532,0.229,90,7,23.61337911487839
U0008,P0480,0.25,0.0,0.6,0.0,1.0,4.36,6.037870919922137,0.555,0.061,90,7,39.67212467498699
U0008,P0491,0.25,0.0,0.6,1.0,1.0,4.45,6.0112671744041615,0.433,0.251,120,7,7.34285847774803
U0008,P0498,0.25,0.0,0.6,1.0,1.0,3.65,5.1647859739235145,0.582,0.624,90,7,25.642028272950114
U0009,P0002,0.5,0.376,0.2,0.0,1.0,4.39,7.3277805384216315,0.958,0.624,180,4,29.936973606193114
U0009,P0006,0.5,0.027000000000000024,0.6,1.0,1.0,3.89,4.941642422609304,0.534,0.973,90,4,19.87455264477605
U0009,P0009,0.0,0.883,1.0,1.0,1.0,3.64,5.877735781779639,0.429,0.117,30,4,7.185939159590525
U0009,P0023,0.5,0.881,0.6,0.0,1.0,3.43,4.6443908991413725,0.5,0.119,45,4,19.016811496124003
U0009,P0030,0.5,0.28800000000000003,0.0,1.0,1.0,4.25,6.670766320845874,0.706,0.712,150,4,32.53997843554368
U0009,P0033,0.5,0.484,1.0,1.0,1.0,4.47,7.1276936993473985,0.868,0.516,90,4,12.290152908958886
U0009,P0035,0.0,0.42400000000000004,0.6,0.0,1.0,4.26,4.727387818712341,0.39,0.576,60,4,1.5587650192580853
U0009,P0045,0.5,0.5880000000000001,0.6,0.0,1.0,3.86,6.118097198041348,0.597,0.412,45,4,3.848967516677447
U0009,P0048,0.0,0.30100000000000005,0.6,1.0,1.0,3.92,3.7612001156935624,0.3,0.699,90,4,11.646942457479968
U0009,P0049,0.5,0.663,1.0,1.0,1.0,4.23,5.814130531825066,0.516,0.337,60,4,9.15091122149125
U0009,P0051,0.0,0.5549999999999999,0.2,1.0,1.0,3.46,4.997212273764115,0.515,0.445,30,4,17.776008398534344
U0009,P0057,0.5,0.642,0.6,1.0,1.0,4.13,8.455955881945048,1.0,0.358,180,4,21.132616919546315
U0009,P0062,0.5,0.779,0.0,1.0,1.0,4.73,3.828641396489095,0.553,0.221,180,4,24.633400149065523
U0009,P0071,0.5,0.30600000000000005,0.0,1.0,1.0,4.2,7.069023426578259,1.0,0.694,150,4,10.94353548138742
U0009,P0079,0.0,0.595,1.0,1.0,1.0,4.94,6.07073772800249,0.775,0.405,120,4,12.243217915876098
U0009,P0090,0.0,0.374,0.0,1.0,1.0,3.98,8.764209507142004,1.0,0.626,30,4,10.079362296796823
U0009,P0094,0.5,0.817,1.0,0.0,1.0,4.31,5.41610040220442,0.332,0.183,45,4,16.410488844467682
U0009,P0095,0.0,0.29600000000000004,1.0,1.0,1.0,3.72,3.6888794541139363,0.332,0.704,150,4,13.653981315375447
U0009,P0097,0.0,0.6659999999999999,0.2,1.0,1.0,4.2,4.007333185232471,0.425,0.334,150,4,29.4056296292059
U0009,P0098,0.5,0.07199999999999995,0.0,1.0,1.0,4.18,5.963579343618446,0.67,0.928,180,4,9.074786915393608
U0009,P0099,0.0,0.501,0.6,1.0,1.0,3.7,5.68697535633982,0.402,0.499,150,4,27.16932350983537
U0009,P0112,0.0,0.523,0.0,1.0,1.0,4.41,3.58351893845611,0.431,0.477,45,4,28.292998416107544
U0009,P0117,0.0,0.6779999999999999,0.0,1.0,1.0,4.12,4.718498871295094,0.261,0.322,120,4,27.08962995164746
U0009,P0118,0.5,0.16300000000000003,1.0,1.0,1.0,5.0,6.261491684321042,0.616,0.837,90,4,15.993714012137081
U0009,P0130,0.5,0.14300000000000002,0.0,1.0,1.0,4.3,6.429719478039138,0.746,0.857,90,4,9.020010539733903
U0009,P0131,0.5,0.542,0.6,1.0,1.0,3.68,5.429345628954441,0.51,0.458,90,4,5.954570343667574
U0009,P0132,0.0,0.577,0.0,1.0,1.0,2.64,4.276666119016055,0.204,0.423,150,4,15.569524369890328
U0009,P0149,0.5,0.41100000000000003,0.2,1.0,1.0,4.5,5.869296913133774,0.567,0.589,60,4,22.69828468111496
U0009,P0153,0.5,0.6839999999999999,0.6,1.0,1.0,4.09,5.641907070938114,0.516,0.316,45,4,34.28388664384604
U0009,P0159,0.5,0.33899999999999997,0.2,1.0,1.0,4.41,5.1298987149230735,0.471,0.661,120,4,27.821657453776957
U0009,P0163,0.5,0.8,0.2,1.0,1.0,3.65,4.04305126783455,0.544,0.2,60,4,8.794692543057746
U0009,P0171,0.5,0.09199999999999997,0.0,1.0,1.0,3.73,5.793013608384144,0.62,0.908,90,4,18.749198858335536
U0009,P0178,0.0,0.031000000000000028,0.6,1.0,1.0,4.09,4.30406509320417,0.464,0.969,120,4,5.6563698634339
U0009,P0182,0.5,0.10499999999999998,0.0,1.0,1.0,4.05,5.983936280687191,0.679,0.895,90,4,21.50530009350951
U0009,P0192,0.0,0.906,0.2,1.0,1.0,3.14,4.875197323201151,0.429,0.094,180,4,14.026853574583424
U0009,P0197,0.5,0.5389999999999999,0.0,1.0,1.0,3.51,7.698029170272805,1.0,0.461,120,4,24.762663804320088
U0009,P0203,0.5,0.278,0.2,1.0,1.0,3.9,6.248042874508429,0.636,0.722,180,4,10.009844324845162
U0009,P0204,0.5,0.0030000000000000027,0.6,1.0,1.0,3.62,5.332718793265369,0.506,0.997,60,4,6.649509033411582
U0009,P0207,0.0,0.649,0.2,1.0,1.0,3.41,7.033506484287697,0.876,0.351,120,4,26.564680286904196
U0009,P0213,0.0,0.8089999999999999,0.6,1.0,1.0,4.39,7.142827401161621,1.0,0.191,120,4,19.101335403035836
U0009,P0218,0.5,0.258,1.0,0.0,1.0,4.78,5.5909869805108565,0.417,0.742,45,4,20.976162606012725
U0009,P0219,0.5,0.8240000000000001,0.2,1.0,1.0,4.83,3.8501476017100584,0.321,0.176,150,4,28.10798136110422
U0009,P0221,0.5,0.945,0.0,1.0,1.0,4.27,5.4638318050256105,0.587,0.055,180,4,9.821697858802718
U0009,P0230,0.0,0.14400000000000002,1.0,0.0,1.0,3.85,4.07753744390572,0.455,0.856,150,4,10.090667108475989
U0009,P0234,0.5,0.859,1.0,0.0,1.0,4.38,6.410174881966167,0.632,0.141,150,4,3.548848658459582
U0009,P0242,0.5,0.744,0.2,1.0,1.0,3.38,5.746203190540153,0.404,0.256,150,4,15.472363934266356
U0009,P0247,0.0,0.505,0.0,1.0,1.0,4.13,4.477336814478207,0.441,0.495,120,4,16.28791249785948
U0009,P0264,0.5,0.8220000000000001,0.6,1.0,1.0,3.37,5.560681631015528,0.513,0.178,120,4,30.948944266133694
U0009,P0266,0.5,0.505,0.6,0.0,1.0,4.39,3.5263605246161616,0.475,0.495,60,4,20.160933408854447
U0009,P0273,0.0,0.369,0.2,1.0,1.0,2.99,4.553876891600541,0.308,0.631,30,4,17.041960388004238
U0009,P0276,0.0,0.29400000000000004,0.0,1.0,1.0,4.14,5.313205979041787,0.443,0.706,60,4,8.980288791346991
U0009,P0282,0.0,0.05400000000000005,0.6,1.0,1.0,4.49,5.111987788356544,0.395,0.946,30,4,8.989880551327959
U0009,P0283,0.5,0.384,0.0,1.0,1.0,4.64,5.0106352940962555,0.615,0.616,30,4,16.452044763294072
U0009,P0285,0.5,0.271,0.0,1.0,1.0,3.26,5.081404364984463,0.531,0.729,60,4,21.13129740622647
U0009,P0292,0.0,0.874,0.2,0.0,1.0,4.38,8.224967478914584,1.0,0.126,30,4,16.628768278025834
U0009,P0294,0.0,0.47,0.6,1.0,1.0,3.89,4.48863636973214,0.435,0.53,150,4,18.694288724166718
U0009,P0295,0.0,0.44899999999999995,0.6,1.0,1.0,4.47,4.477336814478207,0.493,0.551,60,4,31.157818239366982
U0009,P0304,0.0,0.0030000000000000027,0.0,1.0,1.0,3.75,4.007333185232471,0.242,0.997,150,4,18.78751347485501
U0009,P0310,0.5,0.798,1.0,1.0,1.0,4.32,5.771441123130016,0.428,0.202,180,4,18.24363137717416
U0009,P0312,0.5,0.812,0.0,0.0,1.0,4.95,7.114769448366463,1.0,0.188,90,4,22.451993984687938
U0009,P0313,0.0,0.787,0.6,1.0,1.0,4.82,4.890349128221754,0.312,0.213,120,4,7.239587747300126
U0009,P0316,0.5,0.774,0.2,1.0,1.0,3.34,7.335633981927201,0.913,0.226,90,4,3.70669461909058
U0009,P0323,0.5,0.43700000000000006,0.2,1.0,1.0,3.99,5.176149732573829,0.343,0.563,120,4,16.69172958179339
U0009,P0334,0.5,0.46199999999999997,1.0,0.0,1.0,3.99,7.305188215393037,0.896,0.538,180,4,13.15038699407858
U0009,P0340,0.0,0.712,0.0,1.0,1.0,4.52,7.026426808699636,0.966,0.288,90,4,5.734092251742701
U0009,P0341,0.0,0.507,0.2,1.0,1.0,4.42,4.1588830833596715,0.303,0.493,120,4,21.52335712544681
U0009,P0360,0.0,0.548,1.0,1.0,1.0,3.94,5.43372200355424,0.303,0.452,45,4,30.816320912115735
U0009,P0373,0.0,0.759,1.0,1.0,1.0,4.33,4.634728988229636,0.303,0.241,45,4,9.891645110485554
U0009,P0376,0.0,0.19599999999999995,0.2,1.0,1.0,3.68,3.8918202981106265,0.447,0.804,30,4,29.499163501497907
U0009,P0377,0.0,0.41600000000000004,0.6,1.0,1.0,3.66,6.7650389767805414,0.862,0.584,120,4,30.223493264360417
U0009,P0384,0.0,0.016000000000000014,0.2,1.0,1.0,4.08,7.6251071482389,1.0,0.984,180,4,33.24285250859079
U0009,P0394,0.5,0.675,0.6,0.0,1.0,4.48,6.052089168924417,0.603,0.325,90,4,13.21697196566778
U0009,P0396,0.5,0.372,0.2,0.0,1.0,4.29,5.749392985908253,0.429,0.628,120,4,21.57306075032631
U0009,P0397,0.0,0.28800000000000003,1.0,0.0,1.0,4.22,3.970291913552122,0.358,0.712,180,4,20.09365084543644
U0009,P0407,0.5,0.731,0.2,1.0,1.0,4.75,5.736572297479192,0.433,0.269,90,4,16.143368619914938
U0009,P0408,0.5,0.22299999999999998,1.0,1.0,1.0,4.56,3.7376696182833684,0.272,0.777,30,4,22.86053463562428
U0009,P0409,0.0,0.20199999999999996,0.6,1.0,1.0,4.22,6.568077911411976,0.538,0.798,180,4,12.254042315156147
U0009,P0410,0.0,0.542,1.0,1.0,1.0,4.14,6.778784897685177,0.653,0.458,45,4,9.134590319502824
U0009,P0416,0.0,0.921,1.0,0.0,1.0,3.49,4.406719247264253,0.321,0.079,45,4,9.022858045415605
U0009,P0419,0.0,0.496,1.0,1.0,1.0,4.8,4.30406509320417,0.333,0.504,180,4,24.186855972096154
U0009,P0420,0.5,0.44999999999999996,0.0,0.0,1.0,4.54,5.247024072160486,0.408,0.55,30,4,9.754339181237187
U0009,P0425,0.0,0.863,1.0,1.0,1.0,3.81,4.867534450455582,0.458,0.137,30,4,20.370623341702018
U0009,P0432,0.5,0.7130000000000001,1.0,1.0,1.0,4.8,7.655390644826152,1.0,0.287,90,4,16.729519041408935
U0009,P0433,0.0,0.5880000000000001,0.0,1.0,1.0,3.82,5.0369526024136295,0.408,0.412,120,4,16.465209342909358
U0009,P0437,0.5,0.5860000000000001,0.0,1.0,1.0,3.48,4.624972813284271,0.277,0.414,90,4,17.989242904411775
U0009,P0439,0.5,0.704,0.0,0.0,1.0,3.87,5.771441123130016,0.536,0.296,45,4,15.890190794671003
U0009,P0444,0.5,0.85,0.0,1.0,1.0,4.36,5.0689042022202315,0.521,0.15,45,4,4.629157772501615
U0009,P0449,0.0,0.882,1.0,1.0,1.0,4.02,5.676753802268282,0.524,0.118,60,4,27.48734534054606
U0009,P0450,0.0,0.764,0.6,0.0,1.0,4.64,4.5217885770490405,0.475,0.236,90,4,8.345710813190545
U0009,P0456,0.5,0.42600000000000005,1.0,1.0,1.0,3.96,5.765191102784844,0.424,0.574,45,4,18.960176207286036
U0009,P0459,0.0,0.28500000000000003,1.0,1.0,1.0,4.37,5.726847747587197,0.418,0.715,150,4,11.440575354938055
U0009,P0471,0.0,0.9,0.2,1.0,1.0,3.52,6.548219102762372,0.617,0.1,60,4,19.678669529397734
U0009,P0473,0.0,0.43100000000000005,1.0,1.0,1.0,4.93,4.219507705176107,0.291,0.569,150,4,21.83964933149732
U0009,P0475,0.0,0.775,1.0,1.0,1.0,4.08,5.793013608384144,0.409,0.225,180,4,33.175239282569365
U0009,P0482,0.5,0.15500000000000003,0.2,1.0,1.0,4.19,6.35088571671474,0.687,0.845,30,4,24.028209030042216
U0009,P0483,0.0,0.633,0.0,1.0,1.0,4.06,7.228388451573604,0.882,0.367,30,4,16.77424634316747
U0009,P0485,0.5,0.493,0.2,1.0,1.0,4.08,3.784189633918261,0.274,0.507,60,4,5.71074465964661
U0009,P0486,0.0,0.14200000000000002,1.0,1.0,1.0,4.16,4.6913478822291435,0.46,0.858,90,4,7.10045892874234
U0009,P0487,0.5,0.839,0.6,1.0,1.0,4.48,4.718498871295094,0.566,0.161,120,4,26.90064412085954
U0009,P0492,0.0,0.651,1.0,1.0,1.0,3.66,5.44673737166631,0.397,0.349,60,4,17.531160360350587
U0009,P0493,0.5,0.355,0.0,1.0,1.0,4.1,4.110873864173311,0.399,0.645,180,4,9.110367254022213
U0009,P0494,0.5,0.8049999999999999,1.0,1.0,1.0,4.78,6.553933404025811,0.866,0.195,180,4,17.652406125946975
U0010,P0001,0.0,0.33299999999999996,0.2,1.0,1.0,4.32,5.337538079701318,0.32,0.667,30,5,2.09199908799729
U0010,P0010,0.0,0.5589999999999999,1.0,1.0,0.0,3.69,3.8066624897703196,0.479,0.441,180,5,2.4562013442604584
U0010,P0011,0.0,0.132,0.2,1.0,0.0,4.76,5.231108616854587,0.371,0.868,45,5,14.445036925029928
U0010,P0012,0.0,0.20499999999999996,0.2,1.0,0.0,4.13,3.8066624897703196,0.301,0.795,90,5,22.511121208106328
U0010,P0017,0.0,0.43200000000000005,0.2,1.0,0.0,4.09,4.23410650459726,0.428,0.568,90,5,4.388024654983002
U0010,P0019,0.5,0.17000000000000004,0.2,1.0,0.0,4.19,3.1780538303479458,0.525,0.83,180,5,14.972769138006923
U0010,P0020,0.25,0.383,0.6,1.0,0.0,3.5,5.736572297479192,0.643,0.617,30,5,15.358965532561477
U0010,P0036,0.0,0.808,0.2,1.0,1.0,4.26,7.346010209913293,0.95,0.192,30,5,9.194965377123017
U0010,P0037,0.25,0.856,0.2,1.0,1.0,4.08,7.3777589082278725,1.0,0.144,120,5,10.507264067120824
U0010,P0046,0.5,0.29200000000000004,0.6,1.0,0.0,4.14,6.663132695990803,0.812,0.708,90,5,21.92933026290007
U0010,P0050,0.25,0.21299999999999997,0.6,1.0,0.0,4.1,5.220355825078324,0.486,0.787,150,5,12.7820912987888
U0010,P0053,0.0,0.37,0.6,1.0,0.0,4.03,5.986452005284438,0.418,0.63,45,5,2.5982564085400623
U0010,P0058,0.5,0.515,0.2,1.0,0.0,4.01,5.863631175598097,0.535,0.485,120,5,14.88081394479923
U0010,P0064,0.5,0.845,0.2,1.0,1.0,3.65,4.8283137373023015,0.408,0.155,90,5,13.579202604589252
U0010,P0077,0.25,0.9319999999999999,0.6,1.0,1.0,3.79,5.780743515792329,0.656,0.068,90,5,18.430738602185837
U0010,P0080,0.25,0.27,0.6,1.0,1.0,3.56,6.289715570908998,0.705,0.73,45,5,16.245585715703903
U0010,P0086,0.5,0.344,0.6,1.0,0.0,3.7,4.5217885770490405,0.474,0.656,120,5,16.939641828805822
U0010,P0087,0.25,0.831,0.6,1.0,1.0,4.07,5.910796644040527,0.392,0.169,90,5,7.288134213880561
U0010,P0104,0.25,0.5549999999999999,0.6,1.0,0.0,4.33,6.118097198041348,0.635,0.445,45,5,11.097482156151642
U0010,P0110,0.0,0.663,0.6,1.0,0.0,3.88,5.598421958998375,0.397,0.337,150,5,2.1783230047793825
U0010,P0119,0.0,0.07699999999999996,0.2,1.0,0.0,3.19,5.726847747587197,0.593,0.923,150,5,8.325144985915927
U0010,P0129,0.5,0.07499999999999996,0.2,1.0,1.0,4.67,4.653960350157523,0.551,0.925,120,5,12.473145213192474
U0010,P0137,0.25,0.643,1.0,1.0,1.0,4.62,5.5134287461649825,0.627,0.357,180,5,17.188812027779793
U0010,P0140,0.0,0.355,0.6,1.0,0.0,4.13,5.043425116919247,0.467,0.645,45,5,22.917530475509412
U0010,P0141,0.5,0.33399999999999996,0.6,1.0,1.0,4.15,6.295266001439646,0.507,0.666,60,5,18.79768910653136
U0010,P0143,0.25,0.942,0.6,1.0,1.0,5.0,3.1780538303479458,0.308,0.058,180,5,13.698512438333694
U0010,P0156,0.5,0.785,0.6,1.0,1.0,4.0,6.818924065275521,0.86,0.215,60,5,14.875258076974406
U0010,P0158,0.0,0.479,0.6,1.0,1.0,4.69,5.5254529391317835,0.362,0.521,90,5,10.299161632120867
U0010,P0166,0.0,0.43100000000000005,0.6,1.0,1.0,4.09,4.430816798843313,0.377,0.569,150,5,2.8991168187874106
U0010,P0169,0.0,0.02200000000000002,0.6,1.0,1.0,3.73,5.117993812416755,0.411,0.978,60,5,17.097785184101554
U0010,P0172,0.25,0.7050000000000001,0.6,1.0,1.0,4.21,4.897839799950911,0.419,0.295,150,5,17.707772793310998
U0010,P0184,0.0,0.44299999999999995,0.6,1.0,1.0,4.2,5.517452896464707,0.367,0.557,90,5,12.960977807429117
U0010,P0187,0.25,0.8049999999999999,0.6,1.0,1.0,4.75,6.651571873589727,0.602,0.195,30,5,11.272536982135945
U0010,P0193,0.25,0.898,0.6,1.0,1.0,3.76,5.683579767338681,0.552,0.102,150,5,13.799972158549625
U0010,P0196,0.5,0.764,0.6,1.0,1.0,3.7,6.091309882077698,0.697,0.236,90,5,5.30764042219067
U0010,P0206,0.0,0.28200000000000003,0.6,1.0,1.0,4.42,4.1588830833596715,0.469,0.718,45,5,4.068482859891651
U0010,P0212,0.25,0.33699999999999997,0.6,1.0,1.0,3.99,6.666956792429207,0.86,0.663,90,5,18.265296931889118
U0010,P0238,0.0,0.133,0.6,1.0,1.0,4.84,5.204006687076795,0.479,0.867,45,5,16.34676158302855
U0010,P0248,0.5,0.43799999999999994,1.0,1.0,0.0,4.79,6.148468295917647,0.759,0.562,120,5,3.8526720815600934
U0010,P0251,0.0,0.050000000000000044,0.6,1.0,0.0,4.52,7.791522819150732,1.0,0.95,45,5,19.221288702058136
U0010,P0252,0.25,0.651,0.2,1.0,1.0,3.47,6.175867270105761,0.566,0.349,150,5,13.459850752410441
U0010,P0254,0.0,0.17900000000000005,0.6,1.0,1.0,3.83,4.465908118654584,0.391,0.821,45,5,3.5464509463799176
U0010,P0260,0.25,0.28600000000000003,1.0,1.0,0.0,4.14,6.401917196727186,0.669,0.714,180,5,7.385683619914632
U0010,P0263,0.0,0.121,1.0,1.0,1.0,3.76,3.367295829986474,0.32,0.879,90,5,21.440018250040595
U0010,P0272,0.5,0.53,0.2,1.0,0.0,4.34,7.2305631534092925,1.0,0.47,30,5,13.195210585610704
U0010,P0275,0.5,0.11099999999999999,0.6,1.0,1.0,4.27,4.77912349311153,0.591,0.889,120,5,15.790592654859683
U0010,P0280,0.25,0.05900000000000005,0.2,1.0,0.0,4.28,4.997212273764115,0.537,0.941,120,5,7.069140509178753
U0010,P0281,0.25,0.22899999999999998,0.6,1.0,0.0,4.23,7.990576881743923,1.0,0.771,30,5,14.626647116210785
U0010,P0291,0.0,0.522,0.2,1.0,1.0,4.25,5.003946305945459,0.58,0.478,180,5,14.397896827372016
U0010,P0296,0.5,0.791,1.0,1.0,0.0,4.13,4.927253685157205,0.342,0.209,150,5,19.700589957730546
U0010,P0302,0.0,0.5660000000000001,1.0,1.0,0.0,4.49,7.126890808898808,1.0,0.434,90,5,7.722627146900725
U0010,P0303,0.0,0.513,0.2,1.0,0.0,4.29,7.752335163302292,1.0,0.487,150,5,7.947755679444748
U0010,P0307,0.25,0.8160000000000001,1.0,1.0,1.0,4.23,4.1588830833596715,0.352,0.184,180,5,2.189005584549645
U0010,P0317,0.5,0.898,0.6,1.0,0.0,4.03,4.990432586778736,0.512,0.102,120,5,16.868766645093448
U0010,P0318,0.0,0.399,1.0,1.0,1.0,3.64,3.5263605246161616,0.245,0.601,60,5,7.3899577536326415
U0010,P0320,0.25,0.928,0.6,1.0,1.0,3.52,3.9512437185814275,0.257,0.072,30,5,5.079780700447547
U0010,P0324,0.0,0.31599999999999995,0.6,1.0,0.0,2.89,5.438079308923196,0.474,0.684,60,5,21.543716776092793
U0010,P0326,0.5,0.938,0.6,1.0,1.0,4.93,6.852242569051878,0.99,0.062,60,5,20.46434624299855
U0010,P0328,0.0,0.15700000000000003,1.0,1.0,1.0,5.0,5.572154032177765,0.438,0.843,180,5,10.610859268890074
U0010,P0330,0.25,0.795,0.6,1.0,0.0,4.19,5.327876168789581,0.598,0.205,45,5,17.532099767852397
U0010,P0332,0.25,0.04500000000000004,1.0,1.0,1.0,4.09,4.852030263919617,0.297,0.955,45,5,8.17145017478215
U0010,P0335,0.0,0.05500000000000005,1.0,1.0,1.0,2.91,6.810142450115136,0.759,0.945,45,5,10.87882942399183
U0010,P0338,0.25,0.05800000000000005,0.2,1.0,0.0,3.47,4.574710978503383,0.318,0.942,180,5,2.735191620314494
U0010,P0339,0.25,0.14800000000000002,0.2,1.0,1.0,3.6,7.602900462204755,1.0,0.852,30,5,9.371916192018531
U0010,P0345,0.0,0.644,0.2,1.0,1.0,4.42,6.035481432524756,0.502,0.356,150,5,5.062937814334683
U0010,P0346,0.25,0.405,0.2,1.0,1.0,3.94,6.891625897052253,0.71,0.595,150,5,15.723476968500803
U0010,P0351,0.25,0.45399999999999996,0.2,1.0,0.0,3.86,6.759255270663693,0.911,0.546,150,5,22.27482458045002
U0010,P0358,0.25,0.44999999999999996,0.2,1.0,1.0,4.08,6.824373670043086,0.828,0.55,45,5,14.791451900953652
U0010,P0359,0.25,0.77,0.2,1.0,0.0,4.15,5.683579767338681,0.385,0.23,180,5,14.829138879065818
U0010,P0361,0.5,0.10199999999999998,0.6,1.0,0.0,4.24,3.4657359027997265,0.315,0.898,120,5,16.418319271865467
U0010,P0367,0.0,0.484,1.0,1.0,0.0,4.28,3.4657359027997265,0.364,0.516,90,5,16.989629195484763
U0010,P0369,0.25,0.15100000000000002,0.2,1.0,1.0,4.22,6.679599185844383,0.722,0.849,180,5,15.53416702504859
U0010,P0371,0.0,0.839,1.0,1.0,1.0,3.27,3.970291913552122,0.261,0.161,30,5,12.42504579153936
U0010,P0374,0.25,0.65,0.6,1.0,1.0,4.18,4.59511985013459,0.424,0.35,90,5,14.547297634854235
U0010,P0380,0.25,0.819,0.2,1.0,1.0,3.71,6.342121418721152,0.567,0.181,150,5,8.397820600619708
U0010,P0388,0.5,0.41300000000000003,0.2,1.0,1.0,4.38,3.6375861597263857,0.236,0.587,120,5,15.078286299594478
U0010,P0390,0.5,0.9319999999999999,1.0,1.0,0.0,4.07,6.246106765481563,0.77,0.068,120,5,16.335765536013355
U0010,P0391,0.0,0.587,0.6,1.0,1.0,4.18,3.912023005428146,0.403,0.413,30,5,11.690294590297338
U0010,P0392,0.5,0.646,0.2,1.0,1.0,4.27,6.234410725718371,0.68,0.354,30,5,2.0253802952439104
U0010,P0395,0.25,0.261,0.6,1.0,0.0,4.07,3.5263605246161616,0.234,0.739,150,5,17.414351708106537
U0010,P0399,0.25,0.45299999999999996,0.6,1.0,1.0,4.08,6.318968113746434,0.659,0.547,150,5,2.6451638330473433
U0010,P0400,0.0,0.737,0.6,1.0,0.0,4.11,5.537334267018537,0.362,0.263,120,5,6.558368649148182
U0010,P0403,0.0,0.14300000000000002,0.6,1.0,1.0,3.9,5.1298987149230735,0.376,0.857,150,5,19.88149184193309
U0010,P0405,0.5,0.654,0.6,1.0,0.0,4.67,4.430816798843313,0.395,0.346,90,5,10.028327624295251
U0010,P0424,0.25,0.804,0.6,1.0,0.0,4.23,8.446556111816797,1.0,0.196,30,5,13.933116822187934
U0010,P0426,0.25,0.062000000000000055,1.0,1.0,1.0,3.82,4.836281906951478,0.263,0.938,120,5,11.899016367200826
U0010,P0427,0.25,0.599,0.6,1.0,0.0,3.81,6.927557906278317,0.653,0.401,45,5,3.6010667567220445
U0010,P0438,0.5,0.554,0.6,1.0,0.0,4.09,7.653494909661253,1.0,0.446,45,5,14.887227999470843
U0010,P0441,0.25,0.5900000000000001,0.2,1.0,0.0,5.0,4.867534450455582,0.426,0.41,150,5,9.067949775157057
U0010,P0447,0.25,0.475,0.6,1.0,0.0,4.58,6.903747257584598,0.815,0.525,120,5,18.697350451729672
U0010,P0452,0.5,0.839,0.2,1.0,1.0,4.11,7.034387929915503,1.0,0.161,150,5,6.201266501945586
U0010,P0455,0.0,0.20599999999999996,0.2,1.0,0.0,4.39,8.096208271650037,1.0,0.794,150,5,1.6898827369547622
U0010,P0462,0.25,0.44399999999999995,0.2,1.0,0.0,4.16,4.663439094112067,0.492,0.556,150,5,2.1805609455958117
U0010,P0463,0.25,0.04500000000000004,1.0,1.0,0.0,4.64,3.6888794541139363,0.486,0.955,180,5,16.933035774936886
U0010,P0484,0.5,0.698,0.6,1.0,1.0,3.8,7.661527081358517,1.0,0.302,60,5,7.156553644156786
U0010,P0488,0.0,0.22299999999999998,1.0,1.0,0.0,3.9,3.258096538021482,0.334,0.777,30,5,2.4737253831928596
U0010,P0495,0.5,0.78,0.2,1.0,1.0,4.0,5.53338948872752,0.423,0.22,60,5,19.18061000838748
U0010,P0497,0.0,0.581,0.6,1.0,1.0,3.99,4.68213122712422,0.302,0.419,30,5,15.28855040266196
U0010,P0499,0.0,0.5,0.6,1.0,1.0,4.91,6.269096283706261,0.682,0.5,120,5,2.549267508648222
U0010,P0500,0.0,0.16100000000000003,0.2,1.0,0.0,3.84,6.18826412308259,0.439,0.839,180,5,2.232826857237502
U0011,P0001,0.0,0.0,0.0,1.0,1.0,4.32,5.337538079701318,0.32,0.667,30,4,12.829188789658186
U0011,P0010,0.0,0.0,0.6,1.0,1.0,3.69,3.8066624897703196,0.479,0.441,180,4,14.976287355231568
U0011,P0011,0.0,0.0,0.0,1.0,1.0,4.76,5.231108616854587,0.371,0.868,45,4,9.394602046873493
U0011,P0012,0.0,0.0,0.0,1.0,1.0,4.13,3.8066624897703196,0.301,0.795,90,4,8.530371720339181
U0011,P0017,0.0,0.0,0.0,0.0,1.0,4.09,4.23410650459726,0.428,0.568,90,4,14.814694458979922
U0011,P0019,0.75,0.0,0.0,1.0,1.0,4.19,3.1780538303479458,0.525,0.83,180,4,3.4616295161011417
U0011,P0020,0.0,1.0,0.2,1.0,1.0,3.5,5.736572297479192,0.643,0.617,30,4,10.460816036449955
U0011,P0036,0.0,0.0,0.0,1.0,1.0,4.26,7.346010209913293,0.95,0.192,30,4,5.1412932738964265
U0011,P0037,0.0,1.0,0.0,0.0,1.0,4.08,7.3777589082278725,1.0,0.144,120,4,3.7475553664787236
U0011,P0046,0.75,0.0,1.0,1.0,1.0,4.14,6.663132695990803,0.812,0.708,90,4,8.24590734514283
U0011,P0050,0.0,1.0,1.0,0.0,1.0,4.1,5.220355825078324,0.486,0.787,150,4,2.568512589676503
U0011,P0053,0.0,0.0,0.2,1.0,1.0,4.03,5.986452005284438,0.418,0.63,45,4,12.730639034990295
U0011,P0058,0.75,0.0,0.0,1.0,1.0,4.01,5.863631175598097,0.535,0.485,120,4,5.59765620146209
U0011,P0064,0.75,0.0,0.0,1.0,1.0,3.65,4.8283137373023015,0.408,0.155,90,4,10.396084231650706
U0011,P0077,0.0,1.0,0.2,0.0,1.0,3.79,5.780743515792329,0.656,0.068,90,4,4.23492763186729
U0011,P0080,0.0,1.0,0.2,1.0,1.0,3.56,6.289715570908998,0.705,0.73,45,4,2.2361475363796752
U0011,P0086,0.75,0.0,0.2,0.0,1.0,3.7,4.5217885770490405,0.474,0.656,120,4,9.17800074721703
U0011,P0087,0.0,1.0,1.0,1.0,1.0,4.07,5.910796644040527,0.392,0.169,90,4,9.937141956376662
U0011,P0104,0.0,0.0,0.2,1.0,1.0,4.33,6.118097198041348,0.635,0.445,45,4,12.0268444246881
U0011,P0110,0.0,0.0,0.2,1.0,1.0,3.88,5.598421958998375,0.397,0.337,150,4,12.017547918659242
U0011,P0119,0.0,0.0,0.0,0.0,1.0,3.19,5.726847747587197,0.593,0.923,150,4,6.89354555829886
U0011,P0129,0.75,0.0,0.0,1.0,1.0,4.67,4.653960350157523,0.551,0.925,120,4,11.140179320794918
U0011,P0137,0.0,1.0,0.6,1.0,1.0,4.62,5.5134287461649825,0.627,0.357,180,4,3.063172740225556
U0011,P0140,0.0,0.0,0.2,1.0,1.0,4.13,5.043425116919247,0.467,0.645,45,4,8.79683052580083
U0011,P0141,0.75,0.0,0.2,1.0,1.0,4.15,6.295266001439646,0.507,0.666,60,4,10.818449077996465
U0011,P0143,0.0,1.0,0.2,1.0,1.0,5.0,3.1780538303479458,0.308,0.058,180,4,14.34305417435957
U0011,P0156,0.75,0.0,1.0,0.0,1.0,4.0,6.818924065275521,0.86,0.215,60,4,5.648485511682627
U0011,P0158,0.0,0.0,1.0,1.0,1.0,4.69,5.5254529391317835,0.362,0.521,90,4,11.005495550103527
U0011,P0166,0.25,0.0,1.0,1.0,1.0,4.09,4.430816798843313,0.377,0.569,150,4,13.79235851152449
U0011,P0169,0.0,0.0,1.0,1.0,1.0,3.73,5.117993812416755,0.411,0.978,60,4,6.837063889515087
U0011,P0172,0.0,0.0,1.0,0.0,1.0,4.21,4.897839799950911,0.419,0.295,150,4,9.80282817424816
U0011,P0184,0.0,0.0,1.0,1.0,1.0,4.2,5.517452896464707,0.367,0.557,90,4,10.234807751520247
U0011,P0187,0.0,1.0,1.0,1.0,1.0,4.75,6.651571873589727,0.602,0.195,30,4,7.156464918630813
U0011,P0193,0.0,1.0,0.2,0.0,1.0,3.76,5.683579767338681,0.552,0.102,150,4,4.821496133315885
U0011,P0196,0.75,0.0,1.0,1.0,1.0,3.7,6.091309882077698,0.697,0.236,90,4,15.590585186551554
U0011,P0206,0.25,0.0,1.0,1.0,1.0,4.42,4.1588830833596715,0.469,0.718,45,4,12.50874601864924
U0011,P0212,0.0,1.0,0.2,1.0,1.0,3.99,6.666956792429207,0.86,0.663,90,4,4.357273981296834
U0011,P0238,0.25,0.0,0.2,1.0,1.0,4.84,5.204006687076795,0.479,0.867,45,4,15.676345122898871
U0011,P0248,0.75,0.0,0.6,1.0,1.0,4.79,6.148468295917647,0.759,0.562,120,4,10.343291120858696
U0011,P0251,0.25,0.0,1.0,1.0,1.0,4.52,7.791522819150732,1.0,0.95,45,4,6.378658762200844
U0011,P0252,0.0,1.0,0.0,1.0,1.0,3.47,6.175867270105761,0.566,0.349,150,4,2.362367151304257
U0011,P0254,0.25,0.0,1.0,1.0,1.0,3.83,4.465908118654584,0.391,0.821,45,4,11.389942621900106
U0011,P0260,0.0,1.0,0.6,1.0,1.0,4.14,6.401917196727186,0.669,0.714,180,4,8.489036621296002
U0011,P0263,0.25,0.0,0.6,1.0,1.0,3.76,3.367295829986474,0.32,0.879,90,4,7.4728357149696345
U0011,P0272,0.75,0.0,0.0,1.0,1.0,4.34,7.2305631534092925,1.0,0.47,30,4,15.832466560842306
U0011,P0275,0.75,0.0,0.2,0.0,1.0,4.27,4.77912349311153,0.591,0.889,120,4,1.711917842402029
U0011,P0280,0.0,1.0,0.0,0.0,1.0,4.28,4.997212273764115,0.537,0.941,120,4,12.021884685583958
U0011,P0281,0.0,0.0,1.0,1.0,1.0,4.23,7.990576881743923,1.0,0.771,30,4,0.7748348719054284
U0011,P0291,0.0,0.0,0.0,1.0,1.0,4.25,5.003946305945459,0.58,0.478,180,4,1.3782388275350195
U0011,P0296,0.75,0.0,0.6,1.0,1.0,4.13,4.927253685157205,0.342,0.209,150,4,5.719070482239057
U0011,P0302,0.25,0.0,0.6,1.0,1.0,4.49,7.126890808898808,1.0,0.434,90,4,14.766462105383486
U0011,P0303,0.0,0.0,0.0,1.0,1.0,4.29,7.752335163302292,1.0,0.487,150,4,12.465111913356191
U0011,P0307,0.0,0.0,0.6,1.0,1.0,4.23,4.1588830833596715,0.352,0.184,180,4,15.45825106656898
U0011,P0317,0.75,0.0,0.2,1.0,1.0,4.03,4.990432586778736,0.512,0.102,120,4,6.3772085186746645
U0011,P0318,0.0,0.0,0.6,0.0,1.0,3.64,3.5263605246161616,0.245,0.601,60,4,11.512262935789613
U0011,P0320,0.0,1.0,1.0,0.0,1.0,3.52,3.9512437185814275,0.257,0.072,30,4,13.573982782992003
U0011,P0324,0.0,0.0,0.2,0.0,1.0,2.89,5.438079308923196,0.474,0.684,60,4,7.3870551775059194
U0011,P0326,0.75,0.0,1.0,1.0,1.0,4.93,6.852242569051878,0.99,0.062,60,4,8.86765378002249
U0011,P0328,0.0,0.0,0.6,0.0,1.0,5.0,5.572154032177765,0.438,0.843,180,4,15.166119041111566
U0011,P0330,0.0,1.0,1.0,1.0,1.0,4.19,5.327876168789581,0.598,0.205,45,4,7.447720609301753
U0011,P0332,0.0,1.0,0.6,1.0,1.0,4.09,4.852030263919617,0.297,0.955,45,4,14.878938222221572
U0011,P0335,0.25,0.0,0.6,0.0,1.0,2.91,6.810142450115136,0.759,0.945,45,4,13.96167897921629
U0011,P0338,0.0,1.0,0.0,0.0,1.0,3.47,4.574710978503383,0.318,0.942,180,4,13.673762573432386
U0011,P0339,0.0,0.0,0.0,1.0,1.0,3.6,7.602900462204755,1.0,0.852,30,4,6.352839707108406
U0011,P0345,0.25,0.0,0.0,1.0,1.0,4.42,6.035481432524756,0.502,0.356,150,4,13.32277728784452
U0011,P0346,0.0,1.0,0.0,1.0,1.0,3.94,6.891625897052253,0.71,0.595,150,4,7.099784657250076
U0011,P0351,0.0,1.0,0.0,0.0,1.0,3.86,6.759255270663693,0.911,0.546,150,4,8.703002754294646
U0011,P0358,0.0,0.0,0.0,1.0,1.0,4.08,6.824373670043086,0.828,0.55,45,4,11.45785366147253
U0011,P0359,0.0,1.0,0.0,1.0,1.0,4.15,5.683579767338681,0.385,0.23,180,4,12.894233466127055
U0011,P0361,0.75,0.0,1.0,1.0,1.0,4.24,3.4657359027997265,0.315,0.898,120,4,16.281997013100437
U0011,P0367,0.0,0.0,0.6,1.0,1.0,4.28,3.4657359027997265,0.364,0.516,90,4,14.3858312904736
U0011,P0369,0.0,1.0,0.0,0.0,1.0,4.22,6.679599185844383,0.722,0.849,180,4,2.3351415625878946
U0011,P0371,0.0,0.0,0.6,1.0,1.0,3.27,3.970291913552122,0.261,0.161,30,4,9.080565733825088
U0011,P0374,0.0,1.0,1.0,1.0,1.0,4.18,4.59511985013459,0.424,0.35,90,4,14.447761043971092
U0011,P0380,0.0,1.0,0.0,0.0,1.0,3.71,6.342121418721152,0.567,0.181,150,4,7.599830505796239
U0011,P0388,0.75,0.0,0.0,1.0,1.0,4.38,3.6375861597263857,0.236,0.587,120,4,3.3244006559778754
U0011,P0390,0.75,0.0,0.6,1.0,1.0,4.07,6.246106765481563,0.77,0.068,120,4,5.9838899065148015
U0011,P0391,0.25,0.0,1.0,1.0,1.0,4.18,3.912023005428146,0.403,0.413,30,4,10.336539232582318
U0011,P0392,0.75,0.0,0.0,1.0,1.0,4.27,6.234410725718371,0.68,0.354,30,4,13.348731047661213
U0011,P0395,0.0,0.0,0.2,0.0,1.0,4.07,3.5263605246161616,0.234,0.739,150,4,6.64414193829861
U0011,P0399,0.0,1.0,1.0,1.0,1.0,4.08,6.318968113746434,0.659,0.547,150,4,13.82342537488758
U0011,P0400,0.25,0.0,0.2,0.0,1.0,4.11,5.537334267018537,0.362,0.263,120,4,15.293528847570252
U0011,P0403,0.0,0.0,1.0,1.0,1.0,3.9,5.1298987149230735,0.376,0.857,150,4,5.686804870509932
U0011,P0405,0.75,0.0,0.2,1.0,1.0,4.67,4.430816798843313,0.395,0.346,90,4,10.080951135095864
U0011,P0424,0.0,1.0,1.0,1.0,1.0,4.23,8.446556111816797,1.0,0.196,30,4,13.443159307787282
U0011,P0426,0.0,1.0,0.6,1.0,1.0,3.82,4.836281906951478,0.263,0.938,120,4,9.987362627620504
U0011,P0427,0.0,1.0,0.2,1.0,1.0,3.81,6.927557906278317,0.653,0.401,45,4,13.574745813733692
U0011,P0438,0.75,0.0,0.2,1.0,1.0,4.09,7.653494909661253,1.0,0.446,45,4,6.370402556352825
U0011,P0441,0.0,1.0,0.0,1.0,1.0,5.0,4.867534450455582,0.426,0.41,150,4,6.815444537558137
U0011,P0447,0.0,1.0,1.0,0.0,1.0,4.58,6.903747257584598,0.815,0.525,120,4,8.058513310167562
U0011,P0452,0.75,0.0,0.0,1.0,1.0,4.11,7.034387929915503,1.0,0.161,150,4,8.03654348384082
U0011,P0455,0.25,0.0,0.0,1.0,1.0,4.39,8.096208271650037,1.0,0.794,150,4,15.871276552090286
U0011,P0462,0.0,1.0,0.0,1.0,1.0,4.16,4.663439094112067,0.492,0.556,150,4,15.304713633931438
U0011,P0463,0.0,1.0,0.6,1.0,1.0,4.64,3.6888794541139363,0.486,0.955,180,4,3.5648621443270767
U0011,P0484,0.75,0.0,0.2,1.0,1.0,3.8,7.661527081358517,1.0,0.302,60,4,7.059413640186647
U0011,P0488,0.0,0.0,0.6,1.0,1.0,3.9,3.258096538021482,0.334,0.777,30,4,16.655414145485807
U0011,P0495,0.75,0.0,0.0,1.0,1.0,4.0,5.53338948872752,0.423,0.22,60,4,9.585549094198633
U0011,P0497,0.0,0.0,1.0,1.0,1.0,3.99,4.68213122712422,0.302,0.419,30,4,11.736127426849702
U0011,P0499,0.25,0.0,0.2,1.0,1.0,4.91,6.269096283706261,0.682,0.5,120,4,16.4127932894126
U0011,P0500,0.0,0.0,0.0,1.0,1.0,3.84,6.18826412308259,0.439,0.839,180,4,12.214112656764495
U0012,P0003,0.75,1.0,1.0,1.0,1.0,3.99,5.220355825078324,0.514,0.481,180,2,25.080614587563538
U0012,P0007,0.0,0.0,0.6,1.0,1.0,4.21,3.2188758248682006,0.399,0.203,30,2,21.986800187455103
U0012,P0008,0.0,0.0,1.0,1.0,1.0,3.32,4.8283137373023015,0.252,0.572,90,2,32.20073559829448
U0012,P0014,0.75,1.0,0.0,1.0,1.0,3.58,5.953243334287785,0.582,0.426,120,2,24.314329737756
U0012,P0016,0.0,0.0,0.6,1.0,1.0,3.83,7.723120092266331,1.0,0.53,120,2,19.14131224961073
U0012,P0026,0.75,1.0,0.0,1.0,1.0,4.25,5.043425116919247,0.424,0.781,120,2,21.275287071121753
U0012,P0031,0.0,0.0,0.0,1.0,1.0,3.88,5.278114659230517,0.57,0.464,30,2,10.714995456039833
U0012,P0032,0.0,0.0,0.2,1.0,1.0,3.6,4.07753744390572,0.515,0.858,45,2,15.405755769526523
U0012,P0039,0.25,0.0,1.0,1.0,1.0,4.14,5.14166355650266,0.304,0.168,180,2,25.628494280070665
U0012,P0047,0.0,1.0,0.6,1.0,1.0,3.78,5.111987788356544,0.484,0.719,60,2,19.067727514316903
U0012,P0052,0.0,0.0,1.0,1.0,1.0,3.95,4.543294782270004,0.403,0.969,30,2,12.439535211710718
U0012,P0060,0.25,0.0,1.0,1.0,1.0,4.61,6.403574197934815,0.611,0.137,60,2,17.112448606195507
U0012,P0065,0.0,0.0,0.2,1.0,1.0,4.14,4.897839799950911,0.598,0.459,180,2,29.459550457705582
U0012,P0066,0.25,0.0,0.0,1.0,1.0,3.4,5.583496308781699,0.612,0.325,180,2,28.783723909159423
U0012,P0068,0.25,0.0,0.2,1.0,1.0,3.69,7.360103972989152,0.96,0.491,120,2,25.91072371552358
U0012,P0069,0.0,0.0,0.2,1.0,1.0,3.75,5.117993812416755,0.44,0.662,60,2,29.59034236348413
U0012,P0072,0.75,1.0,0.6,1.0,1.0,3.38,5.723585101952381,0.515,0.687,30,2,23.941813247041974
U0012,P0076,0.75,1.0,0.6,1.0,1.0,4.21,5.916202062607435,0.663,0.995,60,2,28.272012072509725
U0012,P0078,0.0,1.0,0.0,1.0,1.0,4.23,4.6443908991413725,0.481,0.066,120,2,13.180117195026432
U0012,P0093,0.0,0.0,0.0,1.0,1.0,4.0,6.3578422665081,0.477,0.776,120,2,21.364313644218736
U0012,P0100,0.75,1.0,0.2,1.0,1.0,4.13,4.143134726391533,0.347,0.858,150,2,18.555244770715444
U0012,P0105,0.25,0.0,0.2,1.0,1.0,4.33,10.12330558042176,1.0,0.56,120,2,5.088946958093813
U0012,P0106,0.0,0.0,1.0,1.0,1.0,4.36,6.862757913051401,0.806,0.343,120,2,10.564413613301292
U0012,P0109,0.0,1.0,1.0,1.0,1.0,3.75,5.220355825078324,0.554,0.618,90,2,18.88577076422046
U0012,P0113,0.25,0.0,0.0,1.0,1.0,3.89,6.806829360392176,0.674,0.76,60,2,18.34831044460641
U0012,P0114,0.25,0.0,0.2,1.0,1.0,4.13,4.219507705176107,0.328,0.848,120,2,5.549115907581055
U0012,P0120,0.0,0.0,1.0,1.0,1.0,3.8,6.523562306149512,0.833,0.586,120,2,31.893538518064734
U0012,P0121,0.0,0.0,1.0,1.0,1.0,3.74,5.365976015021851,0.436,0.97,180,2,17.938305007913183
U0012,P0128,0.0,1.0,0.2,1.0,1.0,3.42,4.919980925828125,0.29,0.765,120,2,15.612691443366687
U0012,P0136,0.75,1.0,0.6,1.0,1.0,4.75,3.784189633918261,0.603,0.869,30,2,15.40000288579353
U0012,P0138,0.0,0.0,0.6,1.0,1.0,3.66,6.056784013228625,0.462,0.599,150,2,24.013662965303876
U0012,P0145,0.0,0.0,0.0,1.0,1.0,4.23,4.7535901911063645,0.367,0.117,30,2,7.890092520881296
U0012,P0152,0.0,0.0,0.0,1.0,1.0,4.44,6.2324480165505225,0.8,0.056,180,2,16.826298122647124
U0012,P0154,0.0,1.0,1.0,1.0,1.0,4.67,4.795790545596741,0.495,0.349,30,2,15.489231790206112
U0012,P0157,0.25,0.0,1.0,1.0,1.0,4.47,6.476972362889683,0.806,0.662,45,2,17.579375009091347
U0012,P0160,0.0,0.0,0.2,1.0,1.0,4.25,5.3471075307174685,0.369,0.992,60,2,7.277107543648583
U0012,P0161,0.25,0.0,0.2,1.0,1.0,4.14,6.214608098422191,0.759,0.391,180,2,23.248058272522687
U0012,P0165,0.0,0.0,0.6,1.0,1.0,4.38,6.255750041753367,0.574,0.657,60,2,20.106866983719947
U0012,P0167,0.25,0.0,0.2,1.0,1.0,4.13,4.6913478822291435,0.346,0.57,30,2,17.60025222331624
U0012,P0168,0.0,0.0,0.2,1.0,1.0,4.54,5.327876168789581,0.391,0.678,45,2,13.12951640510922
U0012,P0186,0.0,0.0,0.6,1.0,1.0,4.11,6.09807428216624,0.737,0.747,180,2,24.15719863525085
U0012,P0198,0.75,1.0,0.0,1.0,1.0,4.63,4.941642422609304,0.637,0.815,150,2,18.531734827179793
U0012,P0199,0.0,0.0,0.2,1.0,1.0,3.33,7.1252830915107115,1.0,0.773,45,2,20.936574002837904
U0012,P0200,0.0,1.0,0.0,1.0,1.0,4.05,6.985641817639208,0.739,0.699,150,2,5.67029468029914
U0012,P0208,0.0,0.0,0.2,1.0,1.0,4.25,4.605170185988092,0.469,0.557,60,2,3.8063069159082765
U0012,P0209,0.0,0.0,1.0,1.0,1.0,4.8,5.641907070938114,0.368,0.754,120,2,24.129268935244543
U0012,P0214,0.0,0.0,0.6,1.0,1.0,3.67,6.324358962381311,0.731,0.588,180,2,9.917147169249036
U0012,P0216,0.0,0.0,0.2,1.0,1.0,3.57,3.091042453358316,0.32,0.893,45,2,6.833310838290212
U0012,P0220,0.0,1.0,0.0,1.0,1.0,3.33,5.43372200355424,0.5,0.091,120,2,16.936890620280415
U0012,P0222,0.0,0.0,0.6,1.0,1.0,3.17,5.393627546352362,0.406,0.312,120,2,9.487971196027269
U0012,P0225,0.0,0.0,1.0,1.0,1.0,3.87,4.23410650459726,0.498,0.05,120,2,5.264070909029276
U0012,P0227,0.25,0.0,1.0,1.0,1.0,3.66,6.1070228877422545,0.561,0.596,60,2,6.485409248996889
U0012,P0228,0.0,0.0,0.0,1.0,1.0,3.86,4.553876891600541,0.276,0.81,30,2,22.1237812144389
U0012,P0229,0.0,0.0,0.2,1.0,1.0,4.05,4.2626798770413155,0.358,0.524,120,2,26.52112969348422
U0012,P0232,0.0,0.0,1.0,1.0,1.0,3.79,5.75890177387728,0.446,0.632,120,2,24.310657531465957
U0012,P0249,0.0,0.0,1.0,1.0,1.0,3.63,5.272999558563747,0.561,0.592,45,2,10.306054499091228
U0012,P0250,0.0,0.0,0.0,1.0,1.0,3.71,3.8501476017100584,0.531,0.941,180,2,14.041449582235105
U0012,P0255,0.25,0.0,1.0,1.0,1.0,4.12,4.51085950651685,0.455,0.926,60,2,13.971852209320337
U0012,P0257,0.75,1.0,1.0,1.0,1.0,3.99,4.418840607796598,0.403,0.785,150,2,17.497416353233593
U0012,P0261,0.0,0.0,1.0,1.0,1.0,3.35,6.152732694704104,0.515,0.27,60,2,22.555463979311792
U0012,P0269,0.0,0.0,0.0,1.0,1.0,3.71,5.043425116919247,0.358,0.158,30,2,16.591405295050244
U0012,P0271,0.75,1.0,0.6,1.0,1.0,4.48,4.1588830833596715,0.309,0.963,45,2,23.704022707054275
U0012,P0278,0.0,0.0,1.0,1.0,1.0,4.25,5.0106352940962555,0.352,0.372,150,2,4.630305457299783
U0012,P0279,0.0,1.0,0.2,1.0,1.0,3.88,4.983606621708336,0.404,0.337,90,2,18.280353768529714
U0012,P0284,0.0,0.0,0.0,1.0,1.0,3.18,4.290459441148391,0.225,0.636,60,2,20.82390908853499
U0012,P0286,0.75,1.0,0.6,1.0,1.0,4.11,7.512071245835466,1.0,0.981,90,2,9.255016668623425
U0012,P0287,0.25,0.0,1.0,1.0,1.0,4.25,5.241747015059643,0.585,0.783,45,2,21.22709509837768
U0012,P0300,0.75,1.0,0.2,1.0,1.0,3.9,5.953243334287785,0.637,0.414,150,2,12.60306697245557
U0012,P0306,0.25,0.0,0.6,1.0,1.0,4.39,5.43372200355424,0.327,0.844,150,2,30.07621065022832
U0012,P0315,0.25,0.0,1.0,1.0,1.0,4.13,6.813444599510896,0.765,0.581,90,2,19.708279547231285
U0012,P0329,0.0,0.0,1.0,1.0,1.0,4.11,5.472270673671475,0.541,0.163,60,2,34.78443137529821
U0012,P0347,0.75,1.0,1.0,1.0,1.0,3.61,6.240275845170769,0.639,0.289,60,2,16.54926493379632
U0012,P0348,0.75,1.0,0.0,1.0,1.0,4.37,5.1298987149230735,0.388,0.489,150,2,4.493405458515067
U0012,P0365,0.0,0.0,0.2,1.0,1.0,3.86,4.574710978503383,0.475,0.357,150,2,23.97813504605217
U0012,P0368,0.75,1.0,0.0,1.0,1.0,4.56,6.068425588244111,0.516,0.462,120,2,16.14773880866583
U0012,P0379,0.75,1.0,0.0,1.0,1.0,4.32,5.723585101952381,0.62,0.856,90,2,18.257836422231264
U0012,P0382,0.0,0.0,1.0,1.0,1.0,5.0,5.389071729816501,0.638,0.643,120,2,14.68403162002886
U0012,P0387,0.75,1.0,0.0,1.0,1.0,4.38,6.668228248417403,0.611,0.406,60,2,25.337798547529403
U0012,P0401,0.0,0.0,0.6,1.0,1.0,4.52,4.882801922586371,0.627,0.644,90,2,29.513613428798088
U0012,P0404,0.0,1.0,0.0,1.0,1.0,4.2,4.927253685157205,0.58,0.541,120,2,14.068274074666084
U0012,P0411,0.25,0.0,0.0,1.0,1.0,3.87,7.191429330036379,0.864,0.888,30,2,8.827848080764301
U0012,P0434,0.75,1.0,1.0,1.0,1.0,4.23,5.902633333401366,0.492,0.526,150,2,16.971655162341378
U0012,P0440,0.75,1.0,0.2,1.0,1.0,4.09,6.926577033222725,0.673,0.764,45,2,30.696722501828653
U0012,P0446,0.0,1.0,0.2,1.0,1.0,4.47,6.1092475827643655,0.685,0.598,45,2,26.243676700996094
U0012,P0448,0.0,0.0,1.0,1.0,1.0,4.72,6.278521424165844,0.571,0.408,180,2,16.66250966732325
U0012,P0451,0.75,1.0,0.0,1.0,1.0,4.27,5.030437921392435,0.345,0.646,30,2,26.50908740779328
U0012,P0453,0.25,0.0,0.6,1.0,1.0,4.19,5.556828061699537,0.46,0.913,150,2,24.120693515012032
U0012,P0458,0.75,1.0,1.0,1.0,1.0,4.06,5.8377304471659395,0.451,0.395,120,2,9.54080581348372
U0012,P0460,0.75,1.0,0.0,1.0,1.0,3.9,5.733341276897746,0.541,0.41,60,2,29.11869066320011
U0012,P0469,0.0,0.0,0.6,1.0,1.0,3.64,6.35088571671474,0.695,0.285,45,2,14.470127039266249
U0012,P0476,0.0,0.0,0.2,1.0,1.0,3.99,5.924255797414532,0.561,0.945,45,2,13.49348845761302
U0012,P0489,0.0,0.0,1.0,1.0,1.0,3.9,2.6390573296152584,0.509,0.951,30,2,14.344610413915989
U0012,P0490,0.0,0.0,0.6,1.0,1.0,3.39,6.413458957167357,0.584,0.85,30,2,20.507479535878467
U0013,P0013,0.0,0.772,1.0,1.0,1.0,3.86,5.634789603169249,0.339,0.532,120,4,23.822262204181605
U0013,P0018,0.5,0.8939999999999999,0.6,1.0,1.0,4.47,4.04305126783455,0.482,0.204,60,4,9.683031175936945
U0013,P0021,0.5,0.8859999999999999,0.6,1.0,1.0,4.43,5.707110264748875,0.484,0.335,30,4,37.932129275757454
U0013,P0024,0.0,0.778,0.6,1.0,1.0,3.89,6.769641976852503,0.648,0.177,150,4,11.615557984459812
U0013,P0025,0.0,0.85,1.0,1.0,1.0,4.25,3.4011973816621555,0.494,0.273,120,4,29.89377909858936
U0013,P0027,0.5,0.76,1.0,1.0,1.0,3.8,6.234410725718371,0.572,0.848,30,4,19.849825236984177
U0013,P0028,0.5,0.9119999999999999,0.6,0.0,1.0,4.56,6.618738983517219,0.679,0.84,90,4,33.129896175859585
U0013,P0029,0.5,0.744,0.6,1.0,1.0,3.72,5.1298987149230735,0.331,0.257,30,4,37.73587705012751
U0013,P0042,0.5,0.954,0.6,0.0,1.0,4.77,4.882801922586371,0.316,0.243,120,4,27.56071424097791
U0013,P0044,0.0,0.9019999999999999,0.2,0.0,1.0,4.51,5.8971538676367405,0.486,0.319,180,4,14.3845772114833
U0013,P0055,0.5,0.844,0.6,0.0,1.0,4.22,5.4116460518550396,0.467,0.663,45,4,19.890178592867066
U0013,P0059,0.0,0.8160000000000001,0.6,1.0,1.0,4.08,4.110873864173311,0.254,0.625,60,4,26.420125932895242
U0013,P0061,0.5,0.892,1.0,1.0,1.0,4.46,4.418840607796598,0.566,0.148,180,4,29.074605023806583
U0013,P0070,0.5,0.8939999999999999,0.6,0.0,1.0,4.47,4.02535169073515,0.424,0.13,30,4,31.868283835421803
U0013,P0073,0.0,0.844,0.6,1.0,1.0,4.22,6.439350371100098,0.572,0.563,45,4,26.904970100336918
U0013,P0075,0.0,0.866,0.6,1.0,1.0,4.33,5.857933154483459,0.712,0.88,180,4,24.87931058239451
U0013,P0082,0.0,0.924,0.6,1.0,1.0,4.62,4.5217885770490405,0.401,0.831,180,4,34.10571642190208
U0013,P0085,0.5,0.798,0.6,1.0,1.0,3.99,4.605170185988092,0.419,0.631,90,4,24.239212332731512
U0013,P0088,0.0,0.844,0.2,1.0,1.0,4.22,6.493753839851686,0.689,0.944,60,4,4.875630159769229
U0013,P0101,0.5,0.852,0.2,1.0,1.0,4.26,6.173786103901937,0.432,0.519,120,4,36.91646642843117
U0013,P0103,0.5,0.696,0.6,1.0,1.0,3.48,4.382026634673881,0.292,0.671,180,4,35.295568317549474
U0013,P0108,0.0,0.792,0.6,0.0,1.0,3.96,6.411818267709897,0.819,0.98,90,4,14.329620135228335
U0013,P0111,0.0,1.0,0.2,1.0,1.0,5.0,3.295836866004329,0.602,0.408,150,4,1.5210290384983782
U0013,P0116,0.0,0.754,0.6,0.0,1.0,3.77,5.762051382780177,0.396,0.685,120,4,6.606664016000765
U0013,P0124,0.5,0.778,0.6,1.0,1.0,3.89,4.718498871295094,0.293,0.335,60,4,14.028612144779453
U0013,P0127,0.0,1.0,0.6,0.0,1.0,5.0,6.739336627357174,0.679,0.12,60,4,26.153913056618425
U0013,P0134,0.5,0.966,1.0,1.0,1.0,4.83,3.784189633918261,0.31,0.18,60,4,21.93139163242263
U0013,P0135,0.0,0.78,0.2,1.0,1.0,3.9,5.659482215759621,0.602,0.484,45,4,27.922505658061358
U0013,P0139,0.0,0.8380000000000001,1.0,0.0,1.0,4.19,4.787491742782046,0.506,0.746,60,4,20.548881880465878
U0013,P0147,0.0,0.766,1.0,0.0,1.0,3.83,6.520621127558696,0.524,0.667,45,4,24.31394053783383
U0013,P0148,0.0,0.852,0.2,1.0,1.0,4.26,4.672828834461906,0.369,0.522,150,4,7.507178167067582
U0013,P0173,0.0,0.778,0.6,1.0,1.0,3.89,5.780743515792329,0.392,0.559,120,4,30.934935685044724
U0013,P0176,0.0,0.8480000000000001,0.6,0.0,1.0,4.24,7.271008538280992,0.926,0.719,180,4,30.007971536811805
U0013,P0177,0.0,0.898,1.0,1.0,1.0,4.49,5.308267697401205,0.435,0.097,180,4,31.404893461130168
U0013,P0179,0.0,0.818,1.0,1.0,1.0,4.09,5.159055299214529,0.479,0.313,120,4,16.919103403866824
U0013,P0183,0.0,0.882,0.6,1.0,1.0,4.41,5.0238805208462765,0.634,0.366,90,4,2.694119129528149
U0013,P0188,0.5,1.0,1.0,0.0,1.0,5.0,4.584967478670572,0.334,0.974,30,4,21.451642762530145
U0013,P0190,0.0,1.0,1.0,0.0,1.0,5.0,4.532599493153256,0.572,0.059,60,4,30.776230636671354
U0013,P0194,0.5,0.85,0.6,1.0,1.0,4.25,7.751475318021456,1.0,0.524,45,4,31.42342508388715
U0013,P0195,0.5,0.906,0.6,0.0,1.0,4.53,4.812184355372417,0.614,0.62,60,4,31.7432209115749
U0013,P0210,0.5,0.9259999999999999,0.2,1.0,1.0,4.63,5.583496308781699,0.649,0.143,120,4,11.541308407071108
U0013,P0217,0.5,0.796,0.6,1.0,1.0,3.98,6.361302477572996,0.586,0.507,150,4,9.485519937174187
U0013,P0223,0.0,0.702,0.6,0.0,1.0,3.51,6.304448802421981,0.679,0.145,180,4,16.8797437236211
U0013,P0231,0.0,0.9960000000000001,0.2,0.0,1.0,4.98,5.545177444479562,0.548,0.787,90,4,7.644801210821386
U0013,P0233,0.0,0.8099999999999999,0.6,1.0,1.0,4.05,5.236441962829949,0.487,0.863,120,4,14.518594964898561
U0013,P0237,0.5,0.6839999999999999,0.2,1.0,1.0,3.42,7.140453043101158,0.812,0.075,90,4,38.190355680900836
U0013,P0239,0.0,0.8720000000000001,1.0,1.0,1.0,4.36,5.87493073085203,0.696,0.338,90,4,3.9086437342152447
U0013,P0241,0.0,0.808,1.0,1.0,1.0,4.04,4.356708826689592,0.381,0.48,180,4,18.374780240698502
U0013,P0243,0.0,0.752,1.0,0.0,1.0,3.76,3.8066624897703196,0.479,0.837,30,4,36.901783577034735
U0013,P0244,0.0,0.762,0.6,0.0,1.0,3.81,4.204692619390966,0.356,0.545,60,4,37.70313519053415
U0013,P0253,0.0,0.762,1.0,1.0,1.0,3.81,4.919980925828125,0.378,0.065,90,4,22.96775836791795
U0013,P0256,0.0,0.844,1.0,1.0,1.0,4.22,5.442417710521793,0.498,0.745,60,4,36.412220284022084
U0013,P0258,0.0,0.768,0.6,1.0,1.0,3.84,6.406879986069314,0.577,0.355,120,4,17.103047597459422
U0013,P0267,0.0,0.8140000000000001,1.0,0.0,1.0,4.07,4.060443010546419,0.562,0.874,45,4,24.251294091921046
U0013,P0268,0.0,0.762,0.2,1.0,1.0,3.81,5.560681631015528,0.489,0.985,90,4,31.584334034546732
U0013,P0270,0.0,0.9099999999999999,1.0,1.0,1.0,4.55,4.812184355372417,0.525,0.652,150,4,28.321418541889965
U0013,P0274,0.0,0.8720000000000001,0.2,1.0,1.0,4.36,5.2574953720277815,0.406,0.249,45,4,20.628672939785968
U0013,P0288,0.5,0.8939999999999999,1.0,1.0,1.0,4.47,2.8903717578961645,0.368,0.805,120,4,26.531971293267453
U0013,P0290,0.0,0.686,0.6,0.0,1.0,3.43,6.873163834212518,0.654,0.687,120,4,28.678833332281975
U0013,P0293,0.5,0.836,1.0,1.0,1.0,4.18,5.799092654460526,0.544,0.45,30,4,12.283755487734716
U0013,P0298,0.0,0.914,0.6,0.0,1.0,4.57,4.890349128221754,0.47,0.061,150,4,9.328416218420509
U0013,P0299,0.0,0.796,0.2,1.0,1.0,3.98,4.330733340286331,0.253,0.864,120,4,32.2327694972993
U0013,P0305,0.5,0.6599999999999999,0.2,1.0,1.0,3.3,7.295735072749282,0.946,0.485,150,4,16.061321247362518
U0013,P0309,0.5,0.8300000000000001,0.2,0.0,1.0,4.15,6.371611847231857,0.679,0.38,150,4,21.79654268946115
U0013,P0321,0.0,0.79,0.6,0.0,1.0,3.95,7.503289630675082,1.0,0.512,120,4,16.9095002382221
U0013,P0322,0.0,0.796,1.0,1.0,1.0,3.98,3.713572066704308,0.486,0.203,30,4,35.622674886169825
U0013,P0331,0.0,0.768,0.6,0.0,1.0,3.84,4.844187086458591,0.516,0.81,120,4,15.814354439257139
U0013,P0333,0.0,0.756,1.0,1.0,1.0,3.78,5.631211781821365,0.556,0.339,45,4,26.148291065392584
U0013,P0337,0.5,0.79,0.6,0.0,1.0,3.95,5.056245805348308,0.307,0.719,60,4,27.2489385229872
U0013,P0342,0.0,0.772,0.2,1.0,1.0,3.86,6.089044875446846,0.525,0.867,60,4,29.224024156928007
U0013,P0343,0.0,0.71,0.6,1.0,1.0,3.55,6.3561076606958915,0.603,0.409,180,4,20.096278616582516
U0013,P0352,0.5,0.756,0.6,1.0,1.0,3.78,3.828641396489095,0.537,0.292,45,4,20.01194076847831
U0013,P0353,0.0,0.6799999999999999,0.6,1.0,1.0,3.4,6.2285110035911835,0.648,0.752,180,4,19.18729304057916
U0013,P0356,0.5,0.8380000000000001,0.6,0.0,1.0,4.19,5.384495062789089,0.527,0.839,60,4,31.899134157509884
U0013,P0364,0.5,0.8220000000000001,0.6,1.0,1.0,4.11,5.918893854273146,0.416,0.309,30,4,18.63494158450992
U0013,P0366,0.0,0.8380000000000001,1.0,1.0,1.0,4.19,4.330733340286331,0.575,0.808,150,4,29.540466726017623
U0013,P0372,0.0,0.764,0.2,1.0,1.0,3.82,5.53338948872752,0.348,0.075,30,4,10.175717924258809
U0013,P0375,0.0,0.764,0.2,1.0,1.0,3.82,3.828641396489095,0.268,0.914,150,4,15.858972027742823
U0013,P0381,0.0,0.768,1.0,1.0,1.0,3.84,5.648974238161206,0.43,0.659,180,4,34.65103104738804
U0013,P0386,0.5,0.884,0.6,1.0,1.0,4.42,4.8283137373023015,0.5,0.171,90,4,28.430657681888672
U0013,P0389,0.5,0.754,0.2,1.0,1.0,3.77,5.204006687076795,0.55,0.96,150,4,22.220559779685036
U0013,P0398,0.0,0.722,1.0,0.0,1.0,3.61,6.763884908562435,0.637,0.085,180,4,27.025533389383533
U0013,P0402,0.5,0.828,1.0,1.0,1.0,4.14,4.948759890378168,0.452,0.6,45,4,35.23518194943585
U0013,P0412,0.0,1.0,1.0,0.0,1.0,5.0,5.0689042022202315,0.525,0.426,150,4,20.679984277261514
U0013,P0413,0.5,0.78,1.0,1.0,1.0,3.9,7.24422751560335,0.905,0.439,30,4,28.553692971710486
U0013,P0418,0.0,0.8160000000000001,1.0,1.0,1.0,4.08,5.783825182329737,0.382,0.239,30,4,17.70986774442487
U0013,P0421,0.0,0.8160000000000001,0.6,1.0,1.0,4.08,6.309918278226516,0.666,0.485,180,4,31.746449988339045
U0013,P0422,0.5,0.718,0.6,0.0,1.0,3.59,5.961005339623274,0.498,0.36,180,4,38.24953025220938
U0013,P0428,0.0,0.9480000000000001,0.6,1.0,1.0,4.74,4.820281565605037,0.53,0.979,180,4,41.90896451583782
U0013,P0435,0.0,0.8800000000000001,0.6,0.0,1.0,4.4,7.912423121473705,1.0,0.783,30,4,36.510127948455875
U0013,P0454,0.5,0.6980000000000001,0.2,1.0,1.0,3.49,6.396929655216146,0.507,0.172,120,4,21.986089643128302
U0013,P0464,0.5,0.77,1.0,1.0,1.0,3.85,5.953243334287785,0.534,0.34,60,4,37.06768474907601
U0013,P0465,0.0,0.96,0.2,1.0,1.0,4.8,5.424950017481403,0.464,0.131,150,4,15.158705294272634
U0013,P0466,0.5,0.77,1.0,1.0,1.0,3.85,7.757478766584179,1.0,0.847,90,4,5.209224189131597
U0013,P0468,0.0,0.86,0.6,0.0,1.0,4.3,4.897839799950911,0.313,0.275,30,4,26.95111755655814
U0013,P0470,0.5,0.842,0.6,0.0,1.0,4.21,4.8283137373023015,0.28,0.411,45,4,6.138518798065466
U0013,P0474,0.0,0.682,0.6,0.0,1.0,3.41,4.672828834461906,0.439,0.801,30,4,23.99509646548436
U0013,P0481,0.5,0.8779999999999999,1.0,1.0,1.0,4.39,7.095064377287131,0.812,0.371,150,4,27.456400810392786
U0013,P0496,0.0,0.8380000000000001,1.0,1.0,1.0,4.19,3.091042453358316,0.52,0.853,90,4,33.16887408324536
U0014,P0001,0.5,1.0,0.2,1.0,1.0,4.32,5.337538079701318,0.32,0.667,30,3,18.289128377298926
U0014,P0010,0.5,0.0,1.0,1.0,1.0,3.69,3.8066624897703196,0.479,0.441,180,3,21.108752952150407
U0014,P0011,0.5,0.0,0.2,1.0,1.0,4.76,5.231108616854587,0.371,0.868,45,3,9.756576487693698
U0014,P0012,0.5,0.0,0.2,1.0,1.0,4.13,3.8066624897703196,0.301,0.795,90,3,6.756899443525636
U0014,P0017,0.5,0.0,0.2,0.0,1.0,4.09,4.23410650459726,0.428,0.568,90,3,21.189155195623712
U0014,P0019,0.5,0.0,0.2,1.0,1.0,4.19,3.1780538303479458,0.525,0.83,180,3,5.042155179005858
U0014,P0020,0.0,0.0,0.6,1.0,1.0,3.5,5.736572297479192,0.643,0.617,30,3,16.051660035144565
U0014,P0036,0.5,1.0,0.2,1.0,1.0,4.26,7.346010209913293,0.95,0.192,30,3,11.47639520510384
U0014,P0037,0.0,1.0,0.2,0.0,1.0,4.08,7.3777589082278725,1.0,0.144,120,3,9.655962674179367
U0014,P0046,0.5,0.0,0.6,1.0,1.0,4.14,6.663132695990803,0.812,0.708,90,3,7.588393433792702
U0014,P0050,0.0,0.0,0.6,0.0,1.0,4.1,5.220355825078324,0.486,0.787,150,3,9.073863080553307
U0014,P0053,0.5,0.0,0.6,1.0,1.0,4.03,5.986452005284438,0.418,0.63,45,3,18.06033534610631
U0014,P0058,0.5,0.0,0.2,1.0,1.0,4.01,5.863631175598097,0.535,0.485,120,3,11.006646125331303
U0014,P0064,0.5,1.0,0.2,1.0,1.0,3.65,4.8283137373023015,0.408,0.155,90,3,11.327155156778634
U0014,P0077,0.0,1.0,0.6,0.0,1.0,3.79,5.780743515792329,0.656,0.068,90,3,3.9541402436187942
U0014,P0080,0.0,1.0,0.6,1.0,1.0,3.56,6.289715570908998,0.705,0.73,45,3,5.809698156776547
U0014,P0086,0.5,0.0,0.6,0.0,1.0,3.7,4.5217885770490405,0.474,0.656,120,3,14.011165563435156
U0014,P0087,0.0,1.0,0.6,1.0,1.0,4.07,5.910796644040527,0.392,0.169,90,3,16.50480782955479
U0014,P0104,0.0,0.0,0.6,1.0,1.0,4.33,6.118097198041348,0.635,0.445,45,3,18.482511079832637
U0014,P0110,0.5,0.0,0.6,1.0,1.0,3.88,5.598421958998375,0.397,0.337,150,3,17.824719215527104
U0014,P0119,0.5,0.0,0.2,0.0,1.0,3.19,5.726847747587197,0.593,0.923,150,3,13.41486448057391
U0014,P0129,0.5,1.0,0.2,1.0,1.0,4.67,4.653960350157523,0.551,0.925,120,3,17.407918986185123
U0014,P0137,0.0,1.0,1.0,1.0,1.0,4.62,5.5134287461649825,0.627,0.357,180,3,3.8978985755693425
U0014,P0140,0.5,0.0,0.6,1.0,1.0,4.13,5.043425116919247,0.467,0.645,45,3,6.159943966812725
U0014,P0141,0.5,1.0,0.6,1.0,1.0,4.15,6.295266001439646,0.507,0.666,60,3,15.104494498666178
U0014,P0143,0.0,1.0,0.6,1.0,1.0,5.0,3.1780538303479458,0.308,0.058,180,3,20.585315308577233
U0014,P0156,0.5,1.0,0.6,0.0,1.0,4.0,6.818924065275521,0.86,0.215,60,3,6.127368619418989
U0014,P0158,0.5,1.0,0.6,1.0,1.0,4.69,5.5254529391317835,0.362,0.521,90,3,17.515200804265493
U0014,P0166,0.5,1.0,0.6,1.0,1.0,4.09,4.430816798843313,0.377,0.569,150,3,18.93380563545318
U0014,P0169,0.5,1.0,0.6,1.0,1.0,3.73,5.117993812416755,0.411,0.978,60,3,11.113908769599133
U0014,P0172,0.0,1.0,0.6,0.0,1.0,4.21,4.897839799950911,0.419,0.295,150,3,7.729514048039298
U0014,P0184,0.5,1.0,0.6,1.0,1.0,4.2,5.517452896464707,0.367,0.557,90,3,16.39009938972774
U0014,P0187,0.0,1.0,0.6,1.0,1.0,4.75,6.651571873589727,0.602,0.195,30,3,13.596123319702647
U0014,P0193,0.0,1.0,0.6,0.0,1.0,3.76,5.683579767338681,0.552,0.102,150,3,10.718765549816913
U0014,P0196,0.5,1.0,0.6,1.0,1.0,3.7,6.091309882077698,0.697,0.236,90,3,22.02114448410686
U0014,P0206,0.5,1.0,0.6,1.0,1.0,4.42,4.1588830833596715,0.469,0.718,45,3,17.436877409457182
U0014,P0212,0.0,1.0,0.6,1.0,1.0,3.99,6.666956792429207,0.86,0.663,90,3,5.709863034367891
U0014,P0238,0.5,1.0,0.6,1.0,1.0,4.84,5.204006687076795,0.479,0.867,45,3,21.58041757099663
U0014,P0248,0.5,0.0,1.0,1.0,1.0,4.79,6.148468295917647,0.759,0.562,120,3,16.201451674082307
U0014,P0251,0.5,0.0,0.6,1.0,1.0,4.52,7.791522819150732,1.0,0.95,45,3,8.355223804611112
U0014,P0252,0.0,1.0,0.2,1.0,1.0,3.47,6.175867270105761,0.566,0.349,150,3,6.5173842168465494
U0014,P0254,0.5,1.0,0.6,1.0,1.0,3.83,4.465908118654584,0.391,0.821,45,3,17.582015342502828
U0014,P0260,0.0,0.0,1.0,1.0,1.0,4.14,6.401917196727186,0.669,0.714,180,3,15.019916515913899
U0014,P0263,0.5,1.0,1.0,1.0,1.0,3.76,3.367295829986474,0.32,0.879,90,3,6.256721362103678
U0014,P0272,0.5,0.0,0.2,1.0,1.0,4.34,7.2305631534092925,1.0,0.47,30,3,22.219167753056848
U0014,P0275,0.5,1.0,0.6,0.0,1.0,4.27,4.77912349311153,0.591,0.889,120,3,5.847436245291688
U0014,P0280,0.0,0.0,0.2,0.0,1.0,4.28,4.997212273764115,0.537,0.941,120,3,15.990456784048776
U0014,P0281,0.0,0.0,0.6,1.0,1.0,4.23,7.990576881743923,1.0,0.771,30,3,5.882039876245115
U0014,P0291,0.5,1.0,0.2,1.0,1.0,4.25,5.003946305945459,0.58,0.478,180,3,5.7892889668082494
U0014,P0296,0.5,0.0,1.0,1.0,1.0,4.13,4.927253685157205,0.342,0.209,150,3,5.59014672502683
U0014,P0302,0.5,0.0,1.0,1.0,1.0,4.49,7.126890808898808,1.0,0.434,90,3,21.344842640390738
U0014,P0303,0.5,0.0,0.2,1.0,1.0,4.29,7.752335163302292,1.0,0.487,150,3,19.05399669429999
U0014,P0307,0.0,1.0,1.0,1.0,1.0,4.23,4.1588830833596715,0.352,0.184,180,3,21.503022532921623
U0014,P0317,0.5,0.0,0.6,1.0,1.0,4.03,4.990432586778736,0.512,0.102,120,3,4.611135269416591
U0014,P0318,0.5,1.0,1.0,0.0,1.0,3.64,3.5263605246161616,0.245,0.601,60,3,15.409085743886518
U0014,P0320,0.0,1.0,0.6,0.0,1.0,3.52,3.9512437185814275,0.257,0.072,30,3,20.032733015567416
U0014,P0324,0.5,0.0,0.6,0.0,1.0,2.89,5.438079308923196,0.474,0.684,60,3,5.077523701307238
U0014,P0326,0.5,1.0,0.6,1.0,1.0,4.93,6.852242569051878,0.99,0.062,60,3,11.179626699358005
U0014,P0328,0.5,1.0,1.0,0.0,1.0,5.0,5.572154032177765,0.438,0.843,180,3,21.717687446408593
U0014,P0330,0.0,0.0,0.6,1.0,1.0,4.19,5.327876168789581,0.598,0.205,45,3,11.582864052698747
U0014,P0332,0.0,1.0,1.0,1.0,1.0,4.09,4.852030263919617,0.297,0.955,45,3,21.464698870494473
U0014,P0335,0.5,1.0,1.0,0.0,1.0,2.91,6.810142450115136,0.759,0.945,45,3,20.474610683441533
U0014,P0338,0.0,0.0,0.2,0.0,1.0,3.47,4.574710978503383,0.318,0.942,180,3,19.881884956653064
U0014,P0339,0.0,1.0,0.2,1.0,1.0,3.6,7.602900462204755,1.0,0.852,30,3,12.936260411925499
U0014,P0345,0.5,1.0,0.2,1.0,1.0,4.42,6.035481432524756,0.502,0.356,150,3,17.881876879354927
U0014,P0346,0.0,1.0,0.2,1.0,1.0,3.94,6.891625897052253,0.71,0.595,150,3,12.209284293627457
U0014,P0351,0.0,0.0,0.2,0.0,1.0,3.86,6.759255270663693,0.911,0.546,150,3,8.134464402925014
U0014,P0358,0.0,1.0,0.2,1.0,1.0,4.08,6.824373670043086,0.828,0.55,45,3,17.29001111825817
U0014,P0359,0.0,0.0,0.2,1.0,1.0,4.15,5.683579767338681,0.385,0.23,180,3,18.837151044058253
U0014,P0361,0.5,0.0,0.6,1.0,1.0,4.24,3.4657359027997265,0.315,0.898,120,3,22.23742827844024
U0014,P0367,0.5,0.0,1.0,1.0,1.0,4.28,3.4657359027997265,0.364,0.516,90,3,19.989536578145277
U0014,P0369,0.0,1.0,0.2,0.0,1.0,4.22,6.679599185844383,0.722,0.849,180,3,7.129916100003842
U0014,P0371,0.5,1.0,1.0,1.0,1.0,3.27,3.970291913552122,0.261,0.161,30,3,15.308770634824777
U0014,P0374,0.0,1.0,0.6,1.0,1.0,4.18,4.59511985013459,0.424,0.35,90,3,20.567355671179037
U0014,P0380,0.0,1.0,0.2,0.0,1.0,3.71,6.342121418721152,0.567,0.181,150,3,14.17080120860383
U0014,P0388,0.5,1.0,0.2,1.0,1.0,4.38,3.6375861597263857,0.236,0.587,120,3,4.910935338739518
U0014,P0390,0.5,0.0,1.0,1.0,1.0,4.07,6.246106765481563,0.77,0.068,120,3,10.599658031257905
U0014,P0391,0.5,1.0,0.6,1.0,1.0,4.18,3.912023005428146,0.403,0.413,30,3,16.697254058468747
U0014,P0392,0.5,1.0,0.2,1.0,1.0,4.27,6.234410725718371,0.68,0.354,30,3,19.444820399132965
U0014,P0395,0.0,0.0,0.6,0.0,1.0,4.07,3.5263605246161616,0.234,0.739,150,3,10.642740472063801
U0014,P0399,0.0,1.0,0.6,1.0,1.0,4.08,6.318968113746434,0.659,0.547,150,3,20.019521526829863
U0014,P0400,0.5,0.0,0.6,0.0,1.0,4.11,5.537334267018537,0.362,0.263,120,3,21.819784030767142
U0014,P0403,0.5,1.0,0.6,1.0,1.0,3.9,5.1298987149230735,0.376,0.857,150,3,3.9093874203850087
U0014,P0405,0.5,0.0,0.6,1.0,1.0,4.67,4.430816798843313,0.395,0.346,90,3,12.984363931312727
U0014,P0424,0.0,0.0,0.6,1.0,1.0,4.23,8.446556111816797,1.0,0.196,30,3,19.592857663943306
U0014,P0426,0.0,1.0,1.0,1.0,1.0,3.82,4.836281906951478,0.263,0.938,120,3,11.910142666623706
U0014,P0427,0.0,0.0,0.6,1.0,1.0,3.81,6.927557906278317,0.653,0.401,45,3,19.890414575838186
U0014,P0438,0.5,0.0,0.6,1.0,1.0,4.09,7.653494909661253,1.0,0.446,45,3,6.643853877808251
U0014,P0441,0.0,0.0,0.2,1.0,1.0,5.0,4.867534450455582,0.426,0.41,150,3,13.397631098341837
U0014,P0447,0.0,0.0,0.6,0.0,1.0,4.58,6.903747257584598,0.815,0.525,120,3,4.4897349896698655
U0014,P0452,0.5,1.0,0.2,1.0,1.0,4.11,7.034387929915503,1.0,0.161,150,3,13.807662604942093
U0014,P0455,0.5,0.0,0.2,1.0,1.0,4.39,8.096208271650037,1.0,0.794,150,3,21.649819853140702
U0014,P0462,0.0,0.0,0.2,1.0,1.0,4.16,4.663439094112067,0.492,0.556,150,3,20.6686850039813
U0014,P0463,0.0,0.0,1.0,1.0,1.0,4.64,3.6888794541139363,0.486,0.955,180,3,6.873340447931943
U0014,P0484,0.5,1.0,0.6,1.0,1.0,3.8,7.661527081358517,1.0,0.302,60,3,12.909353732209711
U0014,P0488,0.5,0.0,1.0,1.0,1.0,3.9,3.258096538021482,0.334,0.777,30,3,22.429719403322775
U0014,P0495,0.5,1.0,0.2,1.0,1.0,4.0,5.53338948872752,0.423,0.22,60,3,13.279695856868603
U0014,P0497,0.5,1.0,0.6,1.0,1.0,3.99,4.68213122712422,0.302,0.419,30,3,17.4694430984383
U0014,P0499,0.5,1.0,0.6,1.0,1.0,4.91,6.269096283706261,0.682,0.5,120,3,22.35835057827495
U0014,P0500,0.5,0.0,0.2,1.0,1.0,3.84,6.18826412308259,0.439,0.839,180,3,17.808071793742165
U0015,P0004,0.3333333333333333,0.0,0.6,1.0,1.0,4.81,6.421622267806518,0.679,0.831,60,4,12.169250864351064
U0015,P0005,0.0,1.0,0.0,1.0,1.0,3.89,6.152732694704104,0.456,0.903,45,4,23.543376085625194
U0015,P0015,0.0,1.0,0.6,1.0,1.0,3.83,5.153291594497779,0.446,0.842,45,4,17.710813830839992
U0015,P0022,0.3333333333333333,1.0,0.0,1.0,1.0,4.05,5.14166355650266,0.471,0.356,30,4,26.628246506663665
U0015,P0034,0.0,0.0,0.2,1.0,1.0,4.07,6.704414354964107,0.693,0.164,90,4,23.518501795374807
U0015,P0038,0.0,1.0,0.0,1.0,1.0,2.92,6.48768401848461,0.682,0.481,90,4,9.553219906285205
U0015,P0040,0.3333333333333333,0.0,1.0,0.0,1.0,4.14,3.1354942159291497,0.249,0.216,150,4,36.719088710388554
U0015,P0041,0.0,1.0,0.0,1.0,1.0,4.0,5.929589143389895,0.485,0.948,150,4,14.247286964604402
U0015,P0043,0.3333333333333333,0.0,1.0,0.0,1.0,3.74,4.90527477843843,0.441,0.523,30,4,20.33792792299467
U0015,P0054,0.3333333333333333,1.0,0.6,1.0,1.0,4.95,5.71042701737487,0.693,0.563,45,4,18.698186775778225
U0015,P0056,0.0,0.0,1.0,0.0,1.0,3.24,5.472270673671475,0.286,0.576,60,4,25.791786076682403
U0015,P0063,0.6666666666666666,0.0,1.0,1.0,1.0,4.36,8.128585200374497,1.0,0.358,45,4,21.69072363512919
U0015,P0067,0.0,1.0,0.6,1.0,1.0,3.62,6.068425588244111,0.527,0.79,90,4,23.401402423014673
U0015,P0074,0.0,1.0,0.0,0.0,1.0,3.54,3.9318256327243257,0.327,0.272,150,4,28.4772456550708
U0015,P0081,0.0,0.0,0.0,0.0,1.0,3.66,6.4457198193855785,0.555,0.365,180,4,20.875021541035412
U0015,P0083,0.0,1.0,0.2,0.0,1.0,4.53,5.996452088619021,0.563,0.951,150,4,20.403357561996827
U0015,P0084,0.0,1.0,0.6,1.0,1.0,4.47,7.776535028185241,1.0,0.477,60,4,11.90291603927299
U0015,P0089,0.0,0.0,0.6,1.0,1.0,4.11,7.244941546337007,1.0,0.951,150,4,23.225202351127937
U0015,P0091,0.3333333333333333,1.0,0.0,1.0,1.0,4.38,4.477336814478207,0.301,0.635,90,4,18.145862656487072
U0015,P0092,0.3333333333333333,0.0,1.0,1.0,1.0,3.62,6.07993319509559,0.409,0.52,90,4,18.671929142148254
U0015,P0096,0.0,0.0,1.0,1.0,1.0,3.9,6.52795791762255,0.569,0.786,90,4,28.083639129978767
U0015,P0102,0.0,0.0,0.2,1.0,1.0,4.59,6.7650389767805414,0.896,0.456,120,4,4.402255043846886
U0015,P0107,0.6666666666666666,0.0,1.0,0.0,1.0,4.53,6.282266746896006,0.812,0.979,90,4,34.50277231149647
U0015,P0115,0.3333333333333333,1.0,0.0,1.0,1.0,3.78,6.317164686747284,0.541,0.672,45,4,25.20982394648092
U0015,P0122,0.3333333333333333,0.0,1.0,1.0,1.0,4.33,6.539585955617669,0.798,0.795,60,4,9.90980387861612
U0015,P0123,0.3333333333333333,0.0,0.6,1.0,1.0,3.56,5.099866427824199,0.282,0.386,90,4,19.96400033522565
U0015,P0125,0.0,0.0,1.0,0.0,1.0,4.89,5.986452005284438,0.755,0.668,60,4,26.946779806112463
U0015,P0126,0.3333333333333333,0.0,0.6,1.0,1.0,3.53,6.602587892189336,0.622,0.568,60,4,26.716448321888283
U0015,P0133,0.3333333333333333,0.0,0.2,1.0,1.0,3.99,4.007333185232471,0.265,0.617,60,4,18.53833702502646
U0015,P0142,0.0,0.0,1.0,1.0,1.0,4.81,4.02535169073515,0.312,0.867,45,4,11.536509821674853
U0015,P0144,0.0,0.0,0.6,1.0,1.0,4.03,6.206575926724928,0.688,0.313,120,4,23.359435307826015
U0015,P0146,0.0,1.0,1.0,0.0,1.0,4.01,4.912654885736052,0.467,0.531,30,4,21.273494464031327
U0015,P0150,0.0,1.0,1.0,1.0,1.0,4.47,6.255750041753367,0.623,0.918,90,4,11.566867549484313
U0015,P0151,0.0,0.0,1.0,1.0,1.0,3.73,4.8283137373023015,0.305,0.853,180,4,29.72521618054318
U0015,P0155,0.3333333333333333,0.0,1.0,0.0,1.0,4.35,5.2574953720277815,0.361,0.479,90,4,16.325244497843098
U0015,P0162,0.0,1.0,1.0,0.0,1.0,3.73,8.01102337918644,1.0,0.241,45,4,20.838536744163676
U0015,P0164,0.0,1.0,0.2,0.0,1.0,4.62,6.450470422144176,0.56,0.967,150,4,8.9878186720217
U0015,P0170,0.3333333333333333,1.0,0.2,1.0,1.0,4.29,4.8283137373023015,0.58,0.845,60,4,4.048098539582425
U0015,P0174,0.3333333333333333,1.0,0.6,1.0,1.0,3.45,3.828641396489095,0.409,0.097,150,4,13.135701732086535
U0015,P0175,0.6666666666666666,0.0,0.6,1.0,1.0,3.78,5.247024072160486,0.321,0.229,150,4,27.136253977978356
U0015,P0180,0.3333333333333333,0.0,0.2,0.0,1.0,4.25,4.51085950651685,0.491,0.434,150,4,12.165507431638394
U0015,P0181,0.0,0.0,1.0,1.0,1.0,4.33,7.3395376954076745,1.0,0.696,150,4,22.57412894346527
U0015,P0185,0.0,0.0,0.2,0.0,1.0,4.14,4.574710978503383,0.359,0.333,30,4,12.587102702727108
U0015,P0189,0.0,1.0,1.0,1.0,1.0,4.49,5.720311776607412,0.596,0.737,30,4,14.40854070290075
U0015,P0191,0.3333333333333333,0.0,1.0,1.0,1.0,3.72,4.787491742782046,0.38,0.892,90,4,32.843827278022545
U0015,P0201,0.0,0.0,0.2,1.0,1.0,3.38,4.787491742782046,0.465,0.968,30,4,11.879595174146539
U0015,P0202,0.0,0.0,0.2,1.0,1.0,4.1,5.556828061699537,0.478,0.089,150,4,23.076695248864006
U0015,P0205,0.3333333333333333,0.0,1.0,1.0,1.0,4.15,6.118097198041348,0.546,0.813,120,4,22.697408201191642
U0015,P0211,0.3333333333333333,0.0,0.0,1.0,1.0,5.0,7.60688453121963,1.0,0.351,120,4,26.370576771886938
U0015,P0215,0.6666666666666666,0.0,0.6,1.0,1.0,4.58,3.4011973816621555,0.423,0.982,180,4,28.55801061417647
U0015,P0224,0.6666666666666666,0.0,0.0,1.0,1.0,4.26,4.382026634673881,0.279,0.985,60,4,1.9691524987854676
U0015,P0226,0.3333333333333333,1.0,1.0,1.0,1.0,4.07,6.646390514847729,0.871,0.965,120,4,18.667041846156447
U0015,P0235,0.3333333333333333,0.0,0.2,1.0,1.0,3.86,4.812184355372417,0.372,0.491,150,4,14.14445137050774
U0015,P0236,0.3333333333333333,1.0,0.2,1.0,1.0,3.98,2.772588722239781,0.317,0.87,60,4,37.880564135481755
U0015,P0240,0.3333333333333333,0.0,0.0,0.0,1.0,5.0,6.843749949006225,0.951,0.465,120,4,6.114843379443084
U0015,P0245,0.0,0.0,0.0,1.0,1.0,4.86,6.558197802812269,0.673,0.09,45,4,24.03976060058972
U0015,P0246,0.0,1.0,0.2,1.0,1.0,4.1,7.27655640271871,1.0,0.662,150,4,32.90892288393648
U0015,P0259,0.0,1.0,0.6,1.0,1.0,4.33,4.330733340286331,0.32,0.951,60,4,19.61142081310277
U0015,P0262,0.3333333333333333,0.0,0.2,1.0,1.0,3.8,6.186208623900494,0.525,0.274,90,4,13.170775361184345
U0015,P0265,0.0,1.0,0.0,0.0,1.0,4.22,4.418840607796598,0.584,0.31,60,4,13.12566895314563
U0015,P0277,0.3333333333333333,0.0,0.6,1.0,1.0,4.63,5.808142489980444,0.449,0.179,180,4,34.07852494600848
U0015,P0289,0.0,1.0,0.2,1.0,1.0,4.21,6.42648845745769,0.804,0.318,30,4,12.806585310634576
U0015,P0297,0.3333333333333333,0.0,1.0,1.0,1.0,4.32,5.902633333401366,0.481,0.089,180,4,2.008631475886168
U0015,P0301,0.3333333333333333,0.0,0.0,1.0,1.0,4.44,4.394449154672439,0.296,0.296,120,4,9.821185118322516
U0015,P0308,0.0,1.0,0.0,1.0,1.0,5.0,5.655991810819852,0.65,0.669,30,4,8.418058669319743
U0015,P0311,0.3333333333333333,0.0,0.6,1.0,1.0,3.74,6.066108090103747,0.436,0.613,30,4,18.152682459507506
U0015,P0314,0.0,1.0,0.0,1.0,1.0,3.65,5.351858133476067,0.579,0.284,45,4,10.202879807216052
U0015,P0319,0.3333333333333333,0.0,0.2,1.0,1.0,4.47,5.5909869805108565,0.502,0.328,120,4,14.119738132434652
U0015,P0325,0.0,1.0,0.6,1.0,1.0,4.0,6.336825731146441,0.61,0.792,30,4,36.19401965275669
U0015,P0327,0.3333333333333333,0.0,0.0,1.0,1.0,3.98,4.174387269895637,0.483,0.989,90,4,14.166686711401656
U0015,P0336,0.0,1.0,0.2,1.0,1.0,4.66,3.044522437723423,0.302,0.722,180,4,32.676792565042426
U0015,P0344,0.6666666666666666,0.0,0.2,1.0,1.0,3.99,5.056245805348308,0.403,0.273,90,4,30.344464520713107
U0015,P0349,0.3333333333333333,1.0,0.2,1.0,1.0,4.25,4.007333185232471,0.525,0.192,150,4,9.21832440197817
U0015,P0350,0.3333333333333333,0.0,0.6,1.0,1.0,4.52,5.2832037287379885,0.324,0.736,180,4,14.509449990120661
U0015,P0354,0.3333333333333333,1.0,0.0,1.0,1.0,3.52,7.605890001053122,1.0,0.25,90,4,10.784824104773241
U0015,P0355,0.3333333333333333,1.0,0.2,1.0,1.0,3.16,7.535830462798367,1.0,0.622,180,4,32.19574460832629
U0015,P0357,0.3333333333333333,0.0,0.6,0.0,1.0,3.85,5.981414211254481,0.4,0.263,60,4,35.73150583747824
U0015,P0362,0.0,1.0,0.0,0.0,1.0,3.49,6.391917113392602,0.492,0.317,30,4,26.087147344488194
U0015,P0363,0.3333333333333333,0.0,0.0,1.0,1.0,4.18,5.2832037287379885,0.564,0.497,45,4,13.688796391010486
U0015,P0370,0.6666666666666666,0.0,0.2,1.0,1.0,4.85,6.717804695023691,0.739,0.797,120,4,24.563195262246268
U0015,P0378,0.3333333333333333,0.0,1.0,1.0,1.0,3.67,8.658866349732383,1.0,0.865,90,4,17.612174907382705
U0015,P0383,0.3333333333333333,1.0,0.6,1.0,1.0,4.62,4.663439094112067,0.311,0.896,120,4,38.07762438789416
U0015,P0385,0.3333333333333333,0.0,1.0,1.0,1.0,3.82,7.675081857716334,1.0,0.441,120,4,14.179372908317093
U0015,P0393,0.3333333333333333,1.0,0.2,1.0,1.0,4.35,6.79794041297493,0.641,0.892,90,4,27.839123267359003
U0015,P0406,0.0,1.0,1.0,1.0,1.0,4.02,4.976733742420574,0.349,0.241,180,4,4.8232001569565135
U0015,P0414,0.3333333333333333,1.0,1.0,1.0,1.0,4.81,4.875197323201151,0.574,0.237,45,4,25.423554487222173
U0015,P0415,0.3333333333333333,0.0,0.2,1.0,1.0,3.91,5.1647859739235145,0.548,0.99,90,4,22.175205958793786
U0015,P0417,0.6666666666666666,0.0,0.0,1.0,1.0,3.65,4.584967478670572,0.493,0.182,150,4,20.266886293646657
U0015,P0423,0.0,0.0,0.6,1.0,1.0,4.17,6.091309882077698,0.546,0.491,30,4,32.199221883988734
U0015,P0429,0.6666666666666666,0.0,1.0,1.0,1.0,3.73,6.066108090103747,0.596,0.107,30,4,1.8232110108873352
U0015,P0430,0.0,0.0,0.2,0.0,1.0,3.85,6.259581464064923,0.474,0.763,60,4,1.8958562510882864
U0015,P0431,0.0,0.0,0.2,1.0,1.0,4.19,3.6888794541139363,0.291,0.653,150,4,14.053049005348127
U0015,P0436,0.6666666666666666,0.0,0.2,1.0,1.0,4.02,4.543294782270004,0.464,0.947,150,4,23.712358612357505
U0015,P0442,0.0,1.0,0.6,0.0,1.0,3.88,6.75343791859778,0.708,0.96,120,4,2.9451954490012766
U0015,P0443,0.6666666666666666,0.0,0.2,1.0,1.0,4.41,7.716460800176355,1.0,0.876,90,4,26.553411607032896
U0015,P0445,0.3333333333333333,1.0,0.0,1.0,1.0,4.37,6.8308742346461795,0.666,0.662,150,4,23.57571363881917
U0015,P0457,0.0,1.0,1.0,1.0,1.0,4.21,7.393263094763838,1.0,0.306,150,4,26.602131129156195
U0015,P0461,0.0,0.0,0.2,1.0,1.0,4.58,4.276666119016055,0.594,0.782,120,4,29.543044252713095
U0015,P0467,0.3333333333333333,1.0,0.2,1.0,1.0,3.45,2.8903717578961645,0.194,0.951,90,4,10.803038701179236
U0015,P0472,0.3333333333333333,0.0,0.2,0.0,1.0,4.39,5.384495062789089,0.434,0.365,30,4,38.06590926956315
U0015,P0477,0.6666666666666666,0.0,0.2,1.0,1.0,3.54,7.232733136177615,1.0,0.177,60,4,36.07832307817122
U0015,P0478,0.6666666666666666,0.0,1.0,1.0,1.0,4.06,6.841615476477592,0.877,0.246,150,4,30.73647086043625
U0015,P0479,0.3333333333333333,0.0,0.0,0.0,1.0,4.25,6.049733455231958,0.532,0.229,90,4,10.916369586330264
U0015,P0480,0.6666666666666666,0.0,1.0,0.0,1.0,4.36,6.037870919922137,0.555,0.061,90,4,28.48698343702272
U0015,P0491,0.3333333333333333,1.0,1.0,1.0,1.0,4.45,6.0112671744041615,0.433,0.251,120,4,12.581529323799835
U0015,P0498,0.3333333333333333,0.0,1.0,1.0,1.0,3.65,5.1647859739235145,0.582,0.624,90,4,16.344350262064733
U0016,P0001,0.5,0.0,0.0,1.0,1.0,4.32,5.337538079701318,0.32,0.667,30,3,7.872483716271027
U0016,P0010,0.5,0.0,0.6,1.0,1.0,3.69,3.8066624897703196,0.479,0.441,180,3,11.508876904946968
U0016,P0011,0.0,1.0,0.0,1.0,1.0,4.76,5.231108616854587,0.371,0.868,45,3,5.364366734002441
U0016,P0012,0.5,0.0,0.0,1.0,1.0,4.13,3.8066624897703196,0.301,0.795,90,3,15.050197576351616
U0016,P0017,0.0,1.0,0.0,0.0,1.0,4.09,4.23410650459726,0.428,0.568,90,3,12.298016296594781
U0016,P0019,0.5,1.0,0.0,1.0,1.0,4.19,3.1780538303479458,0.525,0.83,180,3,5.76899543221955
U0016,P0020,0.0,0.0,0.2,1.0,1.0,3.5,5.736572297479192,0.643,0.617,30,3,14.569670156040159
U0016,P0036,0.5,0.0,0.0,1.0,1.0,4.26,7.346010209913293,0.95,0.192,30,3,5.163513899766515
U0016,P0037,0.0,0.0,0.0,0.0,1.0,4.08,7.3777589082278725,1.0,0.144,120,3,3.979690452538799
U0016,P0046,0.5,1.0,1.0,1.0,1.0,4.14,6.663132695990803,0.812,0.708,90,3,14.9486391411496
U0016,P0050,0.0,0.0,1.0,0.0,1.0,4.1,5.220355825078324,0.486,0.787,150,3,7.275855878728665
U0016,P0053,0.0,1.0,0.2,1.0,1.0,4.03,5.986452005284438,0.418,0.63,45,3,7.544219371515706
U0016,P0058,0.5,1.0,0.0,1.0,1.0,4.01,5.863631175598097,0.535,0.485,120,3,10.956655393484425
U0016,P0064,0.5,1.0,0.0,1.0,1.0,3.65,4.8283137373023015,0.408,0.155,90,3,5.301169878323265
U0016,P0077,0.0,0.0,0.2,0.0,1.0,3.79,5.780743515792329,0.656,0.068,90,3,10.461397495299279
U0016,P0080,0.0,0.0,0.2,1.0,1.0,3.56,6.289715570908998,0.705,0.73,45,3,8.987868806197094
U0016,P0086,0.5,1.0,0.2,0.0,1.0,3.7,4.5217885770490405,0.474,0.656,120,3,14.417491588024088
U0016,P0087,0.0,0.0,1.0,1.0,1.0,4.07,5.910796644040527,0.392,0.169,90,3,9.596706399375902
U0016,P0104,0.0,0.0,0.2,1.0,1.0,4.33,6.118097198041348,0.635,0.445,45,3,13.538541241771565
U0016,P0110,0.0,1.0,0.2,1.0,1.0,3.88,5.598421958998375,0.397,0.337,150,3,7.876591723279015
U0016,P0119,0.0,1.0,0.0,0.0,1.0,3.19,5.726847747587197,0.593,0.923,150,3,6.994680810132573
U0016,P0129,0.5,1.0,0.0,1.0,1.0,4.67,4.653960350157523,0.551,0.925,120,3,13.604587309232206
U0016,P0137,0.0,0.0,0.6,1.0,1.0,4.62,5.5134287461649825,0.627,0.357,180,3,9.019169288987321
U0016,P0140,0.0,1.0,0.2,1.0,1.0,4.13,5.043425116919247,0.467,0.645,45,3,15.115430109162814
U0016,P0141,0.5,1.0,0.2,1.0,1.0,4.15,6.295266001439646,0.507,0.666,60,3,16.324728895026446
U0016,P0143,0.0,0.0,0.2,1.0,1.0,5.0,3.1780538303479458,0.308,0.058,180,3,16.449715219083483
U0016,P0156,0.5,1.0,1.0,0.0,1.0,4.0,6.818924065275521,0.86,0.215,60,3,5.120702812963018
U0016,P0158,0.5,0.0,1.0,1.0,1.0,4.69,5.5254529391317835,0.362,0.521,90,3,12.342539835385747
U0016,P0166,0.0,0.0,1.0,1.0,1.0,4.09,4.430816798843313,0.377,0.569,150,3,8.2748984423746
U0016,P0169,0.5,0.0,1.0,1.0,1.0,3.73,5.117993812416755,0.411,0.978,60,3,12.85956384630888
U0016,P0172,0.0,0.0,1.0,0.0,1.0,4.21,4.897839799950911,0.419,0.295,150,3,8.131686198562818
U0016,P0184,0.5,0.0,1.0,1.0,1.0,4.2,5.517452896464707,0.367,0.557,90,3,13.206064269320871
U0016,P0187,0.0,0.0,1.0,1.0,1.0,4.75,6.651571873589727,0.602,0.195,30,3,9.862297774554815
U0016,P0193,0.0,0.0,0.2,0.0,1.0,3.76,5.683579767338681,0.552,0.102,150,3,9.780183967532723
U0016,P0196,0.5,1.0,1.0,1.0,1.0,3.7,6.091309882077698,0.697,0.236,90,3,13.298592683951007
U0016,P0206,0.0,0.0,1.0,1.0,1.0,4.42,4.1588830833596715,0.469,0.718,45,3,6.725203567008072
U0016,P0212,0.0,0.0,0.2,1.0,1.0,3.99,6.666956792429207,0.86,0.663,90,3,11.069118984916066
U0016,P0238,0.0,0.0,0.2,1.0,1.0,4.84,5.204006687076795,0.479,0.867,45,3,18.559246961088384
U0016,P0248,0.5,1.0,0.6,1.0,1.0,4.79,6.148468295917647,0.759,0.562,120,3,6.545525123140866
U0016,P0251,0.0,0.0,1.0,1.0,1.0,4.52,7.791522819150732,1.0,0.95,45,3,13.146454698418644
U0016,P0252,0.0,0.0,0.0,1.0,1.0,3.47,6.175867270105761,0.566,0.349,150,3,4.867541552360372
U0016,P0254,0.0,0.0,1.0,1.0,1.0,3.83,4.465908118654584,0.391,0.821,45,3,8.496173120941869
U0016,P0260,0.0,0.0,0.6,1.0,1.0,4.14,6.401917196727186,0.669,0.714,180,3,8.093228502092598
U0016,P0263,0.0,0.0,0.6,1.0,1.0,3.76,3.367295829986474,0.32,0.879,90,3,14.037130337667595
U0016,P0272,0.5,1.0,0.0,1.0,1.0,4.34,7.2305631534092925,1.0,0.47,30,3,17.22065539301957
U0016,P0275,0.5,1.0,0.2,0.0,1.0,4.27,4.77912349311153,0.591,0.889,120,3,8.45528534116532
U0016,P0280,0.0,0.0,0.0,0.0,1.0,4.28,4.997212273764115,0.537,0.941,120,3,5.389320431574011
U0016,P0281,0.0,0.0,1.0,1.0,1.0,4.23,7.990576881743923,1.0,0.771,30,3,6.7616969376725535
U0016,P0291,0.5,0.0,0.0,1.0,1.0,4.25,5.003946305945459,0.58,0.478,180,3,6.164983890540001
U0016,P0296,0.5,1.0,0.6,1.0,1.0,4.13,4.927253685157205,0.342,0.209,150,3,12.332963711713854
U0016,P0302,0.0,0.0,0.6,1.0,1.0,4.49,7.126890808898808,1.0,0.434,90,3,13.866254929022443
U0016,P0303,0.0,1.0,0.0,1.0,1.0,4.29,7.752335163302292,1.0,0.487,150,3,12.219909538130189
U0016,P0307,0.0,0.0,0.6,1.0,1.0,4.23,4.1588830833596715,0.352,0.184,180,3,11.694276763304533
U0016,P0317,0.5,1.0,0.2,1.0,1.0,4.03,4.990432586778736,0.512,0.102,120,3,7.123155733816717
U0016,P0318,0.0,1.0,0.6,0.0,1.0,3.64,3.5263605246161616,0.245,0.601,60,3,4.836825710750432
U0016,P0320,0.0,0.0,1.0,0.0,1.0,3.52,3.9512437185814275,0.257,0.072,30,3,11.644887753041147
U0016,P0324,0.5,0.0,0.2,0.0,1.0,2.89,5.438079308923196,0.474,0.684,60,3,13.670509518434525
U0016,P0326,0.5,1.0,1.0,1.0,1.0,4.93,6.852242569051878,0.99,0.062,60,3,15.46263391863402
U0016,P0328,0.0,1.0,0.6,0.0,1.0,5.0,5.572154032177765,0.438,0.843,180,3,15.544356154233142
U0016,P0330,0.0,0.0,1.0,1.0,1.0,4.19,5.327876168789581,0.598,0.205,45,3,13.464462305822545
U0016,P0332,0.0,0.0,0.6,1.0,1.0,4.09,4.852030263919617,0.297,0.955,45,3,14.16519176903236
U0016,P0335,0.0,0.0,0.6,0.0,1.0,2.91,6.810142450115136,0.759,0.945,45,3,14.829120680817953
U0016,P0338,0.0,0.0,0.0,0.0,1.0,3.47,4.574710978503383,0.318,0.942,180,3,10.570177303978532
U0016,P0339,0.0,0.0,0.0,1.0,1.0,3.6,7.602900462204755,1.0,0.852,30,3,7.500945420558664
U0016,P0345,0.0,0.0,0.0,1.0,1.0,4.42,6.035481432524756,0.502,0.356,150,3,7.125199385506426
U0016,P0346,0.0,0.0,0.0,1.0,1.0,3.94,6.891625897052253,0.71,0.595,150,3,12.424189512162979
U0016,P0351,0.0,0.0,0.0,0.0,1.0,3.86,6.759255270663693,0.911,0.546,150,3,15.432781874027071
U0016,P0358,0.0,0.0,0.0,1.0,1.0,4.08,6.824373670043086,0.828,0.55,45,3,14.98599298921697
U0016,P0359,0.0,0.0,0.0,1.0,1.0,4.15,5.683579767338681,0.385,0.23,180,3,15.992048238803863
U0016,P0361,0.5,1.0,1.0,1.0,1.0,4.24,3.4657359027997265,0.315,0.898,120,3,18.991819960355294
U0016,P0367,0.0,1.0,0.6,1.0,1.0,4.28,3.4657359027997265,0.364,0.516,90,3,17.983939847664594
U0016,P0369,0.0,0.0,0.0,0.0,1.0,4.22,6.679599185844383,0.722,0.849,180,3,9.016519105631529
U0016,P0371,0.0,1.0,0.6,1.0,1.0,3.27,3.970291913552122,0.261,0.161,30,3,12.071100531384102
U0016,P0374,0.0,0.0,1.0,1.0,1.0,4.18,4.59511985013459,0.424,0.35,90,3,16.917811063635018
U0016,P0380,0.0,0.0,0.0,0.0,1.0,3.71,6.342121418721152,0.567,0.181,150,3,7.9855087396256685
U0016,P0388,0.5,1.0,0.0,1.0,1.0,4.38,3.6375861597263857,0.236,0.587,120,3,5.934473051434723
U0016,P0390,0.5,1.0,0.6,1.0,1.0,4.07,6.246106765481563,0.77,0.068,120,3,11.938654143933336
U0016,P0391,0.0,0.0,1.0,1.0,1.0,4.18,3.912023005428146,0.403,0.413,30,3,12.598479823439947
U0016,P0392,0.5,1.0,0.0,1.0,1.0,4.27,6.234410725718371,0.68,0.354,30,3,9.894777877911473
U0016,P0395,0.0,0.0,0.2,0.0,1.0,4.07,3.5263605246161616,0.234,0.739,150,3,12.848169854994929
U0016,P0399,0.0,0.0,1.0,1.0,1.0,4.08,6.318968113746434,0.659,0.547,150,3,10.662738515783012
U0016,P0400,0.0,0.0,0.2,0.0,1.0,4.11,5.537334267018537,0.362,0.263,120,3,13.68574422360669
U0016,P0403,0.0,1.0,1.0,1.0,1.0,3.9,5.1298987149230735,0.376,0.857,150,3,11.848208013899228
U0016,P0405,0.5,1.0,0.2,1.0,1.0,4.67,4.430816798843313,0.395,0.346,90,3,3.430589500822852
U0016,P0424,0.0,0.0,1.0,1.0,1.0,4.23,8.446556111816797,1.0,0.196,30,3,15.944763943422316
U0016,P0426,0.0,0.0,0.6,1.0,1.0,3.82,4.836281906951478,0.263,0.938,120,3,4.066862082704192
U0016,P0427,0.0,0.0,0.2,1.0,1.0,3.81,6.927557906278317,0.653,0.401,45,3,10.907378184005552
U0016,P0438,0.5,1.0,0.2,1.0,1.0,4.09,7.653494909661253,1.0,0.446,45,3,5.090717718228033
U0016,P0441,0.0,0.0,0.0,1.0,1.0,5.0,4.867534450455582,0.426,0.41,150,3,7.729083538431786
U0016,P0447,0.0,0.0,1.0,0.0,1.0,4.58,6.903747257584598,0.815,0.525,120,3,8.909569941993611
U0016,P0452,0.5,1.0,0.0,1.0,1.0,4.11,7.034387929915503,1.0,0.161,150,3,4.528766656544271
U0016,P0455,0.0,0.0,0.0,1.0,1.0,4.39,8.096208271650037,1.0,0.794,150,3,11.420153838012999
U0016,P0462,0.0,0.0,0.0,1.0,1.0,4.16,4.663439094112067,0.492,0.556,150,3,10.09145323641055
U0016,P0463,0.0,0.0,0.6,1.0,1.0,4.64,3.6888794541139363,0.486,0.955,180,3,10.345473862771527
U0016,P0484,0.5,1.0,0.2,1.0,1.0,3.8,7.661527081358517,1.0,0.302,60,3,4.181626627288482
U0016,P0488,0.0,1.0,0.6,1.0,1.0,3.9,3.258096538021482,0.334,0.777,30,3,12.165464465691723
U0016,P0495,0.5,1.0,0.0,1.0,1.0,4.0,5.53338948872752,0.423,0.22,60,3,15.602845015701568
U0016,P0497,0.0,1.0,1.0,1.0,1.0,3.99,4.68213122712422,0.302,0.419,30,3,15.414243733190316
U0016,P0499,0.0,0.0,0.2,1.0,1.0,4.91,6.269096283706261,0.682,0.5,120,3,12.332253610722448
U0016,P0500,0.0,1.0,0.0,1.0,1.0,3.84,6.18826412308259,0.439,0.839,180,3,7.563860297618316
U0017,P0001,0.0,0.8640000000000001,0.6,1.0,1.0,4.32,5.337538079701318,0.32,0.667,30,5,6.666424902166234
U0017,P0010,0.0,0.738,0.6,1.0,1.0,3.69,3.8066624897703196,0.479,0.441,180,5,9.895415508191853
U0017,P0011,0.0,0.952,0.6,1.0,1.0,4.76,5.231108616854587,0.371,0.868,45,5,7.300726915560903
U0017,P0012,0.0,0.826,0.6,1.0,1.0,4.13,3.8066624897703196,0.301,0.795,90,5,15.11611538070162
U0017,P0017,0.0,0.818,0.6,0.0,1.0,4.09,4.23410650459726,0.428,0.568,90,5,10.518216631777067
U0017,P0019,0.5,0.8380000000000001,0.6,1.0,1.0,4.19,3.1780538303479458,0.525,0.83,180,5,6.5933227237958265
U0017,P0020,0.0,0.7,1.0,1.0,1.0,3.5,5.736572297479192,0.643,0.617,30,5,13.026978501775188
U0017,P0036,0.0,0.852,0.6,1.0,1.0,4.26,7.346010209913293,0.95,0.192,30,5,3.5575670998263824
U0017,P0037,0.0,0.8160000000000001,0.6,0.0,1.0,4.08,7.3777589082278725,1.0,0.144,120,5,3.0629937263360363
U0017,P0046,0.5,0.828,0.2,1.0,1.0,4.14,6.663132695990803,0.812,0.708,90,5,14.839064611563575
U0017,P0050,0.0,0.82,0.2,0.0,1.0,4.1,5.220355825078324,0.486,0.787,150,5,6.3782215628951455
U0017,P0053,0.0,0.806,1.0,1.0,1.0,4.03,5.986452005284438,0.418,0.63,45,5,6.442194032520327
U0017,P0058,0.5,0.8019999999999999,0.6,1.0,1.0,4.01,5.863631175598097,0.535,0.485,120,5,9.853382576397713
U0017,P0064,0.5,0.73,0.6,1.0,1.0,3.65,4.8283137373023015,0.408,0.155,90,5,7.19718906474018
U0017,P0077,0.5,0.758,1.0,0.0,1.0,3.79,5.780743515792329,0.656,0.068,90,5,10.6566490960861
U0017,P0080,0.5,0.712,1.0,1.0,1.0,3.56,6.289715570908998,0.705,0.73,45,5,8.8341879376746
U0017,P0086,0.5,0.74,1.0,0.0,1.0,3.7,4.5217885770490405,0.474,0.656,120,5,13.149155567552219
U0017,P0087,0.0,0.8140000000000001,0.2,1.0,1.0,4.07,5.910796644040527,0.392,0.169,90,5,7.662987276139135
U0017,P0104,0.5,0.866,1.0,1.0,1.0,4.33,6.118097198041348,0.635,0.445,45,5,11.662391277521158
U0017,P0110,0.0,0.776,1.0,1.0,1.0,3.88,5.598421958998375,0.397,0.337,150,5,6.3552291464258
U0017,P0119,0.0,0.638,0.6,0.0,1.0,3.19,5.726847747587197,0.593,0.923,150,5,5.160139891189112
U0017,P0129,0.5,0.9339999999999999,0.6,1.0,1.0,4.67,4.653960350157523,0.551,0.925,120,5,11.82211242968904
U0017,P0137,0.0,0.924,0.6,1.0,1.0,4.62,5.5134287461649825,0.627,0.357,180,5,9.275998016893366
U0017,P0140,0.0,0.826,1.0,1.0,1.0,4.13,5.043425116919247,0.467,0.645,45,5,15.315121016582733
U0017,P0141,0.5,0.8300000000000001,1.0,1.0,1.0,4.15,6.295266001439646,0.507,0.666,60,5,15.09506873163376
U0017,P0143,0.0,1.0,1.0,1.0,1.0,5.0,3.1780538303479458,0.308,0.058,180,5,14.594396983656672
U0017,P0156,0.5,0.8,0.2,0.0,1.0,4.0,6.818924065275521,0.86,0.215,60,5,6.548325833452864
U0017,P0158,0.0,0.9380000000000001,0.2,1.0,1.0,4.69,5.5254529391317835,0.362,0.521,90,5,10.467621854724733
U0017,P0166,0.0,0.818,0.2,1.0,1.0,4.09,4.430816798843313,0.377,0.569,150,5,7.373354513138902
U0017,P0169,0.0,0.746,0.2,1.0,1.0,3.73,5.117993812416755,0.411,0.978,60,5,11.904464824538044
U0017,P0172,0.5,0.842,0.2,0.0,1.0,4.21,4.897839799950911,0.419,0.295,150,5,9.952343855895698
U0017,P0184,0.0,0.8400000000000001,0.2,1.0,1.0,4.2,5.517452896464707,0.367,0.557,90,5,11.499677446325151
U0017,P0187,0.5,0.95,0.2,1.0,1.0,4.75,6.651571873589727,0.602,0.195,30,5,8.231638655232915
U0017,P0193,0.0,0.752,1.0,0.0,1.0,3.76,5.683579767338681,0.552,0.102,150,5,8.63984874955792
U0017,P0196,0.5,0.74,0.2,1.0,1.0,3.7,6.091309882077698,0.697,0.236,90,5,11.499699510757294
U0017,P0206,0.0,0.884,0.2,1.0,1.0,4.42,4.1588830833596715,0.469,0.718,45,5,5.973743103516106
U0017,P0212,0.5,0.798,1.0,1.0,1.0,3.99,6.666956792429207,0.86,0.663,90,5,10.956710711660147
U0017,P0238,0.0,0.968,1.0,1.0,1.0,4.84,5.204006687076795,0.479,0.867,45,5,16.765521763118606
U0017,P0248,0.5,0.958,0.6,1.0,1.0,4.79,6.148468295917647,0.759,0.562,120,5,4.869229208566772
U0017,P0251,0.0,0.9039999999999999,0.2,1.0,1.0,4.52,7.791522819150732,1.0,0.95,45,5,12.701787384377127
U0017,P0252,0.5,0.6940000000000001,0.6,1.0,1.0,3.47,6.175867270105761,0.566,0.349,150,5,5.231350728382432
U0017,P0254,0.0,0.766,0.2,1.0,1.0,3.83,4.465908118654584,0.391,0.821,45,5,6.7009740048391855
U0017,P0260,0.5,0.828,0.6,1.0,1.0,4.14,6.401917196727186,0.669,0.714,180,5,6.174392704808125
U0017,P0263,0.0,0.752,0.6,1.0,1.0,3.76,3.367295829986474,0.32,0.879,90,5,14.065661707738514
U0017,P0272,0.5,0.868,0.6,1.0,1.0,4.34,7.2305631534092925,1.0,0.47,30,5,15.310189102606374
U0017,P0275,0.5,0.8539999999999999,1.0,0.0,1.0,4.27,4.77912349311153,0.591,0.889,120,5,8.313291827673496
U0017,P0280,0.0,0.8560000000000001,0.6,0.0,1.0,4.28,4.997212273764115,0.537,0.941,120,5,5.570091772519355
U0017,P0281,0.5,0.8460000000000001,0.2,1.0,1.0,4.23,7.990576881743923,1.0,0.771,30,5,6.790994852336563
U0017,P0291,0.0,0.85,0.6,1.0,1.0,4.25,5.003946305945459,0.58,0.478,180,5,6.3637848123692065
U0017,P0296,0.5,0.826,0.6,1.0,1.0,4.13,4.927253685157205,0.342,0.209,150,5,12.316520602794892
U0017,P0302,0.0,0.898,0.6,1.0,1.0,4.49,7.126890808898808,1.0,0.434,90,5,11.947747197861798
U0017,P0303,0.0,0.858,0.6,1.0,1.0,4.29,7.752335163302292,1.0,0.487,150,5,10.281070902804304
U0017,P0307,0.5,0.8460000000000001,0.6,1.0,1.0,4.23,4.1588830833596715,0.352,0.184,180,5,10.157473723450364
U0017,P0317,0.5,0.806,1.0,1.0,1.0,4.03,4.990432586778736,0.512,0.102,120,5,8.512473234535229
U0017,P0318,0.0,0.728,0.6,0.0,1.0,3.64,3.5263605246161616,0.245,0.601,60,5,5.125728793489454
U0017,P0320,0.0,0.704,0.2,0.0,1.0,3.52,3.9512437185814275,0.257,0.072,30,5,9.783098610550516
U0017,P0324,0.0,0.5780000000000001,1.0,0.0,1.0,2.89,5.438079308923196,0.474,0.684,60,5,13.880137538244178
U0017,P0326,0.5,0.986,0.2,1.0,1.0,4.93,6.852242569051878,0.99,0.062,60,5,14.768591635973936
U0017,P0328,0.0,1.0,0.6,0.0,1.0,5.0,5.572154032177765,0.438,0.843,180,5,13.60681113106144
U0017,P0330,0.5,0.8380000000000001,0.2,1.0,1.0,4.19,5.327876168789581,0.598,0.205,45,5,12.488460880736389
U0017,P0332,0.5,0.818,0.6,1.0,1.0,4.09,4.852030263919617,0.297,0.955,45,5,12.240012068266045
U0017,P0335,0.0,0.5820000000000001,0.6,0.0,1.0,2.91,6.810142450115136,0.759,0.945,45,5,12.905763882526688
U0017,P0338,0.5,0.6940000000000001,0.6,0.0,1.0,3.47,4.574710978503383,0.318,0.942,180,5,8.861340599697831
U0017,P0339,0.5,0.72,0.6,1.0,1.0,3.6,7.602900462204755,1.0,0.852,30,5,5.7765982739162025
U0017,P0345,0.0,0.884,0.6,1.0,1.0,4.42,6.035481432524756,0.502,0.356,150,5,6.722149711999252
U0017,P0346,0.0,0.788,0.6,1.0,1.0,3.94,6.891625897052253,0.71,0.595,150,5,11.243739710913692
U0017,P0351,0.5,0.772,0.6,0.0,1.0,3.86,6.759255270663693,0.911,0.546,150,5,15.283605136486468
U0017,P0358,0.5,0.8160000000000001,0.6,1.0,1.0,4.08,6.824373670043086,0.828,0.55,45,5,13.329175180532317
U0017,P0359,0.0,0.8300000000000001,0.6,1.0,1.0,4.15,5.683579767338681,0.385,0.23,180,5,14.25380018477372
U0017,P0361,0.5,0.8480000000000001,0.2,1.0,1.0,4.24,3.4657359027997265,0.315,0.898,120,5,17.175163797399712
U0017,P0367,0.0,0.8560000000000001,0.6,1.0,1.0,4.28,3.4657359027997265,0.364,0.516,90,5,16.294110037506403
U0017,P0369,0.5,0.844,0.6,0.0,1.0,4.22,6.679599185844383,0.722,0.849,180,5,8.577996013115808
U0017,P0371,0.0,0.654,0.6,1.0,1.0,3.27,3.970291913552122,0.261,0.161,30,5,10.39775504825631
U0017,P0374,0.5,0.836,0.2,1.0,1.0,4.18,4.59511985013459,0.424,0.35,90,5,15.093159642078364
U0017,P0380,0.0,0.742,0.6,0.0,1.0,3.71,6.342121418721152,0.567,0.181,150,5,6.131274615297145
U0017,P0388,0.5,0.876,0.6,1.0,1.0,4.38,3.6375861597263857,0.236,0.587,120,5,6.71421177174441
U0017,P0390,0.5,0.8140000000000001,0.6,1.0,1.0,4.07,6.246106765481563,0.77,0.068,120,5,10.989645633364212
U0017,P0391,0.0,0.836,0.2,1.0,1.0,4.18,3.912023005428146,0.403,0.413,30,5,10.811084135590646
U0017,P0392,0.5,0.8539999999999999,0.6,1.0,1.0,4.27,6.234410725718371,0.68,0.354,30,5,8.2452717591227
U0017,P0395,0.5,0.8140000000000001,1.0,0.0,1.0,4.07,3.5263605246161616,0.234,0.739,150,5,11.973063503236729
U0017,P0399,0.0,0.8160000000000001,0.2,1.0,1.0,4.08,6.318968113746434,0.659,0.547,150,5,8.967012658417325
U0017,P0400,0.0,0.8220000000000001,1.0,0.0,1.0,4.11,5.537334267018537,0.362,0.263,120,5,11.814278599792628
U0017,P0403,0.0,0.78,0.2,1.0,1.0,3.9,5.1298987149230735,0.376,0.857,150,5,12.098547716485541
U0017,P0405,0.5,0.9339999999999999,1.0,1.0,1.0,4.67,4.430816798843313,0.395,0.346,90,5,4.798041816276244
U0017,P0424,0.0,0.8460000000000001,0.2,1.0,1.0,4.23,8.446556111816797,1.0,0.196,30,5,14.133429639845563
U0017,P0426,0.5,0.764,0.6,1.0,1.0,3.82,4.836281906951478,0.263,0.938,120,5,5.847899122380802
U0017,P0427,0.0,0.762,1.0,1.0,1.0,3.81,6.927557906278317,0.653,0.401,45,5,9.128738276858911
U0017,P0438,0.5,0.818,1.0,1.0,1.0,4.09,7.653494909661253,1.0,0.446,45,5,6.676339114197991
U0017,P0441,0.0,1.0,0.6,1.0,1.0,5.0,4.867534450455582,0.426,0.41,150,5,5.952792655745482
U0017,P0447,0.0,0.916,0.2,0.0,1.0,4.58,6.903747257584598,0.815,0.525,120,5,10.39287471674702
U0017,P0452,0.5,0.8220000000000001,0.6,1.0,1.0,4.11,7.034387929915503,1.0,0.161,150,5,2.662711186341091
U0017,P0455,0.0,0.8779999999999999,0.6,1.0,1.0,4.39,8.096208271650037,1.0,0.794,150,5,10.08797837348797
U0017,P0462,0.0,0.8320000000000001,0.6,1.0,1.0,4.16,4.663439094112067,0.492,0.556,150,5,9.05454840135706
U0017,P0463,0.0,0.9279999999999999,0.6,1.0,1.0,4.64,3.6888794541139363,0.486,0.955,180,5,9.985963528542221
U0017,P0484,0.5,0.76,1.0,1.0,1.0,3.8,7.661527081358517,1.0,0.302,60,5,2.2427989203910794
U0017,P0488,0.0,0.78,0.6,1.0,1.0,3.9,3.258096538021482,0.334,0.777,30,5,10.858723595389394
U0017,P0495,0.5,0.8,0.6,1.0,1.0,4.0,5.53338948872752,0.423,0.22,60,5,14.575528386378755
U0017,P0497,0.0,0.798,0.2,1.0,1.0,3.99,4.68213122712422,0.302,0.419,30,5,13.774755063773128
U0017,P0499,0.0,0.982,1.0,1.0,1.0,4.91,6.269096283706261,0.682,0.5,120,5,10.894910385603035
U0017,P0500,0.0,0.768,0.6,1.0,1.0,3.84,6.18826412308259,0.439,0.839,180,5,6.215393364299749
U0018,P0013,0.6666666666666666,0.339,1.0,1.0,1.0,3.86,5.634789603169249,0.339,0.532,120,5,3.9269504223002536
U0018,P0018,0.3333333333333333,0.482,0.6,1.0,1.0,4.47,4.04305126783455,0.482,0.204,60,5,26.371976835494767
U0018,P0021,0.3333333333333333,0.484,0.6,1.0,1.0,4.43,5.707110264748875,0.484,0.335,30,5,23.847235920422566
U0018,P0024,0.6666666666666666,0.648,0.6,1.0,1.0,3.89,6.769641976852503,0.648,0.177,150,5,18.26739605265639
U0018,P0025,0.0,0.494,1.0,1.0,1.0,4.25,3.4011973816621555,0.494,0.273,120,5,31.58696156042956
U0018,P0027,0.0,0.572,1.0,1.0,1.0,3.8,6.234410725718371,0.572,0.848,30,5,10.189062883207171
U0018,P0028,0.0,0.679,0.6,1.0,1.0,4.56,6.618738983517219,0.679,0.84,90,5,15.141913026272555
U0018,P0029,0.0,0.331,0.6,1.0,1.0,3.72,5.1298987149230735,0.331,0.257,30,5,28.227957397971842
U0018,P0042,0.3333333333333333,0.316,0.6,1.0,1.0,4.77,4.882801922586371,0.316,0.243,120,5,2.158105756256753
U0018,P0044,0.6666666666666666,0.486,0.2,1.0,1.0,4.51,5.8971538676367405,0.486,0.319,180,5,14.879261469818204
U0018,P0055,0.3333333333333333,0.467,0.6,1.0,1.0,4.22,5.4116460518550396,0.467,0.663,45,5,30.832234474260396
U0018,P0059,0.0,0.254,0.6,1.0,1.0,4.08,4.110873864173311,0.254,0.625,60,5,20.902070242637578
U0018,P0061,0.3333333333333333,0.566,1.0,1.0,1.0,4.46,4.418840607796598,0.566,0.148,180,5,25.546825219451666
U0018,P0070,0.0,0.424,0.6,1.0,1.0,4.47,4.02535169073515,0.424,0.13,30,5,28.50888718070484
U0018,P0073,0.6666666666666666,0.572,0.6,1.0,1.0,4.22,6.439350371100098,0.572,0.563,45,5,6.350812626048558
U0018,P0075,0.0,0.712,0.6,1.0,1.0,4.33,5.857933154483459,0.712,0.88,180,5,22.40052796977396
U0018,P0082,0.0,0.401,0.6,1.0,1.0,4.62,4.5217885770490405,0.401,0.831,180,5,25.308807313017077
U0018,P0085,0.3333333333333333,0.419,0.6,1.0,1.0,3.99,4.605170185988092,0.419,0.631,90,5,14.95782278768062
U0018,P0088,0.6666666666666666,0.689,0.2,1.0,1.0,4.22,6.493753839851686,0.689,0.944,60,5,23.89622560630114
U0018,P0101,0.3333333333333333,0.432,0.2,1.0,1.0,4.26,6.173786103901937,0.432,0.519,120,5,28.624788047744172
U0018,P0103,0.3333333333333333,0.292,0.6,1.0,1.0,3.48,4.382026634673881,0.292,0.671,180,5,29.149292112840843
U0018,P0108,0.6666666666666666,0.819,0.6,1.0,1.0,3.96,6.411818267709897,0.819,0.98,90,5,20.02286119299908
U0018,P0111,0.0,0.602,0.2,1.0,1.0,5.0,3.295836866004329,0.602,0.408,150,5,28.02681209378968
U0018,P0116,0.6666666666666666,0.396,0.6,1.0,1.0,3.77,5.762051382780177,0.396,0.685,120,5,22.709776579922416
U0018,P0124,0.0,0.293,0.6,1.0,1.0,3.89,4.718498871295094,0.293,0.335,60,5,23.398936607375177
U0018,P0127,0.0,0.679,0.6,1.0,1.0,5.0,6.739336627357174,0.679,0.12,60,5,31.306850576253538
U0018,P0134,0.3333333333333333,0.31,1.0,1.0,1.0,4.83,3.784189633918261,0.31,0.18,60,5,24.42211530924937
U0018,P0135,0.6666666666666666,0.602,0.2,1.0,1.0,3.9,5.659482215759621,0.602,0.484,45,5,20.682305339303305
U0018,P0139,0.6666666666666666,0.506,1.0,1.0,1.0,4.19,4.787491742782046,0.506,0.746,60,5,29.44103928704792
U0018,P0147,0.0,0.524,1.0,1.0,1.0,3.83,6.520621127558696,0.524,0.667,45,5,20.753757633900985
U0018,P0148,0.0,0.369,0.2,1.0,1.0,4.26,4.672828834461906,0.369,0.522,150,5,26.97257421143309
U0018,P0173,0.0,0.392,0.6,1.0,1.0,3.89,5.780743515792329,0.392,0.559,120,5,26.12864678914992
U0018,P0176,0.6666666666666666,0.926,0.6,1.0,1.0,4.24,7.271008538280992,0.926,0.719,180,5,11.022940565035162
U0018,P0177,0.0,0.435,1.0,1.0,1.0,4.49,5.308267697401205,0.435,0.097,180,5,17.03617965193427
U0018,P0179,0.6666666666666666,0.479,1.0,1.0,1.0,4.09,5.159055299214529,0.479,0.313,120,5,12.197035269182384
U0018,P0183,0.0,0.634,0.6,1.0,1.0,4.41,5.0238805208462765,0.634,0.366,90,5,25.04291655795005
U0018,P0188,0.3333333333333333,0.334,1.0,1.0,1.0,5.0,4.584967478670572,0.334,0.974,30,5,24.35758732514502
U0018,P0190,0.0,0.572,1.0,1.0,1.0,5.0,4.532599493153256,0.572,0.059,60,5,9.136254949998923
U0018,P0194,0.3333333333333333,1.0,0.6,1.0,1.0,4.25,7.751475318021456,1.0,0.524,45,5,20.077746771616013
U0018,P0195,0.0,0.614,0.6,1.0,1.0,4.53,4.812184355372417,0.614,0.62,60,5,7.3787436459884335
U0018,P0210,0.3333333333333333,0.649,0.2,1.0,1.0,4.63,5.583496308781699,0.649,0.143,120,5,16.90802673241367
U0018,P0217,0.3333333333333333,0.586,0.6,1.0,1.0,3.98,6.361302477572996,0.586,0.507,150,5,18.17010805812622
U0018,P0223,0.6666666666666666,0.679,0.6,1.0,1.0,3.51,6.304448802421981,0.679,0.145,180,5,16.052557713615258
U0018,P0231,0.0,0.548,0.2,1.0,1.0,4.98,5.545177444479562,0.548,0.787,90,5,21.700313567926315
U0018,P0233,0.0,0.487,0.6,1.0,1.0,4.05,5.236441962829949,0.487,0.863,120,5,22.628135198534018
U0018,P0237,0.3333333333333333,0.812,0.2,1.0,1.0,3.42,7.140453043101158,0.812,0.075,90,5,22.16230961578292
U0018,P0239,0.0,0.696,1.0,1.0,1.0,4.36,5.87493073085203,0.696,0.338,90,5,27.75118648065383
U0018,P0241,0.0,0.381,1.0,1.0,1.0,4.04,4.356708826689592,0.381,0.48,180,5,10.850690419857722
U0018,P0243,0.6666666666666666,0.479,1.0,1.0,1.0,3.76,3.8066624897703196,0.479,0.837,30,5,17.02921821033734
U0018,P0244,0.6666666666666666,0.356,0.6,1.0,1.0,3.81,4.204692619390966,0.356,0.545,60,5,18.370125830882834
U0018,P0253,0.0,0.378,1.0,1.0,1.0,3.81,4.919980925828125,0.378,0.065,90,5,20.594176841863366
U0018,P0256,0.0,0.498,1.0,1.0,1.0,4.22,5.442417710521793,0.498,0.745,60,5,23.052220829834724
U0018,P0258,0.0,0.577,0.6,1.0,1.0,3.84,6.406879986069314,0.577,0.355,120,5,16.87034668692902
U0018,P0267,0.6666666666666666,0.562,1.0,1.0,1.0,4.07,4.060443010546419,0.562,0.874,45,5,3.5951539909303336
U0018,P0268,0.0,0.489,0.2,1.0,1.0,3.81,5.560681631015528,0.489,0.985,90,5,7.374849312512226
U0018,P0270,0.0,0.525,1.0,1.0,1.0,4.55,4.812184355372417,0.525,0.652,150,5,9.088383409420103
U0018,P0274,0.6666666666666666,0.406,0.2,1.0,1.0,4.36,5.2574953720277815,0.406,0.249,45,5,7.337065737067439
U0018,P0288,0.0,0.368,1.0,1.0,1.0,4.47,2.8903717578961645,0.368,0.805,120,5,1.6392861133995504
U0018,P0290,0.0,0.654,0.6,1.0,1.0,3.43,6.873163834212518,0.654,0.687,120,5,20.085582408176055
U0018,P0293,0.3333333333333333,0.544,1.0,1.0,1.0,4.18,5.799092654460526,0.544,0.45,30,5,17.450186424960506
U0018,P0298,0.0,0.47,0.6,1.0,1.0,4.57,4.890349128221754,0.47,0.061,150,5,23.089404849239138
U0018,P0299,0.6666666666666666,0.253,0.2,1.0,1.0,3.98,4.330733340286331,0.253,0.864,120,5,18.538899812372968
U0018,P0305,0.3333333333333333,0.946,0.2,1.0,1.0,3.3,7.295735072749282,0.946,0.485,150,5,30.045865521839325
U0018,P0309,0.3333333333333333,0.679,0.2,1.0,1.0,4.15,6.371611847231857,0.679,0.38,150,5,5.874609920732949
U0018,P0321,0.6666666666666666,1.0,0.6,1.0,1.0,3.95,7.503289630675082,1.0,0.512,120,5,19.712959520036716
U0018,P0322,0.0,0.486,1.0,1.0,1.0,3.98,3.713572066704308,0.486,0.203,30,5,24.57630088095142
U0018,P0331,0.6666666666666666,0.516,0.6,1.0,1.0,3.84,4.844187086458591,0.516,0.81,120,5,14.453971970766716
U0018,P0333,0.6666666666666666,0.556,1.0,1.0,1.0,3.78,5.631211781821365,0.556,0.339,45,5,2.704083471496817
U0018,P0337,0.3333333333333333,0.307,0.6,1.0,1.0,3.95,5.056245805348308,0.307,0.719,60,5,35.8921592671067
U0018,P0342,0.0,0.525,0.2,1.0,1.0,3.86,6.089044875446846,0.525,0.867,60,5,25.18666163528615
U0018,P0343,0.0,0.603,0.6,1.0,1.0,3.55,6.3561076606958915,0.603,0.409,180,5,10.33452651192351
U0018,P0352,0.3333333333333333,0.537,0.6,1.0,1.0,3.78,3.828641396489095,0.537,0.292,45,5,25.880498701718995
U0018,P0353,0.6666666666666666,0.648,0.6,1.0,1.0,3.4,6.2285110035911835,0.648,0.752,180,5,11.428938649748781
U0018,P0356,0.0,0.527,0.6,1.0,1.0,4.19,5.384495062789089,0.527,0.839,60,5,15.305835635137091
U0018,P0364,0.3333333333333333,0.416,0.6,1.0,1.0,4.11,5.918893854273146,0.416,0.309,30,5,9.806560823588653
U0018,P0366,0.6666666666666666,0.575,1.0,1.0,1.0,4.19,4.330733340286331,0.575,0.808,150,5,15.647150339972823
U0018,P0372,0.0,0.348,0.2,1.0,1.0,3.82,5.53338948872752,0.348,0.075,30,5,23.586108358612513
U0018,P0375,0.6666666666666666,0.268,0.2,1.0,1.0,3.82,3.828641396489095,0.268,0.914,150,5,29.196659690893707
U0018,P0381,0.6666666666666666,0.43,1.0,1.0,1.0,3.84,5.648974238161206,0.43,0.659,180,5,27.52662079152824
U0018,P0386,0.3333333333333333,0.5,0.6,1.0,1.0,4.42,4.8283137373023015,0.5,0.171,90,5,1.0183257232292116
U0018,P0389,0.3333333333333333,0.55,0.2,1.0,1.0,3.77,5.204006687076795,0.55,0.96,150,5,15.811361764803042
U0018,P0398,0.6666666666666666,0.637,1.0,1.0,1.0,3.61,6.763884908562435,0.637,0.085,180,5,9.396459556651847
U0018,P0402,0.0,0.452,1.0,1.0,1.0,4.14,4.948759890378168,0.452,0.6,45,5,22.22911311400349
U0018,P0412,0.6666666666666666,0.525,1.0,1.0,1.0,5.0,5.0689042022202315,0.525,0.426,150,5,10.01489470759622
U0018,P0413,0.3333333333333333,0.905,1.0,1.0,1.0,3.9,7.24422751560335,0.905,0.439,30,5,2.17523946667402
U0018,P0418,0.0,0.382,1.0,1.0,1.0,4.08,5.783825182329737,0.382,0.239,30,5,10.31933487013345
U0018,P0421,0.6666666666666666,0.666,0.6,1.0,1.0,4.08,6.309918278226516,0.666,0.485,180,5,19.27039443527895
U0018,P0422,0.0,0.498,0.6,1.0,1.0,3.59,5.961005339623274,0.498,0.36,180,5,23.273201824930013
U0018,P0428,0.0,0.53,0.6,1.0,1.0,4.74,4.820281565605037,0.53,0.979,180,5,26.44351938832313
U0018,P0435,0.0,1.0,0.6,1.0,1.0,4.4,7.912423121473705,1.0,0.783,30,5,27.527291948621915
U0018,P0454,0.0,0.507,0.2,1.0,1.0,3.49,6.396929655216146,0.507,0.172,120,5,18.785610476528845
U0018,P0464,0.3333333333333333,0.534,1.0,1.0,1.0,3.85,5.953243334287785,0.534,0.34,60,5,27.151517217673142
U0018,P0465,0.6666666666666666,0.464,0.2,1.0,1.0,4.8,5.424950017481403,0.464,0.131,150,5,17.740041105304236
U0018,P0466,0.3333333333333333,1.0,1.0,1.0,1.0,3.85,7.757478766584179,1.0,0.847,90,5,22.71021690685302
U0018,P0468,0.6666666666666666,0.313,0.6,1.0,1.0,4.3,4.897839799950911,0.313,0.275,30,5,28.56519221642454
U0018,P0470,0.3333333333333333,0.28,0.6,1.0,1.0,4.21,4.8283137373023015,0.28,0.411,45,5,24.645093521425466
U0018,P0474,0.0,0.439,0.6,1.0,1.0,3.41,4.672828834461906,0.439,0.801,30,5,5.780504568745982
U0018,P0481,0.0,0.812,1.0,1.0,1.0,4.39,7.095064377287131,0.812,0.371,150,5,30.3258896087086
U0018,P0496,0.0,0.52,1.0,1.0,1.0,4.19,3.091042453358316,0.52,0.853,90,5,15.406088535895526
U0019,P0001,0.0,0.0,0.6,1.0,1.0,4.32,5.337538079701318,0.32,0.667,30,2,5.481844041644921
U0019,P0010,0.0,1.0,0.6,1.0,1.0,3.69,3.8066624897703196,0.479,0.441,180,2,7.6812058047654626
U0019,P0011,0.0,0.0,0.6,1.0,1.0,4.76,5.231108616854587,0.371,0.868,45,2,10.092024351299312
U0019,P0012,0.0,0.0,0.6,1.0,1.0,4.13,3.8066624897703196,0.301,0.795,90,2,15.841834519220196
U0019,P0017,0.0,0.0,0.6,0.0,1.0,4.09,4.23410650459726,0.428,0.568,90,2,7.974376760298271
U0019,P0019,0.5,0.0,0.6,1.0,1.0,4.19,3.1780538303479458,0.525,0.83,180,2,8.58243290041991
U0019,P0020,0.0,0.0,1.0,1.0,1.0,3.5,5.736572297479192,0.643,0.617,30,2,11.194500485946744
U0019,P0036,0.0,0.0,0.6,1.0,1.0,4.26,7.346010209913293,0.95,0.192,30,2,2.5990930771370793
U0019,P0037,0.0,0.0,0.6,0.0,1.0,4.08,7.3777589082278725,1.0,0.144,120,2,3.8182116613212465
U0019,P0046,0.5,1.0,0.2,1.0,1.0,4.14,6.663132695990803,0.812,0.708,90,2,15.330836328589188
U0019,P0050,0.0,1.0,0.2,0.0,1.0,4.1,5.220355825078324,0.486,0.787,150,2,6.231481580597441
U0019,P0053,0.0,0.0,1.0,1.0,1.0,4.03,5.986452005284438,0.418,0.63,45,2,5.489378677020947
U0019,P0058,0.5,0.0,0.6,1.0,1.0,4.01,5.863631175598097,0.535,0.485,120,2,8.99709523790446
U0019,P0064,0.5,0.0,0.6,1.0,1.0,3.65,4.8283137373023015,0.408,0.155,90,2,9.923455724158616
U0019,P0077,0.5,0.0,1.0,0.0,1.0,3.79,5.780743515792329,0.656,0.068,90,2,11.710783550865541
U0019,P0080,0.5,0.0,1.0,1.0,1.0,3.56,6.289715570908998,0.705,0.73,45,2,9.543126726522482
U0019,P0086,0.5,0.0,1.0,0.0,1.0,3.7,4.5217885770490405,0.474,0.656,120,2,11.845741981963636
U0019,P0087,0.0,1.0,0.2,1.0,1.0,4.07,5.910796644040527,0.392,0.169,90,2,4.924871123893963
U0019,P0104,0.5,0.0,1.0,1.0,1.0,4.33,6.118097198041348,0.635,0.445,45,2,9.091840231643603
U0019,P0110,0.0,0.0,1.0,1.0,1.0,3.88,5.598421958998375,0.397,0.337,150,2,4.541827063669186
U0019,P0119,0.0,0.0,0.6,0.0,1.0,3.19,5.726847747587197,0.593,0.923,150,2,2.9375383982537233
U0019,P0129,0.5,0.0,0.6,1.0,1.0,4.67,4.653960350157523,0.551,0.925,120,2,9.486844890462486
U0019,P0137,0.0,1.0,0.6,1.0,1.0,4.62,5.5134287461649825,0.627,0.357,180,2,10.4800969602852
U0019,P0140,0.0,0.0,1.0,1.0,1.0,4.13,5.043425116919247,0.467,0.645,45,2,16.214692896112947
U0019,P0141,0.5,0.0,1.0,1.0,1.0,4.15,6.295266001439646,0.507,0.666,60,2,13.811030598577247
U0019,P0143,0.0,0.0,1.0,1.0,1.0,5.0,3.1780538303479458,0.308,0.058,180,2,12.058162990590851
U0019,P0156,0.5,1.0,0.2,0.0,1.0,4.0,6.818924065275521,0.86,0.215,60,2,9.036561166380759
U0019,P0158,0.0,1.0,0.2,1.0,1.0,4.69,5.5254529391317835,0.362,0.521,90,2,7.911110316157973
U0019,P0166,0.0,1.0,0.2,1.0,1.0,4.09,4.430816798843313,0.377,0.569,150,2,6.661209697189599
U0019,P0169,0.0,1.0,0.2,1.0,1.0,3.73,5.117993812416755,0.411,0.978,60,2,11.203926240478646
U0019,P0172,0.5,1.0,0.2,0.0,1.0,4.21,4.897839799950911,0.419,0.295,150,2,12.682440151163975
U0019,P0184,0.0,1.0,0.2,1.0,1.0,4.2,5.517452896464707,0.367,0.557,90,2,9.348363143847395
U0019,P0187,0.5,1.0,0.2,1.0,1.0,4.75,6.651571873589727,0.602,0.195,30,2,6.376547923256861
U0019,P0193,0.0,0.0,1.0,0.0,1.0,3.76,5.683579767338681,0.552,0.102,150,2,7.799849909590908
U0019,P0196,0.5,1.0,0.2,1.0,1.0,3.7,6.091309882077698,0.697,0.236,90,2,8.911306194730196
U0019,P0206,0.0,1.0,0.2,1.0,1.0,4.42,4.1588830833596715,0.469,0.718,45,2,5.719320214178658
U0019,P0212,0.5,0.0,1.0,1.0,1.0,3.99,6.666956792429207,0.86,0.663,90,2,11.591390846493846
U0019,P0238,0.0,0.0,1.0,1.0,1.0,4.84,5.204006687076795,0.479,0.867,45,2,14.35763866371319
U0019,P0248,0.5,1.0,0.6,1.0,1.0,4.79,6.148468295917647,0.759,0.562,120,2,2.8673927486902984
U0019,P0251,0.0,1.0,0.2,1.0,1.0,4.52,7.791522819150732,1.0,0.95,45,2,12.781830905857824
U0019,P0252,0.5,0.0,0.6,1.0,1.0,3.47,6.175867270105761,0.566,0.349,150,2,6.922044866960054
U0019,P0254,0.0,1.0,0.2,1.0,1.0,3.83,4.465908118654584,0.391,0.821,45,2,4.207949028943832
U0019,P0260,0.5,1.0,0.6,1.0,1.0,4.14,6.401917196727186,0.669,0.714,180,2,3.526465977293432
U0019,P0263,0.0,1.0,0.6,1.0,1.0,3.76,3.367295829986474,0.32,0.879,90,2,14.770496315695272
U0019,P0272,0.5,0.0,0.6,1.0,1.0,4.34,7.2305631534092925,1.0,0.47,30,2,12.630495537018026
U0019,P0275,0.5,0.0,1.0,0.0,1.0,4.27,4.77912349311153,0.591,0.889,120,2,9.079065250839145
U0019,P0280,0.0,0.0,0.6,0.0,1.0,4.28,4.997212273764115,0.537,0.941,120,2,6.691531756964965
U0019,P0281,0.5,1.0,0.2,1.0,1.0,4.23,7.990576881743923,1.0,0.771,30,2,7.921072968688247
U0019,P0291,0.0,0.0,0.6,1.0,1.0,4.25,5.003946305945459,0.58,0.478,180,2,7.739234381279315
U0019,P0296,0.5,1.0,0.6,1.0,1.0,4.13,4.927253685157205,0.342,0.209,150,2,13.021137175021261
U0019,P0302,0.0,1.0,0.6,1.0,1.0,4.49,7.126890808898808,1.0,0.434,90,2,9.166932665521173
U0019,P0303,0.0,0.0,0.6,1.0,1.0,4.29,7.752335163302292,1.0,0.487,150,2,7.500231839685621
U0019,P0307,0.5,1.0,0.6,1.0,1.0,4.23,4.1588830833596715,0.352,0.184,180,2,8.081800173599847
U0019,P0317,0.5,0.0,1.0,1.0,1.0,4.03,4.990432586778736,0.512,0.102,120,2,10.916061301507078
U0019,P0318,0.0,1.0,0.6,0.0,1.0,3.64,3.5263605246161616,0.245,0.601,60,2,6.44527403309337
U0019,P0320,0.0,1.0,0.2,0.0,1.0,3.52,3.9512437185814275,0.257,0.072,30,2,7.0954052204118225
U0019,P0324,0.0,0.0,1.0,0.0,1.0,2.89,5.438079308923196,0.474,0.684,60,2,14.831502283934773
U0019,P0326,0.5,1.0,0.2,1.0,1.0,4.93,6.852242569051878,0.99,0.062,60,2,14.393859789843939
U0019,P0328,0.0,1.0,0.6,0.0,1.0,5.0,5.572154032177765,0.438,0.843,180,2,10.8377938582248
U0019,P0330,0.5,1.0,0.2,1.0,1.0,4.19,5.327876168789581,0.598,0.205,45,2,11.72820427057904
U0019,P0332,0.5,1.0,0.6,1.0,1.0,4.09,4.852030263919617,0.297,0.955,45,2,9.452382499821937
U0019,P0335,0.0,1.0,0.6,0.0,1.0,2.91,6.810142450115136,0.759,0.945,45,2,10.192860096878743
U0019,P0338,0.5,0.0,0.6,0.0,1.0,3.47,4.574710978503383,0.318,0.942,180,2,6.487470883219354
U0019,P0339,0.5,0.0,0.6,1.0,1.0,3.6,7.602900462204755,1.0,0.852,30,2,3.868734122129364
U0019,P0345,0.0,0.0,0.6,1.0,1.0,4.42,6.035481432524756,0.502,0.356,150,2,6.892637818879947
U0019,P0346,0.0,0.0,0.6,1.0,1.0,3.94,6.891625897052253,0.71,0.595,150,2,10.172824150567392
U0019,P0351,0.5,0.0,0.6,0.0,1.0,3.86,6.759255270663693,0.911,0.546,150,2,15.707370753675395
U0019,P0358,0.5,0.0,0.6,1.0,1.0,4.08,6.824373670043086,0.828,0.55,45,2,11.252653653587904
U0019,P0359,0.0,0.0,0.6,1.0,1.0,4.15,5.683579767338681,0.385,0.23,180,2,11.98824893569984
U0019,P0361,0.5,1.0,0.2,1.0,1.0,4.24,3.4657359027997265,0.315,0.898,120,2,14.714636655831223
U0019,P0367,0.0,1.0,0.6,1.0,1.0,4.28,3.4657359027997265,0.364,0.516,90,2,14.109938392722125
U0019,P0369,0.5,0.0,0.6,0.0,1.0,4.22,6.679599185844383,0.722,0.849,180,2,8.906746091716629
U0019,P0371,0.0,1.0,0.6,1.0,1.0,3.27,3.970291913552122,0.261,0.161,30,2,8.350303651990327
U0019,P0374,0.5,1.0,0.2,1.0,1.0,4.18,4.59511985013459,0.424,0.35,90,2,12.626380896248191
U0019,P0380,0.0,0.0,0.6,0.0,1.0,3.71,6.342121418721152,0.567,0.181,150,2,3.750993628815722
U0019,P0388,0.5,0.0,0.6,1.0,1.0,4.38,3.6375861597263857,0.236,0.587,120,2,8.653309922024384
U0019,P0390,0.5,1.0,0.6,1.0,1.0,4.07,6.246106765481563,0.77,0.068,120,2,10.342590633059961
U0019,P0391,0.0,1.0,0.2,1.0,1.0,4.18,3.912023005428146,0.403,0.413,30,2,8.480314625945706
U0019,P0392,0.5,0.0,0.6,1.0,1.0,4.27,6.234410725718371,0.68,0.354,30,2,6.015788534649461
U0019,P0395,0.5,0.0,1.0,0.0,1.0,4.07,3.5263605246161616,0.234,0.739,150,2,11.40464767132756
U0019,P0399,0.0,1.0,0.2,1.0,1.0,4.08,6.318968113746434,0.659,0.547,150,2,6.616844187372853
U0019,P0400,0.0,0.0,1.0,0.0,1.0,4.11,5.537334267018537,0.362,0.263,120,2,9.100813677750907
U0019,P0403,0.0,1.0,0.2,1.0,1.0,3.9,5.1298987149230735,0.376,0.857,150,2,13.161546140251698
U0019,P0405,0.5,0.0,1.0,1.0,1.0,4.67,4.430816798843313,0.395,0.346,90,2,7.153093690658413
U0019,P0424,0.0,1.0,0.2,1.0,1.0,4.23,8.446556111816797,1.0,0.196,30,2,11.704465419969324
U0019,P0426,0.5,1.0,0.6,1.0,1.0,3.82,4.836281906951478,0.263,0.938,120,2,8.481314827359606
U0019,P0427,0.0,0.0,1.0,1.0,1.0,3.81,6.927557906278317,0.653,0.401,45,2,6.607636920466906
U0019,P0438,0.5,0.0,1.0,1.0,1.0,4.09,7.653494909661253,1.0,0.446,45,2,9.272928304061232
U0019,P0441,0.0,0.0,0.6,1.0,1.0,5.0,4.867534450455582,0.426,0.41,150,2,3.8586231070148087
U0019,P0447,0.0,1.0,0.2,0.0,1.0,4.58,6.903747257584598,0.815,0.525,120,2,12.843696853683358
U0019,P0452,0.5,0.0,0.6,1.0,1.0,4.11,7.034387929915503,1.0,0.161,150,2,0.7834175118752238
U0019,P0455,0.0,0.0,0.6,1.0,1.0,4.39,8.096208271650037,1.0,0.794,150,2,8.396315187845458
U0019,P0462,0.0,0.0,0.6,1.0,1.0,4.16,4.663439094112067,0.492,0.556,150,2,7.95232849207943
U0019,P0463,0.0,1.0,0.6,1.0,1.0,4.64,3.6888794541139363,0.486,0.955,180,2,10.327605793888806
U0019,P0484,0.5,0.0,1.0,1.0,1.0,3.8,7.661527081358517,1.0,0.302,60,2,0.5860308288811578
U0019,P0488,0.0,1.0,0.6,1.0,1.0,3.9,3.258096538021482,0.334,0.777,30,2,9.180846859046106
U0019,P0495,0.5,0.0,0.6,1.0,1.0,4.0,5.53338948872752,0.423,0.22,60,2,13.658946618220504
U0019,P0497,0.0,1.0,0.2,1.0,1.0,3.99,4.68213122712422,0.302,0.419,30,2,11.727450464471044
U0019,P0499,0.0,0.0,1.0,1.0,1.0,4.91,6.269096283706261,0.682,0.5,120,2,8.979958828103952
U0019,P0500,0.0,0.0,0.6,1.0,1.0,3.84,6.18826412308259,0.439,0.839,180,2,4.801438521650704
U0020,P0002,0.3333333333333333,1.0,1.0,0.0,1.0,4.39,7.3277805384216315,0.958,0.624,180,2,22.51563060510108
U0020,P0006,0.3333333333333333,0.0,0.6,1.0,1.0,3.89,4.941642422609304,0.534,0.973,90,2,10.439330250623469
U0020,P0009,0.0,1.0,0.2,1.0,1.0,3.64,5.877735781779639,0.429,0.117,30,2,16.21490090868136
U0020,P0023,0.3333333333333333,1.0,0.6,0.0,1.0,3.43,4.6443908991413725,0.5,0.119,45,2,14.853505995802449
U0020,P0030,0.3333333333333333,0.0,0.6,1.0,1.0,4.25,6.670766320845874,0.706,0.712,150,2,27.20831383195869
U0020,P0033,0.3333333333333333,0.0,0.2,1.0,1.0,4.47,7.1276936993473985,0.868,0.516,90,2,23.32475661582303
U0020,P0035,0.0,1.0,0.6,0.0,1.0,4.26,4.727387818712341,0.39,0.576,60,2,12.503660477180327
U0020,P0045,0.3333333333333333,1.0,0.6,0.0,1.0,3.86,6.118097198041348,0.597,0.412,45,2,11.414429960259485
U0020,P0048,0.0,1.0,0.6,1.0,1.0,3.92,3.7612001156935624,0.3,0.699,90,2,22.052124884414273
U0020,P0049,0.3333333333333333,0.0,0.2,1.0,1.0,4.23,5.814130531825066,0.516,0.337,60,2,16.883468305640474
U0020,P0051,0.0,0.0,1.0,1.0,1.0,3.46,4.997212273764115,0.515,0.445,30,2,23.274468162476136
U0020,P0057,0.3333333333333333,0.0,0.6,1.0,1.0,4.13,8.455955881945048,1.0,0.358,180,2,23.584039460162398
U0020,P0062,0.3333333333333333,0.0,0.6,1.0,1.0,4.73,3.828641396489095,0.553,0.221,180,2,22.439215950459932
U0020,P0071,0.3333333333333333,1.0,0.6,1.0,1.0,4.2,7.069023426578259,1.0,0.694,150,2,16.33119915780402
U0020,P0079,0.0,1.0,0.2,1.0,1.0,4.94,6.07073772800249,0.775,0.405,120,2,11.427011765961531
U0020,P0090,0.0,1.0,0.6,1.0,1.0,3.98,8.764209507142004,1.0,0.626,30,2,16.30048485118269
U0020,P0094,0.3333333333333333,1.0,0.2,0.0,1.0,4.31,5.41610040220442,0.332,0.183,45,2,27.36618593794172
U0020,P0095,0.0,0.0,0.2,1.0,1.0,3.72,3.6888794541139363,0.332,0.704,150,2,15.498199577309315
U0020,P0097,0.0,0.0,1.0,1.0,1.0,4.2,4.007333185232471,0.425,0.334,150,2,29.23861140209748
U0020,P0098,0.3333333333333333,0.0,0.6,1.0,1.0,4.18,5.963579343618446,0.67,0.928,180,2,13.856379900163187
U0020,P0099,0.0,1.0,0.6,1.0,1.0,3.7,5.68697535633982,0.402,0.499,150,2,30.30186276958981
U0020,P0112,0.0,1.0,0.6,1.0,1.0,4.41,3.58351893845611,0.431,0.477,45,2,22.864727289002502
U0020,P0117,0.0,0.0,0.6,1.0,1.0,4.12,4.718498871295094,0.261,0.322,120,2,18.884438987161666
U0020,P0118,0.3333333333333333,0.0,0.2,1.0,1.0,5.0,6.261491684321042,0.616,0.837,90,2,9.573178278585047
U0020,P0130,0.3333333333333333,0.0,0.6,1.0,1.0,4.3,6.429719478039138,0.746,0.857,90,2,19.82573055862965
U0020,P0131,0.3333333333333333,0.0,0.6,1.0,1.0,3.68,5.429345628954441,0.51,0.458,90,2,6.809926166503405
U0020,P0132,0.0,1.0,0.6,1.0,1.0,2.64,4.276666119016055,0.204,0.423,150,2,23.326925319643024
U0020,P0149,0.3333333333333333,1.0,1.0,1.0,1.0,4.5,5.869296913133774,0.567,0.589,60,2,29.368243701158896
U0020,P0153,0.3333333333333333,0.0,0.6,1.0,1.0,4.09,5.641907070938114,0.516,0.316,45,2,27.71796418160165
U0020,P0159,0.3333333333333333,1.0,1.0,1.0,1.0,4.41,5.1298987149230735,0.471,0.661,120,2,24.526511448075382
U0020,P0163,0.3333333333333333,1.0,1.0,1.0,1.0,3.65,4.04305126783455,0.544,0.2,60,2,15.919881917677085
U0020,P0171,0.3333333333333333,1.0,0.6,1.0,1.0,3.73,5.793013608384144,0.62,0.908,90,2,25.52922241525977
U0020,P0178,0.0,0.0,0.6,1.0,1.0,4.09,4.30406509320417,0.464,0.969,120,2,5.888405312448179
U0020,P0182,0.3333333333333333,0.0,0.6,1.0,1.0,4.05,5.983936280687191,0.679,0.895,90,2,18.24481768026187
U0020,P0192,0.3333333333333333,1.0,1.0,1.0,1.0,3.14,4.875197323201151,0.429,0.094,180,2,25.276710897987794
U0020,P0197,0.3333333333333333,0.0,0.6,1.0,1.0,3.51,7.698029170272805,1.0,0.461,120,2,17.83786403164492
U0020,P0203,0.3333333333333333,1.0,1.0,1.0,1.0,3.9,6.248042874508429,0.636,0.722,180,2,13.27868421848549
U0020,P0204,0.3333333333333333,0.0,0.6,1.0,1.0,3.62,5.332718793265369,0.506,0.997,60,2,11.843734816737852
U0020,P0207,0.3333333333333333,1.0,1.0,1.0,1.0,3.41,7.033506484287697,0.876,0.351,120,2,18.75522844451599
U0020,P0213,0.0,1.0,0.6,1.0,1.0,4.39,7.142827401161621,1.0,0.191,120,2,22.486718244505266
U0020,P0218,0.3333333333333333,1.0,0.2,0.0,1.0,4.78,5.5909869805108565,0.417,0.742,45,2,12.53809620872315
U0020,P0219,0.3333333333333333,1.0,1.0,1.0,1.0,4.83,3.8501476017100584,0.321,0.176,150,2,23.097945064083845
U0020,P0221,0.3333333333333333,1.0,0.6,1.0,1.0,4.27,5.4638318050256105,0.587,0.055,180,2,20.606022964094382
U0020,P0230,0.0,0.0,0.2,0.0,1.0,3.85,4.07753744390572,0.455,0.856,150,2,21.618594334817935
U0020,P0234,0.3333333333333333,1.0,0.2,0.0,1.0,4.38,6.410174881966167,0.632,0.141,150,2,10.012423795572506
U0020,P0242,0.3333333333333333,1.0,1.0,1.0,1.0,3.38,5.746203190540153,0.404,0.256,150,2,26.947928940148643
U0020,P0247,0.3333333333333333,1.0,0.6,1.0,1.0,4.13,4.477336814478207,0.441,0.495,120,2,5.246989829762006
U0020,P0264,0.3333333333333333,0.0,0.6,1.0,1.0,3.37,5.560681631015528,0.513,0.178,120,2,36.25122027475161
U0020,P0266,0.3333333333333333,1.0,0.6,0.0,1.0,4.39,3.5263605246161616,0.475,0.495,60,2,23.067529359947404
U0020,P0273,0.0,1.0,1.0,1.0,1.0,2.99,4.553876891600541,0.308,0.631,30,2,9.6867903394195
U0020,P0276,0.3333333333333333,1.0,0.6,1.0,1.0,4.14,5.313205979041787,0.443,0.706,60,2,17.010007794882306
U0020,P0282,0.0,1.0,0.6,1.0,1.0,4.49,5.111987788356544,0.395,0.946,30,2,2.5527833179658113
U0020,P0283,0.3333333333333333,1.0,0.6,1.0,1.0,4.64,5.0106352940962555,0.615,0.616,30,2,13.431115899008228
U0020,P0285,0.3333333333333333,1.0,0.6,1.0,1.0,3.26,5.081404364984463,0.531,0.729,60,2,10.558876478150435
U0020,P0292,0.0,1.0,1.0,0.0,1.0,4.38,8.224967478914584,1.0,0.126,30,2,24.86117148508935
U0020,P0294,0.3333333333333333,1.0,0.6,1.0,1.0,3.89,4.48863636973214,0.435,0.53,150,2,20.92534870146893
U0020,P0295,0.0,1.0,0.6,1.0,1.0,4.47,4.477336814478207,0.493,0.551,60,2,24.153379944676086
U0020,P0304,0.3333333333333333,1.0,0.6,1.0,1.0,3.75,4.007333185232471,0.242,0.997,150,2,14.983198106838719
U0020,P0310,0.3333333333333333,0.0,0.2,1.0,1.0,4.32,5.771441123130016,0.428,0.202,180,2,26.150090674381744
U0020,P0312,0.3333333333333333,1.0,0.6,0.0,1.0,4.95,7.114769448366463,1.0,0.188,90,2,19.67706135203894
U0020,P0313,0.0,0.0,0.6,1.0,1.0,4.82,4.890349128221754,0.312,0.213,120,2,18.161367932235162
U0020,P0316,0.3333333333333333,1.0,1.0,1.0,1.0,3.34,7.335633981927201,0.913,0.226,90,2,14.654800217194559
U0020,P0323,0.3333333333333333,1.0,1.0,1.0,1.0,3.99,5.176149732573829,0.343,0.563,120,2,6.689998711968521
U0020,P0334,0.3333333333333333,1.0,0.2,0.0,1.0,3.99,7.305188215393037,0.896,0.538,180,2,1.851024257042865
U0020,P0340,0.0,0.0,0.6,1.0,1.0,4.52,7.026426808699636,0.966,0.288,90,2,17.063024754968872
U0020,P0341,0.3333333333333333,1.0,1.0,1.0,1.0,4.42,4.1588830833596715,0.303,0.493,120,2,27.84481963922145
U0020,P0360,0.3333333333333333,1.0,0.2,1.0,1.0,3.94,5.43372200355424,0.303,0.452,45,2,27.153792173986808
U0020,P0373,0.0,0.0,0.2,1.0,1.0,4.33,4.634728988229636,0.303,0.241,45,2,20.549481583958844
U0020,P0376,0.0,1.0,1.0,1.0,1.0,3.68,3.8918202981106265,0.447,0.804,30,2,34.10248078637594
U0020,P0377,0.0,1.0,0.6,1.0,1.0,3.66,6.7650389767805414,0.862,0.584,120,2,28.33372409085359
U0020,P0384,0.0,0.0,1.0,1.0,1.0,4.08,7.6251071482389,1.0,0.984,180,2,28.0422112418244
U0020,P0394,0.3333333333333333,1.0,0.6,0.0,1.0,4.48,6.052089168924417,0.603,0.325,90,2,13.386531087378852
U0020,P0396,0.3333333333333333,1.0,1.0,0.0,1.0,4.29,5.749392985908253,0.429,0.628,120,2,30.222085188829308
U0020,P0397,0.0,1.0,0.2,0.0,1.0,4.22,3.970291913552122,0.358,0.712,180,2,21.61363985631349
U0020,P0407,0.3333333333333333,1.0,1.0,1.0,1.0,4.75,5.736572297479192,0.433,0.269,90,2,12.854303732726295
U0020,P0408,0.3333333333333333,1.0,0.2,1.0,1.0,4.56,3.7376696182833684,0.272,0.777,30,2,21.093264941239546
U0020,P0409,0.0,0.0,0.6,1.0,1.0,4.22,6.568077911411976,0.538,0.798,180,2,23.741084810431033
U0020,P0410,0.0,0.0,0.2,1.0,1.0,4.14,6.778784897685177,0.653,0.458,45,2,20.650436385907906
U0020,P0416,0.0,1.0,0.2,0.0,1.0,3.49,4.406719247264253,0.321,0.079,45,2,12.40600554416803
U0020,P0419,0.0,1.0,0.2,1.0,1.0,4.8,4.30406509320417,0.333,0.504,180,2,16.23714676650038
U0020,P0420,0.3333333333333333,1.0,0.6,0.0,1.0,4.54,5.247024072160486,0.408,0.55,30,2,20.939463432123237
U0020,P0425,0.3333333333333333,1.0,0.2,1.0,1.0,3.81,4.867534450455582,0.458,0.137,30,2,9.785520261575323
U0020,P0432,0.3333333333333333,1.0,0.2,1.0,1.0,4.8,7.655390644826152,1.0,0.287,90,2,24.63467619186185
U0020,P0433,0.0,0.0,0.6,1.0,1.0,3.82,5.0369526024136295,0.408,0.412,120,2,27.700917058264366
U0020,P0437,0.3333333333333333,0.0,0.6,1.0,1.0,3.48,4.624972813284271,0.277,0.414,90,2,8.559266282090235
U0020,P0439,0.3333333333333333,1.0,0.6,0.0,1.0,3.87,5.771441123130016,0.536,0.296,45,2,5.5606021262300205
U0020,P0444,0.3333333333333333,0.0,0.6,1.0,1.0,4.36,5.0689042022202315,0.521,0.15,45,2,15.600099227179875
U0020,P0449,0.0,1.0,0.2,1.0,1.0,4.02,5.676753802268282,0.524,0.118,60,2,31.68346597863419
U0020,P0450,0.0,1.0,0.6,0.0,1.0,4.64,4.5217885770490405,0.475,0.236,90,2,19.364782252960275
U0020,P0456,0.3333333333333333,1.0,0.2,1.0,1.0,3.96,5.765191102784844,0.424,0.574,45,2,28.702583041972936
U0020,P0459,0.0,1.0,0.2,1.0,1.0,4.37,5.726847747587197,0.418,0.715,150,2,11.459313681718806
U0020,P0471,0.0,1.0,1.0,1.0,1.0,3.52,6.548219102762372,0.617,0.1,60,2,9.002501086029103
U0020,P0473,0.0,0.0,0.2,1.0,1.0,4.93,4.219507705176107,0.291,0.569,150,2,13.318767276190167
U0020,P0475,0.0,1.0,0.2,1.0,1.0,4.08,5.793013608384144,0.409,0.225,180,2,27.258629759990068
U0020,P0482,0.3333333333333333,1.0,1.0,1.0,1.0,4.19,6.35088571671474,0.687,0.845,30,2,21.003003351935188
U0020,P0483,0.3333333333333333,1.0,0.6,1.0,1.0,4.06,7.228388451573604,0.882,0.367,30,2,6.9024156671761805
U0020,P0485,0.3333333333333333,1.0,1.0,1.0,1.0,4.08,3.784189633918261,0.274,0.507,60,2,8.854769021720102
U0020,P0486,0.0,1.0,0.2,1.0,1.0,4.16,4.6913478822291435,0.46,0.858,90,2,10.607712939741559
U0020,P0487,0.3333333333333333,1.0,0.6,1.0,1.0,4.48,4.718498871295094,0.566,0.161,120,2,24.96440706981532
U0020,P0492,0.0,0.0,0.2,1.0,1.0,3.66,5.44673737166631,0.397,0.349,60,2,6.243072871815874
U0020,P0493,0.3333333333333333,0.0,0.6,1.0,1.0,4.1,4.110873864173311,0.399,0.645,180,2,18.770405108844287
U0020,P0494,0.3333333333333333,1.0,0.2,1.0,1.0,4.78,6.553933404025811,0.866,0.195,180,2,7.891053706067354
U0021,P0002,0.5,0.8779999999999999,0.2,0.0,1.0,4.39,7.3277805384216315,0.958,0.624,180,5,23.47183193619547
U0021,P0006,0.5,0.778,0.6,1.0,1.0,3.89,4.941642422609304,0.534,0.973,90,5,20.15301290662429
U0021,P0009,0.0,0.728,1.0,1.0,1.0,3.64,5.877735781779639,0.429,0.117,30,5,7.007924073888764
U0021,P0023,0.5,0.686,0.6,0.0,1.0,3.43,4.6443908991413725,0.5,0.119,45,5,12.219653645635086
U0021,P0030,0.5,0.85,0.0,1.0,1.0,4.25,6.670766320845874,0.706,0.712,150,5,25.69924994809183
U0021,P0033,0.5,0.8939999999999999,1.0,1.0,1.0,4.47,7.1276936993473985,0.868,0.516,90,5,14.901835418212034
U0021,P0035,0.0,0.852,0.6,0.0,1.0,4.26,4.727387818712341,0.39,0.576,60,5,6.43589393131597
U0021,P0045,0.5,0.772,0.6,0.0,1.0,3.86,6.118097198041348,0.597,0.412,45,5,3.5254731384423104
U0021,P0048,0.0,0.784,0.6,1.0,1.0,3.92,3.7612001156935624,0.3,0.699,90,5,18.19250226840118
U0021,P0049,0.5,0.8460000000000001,1.0,1.0,1.0,4.23,5.814130531825066,0.516,0.337,60,5,7.129991401480983
U0021,P0051,0.0,0.692,0.2,1.0,1.0,3.46,4.997212273764115,0.515,0.445,30,5,13.753454612677817
U0021,P0057,0.5,0.826,0.6,1.0,1.0,4.13,8.455955881945048,1.0,0.358,180,5,15.4613447193481
U0021,P0062,0.5,0.9460000000000001,0.0,1.0,1.0,4.73,3.828641396489095,0.553,0.221,180,5,17.82328622984961
U0021,P0071,0.5,0.8400000000000001,0.0,1.0,1.0,4.2,7.069023426578259,1.0,0.694,150,5,6.579551544815718
U0021,P0079,0.0,0.9880000000000001,1.0,1.0,1.0,4.94,6.07073772800249,0.775,0.405,120,5,16.45088868080777
U0021,P0090,0.0,0.796,0.0,1.0,1.0,3.98,8.764209507142004,1.0,0.626,30,5,6.4406252397148105
U0021,P0094,0.5,0.8619999999999999,1.0,0.0,1.0,4.31,5.41610040220442,0.332,0.183,45,5,18.639624013249186
U0021,P0095,0.0,0.744,1.0,1.0,1.0,3.72,3.6888794541139363,0.332,0.704,150,5,7.35208254048468
U0021,P0097,0.0,0.8400000000000001,0.2,1.0,1.0,4.2,4.007333185232471,0.425,0.334,150,5,23.028508546398403
U0021,P0098,0.5,0.836,0.0,1.0,1.0,4.18,5.963579343618446,0.67,0.928,180,5,4.078109751423932
U0021,P0099,0.0,0.74,0.6,1.0,1.0,3.7,5.68697535633982,0.402,0.499,150,5,21.96394160955107
U0021,P0112,0.0,0.882,0.0,1.0,1.0,4.41,3.58351893845611,0.431,0.477,45,5,21.48979485807209
U0021,P0117,0.0,0.8240000000000001,0.0,1.0,1.0,4.12,4.718498871295094,0.261,0.322,120,5,20.942786328261178
U0021,P0118,0.5,1.0,1.0,1.0,1.0,5.0,6.261491684321042,0.616,0.837,90,5,9.963349548252198
U0021,P0130,0.5,0.86,0.0,1.0,1.0,4.3,6.429719478039138,0.746,0.857,90,5,11.413863744400574
U0021,P0131,0.5,0.736,0.6,1.0,1.0,3.68,5.429345628954441,0.51,0.458,90,5,3.565074293326728
U0021,P0132,0.0,0.528,0.0,1.0,1.0,2.64,4.276666119016055,0.204,0.423,150,5,13.460765663101382
U0021,P0149,0.5,0.9,0.2,1.0,1.0,4.5,5.869296913133774,0.567,0.589,60,5,19.659562331414328
U0021,P0153,0.5,0.818,0.6,1.0,1.0,4.09,5.641907070938114,0.516,0.316,45,5,27.577363972328662
U0021,P0159,0.5,0.882,0.2,1.0,1.0,4.41,5.1298987149230735,0.471,0.661,120,5,20.954794778436483
U0021,P0163,0.5,0.73,0.2,1.0,1.0,3.65,4.04305126783455,0.544,0.2,60,5,15.457292427390206
U0021,P0171,0.5,0.746,0.0,1.0,1.0,3.73,5.793013608384144,0.62,0.908,90,5,15.755423037536051
U0021,P0178,0.0,0.818,0.6,1.0,1.0,4.09,4.30406509320417,0.464,0.969,120,5,5.962744481952824
U0021,P0182,0.5,0.8099999999999999,0.0,1.0,1.0,4.05,5.983936280687191,0.679,0.895,90,5,14.625343988568405
U0021,P0192,0.0,0.628,0.2,1.0,1.0,3.14,4.875197323201151,0.429,0.094,180,5,19.723864863082078
U0021,P0197,0.5,0.702,0.0,1.0,1.0,3.51,7.698029170272805,1.0,0.461,120,5,18.294208408036617
U0021,P0203,0.5,0.78,0.2,1.0,1.0,3.9,6.248042874508429,0.636,0.722,180,5,15.607001671471265
U0021,P0204,0.5,0.724,0.6,1.0,1.0,3.62,5.332718793265369,0.506,0.997,60,5,2.0815840845530054
U0021,P0207,0.0,0.682,0.2,1.0,1.0,3.41,7.033506484287697,0.876,0.351,120,5,20.297207599339636
U0021,P0213,0.0,0.8779999999999999,0.6,1.0,1.0,4.39,7.142827401161621,1.0,0.191,120,5,13.806759243533618
U0021,P0218,0.5,0.9560000000000001,1.0,0.0,1.0,4.78,5.5909869805108565,0.417,0.742,45,5,21.98650238895009
U0021,P0219,0.5,0.966,0.2,1.0,1.0,4.83,3.8501476017100584,0.321,0.176,150,5,21.268139767450382
U0021,P0221,0.5,0.8539999999999999,0.0,1.0,1.0,4.27,5.4638318050256105,0.587,0.055,180,5,12.090393708753059
U0021,P0230,0.0,0.77,1.0,0.0,1.0,3.85,4.07753744390572,0.455,0.856,150,5,14.725087070118578
U0021,P0234,0.5,0.876,1.0,0.0,1.0,4.38,6.410174881966167,0.632,0.141,150,5,8.968779941845606
U0021,P0242,0.5,0.6759999999999999,0.2,1.0,1.0,3.38,5.746203190540153,0.404,0.256,150,5,20.51522056836084
U0021,P0247,0.0,0.826,0.0,1.0,1.0,4.13,4.477336814478207,0.441,0.495,120,5,12.889993665208173
U0021,P0264,0.5,0.674,0.6,1.0,1.0,3.37,5.560681631015528,0.513,0.178,120,5,27.01978139676996
U0021,P0266,0.5,0.8779999999999999,0.6,0.0,1.0,4.39,3.5263605246161616,0.475,0.495,60,5,14.665287200962515
U0021,P0273,0.0,0.5980000000000001,0.2,1.0,1.0,2.99,4.553876891600541,0.308,0.631,30,5,18.543267091220418
U0021,P0276,0.0,0.828,0.0,1.0,1.0,4.14,5.313205979041787,0.443,0.706,60,5,15.80011332014171
U0021,P0282,0.0,0.898,0.6,1.0,1.0,4.49,5.111987788356544,0.395,0.946,30,5,7.81823861164565
U0021,P0283,0.5,0.9279999999999999,0.0,1.0,1.0,4.64,5.0106352940962555,0.615,0.616,30,5,9.608381498254095
U0021,P0285,0.5,0.6519999999999999,0.0,1.0,1.0,3.26,5.081404364984463,0.531,0.729,60,5,16.69423297357192
U0021,P0292,0.0,0.876,0.2,0.0,1.0,4.38,8.224967478914584,1.0,0.126,30,5,15.00806691698821
U0021,P0294,0.0,0.778,0.6,1.0,1.0,3.89,4.48863636973214,0.435,0.53,150,5,12.837835961329194
U0021,P0295,0.0,0.8939999999999999,0.6,1.0,1.0,4.47,4.477336814478207,0.493,0.551,60,5,24.571456875649734
U0021,P0304,0.0,0.75,0.0,1.0,1.0,3.75,4.007333185232471,0.242,0.997,150,5,11.95865635271981
U0021,P0310,0.5,0.8640000000000001,1.0,1.0,1.0,4.32,5.771441123130016,0.428,0.202,180,5,16.283642645063214
U0021,P0312,0.5,0.99,0.0,0.0,1.0,4.95,7.114769448366463,1.0,0.188,90,5,15.582564242323942
U0021,P0313,0.0,0.9640000000000001,0.6,1.0,1.0,4.82,4.890349128221754,0.312,0.213,120,5,13.690415191025377
U0021,P0316,0.5,0.6679999999999999,0.2,1.0,1.0,3.34,7.335633981927201,0.913,0.226,90,5,7.480994908508775
U0021,P0323,0.5,0.798,0.2,1.0,1.0,3.99,5.176149732573829,0.343,0.563,120,5,16.45845249450064
U0021,P0334,0.5,0.798,1.0,0.0,1.0,3.99,7.305188215393037,0.896,0.538,180,5,10.70681897654504
U0021,P0340,0.0,0.9039999999999999,0.0,1.0,1.0,4.52,7.026426808699636,0.966,0.288,90,5,9.88569016455544
U0021,P0341,0.0,0.884,0.2,1.0,1.0,4.42,4.1588830833596715,0.303,0.493,120,5,18.193814883065503
U0021,P0360,0.0,0.788,1.0,1.0,1.0,3.94,5.43372200355424,0.303,0.452,45,5,23.944258005430637
U0021,P0373,0.0,0.866,1.0,1.0,1.0,4.33,4.634728988229636,0.303,0.241,45,5,16.371419853271416
U0021,P0376,0.0,0.736,0.2,1.0,1.0,3.68,3.8918202981106265,0.447,0.804,30,5,25.121096821136508
U0021,P0377,0.0,0.732,0.6,1.0,1.0,3.66,6.7650389767805414,0.862,0.584,120,5,23.508466138667643
U0021,P0384,0.0,0.8160000000000001,0.2,1.0,1.0,4.08,7.6251071482389,1.0,0.984,180,5,26.390118489613542
U0021,P0394,0.5,0.8960000000000001,0.6,0.0,1.0,4.48,6.052089168924417,0.603,0.325,90,5,6.4311898319532075
U0021,P0396,0.5,0.858,0.2,0.0,1.0,4.29,5.749392985908253,0.429,0.628,120,5,20.374624910546313
U0021,P0397,0.0,0.844,1.0,0.0,1.0,4.22,3.970291913552122,0.358,0.712,180,5,14.013298466915918
U0021,P0407,0.5,0.95,0.2,1.0,1.0,4.75,5.736572297479192,0.433,0.269,90,5,9.33526895574552
U0021,P0408,0.5,0.9119999999999999,1.0,1.0,1.0,4.56,3.7376696182833684,0.272,0.777,30,5,16.07531122312314
U0021,P0409,0.0,0.844,0.6,1.0,1.0,4.22,6.568077911411976,0.538,0.798,180,5,17.399554327272313
U0021,P0410,0.0,0.828,1.0,1.0,1.0,4.14,6.778784897685177,0.653,0.458,45,5,13.69826546638578
U0021,P0416,0.0,0.6980000000000001,1.0,0.0,1.0,3.49,4.406719247264253,0.321,0.079,45,5,2.9353137771363094
U0021,P0419,0.0,0.96,1.0,1.0,1.0,4.8,4.30406509320417,0.333,0.504,180,5,18.05499099240172
U0021,P0420,0.5,0.908,0.0,0.0,1.0,4.54,5.247024072160486,0.408,0.55,30,5,12.940883673054792
U0021,P0425,0.0,0.762,1.0,1.0,1.0,3.81,4.867534450455582,0.458,0.137,30,5,16.01111886659011
U0021,P0432,0.5,0.96,1.0,1.0,1.0,4.8,7.655390644826152,1.0,0.287,90,5,14.768841310930465
U0021,P0433,0.0,0.764,0.0,1.0,1.0,3.82,5.0369526024136295,0.408,0.412,120,5,22.093569531482956
U0021,P0437,0.5,0.696,0.0,1.0,1.0,3.48,4.624972813284271,0.277,0.414,90,5,18.22301557363208
U0021,P0439,0.5,0.774,0.0,0.0,1.0,3.87,5.771441123130016,0.536,0.296,45,5,15.37460324456727
U0021,P0444,0.5,0.8720000000000001,0.0,1.0,1.0,4.36,5.0689042022202315,0.521,0.15,45,5,8.152884013388366
U0021,P0449,0.0,0.8039999999999999,1.0,1.0,1.0,4.02,5.676753802268282,0.524,0.118,60,5,22.843789373577337
U0021,P0450,0.0,0.9279999999999999,0.6,0.0,1.0,4.64,4.5217885770490405,0.475,0.236,90,5,14.640969834653058
U0021,P0456,0.5,0.792,1.0,1.0,1.0,3.96,5.765191102784844,0.424,0.574,45,5,19.106915571589443
U0021,P0459,0.0,0.874,1.0,1.0,1.0,4.37,5.726847747587197,0.418,0.715,150,5,15.902416182189707
U0021,P0471,0.0,0.704,0.2,1.0,1.0,3.52,6.548219102762372,0.617,0.1,60,5,15.470124646928697
U0021,P0473,0.0,0.986,1.0,1.0,1.0,4.93,4.219507705176107,0.291,0.569,150,5,16.0653176971083
U0021,P0475,0.0,0.8160000000000001,1.0,1.0,1.0,4.08,5.793013608384144,0.409,0.225,180,5,26.38670769827295
U0021,P0482,0.5,0.8380000000000001,0.2,1.0,1.0,4.19,6.35088571671474,0.687,0.845,30,5,17.15688884525398
U0021,P0483,0.0,0.8119999999999999,0.0,1.0,1.0,4.06,7.228388451573604,0.882,0.367,30,5,12.312806033514612
U0021,P0485,0.5,0.8160000000000001,0.2,1.0,1.0,4.08,3.784189633918261,0.274,0.507,60,5,10.146085733144076
U0021,P0486,0.0,0.8320000000000001,1.0,1.0,1.0,4.16,4.6913478822291435,0.46,0.858,90,5,0.7501104686420704
U0021,P0487,0.5,0.8960000000000001,0.6,1.0,1.0,4.48,4.718498871295094,0.566,0.161,120,5,20.144976272322868
U0021,P0492,0.0,0.732,1.0,1.0,1.0,3.66,5.44673737166631,0.397,0.349,60,5,15.950741468430094
U0021,P0493,0.5,0.82,0.0,1.0,1.0,4.1,4.110873864173311,0.399,0.645,180,5,9.56854332416159
U0021,P0494,0.5,0.9560000000000001,1.0,1.0,1.0,4.78,6.553933404025811,0.866,0.195,180,5,12.980088399253095
U0022,P0004,0.25,0.16900000000000004,0.6,1.0,1.0,4.81,6.421622267806518,0.679,0.831,60,7,17.558091377448335
U0022,P0005,0.5,0.09699999999999998,0.0,1.0,1.0,3.89,6.152732694704104,0.456,0.903,45,7,30.200108024914798
U0022,P0015,0.5,0.15800000000000003,0.6,1.0,1.0,3.83,5.153291594497779,0.446,0.842,45,7,2.7060162214022223
U0022,P0022,0.25,0.644,0.0,1.0,1.0,4.05,5.14166355650266,0.471,0.356,30,7,41.43586281062508
U0022,P0034,0.0,0.836,0.2,1.0,1.0,4.07,6.704414354964107,0.693,0.164,90,7,36.87952757547926
U0022,P0038,0.5,0.519,0.0,1.0,1.0,2.92,6.48768401848461,0.682,0.481,90,7,23.204557136248056
U0022,P0040,0.25,0.784,1.0,1.0,1.0,4.14,3.1354942159291497,0.249,0.216,150,7,51.4943134517072
U0022,P0041,0.5,0.052000000000000046,0.0,1.0,1.0,4.0,5.929589143389895,0.485,0.948,150,7,26.667845889455485
U0022,P0043,0.25,0.477,1.0,1.0,1.0,3.74,4.90527477843843,0.441,0.523,30,7,13.440591384974688
U0022,P0054,0.25,0.43700000000000006,0.6,1.0,1.0,4.95,5.71042701737487,0.693,0.563,45,7,12.611431934534288
U0022,P0056,0.0,0.42400000000000004,1.0,1.0,1.0,3.24,5.472270673671475,0.286,0.576,60,7,24.458287994807307
U0022,P0063,0.25,0.642,1.0,1.0,1.0,4.36,8.128585200374497,1.0,0.358,45,7,28.875524388162834
U0022,P0067,0.5,0.20999999999999996,0.6,1.0,1.0,3.62,6.068425588244111,0.527,0.79,90,7,18.30315051839734
U0022,P0074,0.5,0.728,0.0,1.0,1.0,3.54,3.9318256327243257,0.327,0.272,150,7,43.30910130134039
U0022,P0081,0.0,0.635,0.0,1.0,1.0,3.66,6.4457198193855785,0.555,0.365,180,7,16.81497879702916
U0022,P0083,0.5,0.049000000000000044,0.2,1.0,1.0,4.53,5.996452088619021,0.563,0.951,150,7,35.71801317684574
U0022,P0084,0.5,0.523,0.6,1.0,1.0,4.47,7.776535028185241,1.0,0.477,60,7,22.51483391911521
U0022,P0089,0.0,0.049000000000000044,0.6,1.0,1.0,4.11,7.244941546337007,1.0,0.951,150,7,37.50587484327756
U0022,P0091,0.25,0.365,0.0,1.0,1.0,4.38,4.477336814478207,0.301,0.635,90,7,28.057756306488475
U0022,P0092,0.25,0.48,1.0,1.0,1.0,3.62,6.07993319509559,0.409,0.52,90,7,28.875235833910722
U0022,P0096,0.0,0.21399999999999997,1.0,1.0,1.0,3.9,6.52795791762255,0.569,0.786,90,7,42.76353664147537
U0022,P0102,0.0,0.544,0.2,1.0,1.0,4.59,6.7650389767805414,0.896,0.456,120,7,12.800946468450444
U0022,P0107,0.25,0.02100000000000002,1.0,1.0,1.0,4.53,6.282266746896006,0.812,0.979,90,7,49.35974097743205
U0022,P0115,0.25,0.32799999999999996,0.0,1.0,1.0,3.78,6.317164686747284,0.541,0.672,45,7,39.92907860025496
U0022,P0122,0.25,0.20499999999999996,1.0,1.0,1.0,4.33,6.539585955617669,0.798,0.795,60,7,23.340921104831082
U0022,P0123,0.25,0.614,0.6,1.0,1.0,3.56,5.099866427824199,0.282,0.386,90,7,14.763972800822723
U0022,P0125,0.0,0.33199999999999996,1.0,1.0,1.0,4.89,5.986452005284438,0.755,0.668,60,7,41.52219792167202
U0022,P0126,0.25,0.43200000000000005,0.6,1.0,1.0,3.53,6.602587892189336,0.622,0.568,60,7,41.859884893422795
U0022,P0133,0.25,0.383,0.2,1.0,1.0,3.99,4.007333185232471,0.265,0.617,60,7,21.98497238965971
U0022,P0142,0.0,0.133,1.0,1.0,1.0,4.81,4.02535169073515,0.312,0.867,45,7,17.076521983745742
U0022,P0144,0.0,0.687,0.6,1.0,1.0,4.03,6.206575926724928,0.688,0.313,120,7,28.681208435676698
U0022,P0146,0.5,0.469,1.0,1.0,1.0,4.01,4.912654885736052,0.467,0.531,30,7,28.51951179230161
U0022,P0150,0.5,0.08199999999999996,1.0,1.0,1.0,4.47,6.255750041753367,0.623,0.918,90,7,25.552719805990584
U0022,P0151,0.0,0.14700000000000002,1.0,1.0,1.0,3.73,4.8283137373023015,0.305,0.853,180,7,40.5759483763221
U0022,P0155,0.25,0.521,1.0,1.0,1.0,4.35,5.2574953720277815,0.361,0.479,90,7,8.45626702040183
U0022,P0162,0.5,0.759,1.0,1.0,1.0,3.73,8.01102337918644,1.0,0.241,45,7,20.01289912405086
U0022,P0164,0.5,0.03300000000000003,0.2,1.0,1.0,4.62,6.450470422144176,0.56,0.967,150,7,21.653912017172058
U0022,P0170,0.25,0.15500000000000003,0.2,1.0,1.0,4.29,4.8283137373023015,0.58,0.845,60,7,16.148200929094653
U0022,P0174,0.25,0.903,0.6,1.0,1.0,3.45,3.828641396489095,0.409,0.097,150,7,26.784457997252325
U0022,P0175,0.25,0.771,0.6,1.0,1.0,3.78,5.247024072160486,0.321,0.229,150,7,39.1967762709646
U0022,P0180,0.25,0.5660000000000001,0.2,1.0,1.0,4.25,4.51085950651685,0.491,0.434,150,7,15.915443660494432
U0022,P0181,0.0,0.30400000000000005,1.0,1.0,1.0,4.33,7.3395376954076745,1.0,0.696,150,7,26.388447165945152
U0022,P0185,0.0,0.667,0.2,1.0,1.0,4.14,4.574710978503383,0.359,0.333,30,7,21.005666250547936
U0022,P0189,0.5,0.263,1.0,1.0,1.0,4.49,5.720311776607412,0.596,0.737,30,7,6.108195678700842
U0022,P0191,0.25,0.10799999999999998,1.0,1.0,1.0,3.72,4.787491742782046,0.38,0.892,90,7,43.84485928658915
U0022,P0201,0.0,0.03200000000000003,0.2,1.0,1.0,3.38,4.787491742782046,0.465,0.968,30,7,27.203882583891204
U0022,P0202,0.0,0.911,0.2,1.0,1.0,4.1,5.556828061699537,0.478,0.089,150,7,18.267204663279944
U0022,P0205,0.25,0.18700000000000006,1.0,1.0,1.0,4.15,6.118097198041348,0.546,0.813,120,7,28.239788484946725
U0022,P0211,0.25,0.649,0.0,1.0,1.0,5.0,7.60688453121963,1.0,0.351,120,7,40.27306230158017
U0022,P0215,0.25,0.018000000000000016,0.6,1.0,1.0,4.58,3.4011973816621555,0.423,0.982,180,7,41.688123243816854
U0022,P0224,0.25,0.015000000000000013,0.0,1.0,1.0,4.26,4.382026634673881,0.279,0.985,60,7,17.29453890902541
U0022,P0226,0.25,0.03500000000000003,1.0,1.0,1.0,4.07,6.646390514847729,0.871,0.965,120,7,31.540502695933895
U0022,P0235,0.25,0.509,0.2,1.0,1.0,3.86,4.812184355372417,0.372,0.491,150,7,29.45176026397717
U0022,P0236,0.25,0.13,0.2,1.0,1.0,3.98,2.772588722239781,0.317,0.87,60,7,51.10570904799566
U0022,P0240,0.25,0.5349999999999999,0.0,1.0,1.0,5.0,6.843749949006225,0.951,0.465,120,7,15.281392598024594
U0022,P0245,0.0,0.91,0.0,1.0,1.0,4.86,6.558197802812269,0.673,0.09,45,7,21.26112318999526
U0022,P0246,0.5,0.33799999999999997,0.2,1.0,1.0,4.1,7.27655640271871,1.0,0.662,150,7,47.898085571902655
U0022,P0259,0.5,0.049000000000000044,0.6,1.0,1.0,4.33,4.330733340286331,0.32,0.951,60,7,8.77205007524022
U0022,P0262,0.25,0.726,0.2,1.0,1.0,3.8,6.186208623900494,0.525,0.274,90,7,26.647092493846174
U0022,P0265,0.5,0.69,0.0,1.0,1.0,4.22,4.418840607796598,0.584,0.31,60,7,12.35957376639368
U0022,P0277,0.25,0.821,0.6,1.0,1.0,4.63,5.808142489980444,0.449,0.179,180,7,47.71266583626037
U0022,P0289,0.5,0.6819999999999999,0.2,1.0,1.0,4.21,6.42648845745769,0.804,0.318,30,7,25.37249385797066
U0022,P0297,0.25,0.911,1.0,1.0,1.0,4.32,5.902633333401366,0.481,0.089,180,7,13.62747519164033
U0022,P0301,0.25,0.704,0.0,1.0,1.0,4.44,4.394449154672439,0.296,0.296,120,7,24.966033364600534
U0022,P0308,0.5,0.33099999999999996,0.0,1.0,1.0,5.0,5.655991810819852,0.65,0.669,30,7,21.643770973843004
U0022,P0311,0.25,0.387,0.6,1.0,1.0,3.74,6.066108090103747,0.436,0.613,30,7,33.395438549722776
U0022,P0314,0.5,0.716,0.0,1.0,1.0,3.65,5.351858133476067,0.579,0.284,45,7,22.75108983456487
U0022,P0319,0.25,0.6719999999999999,0.2,1.0,1.0,4.47,5.5909869805108565,0.502,0.328,120,7,28.862265827904086
U0022,P0325,0.5,0.20799999999999996,0.6,1.0,1.0,4.0,6.336825731146441,0.61,0.792,30,7,48.685365211405504
U0022,P0327,0.25,0.01100000000000001,0.0,1.0,1.0,3.98,4.174387269895637,0.483,0.989,90,7,9.945360836079006
U0022,P0336,0.5,0.278,0.2,1.0,1.0,4.66,3.044522437723423,0.302,0.722,180,7,47.781345683736454
U0022,P0344,0.25,0.727,0.2,1.0,1.0,3.99,5.056245805348308,0.403,0.273,90,7,45.0505360625489
U0022,P0349,0.25,0.808,0.2,1.0,1.0,4.25,4.007333185232471,0.525,0.192,150,7,8.243805327326076
U0022,P0350,0.25,0.264,0.6,1.0,1.0,4.52,5.2832037287379885,0.324,0.736,180,7,28.585211254535178
U0022,P0354,0.25,0.75,0.0,1.0,1.0,3.52,7.605890001053122,1.0,0.25,90,7,16.776809990703715
U0022,P0355,0.25,0.378,0.2,1.0,1.0,3.16,7.535830462798367,1.0,0.622,180,7,47.48721947842541
U0022,P0357,0.25,0.737,0.6,1.0,1.0,3.85,5.981414211254481,0.4,0.263,60,7,48.469425533835775
U0022,P0362,0.5,0.683,0.0,1.0,1.0,3.49,6.391917113392602,0.492,0.317,30,7,22.9621752381809
U0022,P0363,0.25,0.503,0.0,1.0,1.0,4.18,5.2832037287379885,0.564,0.497,45,7,28.260934808505763
U0022,P0370,0.25,0.20299999999999996,0.2,1.0,1.0,4.85,6.717804695023691,0.739,0.797,120,7,32.3859635891177
U0022,P0378,0.25,0.135,1.0,1.0,1.0,3.67,8.658866349732383,1.0,0.865,90,7,26.425484728415253
U0022,P0383,0.25,0.10399999999999998,0.6,1.0,1.0,4.62,4.663439094112067,0.311,0.896,120,7,51.01403002427391
U0022,P0385,0.25,0.5589999999999999,1.0,1.0,1.0,3.82,7.675081857716334,1.0,0.441,120,7,13.258460635024283
U0022,P0393,0.25,0.10799999999999998,0.2,1.0,1.0,4.35,6.79794041297493,0.641,0.892,90,7,41.870758271470486
U0022,P0406,0.5,0.759,1.0,1.0,1.0,4.02,4.976733742420574,0.349,0.241,180,7,19.084086357734034
U0022,P0414,0.25,0.763,1.0,1.0,1.0,4.81,4.875197323201151,0.574,0.237,45,7,40.27047958033059
U0022,P0415,0.25,0.010000000000000009,0.2,1.0,1.0,3.91,5.1647859739235145,0.548,0.99,90,7,12.758583952297743
U0022,P0417,0.25,0.8180000000000001,0.0,1.0,1.0,3.65,4.584967478670572,0.493,0.182,150,7,18.448096133824848
U0022,P0423,0.0,0.509,0.6,1.0,1.0,4.17,6.091309882077698,0.546,0.491,30,7,47.4158805177508
U0022,P0429,0.25,0.893,1.0,1.0,1.0,3.73,6.066108090103747,0.596,0.107,30,7,17.071947513000676
U0022,P0430,0.0,0.237,0.2,1.0,1.0,3.85,6.259581464064923,0.474,0.763,60,7,17.028846480795668
U0022,P0431,0.0,0.347,0.2,1.0,1.0,4.19,3.6888794541139363,0.291,0.653,150,7,5.842790621007657
U0022,P0436,0.25,0.05300000000000005,0.2,1.0,1.0,4.02,4.543294782270004,0.464,0.947,150,7,25.34834727446707
U0022,P0442,0.5,0.040000000000000036,0.6,1.0,1.0,3.88,6.75343791859778,0.708,0.96,120,7,13.963234314594446
U0022,P0443,0.25,0.124,0.2,1.0,1.0,4.41,7.716460800176355,1.0,0.876,90,7,40.40483473787091
U0022,P0445,0.25,0.33799999999999997,0.0,1.0,1.0,4.37,6.8308742346461795,0.666,0.662,150,7,38.57571680884377
U0022,P0457,0.5,0.694,1.0,1.0,1.0,4.21,7.393263094763838,1.0,0.306,150,7,40.72397814229565
U0022,P0461,0.0,0.21799999999999997,0.2,1.0,1.0,4.58,4.276666119016055,0.594,0.782,120,7,43.361345349253966
U0022,P0467,0.25,0.049000000000000044,0.2,1.0,1.0,3.45,2.8903717578961645,0.194,0.951,90,7,5.449052949714766
U0022,P0472,0.25,0.635,0.2,1.0,1.0,4.39,5.384495062789089,0.434,0.365,30,7,50.71333838276566
U0022,P0477,0.25,0.823,0.2,1.0,1.0,3.54,7.232733136177615,1.0,0.177,60,7,47.303144245190076
U0022,P0478,0.25,0.754,1.0,1.0,1.0,4.06,6.841615476477592,0.877,0.246,150,7,43.37586424240135
U0022,P0479,0.25,0.771,0.0,1.0,1.0,4.25,6.049733455231958,0.532,0.229,90,7,10.679637818023341
U0022,P0480,0.25,0.9390000000000001,1.0,1.0,1.0,4.36,6.037870919922137,0.555,0.061,90,7,43.36474687457014
U0022,P0491,0.25,0.749,1.0,1.0,1.0,4.45,6.0112671744041615,0.433,0.251,120,7,14.142464451114753
U0022,P0498,0.25,0.376,1.0,1.0,1.0,3.65,5.1647859739235145,0.582,0.624,90,7,10.231662847836985
U0023,P0004,0.0,0.679,0.6,1.0,1.0,4.81,6.421622267806518,0.679,0.831,60,7,27.98514819703005
U0023,P0005,0.25,0.456,0.0,1.0,1.0,3.89,6.152732694704104,0.456,0.903,45,7,38.08270446980688
U0023,P0015,0.25,0.446,0.6,1.0,1.0,3.83,5.153291594497779,0.446,0.842,45,7,28.48889005649532
U0023,P0022,0.25,0.471,0.0,1.0,1.0,4.05,5.14166355650266,0.471,0.356,30,7,30.520684811018313
U0023,P0034,0.25,0.693,0.2,1.0,1.0,4.07,6.704414354964107,0.693,0.164,90,7,31.91782123895555
U0023,P0038,0.25,0.682,0.0,1.0,1.0,2.92,6.48768401848461,0.682,0.481,90,7,8.30739709702223
U0023,P0040,0.0,0.249,1.0,1.0,1.0,4.14,3.1354942159291497,0.249,0.216,150,7,29.21159382642488
U0023,P0041,0.25,0.485,0.0,1.0,1.0,4.0,5.929589143389895,0.485,0.948,150,7,26.164983630236634
U0023,P0043,0.0,0.441,1.0,1.0,1.0,3.74,4.90527477843843,0.441,0.523,30,7,21.05547727537448
U0023,P0054,0.25,0.693,0.6,1.0,1.0,4.95,5.71042701737487,0.693,0.563,45,7,19.763030043774545
U0023,P0056,0.25,0.286,1.0,1.0,1.0,3.24,5.472270673671475,0.286,0.576,60,7,41.70053123841145
U0023,P0063,0.5,1.0,1.0,1.0,1.0,4.36,8.128585200374497,1.0,0.358,45,7,36.15980008424821
U0023,P0067,0.25,0.527,0.6,1.0,1.0,3.62,6.068425588244111,0.527,0.79,90,7,38.875019155692286
U0023,P0074,0.25,0.327,0.0,1.0,1.0,3.54,3.9318256327243257,0.327,0.272,150,7,22.057094486421114
U0023,P0081,0.25,0.555,0.0,1.0,1.0,3.66,6.4457198193855785,0.555,0.365,180,7,36.42760701846032
U0023,P0083,0.25,0.563,0.2,1.0,1.0,4.53,5.996452088619021,0.563,0.951,150,7,19.605855255555525
U0023,P0084,0.25,1.0,0.6,1.0,1.0,4.47,7.776535028185241,1.0,0.477,60,7,4.009334826819196
U0023,P0089,0.25,1.0,0.6,1.0,1.0,4.11,7.244941546337007,1.0,0.951,150,7,15.389307794358592
U0023,P0091,0.25,0.301,0.0,1.0,1.0,4.38,4.477336814478207,0.301,0.635,90,7,31.509292051961275
U0023,P0092,0.0,0.409,1.0,1.0,1.0,3.62,6.07993319509559,0.409,0.52,90,7,31.735393539959308
U0023,P0096,0.25,0.569,1.0,1.0,1.0,3.9,6.52795791762255,0.569,0.786,90,7,32.246471174098865
U0023,P0102,0.25,0.896,0.2,1.0,1.0,4.59,6.7650389767805414,0.896,0.456,120,7,14.494170901993368
U0023,P0107,0.5,0.812,1.0,1.0,1.0,4.53,6.282266746896006,0.812,0.979,90,7,37.03812939820557
U0023,P0115,0.25,0.541,0.0,1.0,1.0,3.78,6.317164686747284,0.541,0.672,45,7,29.727290664878478
U0023,P0122,0.0,0.798,1.0,1.0,1.0,4.33,6.539585955617669,0.798,0.795,60,7,7.7856978705350715
U0023,P0123,0.0,0.282,0.6,1.0,1.0,3.56,5.099866427824199,0.282,0.386,90,7,19.302818589485604
U0023,P0125,0.25,0.755,1.0,1.0,1.0,4.89,5.986452005284438,0.755,0.668,60,7,31.681745997366324
U0023,P0126,0.0,0.622,0.6,1.0,1.0,3.53,6.602587892189336,0.622,0.568,60,7,28.75913215150432
U0023,P0133,0.0,0.265,0.2,1.0,1.0,3.99,4.007333185232471,0.265,0.617,60,7,34.27822908422536
U0023,P0142,0.25,0.312,1.0,1.0,1.0,4.81,4.02535169073515,0.312,0.867,45,7,27.372373446505584
U0023,P0144,0.25,0.688,0.6,1.0,1.0,4.03,6.206575926724928,0.688,0.313,120,7,38.410535367414866
U0023,P0146,0.25,0.467,1.0,1.0,1.0,4.01,4.912654885736052,0.467,0.531,30,7,35.75474669997419
U0023,P0150,0.25,0.623,1.0,1.0,1.0,4.47,6.255750041753367,0.623,0.918,90,7,8.621964654766439
U0023,P0151,0.25,0.305,1.0,1.0,1.0,3.73,4.8283137373023015,0.305,0.853,180,7,40.73343489946499
U0023,P0155,0.0,0.361,1.0,1.0,1.0,4.35,5.2574953720277815,0.361,0.479,90,7,20.80816898041689
U0023,P0162,0.25,1.0,1.0,1.0,1.0,3.73,8.01102337918644,1.0,0.241,45,7,36.73071332816882
U0023,P0164,0.25,0.56,0.2,1.0,1.0,4.62,6.450470422144176,0.56,0.967,150,7,7.390999159871387
U0023,P0170,0.25,0.58,0.2,1.0,1.0,4.29,4.8283137373023015,0.58,0.845,60,7,19.648440305168666
U0023,P0174,0.25,0.409,0.6,1.0,1.0,3.45,3.828641396489095,0.409,0.097,150,7,23.662067645244562
U0023,P0175,0.5,0.321,0.6,1.0,1.0,3.78,5.247024072160486,0.321,0.229,150,7,37.01796181242107
U0023,P0180,0.25,0.491,0.2,1.0,1.0,4.25,4.51085950651685,0.491,0.434,150,7,10.561993636549742
U0023,P0181,0.25,1.0,1.0,1.0,1.0,4.33,7.3395376954076745,1.0,0.696,150,7,38.0690801585095
U0023,P0185,0.25,0.359,0.2,1.0,1.0,4.14,4.574710978503383,0.359,0.333,30,7,27.65180724580008
U0023,P0189,0.25,0.596,1.0,1.0,1.0,4.49,5.720311776607412,0.596,0.737,30,7,27.975680582295368
U0023,P0191,0.0,0.38,1.0,1.0,1.0,3.72,4.787491742782046,0.38,0.892,90,7,43.37677472903135
U0023,P0201,0.25,0.465,0.2,1.0,1.0,3.38,4.787491742782046,0.465,0.968,30,7,15.153531785909223
U0023,P0202,0.25,0.478,0.2,1.0,1.0,4.1,5.556828061699537,0.478,0.089,150,7,38.590691558335784
U0023,P0205,0.0,0.546,1.0,1.0,1.0,4.15,6.118097198041348,0.546,0.813,120,7,37.72082729399355
U0023,P0211,0.0,1.0,0.0,1.0,1.0,5.0,7.60688453121963,1.0,0.351,120,7,33.126720680440066
U0023,P0215,0.5,0.423,0.6,1.0,1.0,4.58,3.4011973816621555,0.423,0.982,180,7,36.58052734413583
U0023,P0224,0.5,0.279,0.0,1.0,1.0,4.26,4.382026634673881,0.279,0.985,60,7,15.02185997711534
U0023,P0226,0.25,0.871,1.0,1.0,1.0,4.07,6.646390514847729,0.871,0.965,120,7,28.878070322061077
U0023,P0235,0.0,0.372,0.2,1.0,1.0,3.86,4.812184355372417,0.372,0.491,150,7,15.76038579394446
U0023,P0236,0.25,0.317,0.2,1.0,1.0,3.98,2.772588722239781,0.317,0.87,60,7,44.670690552509974
U0023,P0240,0.25,0.951,0.0,1.0,1.0,5.0,6.843749949006225,0.951,0.465,120,7,21.971026831177255
U0023,P0245,0.25,0.673,0.0,1.0,1.0,4.86,6.558197802812269,0.673,0.09,45,7,39.853981417590475
U0023,P0246,0.25,1.0,0.2,1.0,1.0,4.1,7.27655640271871,1.0,0.662,150,7,26.802577531524435
U0023,P0259,0.25,0.32,0.6,1.0,1.0,4.33,4.330733340286331,0.32,0.951,60,7,33.04415379107821
U0023,P0262,0.0,0.525,0.2,1.0,1.0,3.8,6.186208623900494,0.525,0.274,90,7,7.287973506949913
U0023,P0265,0.25,0.584,0.0,1.0,1.0,4.22,4.418840607796598,0.584,0.31,60,7,14.812253033720538
U0023,P0277,0.25,0.449,0.6,1.0,1.0,4.63,5.808142489980444,0.449,0.179,180,7,40.40274759062225
U0023,P0289,0.25,0.804,0.2,1.0,1.0,4.21,6.42648845745769,0.804,0.318,30,7,24.970231552976408
U0023,P0297,0.0,0.481,1.0,1.0,1.0,4.32,5.902633333401366,0.481,0.089,180,7,15.758068669596208
U0023,P0301,0.25,0.296,0.0,1.0,1.0,4.44,4.394449154672439,0.296,0.296,120,7,17.75912195823467
U0023,P0308,0.25,0.65,0.0,1.0,1.0,5.0,5.655991810819852,0.65,0.669,30,7,8.295084835868133
U0023,P0311,0.25,0.436,0.6,1.0,1.0,3.74,6.066108090103747,0.436,0.613,30,7,21.480700697323954
U0023,P0314,0.25,0.579,0.0,1.0,1.0,3.65,5.351858133476067,0.579,0.284,45,7,23.23227766926979
U0023,P0319,0.0,0.502,0.2,1.0,1.0,4.47,5.5909869805108565,0.502,0.328,120,7,21.655250347703934
U0023,P0325,0.25,0.61,0.6,1.0,1.0,4.0,6.336825731146441,0.61,0.792,30,7,44.429606205980896
U0023,P0327,0.0,0.483,0.0,1.0,1.0,3.98,4.174387269895637,0.483,0.989,90,7,17.743371550102673
U0023,P0336,0.25,0.302,0.2,1.0,1.0,4.66,3.044522437723423,0.302,0.722,180,7,34.07900192415806
U0023,P0344,0.5,0.403,0.2,1.0,1.0,3.99,5.056245805348308,0.403,0.273,90,7,34.060564365821016
U0023,P0349,0.25,0.525,0.2,1.0,1.0,4.25,4.007333185232471,0.525,0.192,150,7,17.58723657311525
U0023,P0350,0.0,0.324,0.6,1.0,1.0,4.52,5.2832037287379885,0.324,0.736,180,7,23.724167617590524
U0023,P0354,0.25,1.0,0.0,1.0,1.0,3.52,7.605890001053122,1.0,0.25,90,7,26.618717140023968
U0023,P0355,0.25,1.0,0.2,1.0,1.0,3.16,7.535830462798367,1.0,0.622,180,7,28.69996304542344
U0023,P0357,0.0,0.4,0.6,1.0,1.0,3.85,5.981414211254481,0.4,0.263,60,7,43.60825035529166
U0023,P0362,0.25,0.492,0.0,1.0,1.0,3.49,6.391917113392602,0.492,0.317,30,7,41.904913526598634
U0023,P0363,0.25,0.564,0.0,1.0,1.0,4.18,5.2832037287379885,0.564,0.497,45,7,21.944287998873886
U0023,P0370,0.5,0.739,0.2,1.0,1.0,4.85,6.717804695023691,0.739,0.797,120,7,38.444661147159266
U0023,P0378,0.0,1.0,1.0,1.0,1.0,3.67,8.658866349732383,1.0,0.865,90,7,31.7430657068297
U0023,P0383,0.25,0.311,0.6,1.0,1.0,4.62,4.663439094112067,0.311,0.896,120,7,45.39063925807418
U0023,P0385,0.25,1.0,1.0,1.0,1.0,3.82,7.675081857716334,1.0,0.441,120,7,29.811491250682916
U0023,P0393,0.25,0.641,0.2,1.0,1.0,4.35,6.79794041297493,0.641,0.892,90,7,18.481466729126822
U0023,P0406,0.25,0.349,1.0,1.0,1.0,4.02,4.976733742420574,0.349,0.241,180,7,18.369655205041436
U0023,P0414,0.25,0.574,1.0,1.0,1.0,4.81,4.875197323201151,0.574,0.237,45,7,19.563236430912127
U0023,P0415,0.25,0.548,0.2,1.0,1.0,3.91,5.1647859739235145,0.548,0.99,90,7,36.38553906963326
U0023,P0417,0.5,0.493,0.0,1.0,1.0,3.65,4.584967478670572,0.493,0.182,150,7,36.0848381423112
U0023,P0423,0.25,0.546,0.6,1.0,1.0,4.17,6.091309882077698,0.546,0.491,30,7,32.78714961549987
U0023,P0429,0.5,0.596,1.0,1.0,1.0,3.73,6.066108090103747,0.596,0.107,30,7,14.777447580184502
U0023,P0430,0.25,0.474,0.2,1.0,1.0,3.85,6.259581464064923,0.474,0.763,60,7,14.505533126560248
U0023,P0431,0.25,0.291,0.2,1.0,1.0,4.19,3.6888794541139363,0.291,0.653,150,7,27.544652824319147
U0023,P0436,0.5,0.464,0.2,1.0,1.0,4.02,4.543294782270004,0.464,0.947,150,7,39.51012633089591
U0023,P0442,0.25,0.708,0.6,1.0,1.0,3.88,6.75343791859778,0.708,0.96,120,7,18.803713119213317
U0023,P0443,0.5,1.0,0.2,1.0,1.0,4.41,7.716460800176355,1.0,0.876,90,7,33.39976010330892
U0023,P0445,0.25,0.666,0.0,1.0,1.0,4.37,6.8308742346461795,0.666,0.662,150,7,18.95643497954219
U0023,P0457,0.25,1.0,1.0,1.0,1.0,4.21,7.393263094763838,1.0,0.306,150,7,17.673078217018038
U0023,P0461,0.25,0.594,0.2,1.0,1.0,4.58,4.276666119016055,0.594,0.782,120,7,36.01403296900695
U0023,P0467,0.25,0.194,0.2,1.0,1.0,3.45,2.8903717578961645,0.194,0.951,90,7,20.4016047212311
U0023,P0472,0.0,0.434,0.2,1.0,1.0,4.39,5.384495062789089,0.434,0.365,30,7,45.879014620735575
U0023,P0477,0.5,1.0,0.2,1.0,1.0,3.54,7.232733136177615,1.0,0.177,60,7,46.06356576522671
U0023,P0478,0.5,0.877,1.0,1.0,1.0,4.06,6.841615476477592,0.877,0.246,150,7,39.31357559789699
U0023,P0479,0.25,0.532,0.0,1.0,1.0,4.25,6.049733455231958,0.532,0.229,90,7,26.22680748602571
U0023,P0480,0.5,0.555,1.0,1.0,1.0,4.36,6.037870919922137,0.555,0.061,90,7,22.298707406967985
U0023,P0491,0.25,0.433,1.0,1.0,1.0,4.45,6.0112671744041615,0.433,0.251,120,7,12.691329176771973
U0023,P0498,0.0,0.582,1.0,1.0,1.0,3.65,5.1647859739235145,0.582,0.624,90,7,31.057845066751174
U0024,P0002,0.0,1.0,0.6,0.0,1.0,4.39,7.3277805384216315,0.958,0.624,180,7,37.83730793689763
U0024,P0006,0.5,0.0,1.0,1.0,0.0,3.89,4.941642422609304,0.534,0.973,90,7,35.09743478460008
U0024,P0009,0.0,1.0,0.6,1.0,1.0,3.64,5.877735781779639,0.429,0.117,30,7,9.931500312919047
U0024,P0023,0.0,1.0,1.0,0.0,1.0,3.43,4.6443908991413725,0.5,0.119,45,7,26.151021301098936
U0024,P0030,0.5,0.0,0.2,1.0,0.0,4.25,6.670766320845874,0.706,0.712,150,7,37.6260094868416
U0024,P0033,0.0,0.0,0.6,1.0,0.0,4.47,7.1276936993473985,0.868,0.516,90,7,3.3432495985513575
U0024,P0035,0.0,1.0,1.0,0.0,1.0,4.26,4.727387818712341,0.39,0.576,60,7,13.86665640202328
U0024,P0045,0.0,1.0,1.0,0.0,1.0,3.86,6.118097198041348,0.597,0.412,45,7,14.517302966397157
U0024,P0048,0.0,1.0,1.0,1.0,1.0,3.92,3.7612001156935624,0.3,0.699,90,7,14.917809077289366
U0024,P0049,0.0,0.0,0.6,1.0,0.0,4.23,5.814130531825066,0.516,0.337,60,7,10.338018660387617
U0024,P0051,0.0,0.0,0.6,1.0,0.0,3.46,4.997212273764115,0.515,0.445,30,7,13.400406320962869
U0024,P0057,0.0,0.0,1.0,1.0,0.0,4.13,8.455955881945048,1.0,0.358,180,7,19.643959052589313
U0024,P0062,0.0,0.0,0.2,1.0,0.0,4.73,3.828641396489095,0.553,0.221,180,7,27.76626997973783
U0024,P0071,0.0,1.0,0.2,1.0,1.0,4.2,7.069023426578259,1.0,0.694,150,7,13.071767627244771
U0024,P0079,0.0,1.0,0.6,1.0,1.0,4.94,6.07073772800249,0.775,0.405,120,7,26.731955712198765
U0024,P0090,0.0,1.0,0.2,1.0,1.0,3.98,8.764209507142004,1.0,0.626,30,7,12.134333085576314
U0024,P0094,0.5,1.0,0.6,0.0,1.0,4.31,5.41610040220442,0.332,0.183,45,7,2.0445842969215318
U0024,P0095,0.0,0.0,0.6,1.0,0.0,3.72,3.6888794541139363,0.332,0.704,150,7,17.601237329849308
U0024,P0097,0.0,0.0,0.6,1.0,0.0,4.2,4.007333185232471,0.425,0.334,150,7,28.72438334306087
U0024,P0098,0.0,0.0,0.2,1.0,0.0,4.18,5.963579343618446,0.67,0.928,180,7,14.328232717514068
U0024,P0099,0.0,1.0,1.0,1.0,1.0,3.7,5.68697535633982,0.402,0.499,150,7,22.487405367701406
U0024,P0112,0.0,1.0,0.2,1.0,1.0,4.41,3.58351893845611,0.431,0.477,45,7,34.22384655885423
U0024,P0117,0.0,0.0,0.2,1.0,0.0,4.12,4.718498871295094,0.261,0.322,120,7,36.2686814239452
U0024,P0118,0.5,0.0,0.6,1.0,0.0,5.0,6.261491684321042,0.616,0.837,90,7,26.195954366059166
U0024,P0130,0.0,0.0,0.2,1.0,0.0,4.3,6.429719478039138,0.746,0.857,90,7,6.251923038951342
U0024,P0131,0.5,0.0,1.0,1.0,0.0,3.68,5.429345628954441,0.51,0.458,90,7,19.166553624929985
U0024,P0132,0.0,1.0,0.2,1.0,1.0,2.64,4.276666119016055,0.204,0.423,150,7,8.541031638086178
U0024,P0149,0.0,1.0,0.6,1.0,1.0,4.5,5.869296913133774,0.567,0.589,60,7,13.696973309760262
U0024,P0153,0.0,0.0,1.0,1.0,0.0,4.09,5.641907070938114,0.516,0.316,45,7,40.60027666702334
U0024,P0159,0.0,1.0,0.6,1.0,1.0,4.41,5.1298987149230735,0.471,0.661,120,7,31.40585423752327
U0024,P0163,0.0,1.0,0.6,1.0,1.0,3.65,4.04305126783455,0.544,0.2,60,7,19.787583559559973
U0024,P0171,0.5,1.0,0.2,1.0,1.0,3.73,5.793013608384144,0.62,0.908,90,7,11.398845393848527
U0024,P0178,0.0,0.0,1.0,1.0,0.0,4.09,4.30406509320417,0.464,0.969,120,7,20.2672777935197
U0024,P0182,0.0,0.0,0.2,1.0,0.0,4.05,5.983936280687191,0.679,0.895,90,7,26.833505145622965
U0024,P0192,0.5,1.0,0.6,1.0,1.0,3.14,4.875197323201151,0.429,0.094,180,7,11.731166902610745
U0024,P0197,0.0,0.0,0.2,1.0,0.0,3.51,7.698029170272805,1.0,0.461,120,7,32.996538510243106
U0024,P0203,0.5,1.0,0.6,1.0,1.0,3.9,6.248042874508429,0.636,0.722,180,7,23.36749093910858
U0024,P0204,0.5,0.0,1.0,1.0,0.0,3.62,5.332718793265369,0.506,0.997,60,7,14.89058682655385
U0024,P0207,0.5,1.0,0.6,1.0,1.0,3.41,7.033506484287697,0.876,0.351,120,7,35.3987171881642
U0024,P0213,0.0,1.0,1.0,1.0,1.0,4.39,7.142827401161621,1.0,0.191,120,7,17.28854920613614
U0024,P0218,0.5,1.0,0.6,0.0,1.0,4.78,5.5909869805108565,0.417,0.742,45,7,36.24383120869888
U0024,P0219,0.0,1.0,0.6,1.0,1.0,4.83,3.8501476017100584,0.321,0.176,150,7,33.60404788526183
U0024,P0221,0.0,1.0,0.2,1.0,1.0,4.27,5.4638318050256105,0.587,0.055,180,7,5.449087190439143
U0024,P0230,0.0,0.0,0.6,0.0,0.0,3.85,4.07753744390572,0.455,0.856,150,7,7.845845339101369
U0024,P0234,0.0,1.0,0.6,0.0,1.0,4.38,6.410174881966167,0.632,0.141,150,7,18.51204523593242
U0024,P0242,0.0,1.0,0.6,1.0,1.0,3.38,5.746203190540153,0.404,0.256,150,7,9.847344706586833
U0024,P0247,0.5,1.0,0.2,1.0,1.0,4.13,4.477336814478207,0.441,0.495,120,7,29.73802373042765
U0024,P0264,0.5,0.0,1.0,1.0,0.0,3.37,5.560681631015528,0.513,0.178,120,7,22.088491694873927
U0024,P0266,0.5,1.0,1.0,0.0,1.0,4.39,3.5263605246161616,0.475,0.495,60,7,18.487390352117366
U0024,P0273,0.0,1.0,0.6,1.0,1.0,2.99,4.553876891600541,0.308,0.631,30,7,32.2983321983201
U0024,P0276,0.5,1.0,0.2,1.0,1.0,4.14,5.313205979041787,0.443,0.706,60,7,18.81065549049097
U0024,P0282,0.0,1.0,1.0,1.0,1.0,4.49,5.111987788356544,0.395,0.946,30,7,23.430479902652174
U0024,P0283,0.5,1.0,0.2,1.0,1.0,4.64,5.0106352940962555,0.615,0.616,30,7,23.62482684941748
U0024,P0285,0.0,1.0,0.2,1.0,1.0,3.26,5.081404364984463,0.531,0.729,60,7,33.58042368276656
U0024,P0292,0.0,1.0,0.6,0.0,1.0,4.38,8.224967478914584,1.0,0.126,30,7,7.622335620673735
U0024,P0294,0.5,1.0,1.0,1.0,1.0,3.89,4.48863636973214,0.435,0.53,150,7,18.744347915801736
U0024,P0295,0.0,1.0,1.0,1.0,1.0,4.47,4.477336814478207,0.493,0.551,60,7,38.40835392416589
U0024,P0304,0.5,1.0,0.2,1.0,1.0,3.75,4.007333185232471,0.242,0.997,150,7,25.6670005682341
U0024,P0310,0.5,0.0,0.6,1.0,0.0,4.32,5.771441123130016,0.428,0.202,180,7,8.861306679102215
U0024,P0312,0.0,1.0,0.2,0.0,1.0,4.95,7.114769448366463,1.0,0.188,90,7,26.934836051435873
U0024,P0313,0.0,0.0,1.0,1.0,0.0,4.82,4.890349128221754,0.312,0.213,120,7,13.224214119845344
U0024,P0316,0.5,1.0,0.6,1.0,1.0,3.34,7.335633981927201,0.913,0.226,90,7,11.60332232121417
U0024,P0323,0.5,1.0,0.6,1.0,1.0,3.99,5.176149732573829,0.343,0.563,120,7,31.780592298997128
U0024,P0334,0.5,1.0,0.6,0.0,1.0,3.99,7.305188215393037,0.896,0.538,180,7,27.183016224918305
U0024,P0340,0.0,0.0,0.2,1.0,0.0,4.52,7.026426808699636,0.966,0.288,90,7,9.705741109245505
U0024,P0341,0.5,1.0,0.6,1.0,1.0,4.42,4.1588830833596715,0.303,0.493,120,7,13.628591785149444
U0024,P0360,0.5,1.0,0.6,1.0,1.0,3.94,5.43372200355424,0.303,0.452,45,7,34.20762436659954
U0024,P0373,0.0,0.0,0.6,1.0,0.0,4.33,4.634728988229636,0.303,0.241,45,7,13.88762279164779
U0024,P0376,0.0,1.0,0.6,1.0,1.0,3.68,3.8918202981106265,0.447,0.804,30,7,22.004391005809566
U0024,P0377,0.0,1.0,1.0,1.0,1.0,3.66,6.7650389767805414,0.862,0.584,120,7,31.563037710666983
U0024,P0384,0.0,0.0,0.6,1.0,0.0,4.08,7.6251071482389,1.0,0.984,180,7,38.064822584742984
U0024,P0394,0.5,1.0,1.0,0.0,1.0,4.48,6.052089168924417,0.603,0.325,90,7,19.32097487201849
U0024,P0396,0.0,1.0,0.6,0.0,1.0,4.29,5.749392985908253,0.429,0.628,120,7,9.113506261612173
U0024,P0397,0.0,1.0,0.6,0.0,1.0,4.22,3.970291913552122,0.358,0.712,180,7,20.372017597351356
U0024,P0407,0.0,1.0,0.6,1.0,1.0,4.75,5.736572297479192,0.433,0.269,90,7,23.71330765453446
U0024,P0408,0.0,1.0,0.6,1.0,1.0,4.56,3.7376696182833684,0.272,0.777,30,7,26.063761371717963
U0024,P0409,0.0,0.0,1.0,1.0,0.0,4.22,6.568077911411976,0.538,0.798,180,7,9.173013061038883
U0024,P0410,0.0,0.0,0.6,1.0,0.0,4.14,6.778784897685177,0.653,0.458,45,7,8.011274426802869
U0024,P0416,0.0,1.0,0.6,0.0,1.0,3.49,4.406719247264253,0.321,0.079,45,7,15.902035411701743
U0024,P0419,0.0,1.0,0.6,1.0,1.0,4.8,4.30406509320417,0.333,0.504,180,7,33.56720755730989
U0024,P0420,0.5,1.0,0.2,0.0,1.0,4.54,5.247024072160486,0.408,0.55,30,7,5.8396694576398955
U0024,P0425,0.5,1.0,0.6,1.0,1.0,3.81,4.867534450455582,0.458,0.137,30,7,32.91566737315155
U0024,P0432,0.5,1.0,0.6,1.0,1.0,4.8,7.655390644826152,1.0,0.287,90,7,8.39669467053869
U0024,P0433,0.0,0.0,0.2,1.0,0.0,3.82,5.0369526024136295,0.408,0.412,120,7,12.651452797190448
U0024,P0437,0.5,0.0,0.2,1.0,0.0,3.48,4.624972813284271,0.277,0.414,90,7,33.19030322529425
U0024,P0439,0.5,1.0,0.2,0.0,1.0,3.87,5.771441123130016,0.536,0.296,45,7,30.886262494812037
U0024,P0444,0.0,0.0,0.2,1.0,0.0,4.36,5.0689042022202315,0.521,0.15,45,7,10.653945075598415
U0024,P0449,0.0,1.0,0.6,1.0,1.0,4.02,5.676753802268282,0.524,0.118,60,7,21.110165180578182
U0024,P0450,0.0,1.0,1.0,0.0,1.0,4.64,4.5217885770490405,0.475,0.236,90,7,12.701283608587081
U0024,P0456,0.0,1.0,0.6,1.0,1.0,3.96,5.765191102784844,0.424,0.574,45,7,4.9071041244614815
U0024,P0459,0.0,1.0,0.6,1.0,1.0,4.37,5.726847747587197,0.418,0.715,150,7,25.817890398421124
U0024,P0471,0.0,1.0,0.6,1.0,1.0,3.52,6.548219102762372,0.617,0.1,60,7,32.3941156350107
U0024,P0473,0.0,0.0,0.6,1.0,0.0,4.93,4.219507705176107,0.291,0.569,150,7,32.2011024770142
U0024,P0475,0.0,1.0,0.6,1.0,1.0,4.08,5.793013608384144,0.409,0.225,180,7,38.862974279174644
U0024,P0482,0.0,1.0,0.6,1.0,1.0,4.19,6.35088571671474,0.687,0.845,30,7,28.295151065086735
U0024,P0483,0.5,1.0,0.2,1.0,1.0,4.06,7.228388451573604,0.882,0.367,30,7,29.231784345418024
U0024,P0485,0.5,1.0,0.6,1.0,1.0,4.08,3.784189633918261,0.274,0.507,60,7,20.758772440134955
U0024,P0486,0.0,1.0,0.6,1.0,1.0,4.16,4.6913478822291435,0.46,0.858,90,7,16.36239393477084
U0024,P0487,0.5,1.0,1.0,1.0,1.0,4.48,4.718498871295094,0.566,0.161,120,7,29.089493989138504
U0024,P0492,0.0,0.0,0.6,1.0,0.0,3.66,5.44673737166631,0.397,0.349,60,7,32.152554967933106
U0024,P0493,0.5,0.0,0.2,1.0,0.0,4.1,4.110873864173311,0.399,0.645,180,7,7.364352748292127
U0024,P0494,0.5,1.0,0.6,1.0,1.0,4.78,6.553933404025811,0.866,0.195,180,7,29.860715886833614
U0025,P0004,0.0,0.0,1.0,1.0,1.0,4.81,6.421622267806518,0.679,0.831,60,4,25.24534684358681
U0025,P0005,0.3333333333333333,1.0,0.2,1.0,1.0,3.89,6.152732694704104,0.456,0.903,45,4,31.37234833922508
U0025,P0015,0.3333333333333333,1.0,1.0,1.0,1.0,3.83,5.153291594497779,0.446,0.842,45,4,33.74967353910828
U0025,P0022,0.0,0.0,0.2,1.0,1.0,4.05,5.14166355650266,0.471,0.356,30,4,17.79598323643595
U0025,P0034,0.0,1.0,0.6,1.0,1.0,4.07,6.704414354964107,0.693,0.164,90,4,20.7169968375889
U0025,P0038,0.3333333333333333,0.0,0.2,1.0,1.0,2.92,6.48768401848461,0.682,0.481,90,4,8.37518416507861
U0025,P0040,0.0,1.0,0.6,0.0,1.0,4.14,3.1354942159291497,0.249,0.216,150,4,20.34236187400249
U0025,P0041,0.3333333333333333,0.0,0.2,1.0,1.0,4.0,5.929589143389895,0.485,0.948,150,4,18.352745198368474
U0025,P0043,0.0,1.0,0.6,0.0,1.0,3.74,4.90527477843843,0.441,0.523,30,4,31.39503326093415
U0025,P0054,0.0,0.0,1.0,1.0,1.0,4.95,5.71042701737487,0.693,0.563,45,4,29.842750127335627
U0025,P0056,0.0,1.0,0.6,0.0,1.0,3.24,5.472270673671475,0.286,0.576,60,4,39.051591390788985
U0025,P0063,0.3333333333333333,1.0,0.6,1.0,1.0,4.36,8.128585200374497,1.0,0.358,45,4,29.523212007568763
U0025,P0067,0.3333333333333333,0.0,1.0,1.0,1.0,3.62,6.068425588244111,0.527,0.79,90,4,38.533199577470604
U0025,P0074,0.3333333333333333,0.0,0.2,0.0,1.0,3.54,3.9318256327243257,0.327,0.272,150,4,12.121409371983347
U0025,P0081,0.0,0.0,0.2,0.0,1.0,3.66,6.4457198193855785,0.555,0.365,180,4,35.960949305885975
U0025,P0083,0.3333333333333333,1.0,0.6,0.0,1.0,4.53,5.996452088619021,0.563,0.951,150,4,6.676672086151766
U0025,P0084,0.3333333333333333,1.0,1.0,1.0,1.0,4.47,7.776535028185241,1.0,0.477,60,4,12.130737495694163
U0025,P0089,0.0,0.0,1.0,1.0,1.0,4.11,7.244941546337007,1.0,0.951,150,4,7.095001761053395
U0025,P0091,0.0,1.0,0.2,1.0,1.0,4.38,4.477336814478207,0.301,0.635,90,4,24.079244958323404
U0025,P0092,0.0,1.0,0.6,1.0,1.0,3.62,6.07993319509559,0.409,0.52,90,4,23.963667217300035
U0025,P0096,0.0,0.0,0.6,1.0,1.0,3.9,6.52795791762255,0.569,0.786,90,4,19.5199576127901
U0025,P0102,0.0,1.0,0.6,1.0,1.0,4.59,6.7650389767805414,0.896,0.456,120,4,18.437262794598766
U0025,P0107,0.3333333333333333,0.0,0.6,0.0,1.0,4.53,6.282266746896006,0.812,0.979,90,4,24.105935938748928
U0025,P0115,0.0,0.0,0.2,1.0,1.0,3.78,6.317164686747284,0.541,0.672,45,4,17.174333345929355
U0025,P0122,0.0,1.0,0.6,1.0,1.0,4.33,6.539585955617669,0.798,0.795,60,4,8.444237641193038
U0025,P0123,0.0,1.0,1.0,1.0,1.0,3.56,5.099866427824199,0.282,0.386,90,4,30.062272714353433
U0025,P0125,0.0,1.0,0.6,0.0,1.0,4.89,5.986452005284438,0.755,0.668,60,4,19.096208918535346
U0025,P0126,0.0,1.0,1.0,1.0,1.0,3.53,6.602587892189336,0.622,0.568,60,4,15.842764634302547
U0025,P0133,0.0,1.0,0.6,1.0,1.0,3.99,4.007333185232471,0.265,0.617,60,4,30.504005833850613
U0025,P0142,0.0,1.0,0.6,1.0,1.0,4.81,4.02535169073515,0.312,0.867,45,4,24.8192400324425
U0025,P0144,0.0,1.0,1.0,1.0,1.0,4.03,6.206575926724928,0.688,0.313,120,4,32.516674487631064
U0025,P0146,0.3333333333333333,1.0,0.6,0.0,1.0,4.01,4.912654885736052,0.467,0.531,30,4,29.17561634271804
U0025,P0150,0.3333333333333333,0.0,0.6,1.0,1.0,4.47,6.255750041753367,0.623,0.918,90,4,6.077847389853895
U0025,P0151,0.0,1.0,0.6,1.0,1.0,3.73,4.8283137373023015,0.305,0.853,180,4,30.39209876015954
U0025,P0155,0.0,1.0,0.6,0.0,1.0,4.35,5.2574953720277815,0.361,0.479,90,4,29.369745745590173
U0025,P0162,0.3333333333333333,1.0,0.6,0.0,1.0,3.73,8.01102337918644,1.0,0.241,45,4,34.656411988034115
U0025,P0164,0.3333333333333333,1.0,0.6,0.0,1.0,4.62,6.450470422144176,0.56,0.967,150,4,10.37946162218782
U0025,P0170,0.0,1.0,0.6,1.0,1.0,4.29,4.8283137373023015,0.58,0.845,60,4,18.061287230367135
U0025,P0174,0.0,0.0,1.0,1.0,1.0,3.45,3.828641396489095,0.409,0.097,150,4,15.393611722832015
U0025,P0175,0.3333333333333333,1.0,1.0,1.0,1.0,3.78,5.247024072160486,0.321,0.229,150,4,26.214663330938006
U0025,P0180,0.3333333333333333,1.0,0.6,0.0,1.0,4.25,4.51085950651685,0.491,0.434,150,4,20.211872172348208
U0025,P0181,0.0,0.0,0.6,1.0,1.0,4.33,7.3395376954076745,1.0,0.696,150,4,33.18384903172956
U0025,P0185,0.0,1.0,0.6,0.0,1.0,4.14,4.574710978503383,0.359,0.333,30,4,23.08161489468801
U0025,P0189,0.3333333333333333,0.0,0.6,1.0,1.0,4.49,5.720311776607412,0.596,0.737,30,4,30.8242776167135
U0025,P0191,0.0,1.0,0.6,1.0,1.0,3.72,4.787491742782046,0.38,0.892,90,4,32.588002846692525
U0025,P0201,0.0,0.0,0.6,1.0,1.0,3.38,4.787491742782046,0.465,0.968,30,4,6.144982555484198
U0025,P0202,0.0,0.0,0.6,1.0,1.0,4.1,5.556828061699537,0.478,0.089,150,4,38.14831437973843
U0025,P0205,0.0,0.0,0.6,1.0,1.0,4.15,6.118097198041348,0.546,0.813,120,4,31.83269383698015
U0025,P0211,0.0,1.0,0.2,1.0,1.0,5.0,7.60688453121963,1.0,0.351,120,4,21.093253244206746
U0025,P0215,0.3333333333333333,1.0,1.0,1.0,1.0,4.58,3.4011973816621555,0.423,0.982,180,4,24.858627416396914
U0025,P0224,0.3333333333333333,1.0,0.2,1.0,1.0,4.26,4.382026634673881,0.279,0.985,60,4,14.505617138925613
U0025,P0226,0.0,0.0,0.6,1.0,1.0,4.07,6.646390514847729,0.871,0.965,120,4,19.176000155200075
U0025,P0235,0.0,1.0,0.6,1.0,1.0,3.86,4.812184355372417,0.372,0.491,150,4,4.76795975816526
U0025,P0236,0.0,1.0,0.6,1.0,1.0,3.98,2.772588722239781,0.317,0.87,60,4,32.23155045345641
U0025,P0240,0.3333333333333333,1.0,0.2,0.0,1.0,5.0,6.843749949006225,0.951,0.465,120,4,20.463372490218664
U0025,P0245,0.0,0.0,0.2,1.0,1.0,4.86,6.558197802812269,0.673,0.09,45,4,38.22707465715328
U0025,P0246,0.3333333333333333,1.0,0.6,1.0,1.0,4.1,7.27655640271871,1.0,0.662,150,4,16.713686694554916
U0025,P0259,0.3333333333333333,1.0,1.0,1.0,1.0,4.33,4.330733340286331,0.32,0.951,60,4,36.01074100674226
U0025,P0262,0.0,1.0,0.6,1.0,1.0,3.8,6.186208623900494,0.525,0.274,90,4,6.084245520225546
U0025,P0265,0.3333333333333333,0.0,0.2,0.0,1.0,4.22,4.418840607796598,0.584,0.31,60,4,23.915666195625526
U0025,P0277,0.3333333333333333,1.0,1.0,1.0,1.0,4.63,5.808142489980444,0.449,0.179,180,4,27.937930100385092
U0025,P0289,0.3333333333333333,0.0,0.6,1.0,1.0,4.21,6.42648845745769,0.804,0.318,30,4,17.683334654897507
U0025,P0297,0.0,0.0,0.6,1.0,1.0,4.32,5.902633333401366,0.481,0.089,180,4,17.755327597898834
U0025,P0301,0.3333333333333333,1.0,0.2,1.0,1.0,4.44,4.394449154672439,0.296,0.296,120,4,10.347994449934712
U0025,P0308,0.3333333333333333,1.0,0.2,1.0,1.0,5.0,5.655991810819852,0.65,0.669,30,4,9.985555849717466
U0025,P0311,0.3333333333333333,0.0,1.0,1.0,1.0,3.74,6.066108090103747,0.436,0.613,30,4,9.319539970099283
U0025,P0314,0.3333333333333333,0.0,0.2,1.0,1.0,3.65,5.351858133476067,0.579,0.284,45,4,17.283430082776395
U0025,P0319,0.0,0.0,0.6,1.0,1.0,4.47,5.5909869805108565,0.502,0.328,120,4,11.870826990179802
U0025,P0325,0.3333333333333333,1.0,1.0,1.0,1.0,4.0,6.336825731146441,0.61,0.792,30,4,32.47030125873453
U0025,P0327,0.0,1.0,0.2,1.0,1.0,3.98,4.174387269895637,0.483,0.989,90,4,26.400075272304782
U0025,P0336,0.3333333333333333,1.0,0.6,1.0,1.0,4.66,3.044522437723423,0.302,0.722,180,4,21.172529158290857
U0025,P0344,0.3333333333333333,1.0,0.6,1.0,1.0,3.99,5.056245805348308,0.403,0.273,90,4,21.22498472468452
U0025,P0349,0.0,1.0,0.6,1.0,1.0,4.25,4.007333185232471,0.525,0.192,150,4,23.56021933898304
U0025,P0350,0.0,1.0,1.0,1.0,1.0,4.52,5.2832037287379885,0.324,0.736,180,4,14.446425118488376
U0025,P0354,0.0,0.0,0.2,1.0,1.0,3.52,7.605890001053122,1.0,0.25,90,4,24.163027926393703
U0025,P0355,0.0,1.0,0.6,1.0,1.0,3.16,7.535830462798367,1.0,0.622,180,4,16.99822624692095
U0025,P0357,0.0,0.0,1.0,0.0,1.0,3.85,5.981414211254481,0.4,0.263,60,4,31.539528894830607
U0025,P0362,0.3333333333333333,1.0,0.2,0.0,1.0,3.49,6.391917113392602,0.492,0.317,30,4,40.16971230633324
U0025,P0363,0.3333333333333333,1.0,0.2,1.0,1.0,4.18,5.2832037287379885,0.564,0.497,45,4,12.561892760843385
U0025,P0370,0.3333333333333333,0.0,0.6,1.0,1.0,4.85,6.717804695023691,0.739,0.797,120,4,30.83451595718233
U0025,P0378,0.0,0.0,0.6,1.0,1.0,3.67,8.658866349732383,1.0,0.865,90,4,25.165789595371553
U0025,P0383,0.0,1.0,1.0,1.0,1.0,4.62,4.663439094112067,0.311,0.896,120,4,33.086418403407926
U0025,P0385,0.3333333333333333,1.0,0.6,1.0,1.0,3.82,7.675081857716334,1.0,0.441,120,4,29.457649055301463
U0025,P0393,0.0,1.0,0.6,1.0,1.0,4.35,6.79794041297493,0.641,0.892,90,4,11.796818001533229
U0025,P0406,0.3333333333333333,0.0,0.6,1.0,1.0,4.02,4.976733742420574,0.349,0.241,180,4,15.138837862812638
U0025,P0414,0.0,1.0,0.6,1.0,1.0,4.81,4.875197323201151,0.574,0.237,45,4,9.075254966135587
U0025,P0415,0.3333333333333333,1.0,0.6,1.0,1.0,3.91,5.1647859739235145,0.548,0.99,90,4,38.37865670547744
U0025,P0417,0.3333333333333333,1.0,0.2,1.0,1.0,3.65,4.584967478670572,0.493,0.182,150,4,34.62342779518641
U0025,P0423,0.0,1.0,1.0,1.0,1.0,4.17,6.091309882077698,0.546,0.491,30,4,19.945409365374335
U0025,P0429,0.3333333333333333,0.0,0.6,1.0,1.0,3.73,6.066108090103747,0.596,0.107,30,4,14.596955893409897
U0025,P0430,0.0,1.0,0.6,0.0,1.0,3.85,6.259581464064923,0.474,0.763,60,4,14.540783509154496
U0025,P0431,0.0,1.0,0.6,1.0,1.0,4.19,3.6888794541139363,0.291,0.653,150,4,30.471695057286937
U0025,P0436,0.3333333333333333,1.0,0.6,1.0,1.0,4.02,4.543294782270004,0.464,0.947,150,4,35.60319614099177
U0025,P0442,0.3333333333333333,1.0,1.0,0.0,1.0,3.88,6.75343791859778,0.708,0.96,120,4,18.89949370296927
U0025,P0443,0.3333333333333333,1.0,0.6,1.0,1.0,4.41,7.716460800176355,1.0,0.876,90,4,21.3839482393508
U0025,P0445,0.0,0.0,0.2,1.0,1.0,4.37,6.8308742346461795,0.666,0.662,150,4,7.452143618822699
U0025,P0457,0.3333333333333333,1.0,0.6,1.0,1.0,4.21,7.393263094763838,1.0,0.306,150,4,10.509022649660075
U0025,P0461,0.0,1.0,0.6,1.0,1.0,4.58,4.276666119016055,0.594,0.782,120,4,23.735927430088857
U0025,P0467,0.0,1.0,0.6,1.0,1.0,3.45,2.8903717578961645,0.194,0.951,90,4,26.00844531992328
U0025,P0472,0.0,1.0,0.6,0.0,1.0,4.39,5.384495062789089,0.434,0.365,30,4,33.72532231190486
U0025,P0477,0.3333333333333333,0.0,0.6,1.0,1.0,3.54,7.232733136177615,1.0,0.177,60,4,34.848620729611895
U0025,P0478,0.3333333333333333,1.0,0.6,1.0,1.0,4.06,6.841615476477592,0.877,0.246,150,4,27.695642839119408
U0025,P0479,0.3333333333333333,1.0,0.2,0.0,1.0,4.25,6.049733455231958,0.532,0.229,90,4,26.83678767038654
U0025,P0480,0.3333333333333333,1.0,0.6,0.0,1.0,4.36,6.037870919922137,0.555,0.061,90,4,12.167753885431418
U0025,P0491,0.0,1.0,0.6,1.0,1.0,4.45,6.0112671744041615,0.433,0.251,120,4,22.098218624265353
U0025,P0498,0.0,1.0,0.6,1.0,1.0,3.65,5.1647859739235145,0.582,0.624,90,4,32.45274843816865
U0026,P0003,0.0,0.0,1.0,1.0,1.0,3.99,5.220355825078324,0.514,0.481,180,2,31.886078175128205
U0026,P0007,0.5,0.0,0.6,1.0,1.0,4.21,3.2188758248682006,0.399,0.203,30,2,24.88838095632783
U0026,P0008,0.0,1.0,1.0,1.0,1.0,3.32,4.8283137373023015,0.252,0.572,90,2,8.199478852016785
U0026,P0014,0.0,0.0,0.0,1.0,1.0,3.58,5.953243334287785,0.582,0.426,120,2,4.640597971172998
U0026,P0016,0.5,0.0,0.6,1.0,1.0,3.83,7.723120092266331,1.0,0.53,120,2,45.00286521385734
U0026,P0026,0.0,0.0,0.0,1.0,1.0,4.25,5.043425116919247,0.424,0.781,120,2,27.150176183940875
U0026,P0031,0.0,0.0,0.0,1.0,1.0,3.88,5.278114659230517,0.57,0.464,30,2,15.990732375765162
U0026,P0032,0.0,0.0,0.2,1.0,1.0,3.6,4.07753744390572,0.515,0.858,45,2,11.394564692018488
U0026,P0039,0.5,1.0,1.0,1.0,1.0,4.14,5.14166355650266,0.304,0.168,180,2,34.97439774658765
U0026,P0047,0.0,0.0,0.6,1.0,1.0,3.78,5.111987788356544,0.484,0.719,60,2,12.268115118122116
U0026,P0052,0.0,1.0,1.0,1.0,1.0,3.95,4.543294782270004,0.403,0.969,30,2,38.01416595875192
U0026,P0060,0.5,1.0,1.0,1.0,1.0,4.61,6.403574197934815,0.611,0.137,60,2,34.97299229068007
U0026,P0065,0.5,0.0,0.2,1.0,1.0,4.14,4.897839799950911,0.598,0.459,180,2,2.910926356730103
U0026,P0066,0.5,1.0,0.0,1.0,1.0,3.4,5.583496308781699,0.612,0.325,180,2,7.328451705746216
U0026,P0068,0.5,1.0,0.2,1.0,1.0,3.69,7.360103972989152,0.96,0.491,120,2,3.114100592751174
U0026,P0069,0.0,1.0,0.2,1.0,1.0,3.75,5.117993812416755,0.44,0.662,60,2,42.429128775020835
U0026,P0072,0.0,0.0,0.6,1.0,1.0,3.38,5.723585101952381,0.515,0.687,30,2,14.530122877864333
U0026,P0076,0.0,0.0,0.6,1.0,1.0,4.21,5.916202062607435,0.663,0.995,60,2,38.24670050857101
U0026,P0078,0.0,0.0,0.0,1.0,1.0,4.23,4.6443908991413725,0.481,0.066,120,2,37.99204679553909
U0026,P0093,0.0,0.0,0.0,1.0,1.0,4.0,6.3578422665081,0.477,0.776,120,2,6.059575956148259
U0026,P0100,0.0,0.0,0.2,1.0,1.0,4.13,4.143134726391533,0.347,0.858,150,2,13.185444802127376
U0026,P0105,0.5,1.0,0.2,1.0,1.0,4.33,10.12330558042176,1.0,0.56,120,2,21.52091593032698
U0026,P0106,0.0,0.0,1.0,1.0,1.0,4.36,6.862757913051401,0.806,0.343,120,2,17.414916498558974
U0026,P0109,0.0,0.0,1.0,1.0,1.0,3.75,5.220355825078324,0.554,0.618,90,2,28.68445104635861
U0026,P0113,0.5,1.0,0.0,1.0,1.0,3.89,6.806829360392176,0.674,0.76,60,2,12.680322532111402
U0026,P0114,0.5,1.0,0.2,1.0,1.0,4.13,4.219507705176107,0.328,0.848,120,2,28.567115310062682
U0026,P0120,0.0,0.0,1.0,1.0,1.0,3.8,6.523562306149512,0.833,0.586,120,2,42.59673123074359
U0026,P0121,0.0,1.0,1.0,1.0,1.0,3.74,5.365976015021851,0.436,0.97,180,2,42.03700797300127
U0026,P0128,0.0,0.0,0.2,1.0,1.0,3.42,4.919980925828125,0.29,0.765,120,2,11.606721170582862
U0026,P0136,0.0,0.0,0.6,1.0,1.0,4.75,3.784189633918261,0.603,0.869,30,2,17.836884474722137
U0026,P0138,0.5,0.0,0.6,1.0,1.0,3.66,6.056784013228625,0.462,0.599,150,2,9.938383746476799
U0026,P0145,0.5,0.0,0.0,1.0,1.0,4.23,4.7535901911063645,0.367,0.117,30,2,23.617237635601402
U0026,P0152,0.0,0.0,0.0,1.0,1.0,4.44,6.2324480165505225,0.8,0.056,180,2,31.52870109321797
U0026,P0154,0.0,0.0,1.0,1.0,1.0,4.67,4.795790545596741,0.495,0.349,30,2,11.11274500498282
U0026,P0157,0.5,1.0,1.0,1.0,1.0,4.47,6.476972362889683,0.806,0.662,45,2,9.111768294951462
U0026,P0160,0.0,0.0,0.2,1.0,1.0,4.25,5.3471075307174685,0.369,0.992,60,2,32.90096658758268
U0026,P0161,0.5,1.0,0.2,1.0,1.0,4.14,6.214608098422191,0.759,0.391,180,2,14.583575584534932
U0026,P0165,0.0,1.0,0.6,1.0,1.0,4.38,6.255750041753367,0.574,0.657,60,2,42.36267927532156
U0026,P0167,0.5,1.0,0.2,1.0,1.0,4.13,4.6913478822291435,0.346,0.57,30,2,9.021957414533206
U0026,P0168,0.0,0.0,0.2,1.0,1.0,4.54,5.327876168789581,0.391,0.678,45,2,14.73698235094461
U0026,P0186,0.0,1.0,0.6,1.0,1.0,4.11,6.09807428216624,0.737,0.747,180,2,20.995455586823393
U0026,P0198,0.0,0.0,0.0,1.0,1.0,4.63,4.941642422609304,0.637,0.815,150,2,42.244040443607766
U0026,P0199,0.5,0.0,0.2,1.0,1.0,3.33,7.1252830915107115,1.0,0.773,45,2,14.900748082583972
U0026,P0200,0.0,0.0,0.0,1.0,1.0,4.05,6.985641817639208,0.739,0.699,150,2,32.230341656924715
U0026,P0208,0.0,0.0,0.2,1.0,1.0,4.25,4.605170185988092,0.469,0.557,60,2,23.57919137178752
U0026,P0209,0.5,0.0,1.0,1.0,1.0,4.8,5.641907070938114,0.368,0.754,120,2,2.512295871723179
U0026,P0214,0.5,0.0,0.6,1.0,1.0,3.67,6.324358962381311,0.731,0.588,180,2,21.694647691155552
U0026,P0216,0.5,0.0,0.2,1.0,1.0,3.57,3.091042453358316,0.32,0.893,45,2,20.58170429717292
U0026,P0220,0.0,0.0,0.0,1.0,1.0,3.33,5.43372200355424,0.5,0.091,120,2,38.60866228053136
U0026,P0222,0.0,0.0,0.6,1.0,1.0,3.17,5.393627546352362,0.406,0.312,120,2,17.672701569315272
U0026,P0225,0.0,0.0,1.0,1.0,1.0,3.87,4.23410650459726,0.498,0.05,120,2,27.182297771093925
U0026,P0227,0.5,1.0,1.0,1.0,1.0,3.66,6.1070228877422545,0.561,0.596,60,2,28.234753840378218
U0026,P0228,0.0,0.0,0.0,1.0,1.0,3.86,4.553876891600541,0.276,0.81,30,2,16.47817771433074
U0026,P0229,0.0,0.0,0.2,1.0,1.0,4.05,4.2626798770413155,0.358,0.524,120,2,41.04797119841869
U0026,P0232,0.0,0.0,1.0,1.0,1.0,3.79,5.75890177387728,0.446,0.632,120,2,47.153114260083065
U0026,P0249,0.0,0.0,1.0,1.0,1.0,3.63,5.272999558563747,0.561,0.592,45,2,31.992115288425833
U0026,P0250,0.5,0.0,0.0,1.0,1.0,3.71,3.8501476017100584,0.531,0.941,180,2,16.33764416079833
U0026,P0255,0.5,1.0,1.0,1.0,1.0,4.12,4.51085950651685,0.455,0.926,60,2,16.755654075300004
U0026,P0257,0.0,0.0,1.0,1.0,1.0,3.99,4.418840607796598,0.403,0.785,150,2,9.077159296776479
U0026,P0261,0.0,0.0,1.0,1.0,1.0,3.35,6.152732694704104,0.515,0.27,60,2,31.875068854839576
U0026,P0269,0.0,0.0,0.0,1.0,1.0,3.71,5.043425116919247,0.358,0.158,30,2,26.156910599994806
U0026,P0271,0.0,0.0,0.6,1.0,1.0,4.48,4.1588830833596715,0.309,0.963,45,2,44.45359181287875
U0026,P0278,0.0,1.0,1.0,1.0,1.0,4.25,5.0106352940962555,0.352,0.372,150,2,30.6918611651377
U0026,P0279,0.0,0.0,0.2,1.0,1.0,3.88,4.983606621708336,0.404,0.337,90,2,11.507258651140582
U0026,P0284,0.0,1.0,0.0,1.0,1.0,3.18,4.290459441148391,0.225,0.636,60,2,35.97383613305736
U0026,P0286,0.0,0.0,0.6,1.0,1.0,4.11,7.512071245835466,1.0,0.981,90,2,27.487288014423086
U0026,P0287,0.5,1.0,1.0,1.0,1.0,4.25,5.241747015059643,0.585,0.783,45,2,43.81167765422894
U0026,P0300,0.0,0.0,0.2,1.0,1.0,3.9,5.953243334287785,0.637,0.414,150,2,36.16430118443686
U0026,P0306,0.5,1.0,0.6,1.0,1.0,4.39,5.43372200355424,0.327,0.844,150,2,39.42540066285538
U0026,P0315,0.5,1.0,1.0,1.0,1.0,4.13,6.813444599510896,0.765,0.581,90,2,21.702101939512286
U0026,P0329,0.0,0.0,1.0,1.0,1.0,4.11,5.472270673671475,0.541,0.163,60,2,46.172014899228266
U0026,P0347,0.0,0.0,1.0,1.0,1.0,3.61,6.240275845170769,0.639,0.289,60,2,17.92024845920016
U0026,P0348,0.0,0.0,0.0,1.0,1.0,4.37,5.1298987149230735,0.388,0.489,150,2,23.682867031813426
U0026,P0365,0.0,0.0,0.2,1.0,1.0,3.86,4.574710978503383,0.475,0.357,150,2,42.12723258656136
U0026,P0368,0.0,0.0,0.0,1.0,1.0,4.56,6.068425588244111,0.516,0.462,120,2,14.238775968423596
U0026,P0379,0.0,0.0,0.0,1.0,1.0,4.32,5.723585101952381,0.62,0.856,90,2,12.542207371269217
U0026,P0382,0.5,0.0,1.0,1.0,1.0,5.0,5.389071729816501,0.638,0.643,120,2,13.143600949568688
U0026,P0387,0.0,0.0,0.0,1.0,1.0,4.38,6.668228248417403,0.611,0.406,60,2,44.437031604250386
U0026,P0401,0.0,0.0,0.6,1.0,1.0,4.52,4.882801922586371,0.627,0.644,90,2,37.12150771792919
U0026,P0404,0.0,0.0,0.0,1.0,1.0,4.2,4.927253685157205,0.58,0.541,120,2,21.222727308553736
U0026,P0411,0.5,1.0,0.0,1.0,1.0,3.87,7.191429330036379,0.864,0.888,30,2,34.346532045625956
U0026,P0434,0.0,0.0,1.0,1.0,1.0,4.23,5.902633333401366,0.492,0.526,150,2,22.940388203188547
U0026,P0440,0.0,0.0,0.2,1.0,1.0,4.09,6.926577033222725,0.673,0.764,45,2,41.869922238527394
U0026,P0446,0.0,0.0,0.2,1.0,1.0,4.47,6.1092475827643655,0.685,0.598,45,2,39.9617844433153
U0026,P0448,0.5,0.0,1.0,1.0,1.0,4.72,6.278521424165844,0.571,0.408,180,2,16.590428328547155
U0026,P0451,0.0,0.0,0.0,1.0,1.0,4.27,5.030437921392435,0.345,0.646,30,2,4.430474422264224
U0026,P0453,0.5,1.0,0.6,1.0,1.0,4.19,5.556828061699537,0.46,0.913,150,2,11.049973234753953
U0026,P0458,0.0,0.0,1.0,1.0,1.0,4.06,5.8377304471659395,0.451,0.395,120,2,35.369912610296126
U0026,P0460,0.0,0.0,0.0,1.0,1.0,3.9,5.733341276897746,0.541,0.41,60,2,3.2166226344389925
U0026,P0469,0.0,0.0,0.6,1.0,1.0,3.64,6.35088571671474,0.695,0.285,45,2,32.58988188331941
U0026,P0476,0.0,0.0,0.2,1.0,1.0,3.99,5.924255797414532,0.561,0.945,45,2,13.08473004747879
U0026,P0489,0.5,0.0,1.0,1.0,1.0,3.9,2.6390573296152584,0.509,0.951,30,2,29.509109944317203
U0026,P0490,0.5,0.0,0.6,1.0,1.0,3.39,6.413458957167357,0.584,0.85,30,2,38.285344478983305
U0027,P0003,0.0,0.0,0.2,1.0,1.0,3.99,5.220355825078324,0.514,0.481,180,7,39.25201782360325
U0027,P0007,0.0,0.0,0.6,1.0,1.0,4.21,3.2188758248682006,0.399,0.203,30,7,34.30695321537511
U0027,P0008,0.5,1.0,0.2,1.0,1.0,3.32,4.8283137373023015,0.252,0.572,90,7,32.71668189081144
U0027,P0014,0.0,0.0,0.6,1.0,1.0,3.58,5.953243334287785,0.582,0.426,120,7,20.43270475092132
U0027,P0016,0.0,0.0,0.6,0.0,1.0,3.83,7.723120092266331,1.0,0.53,120,7,32.833049995995424
U0027,P0026,0.0,0.0,0.6,1.0,1.0,4.25,5.043425116919247,0.424,0.781,120,7,34.648559410036825
U0027,P0031,0.0,0.0,0.6,1.0,1.0,3.88,5.278114659230517,0.57,0.464,30,7,16.639490218789433
U0027,P0032,0.5,0.0,1.0,1.0,1.0,3.6,4.07753744390572,0.515,0.858,45,7,18.6625142215943
U0027,P0039,0.5,1.0,0.2,1.0,1.0,4.14,5.14166355650266,0.304,0.168,180,7,40.59751002785525
U0027,P0047,0.0,0.0,0.6,0.0,1.0,3.78,5.111987788356544,0.484,0.719,60,7,12.538664934044897
U0027,P0052,0.5,1.0,0.2,0.0,1.0,3.95,4.543294782270004,0.403,0.969,30,7,27.306197940516757
U0027,P0060,0.5,1.0,0.2,1.0,1.0,4.61,6.403574197934815,0.611,0.137,60,7,33.34700662074078
U0027,P0065,0.0,0.0,1.0,1.0,1.0,4.14,4.897839799950911,0.598,0.459,180,7,26.894142123845675
U0027,P0066,0.5,1.0,0.6,1.0,1.0,3.4,5.583496308781699,0.612,0.325,180,7,30.532285473216653
U0027,P0068,0.5,1.0,1.0,1.0,1.0,3.69,7.360103972989152,0.96,0.491,120,7,22.358469212189444
U0027,P0069,0.5,1.0,1.0,1.0,1.0,3.75,5.117993812416755,0.44,0.662,60,7,45.52010625615336
U0027,P0072,0.0,0.0,0.6,0.0,1.0,3.38,5.723585101952381,0.515,0.687,30,7,30.905025904485356
U0027,P0076,0.0,0.0,0.6,1.0,1.0,4.21,5.916202062607435,0.663,0.995,60,7,43.56501113394023
U0027,P0078,0.0,0.0,0.6,1.0,1.0,4.23,4.6443908991413725,0.481,0.066,120,7,28.6183917590685
U0027,P0093,0.0,0.0,0.6,1.0,1.0,4.0,6.3578422665081,0.477,0.776,120,7,18.807576305725394
U0027,P0100,0.0,0.0,1.0,1.0,1.0,4.13,4.143134726391533,0.347,0.858,150,7,11.60837562500506
U0027,P0105,0.5,1.0,1.0,1.0,1.0,4.33,10.12330558042176,1.0,0.56,120,7,14.445666594454975
U0027,P0106,0.5,0.0,0.2,1.0,1.0,4.36,6.862757913051401,0.806,0.343,120,7,11.03999443084422
U0027,P0109,0.0,0.0,0.2,1.0,1.0,3.75,5.220355825078324,0.554,0.618,90,7,33.30571903605307
U0027,P0113,0.5,1.0,0.6,1.0,1.0,3.89,6.806829360392176,0.674,0.76,60,7,24.736633131055775
U0027,P0114,0.5,1.0,1.0,1.0,1.0,4.13,4.219507705176107,0.328,0.848,120,7,12.642061164728384
U0027,P0120,0.5,0.0,0.2,1.0,1.0,3.8,6.523562306149512,0.833,0.586,120,7,47.506329349353585
U0027,P0121,0.5,1.0,0.2,1.0,1.0,3.74,5.365976015021851,0.436,0.97,180,7,33.410675848722136
U0027,P0128,0.0,0.0,1.0,1.0,1.0,3.42,4.919980925828125,0.29,0.765,120,7,14.706343441994587
U0027,P0136,0.0,0.0,0.6,1.0,1.0,4.75,3.784189633918261,0.603,0.869,30,7,7.007811642065853
U0027,P0138,0.0,0.0,0.6,1.0,1.0,3.66,6.056784013228625,0.462,0.599,150,7,28.433219813849384
U0027,P0145,0.0,0.0,0.6,1.0,1.0,4.23,4.7535901911063645,0.367,0.117,30,7,8.551466070712339
U0027,P0152,0.5,0.0,0.6,1.0,1.0,4.44,6.2324480165505225,0.8,0.056,180,7,32.4555298454219
U0027,P0154,0.0,0.0,0.2,1.0,1.0,4.67,4.795790545596741,0.495,0.349,30,7,17.762771402364194
U0027,P0157,0.5,1.0,0.2,1.0,1.0,4.47,6.476972362889683,0.806,0.662,45,7,17.407489108509726
U0027,P0160,0.0,0.0,1.0,1.0,1.0,4.25,5.3471075307174685,0.369,0.992,60,7,22.859060296922234
U0027,P0161,0.5,1.0,1.0,1.0,1.0,4.14,6.214608098422191,0.759,0.391,180,7,30.37782406135377
U0027,P0165,0.5,1.0,0.6,1.0,1.0,4.38,6.255750041753367,0.574,0.657,60,7,36.156527254072465
U0027,P0167,0.5,1.0,1.0,1.0,1.0,4.13,4.6913478822291435,0.346,0.57,30,7,17.769799376230786
U0027,P0168,0.5,0.0,1.0,1.0,1.0,4.54,5.327876168789581,0.391,0.678,45,7,19.894040765757797
U0027,P0186,0.5,1.0,0.6,1.0,1.0,4.11,6.09807428216624,0.737,0.747,180,7,9.724675933013003
U0027,P0198,0.0,0.0,0.6,1.0,1.0,4.63,4.941642422609304,0.637,0.815,150,7,34.158916366454946
U0027,P0199,0.0,0.0,1.0,1.0,1.0,3.33,7.1252830915107115,1.0,0.773,45,7,11.024032302509955
U0027,P0200,0.0,0.0,0.6,0.0,1.0,4.05,6.985641817639208,0.739,0.699,150,7,19.088880537700668
U0027,P0208,0.0,0.0,1.0,1.0,1.0,4.25,4.605170185988092,0.469,0.557,60,7,13.20762867987861
U0027,P0209,0.0,0.0,0.2,1.0,1.0,4.8,5.641907070938114,0.368,0.754,120,7,23.206770459815356
U0027,P0214,0.0,0.0,0.6,1.0,1.0,3.67,6.324358962381311,0.731,0.588,180,7,22.569674300152325
U0027,P0216,0.0,0.0,1.0,0.0,1.0,3.57,3.091042453358316,0.32,0.893,45,7,17.784301091582513
U0027,P0220,0.0,0.0,0.6,1.0,1.0,3.33,5.43372200355424,0.5,0.091,120,7,33.203181966219496
U0027,P0222,0.0,0.0,0.6,1.0,1.0,3.17,5.393627546352362,0.406,0.312,120,7,12.43157685944888
U0027,P0225,0.0,0.0,0.2,1.0,1.0,3.87,4.23410650459726,0.498,0.05,120,7,21.299797603105358
U0027,P0227,0.5,1.0,0.2,0.0,1.0,3.66,6.1070228877422545,0.561,0.596,60,7,11.462589961030934
U0027,P0228,0.5,0.0,0.6,1.0,1.0,3.86,4.553876891600541,0.276,0.81,30,7,10.654538186402618
U0027,P0229,0.0,0.0,1.0,0.0,1.0,4.05,4.2626798770413155,0.358,0.524,120,7,42.61872957693107
U0027,P0232,0.5,0.0,0.2,1.0,1.0,3.79,5.75890177387728,0.446,0.632,120,7,40.00920810532817
U0027,P0249,0.5,0.0,0.2,1.0,1.0,3.63,5.272999558563747,0.561,0.592,45,7,26.671869951258692
U0027,P0250,0.0,0.0,0.6,1.0,1.0,3.71,3.8501476017100584,0.531,0.941,180,7,22.817156514530726
U0027,P0255,0.5,1.0,0.2,0.0,1.0,4.12,4.51085950651685,0.455,0.926,60,7,8.709875999177834
U0027,P0257,0.0,0.0,0.2,1.0,1.0,3.99,4.418840607796598,0.403,0.785,150,7,18.43885942494134
U0027,P0261,0.0,0.0,0.2,1.0,1.0,3.35,6.152732694704104,0.515,0.27,60,7,37.25809537601592
U0027,P0269,0.0,0.0,0.6,1.0,1.0,3.71,5.043425116919247,0.358,0.158,30,7,30.533696917908937
U0027,P0271,0.0,0.0,0.6,1.0,1.0,4.48,4.1588830833596715,0.309,0.963,45,7,39.9359951602953
U0027,P0278,0.5,1.0,0.2,0.0,1.0,4.25,5.0106352940962555,0.352,0.372,150,7,20.296112333586336
U0027,P0279,0.0,0.0,1.0,1.0,1.0,3.88,4.983606621708336,0.404,0.337,90,7,13.264890760114703
U0027,P0284,0.5,1.0,0.6,0.0,1.0,3.18,4.290459441148391,0.225,0.636,60,7,36.81221500659467
U0027,P0286,0.0,0.0,0.6,1.0,1.0,4.11,7.512071245835466,1.0,0.981,90,7,24.883413304375928
U0027,P0287,0.5,1.0,0.2,0.0,1.0,4.25,5.241747015059643,0.585,0.783,45,7,37.14174776856452
U0027,P0300,0.0,0.0,1.0,0.0,1.0,3.9,5.953243334287785,0.637,0.414,150,7,28.66522372442927
U0027,P0306,0.5,1.0,0.6,1.0,1.0,4.39,5.43372200355424,0.327,0.844,150,7,45.3120216160754
U0027,P0315,0.5,1.0,0.2,1.0,1.0,4.13,6.813444599510896,0.765,0.581,90,7,5.02146742519744
U0027,P0329,0.5,0.0,0.2,1.0,1.0,4.11,5.472270673671475,0.541,0.163,60,7,50.615087754635354
U0027,P0347,0.0,0.0,0.2,1.0,1.0,3.61,6.240275845170769,0.639,0.289,60,7,26.4508321646773
U0027,P0348,0.0,0.0,0.6,1.0,1.0,4.37,5.1298987149230735,0.388,0.489,150,7,18.501057150545662
U0027,P0365,0.0,0.0,1.0,1.0,1.0,3.86,4.574710978503383,0.475,0.357,150,7,40.34274636720096
U0027,P0368,0.0,0.0,0.6,1.0,1.0,4.56,6.068425588244111,0.516,0.462,120,7,10.688609743090085
U0027,P0379,0.0,0.0,0.6,1.0,1.0,4.32,5.723585101952381,0.62,0.856,90,7,12.209225209967153
U0027,P0382,0.0,0.0,0.2,0.0,1.0,5.0,5.389071729816501,0.638,0.643,120,7,20.36317601235916
U0027,P0387,0.0,0.0,0.6,1.0,1.0,4.38,6.668228248417403,0.611,0.406,60,7,41.691729024959926
U0027,P0401,0.5,0.0,0.6,1.0,1.0,4.52,4.882801922586371,0.627,0.644,90,7,44.26946146363731
U0027,P0404,0.0,0.0,0.6,1.0,1.0,4.2,4.927253685157205,0.58,0.541,120,7,4.09210818634442
U0027,P0411,0.5,1.0,0.6,1.0,1.0,3.87,7.191429330036379,0.864,0.888,30,7,24.257974670217234
U0027,P0434,0.0,0.0,0.2,1.0,1.0,4.23,5.902633333401366,0.492,0.526,150,7,29.466898204289077
U0027,P0440,0.0,0.0,1.0,1.0,1.0,4.09,6.926577033222725,0.673,0.764,45,7,46.360042468215454
U0027,P0446,0.0,0.0,1.0,0.0,1.0,4.47,6.1092475827643655,0.685,0.598,45,7,42.20970533724834
U0027,P0448,0.0,0.0,0.2,1.0,1.0,4.72,6.278521424165844,0.571,0.408,180,7,8.160591264197885
U0027,P0451,0.0,0.0,0.6,0.0,1.0,4.27,5.030437921392435,0.345,0.646,30,7,21.99555250603573
U0027,P0453,0.5,1.0,0.6,1.0,1.0,4.19,5.556828061699537,0.46,0.913,150,7,15.89586114665262
U0027,P0458,0.0,0.0,0.2,1.0,1.0,4.06,5.8377304471659395,0.451,0.395,120,7,24.531987175916527
U0027,P0460,0.0,0.0,0.6,1.0,1.0,3.9,5.733341276897746,0.541,0.41,60,7,27.96426888728148
U0027,P0469,0.0,0.0,0.6,0.0,1.0,3.64,6.35088571671474,0.695,0.285,45,7,30.624406259024898
U0027,P0476,0.0,0.0,1.0,1.0,1.0,3.99,5.924255797414532,0.561,0.945,45,7,16.560114613089254
U0027,P0489,0.0,0.0,0.2,1.0,1.0,3.9,2.6390573296152584,0.509,0.951,30,7,29.828464815162633
U0027,P0490,0.0,0.0,0.6,1.0,1.0,3.39,6.413458957167357,0.584,0.85,30,7,36.81947388038212
U0028,P0001,0.0,0.0,0.2,1.0,1.0,4.32,5.337538079701318,0.32,0.667,30,3,19.16196628855178
U0028,P0010,0.0,0.0,1.0,1.0,1.0,3.69,3.8066624897703196,0.479,0.441,180,3,21.088623555414447
U0028,P0011,0.0,0.0,0.2,1.0,1.0,4.76,5.231108616854587,0.371,0.868,45,3,13.489949605490976
U0028,P0012,0.0,0.0,0.2,1.0,1.0,4.13,3.8066624897703196,0.301,0.795,90,3,2.3833873255836693
U0028,P0017,0.0,0.0,0.2,1.0,1.0,4.09,4.23410650459726,0.428,0.568,90,3,20.687630125372902
U0028,P0019,0.3333333333333333,0.0,0.2,1.0,1.0,4.19,3.1780538303479458,0.525,0.83,180,3,7.366992442709074
U0028,P0020,0.3333333333333333,1.0,0.6,1.0,1.0,3.5,5.736572297479192,0.643,0.617,30,3,12.748056060720792
U0028,P0036,0.0,0.0,0.2,1.0,1.0,4.26,7.346010209913293,0.95,0.192,30,3,11.308648718441756
U0028,P0037,0.3333333333333333,1.0,0.2,1.0,1.0,4.08,7.3777589082278725,1.0,0.144,120,3,10.083744432278722
U0028,P0046,0.3333333333333333,0.0,0.6,1.0,1.0,4.14,6.663132695990803,0.812,0.708,90,3,2.8124976721812325
U0028,P0050,0.3333333333333333,1.0,0.6,1.0,1.0,4.1,5.220355825078324,0.486,0.787,150,3,7.901107137658919
U0028,P0053,0.0,0.0,0.6,1.0,1.0,4.03,5.986452005284438,0.418,0.63,45,3,19.066850201033247
U0028,P0058,0.3333333333333333,0.0,0.2,1.0,1.0,4.01,5.863631175598097,0.535,0.485,120,3,8.08705239113127
U0028,P0064,0.3333333333333333,0.0,0.2,1.0,1.0,3.65,4.8283137373023015,0.408,0.155,90,3,14.904916973100296
U0028,P0077,0.0,1.0,0.6,1.0,1.0,3.79,5.780743515792329,0.656,0.068,90,3,2.249386157951811
U0028,P0080,0.0,1.0,0.6,1.0,1.0,3.56,6.289715570908998,0.705,0.73,45,3,4.2361242872000915
U0028,P0086,0.3333333333333333,0.0,0.6,1.0,1.0,3.7,4.5217885770490405,0.474,0.656,120,3,10.27560509556648
U0028,P0087,0.3333333333333333,1.0,0.6,1.0,1.0,4.07,5.910796644040527,0.392,0.169,90,3,15.436966465937951
U0028,P0104,0.0,0.0,0.6,1.0,1.0,4.33,6.118097198041348,0.635,0.445,45,3,16.277855265194553
U0028,P0110,0.0,0.0,0.6,1.0,1.0,3.88,5.598421958998375,0.397,0.337,150,3,18.302922797458034
U0028,P0119,0.0,0.0,0.2,1.0,1.0,3.19,5.726847747587197,0.593,0.923,150,3,12.70688058963941
U0028,P0129,0.3333333333333333,0.0,0.2,1.0,1.0,4.67,4.653960350157523,0.551,0.925,120,3,14.84959911302212
U0028,P0137,0.3333333333333333,1.0,1.0,1.0,1.0,4.62,5.5134287461649825,0.627,0.357,180,3,3.6997386843583997
U0028,P0140,0.0,0.0,0.6,1.0,1.0,4.13,5.043425116919247,0.467,0.645,45,3,2.461457853356347
U0028,P0141,0.3333333333333333,0.0,0.6,1.0,1.0,4.15,6.295266001439646,0.507,0.666,60,3,10.975149706375092
U0028,P0143,0.3333333333333333,1.0,0.6,1.0,1.0,5.0,3.1780538303479458,0.308,0.058,180,3,17.850092936740914
U0028,P0156,0.3333333333333333,0.0,0.6,1.0,1.0,4.0,6.818924065275521,0.86,0.215,60,3,9.413892685852181
U0028,P0158,0.0,0.0,0.6,1.0,1.0,4.69,5.5254529391317835,0.362,0.521,90,3,15.52230733659019
U0028,P0166,0.3333333333333333,0.0,0.6,1.0,1.0,4.09,4.430816798843313,0.377,0.569,150,3,20.123617510459393
U0028,P0169,0.0,0.0,0.6,1.0,1.0,3.73,5.117993812416755,0.411,0.978,60,3,7.363019823073144
U0028,P0172,0.0,0.0,0.6,1.0,1.0,4.21,4.897839799950911,0.419,0.295,150,3,12.193994581885796
U0028,P0184,0.0,0.0,0.6,1.0,1.0,4.2,5.517452896464707,0.367,0.557,90,3,13.709047255840872
U0028,P0187,0.0,1.0,0.6,1.0,1.0,4.75,6.651571873589727,0.602,0.195,30,3,11.643155338344668
U0028,P0193,0.3333333333333333,1.0,0.6,1.0,1.0,3.76,5.683579767338681,0.552,0.102,150,3,8.320831757578993
U0028,P0196,0.3333333333333333,0.0,0.6,1.0,1.0,3.7,6.091309882077698,0.697,0.236,90,3,21.359977755389476
U0028,P0206,0.3333333333333333,0.0,0.6,1.0,1.0,4.42,4.1588830833596715,0.469,0.718,45,3,18.81418968326012
U0028,P0212,0.0,1.0,0.6,1.0,1.0,3.99,6.666956792429207,0.86,0.663,90,3,2.400094682558802
U0028,P0238,0.3333333333333333,0.0,0.6,1.0,1.0,4.84,5.204006687076795,0.479,0.867,45,3,18.350106219522655
U0028,P0248,0.3333333333333333,0.0,1.0,1.0,1.0,4.79,6.148468295917647,0.759,0.562,120,3,16.628966930055807
U0028,P0251,0.3333333333333333,0.0,0.6,1.0,1.0,4.52,7.791522819150732,1.0,0.95,45,3,3.9634239753412115
U0028,P0252,0.0,1.0,0.2,1.0,1.0,3.47,6.175867270105761,0.566,0.349,150,3,7.842006771677269
U0028,P0254,0.3333333333333333,0.0,0.6,1.0,1.0,3.83,4.465908118654584,0.391,0.821,45,3,17.507093991648375
U0028,P0260,0.0,1.0,1.0,1.0,1.0,4.14,6.401917196727186,0.669,0.714,180,3,14.20258320507009
U0028,P0263,0.3333333333333333,0.0,1.0,1.0,1.0,3.76,3.367295829986474,0.32,0.879,90,3,1.5267773926047334
U0028,P0272,0.3333333333333333,0.0,0.2,1.0,1.0,4.34,7.2305631534092925,1.0,0.47,30,3,19.71369941236319
U0028,P0275,0.3333333333333333,0.0,0.6,1.0,1.0,4.27,4.77912349311153,0.591,0.889,120,3,4.6887102100076365
U0028,P0280,0.3333333333333333,1.0,0.2,1.0,1.0,4.28,4.997212273764115,0.537,0.941,120,3,18.085633607198552
U0028,P0281,0.0,0.0,0.6,1.0,1.0,4.23,7.990576881743923,1.0,0.771,30,3,6.069592747190269
U0028,P0291,0.0,0.0,0.2,1.0,1.0,4.25,5.003946305945459,0.58,0.478,180,3,6.5625796334188475
U0028,P0296,0.3333333333333333,0.0,1.0,1.0,1.0,4.13,4.927253685157205,0.342,0.209,150,3,1.1789841874170368
U0028,P0302,0.3333333333333333,0.0,1.0,1.0,1.0,4.49,7.126890808898808,1.0,0.434,90,3,20.044521429094075
U0028,P0303,0.0,0.0,0.2,1.0,1.0,4.29,7.752335163302292,1.0,0.487,150,3,17.639880938342685
U0028,P0307,0.0,0.0,1.0,1.0,1.0,4.23,4.1588830833596715,0.352,0.184,180,3,21.620588044404773
U0028,P0317,0.3333333333333333,0.0,0.6,1.0,1.0,4.03,4.990432586778736,0.512,0.102,120,3,8.630369128060147
U0028,P0318,0.0,0.0,1.0,1.0,1.0,3.64,3.5263605246161616,0.245,0.601,60,3,17.542671270709288
U0028,P0320,0.3333333333333333,1.0,0.6,1.0,1.0,3.52,3.9512437185814275,0.257,0.072,30,3,19.324255572663397
U0028,P0324,0.0,0.0,0.6,1.0,1.0,2.89,5.438079308923196,0.474,0.684,60,3,1.071666848556796
U0028,P0326,0.3333333333333333,0.0,0.6,1.0,1.0,4.93,6.852242569051878,0.99,0.062,60,3,6.552776791191252
U0028,P0328,0.0,0.0,1.0,1.0,1.0,5.0,5.572154032177765,0.438,0.843,180,3,19.760267683376853
U0028,P0330,0.0,1.0,0.6,1.0,1.0,4.19,5.327876168789581,0.598,0.205,45,3,7.6817105659934715
U0028,P0332,0.0,1.0,1.0,1.0,1.0,4.09,4.852030263919617,0.297,0.955,45,3,20.06452160174679
U0028,P0335,0.3333333333333333,0.0,1.0,1.0,1.0,2.91,6.810142450115136,0.759,0.945,45,3,18.380974186233317
U0028,P0338,0.0,1.0,0.2,1.0,1.0,3.47,4.574710978503383,0.318,0.942,180,3,19.74462093394164
U0028,P0339,0.0,0.0,0.2,1.0,1.0,3.6,7.602900462204755,1.0,0.852,30,3,11.909374592157661
U0028,P0345,0.3333333333333333,0.0,0.2,1.0,1.0,4.42,6.035481432524756,0.502,0.356,150,3,19.567179755034154
U0028,P0346,0.3333333333333333,1.0,0.2,1.0,1.0,3.94,6.891625897052253,0.71,0.595,150,3,8.859922990043328
U0028,P0351,0.0,1.0,0.2,1.0,1.0,3.86,6.759255270663693,0.911,0.546,150,3,3.3705981589743668
U0028,P0358,0.0,0.0,0.2,1.0,1.0,4.08,6.824373670043086,0.828,0.55,45,3,14.153750317470216
U0028,P0359,0.3333333333333333,1.0,0.2,1.0,1.0,4.15,5.683579767338681,0.385,0.23,180,3,15.75168262311433
U0028,P0361,0.3333333333333333,0.0,0.6,1.0,1.0,4.24,3.4657359027997265,0.315,0.898,120,3,19.047309327272963
U0028,P0367,0.0,0.0,1.0,1.0,1.0,4.28,3.4657359027997265,0.364,0.516,90,3,16.50891228856036
U0028,P0369,0.0,1.0,0.2,1.0,1.0,4.22,6.679599185844383,0.722,0.849,180,3,5.1467370182316134
U0028,P0371,0.0,0.0,1.0,1.0,1.0,3.27,3.970291913552122,0.261,0.161,30,3,12.810363538194046
U0028,P0374,0.0,1.0,0.6,1.0,1.0,4.18,4.59511985013459,0.424,0.35,90,3,17.643205998800987
U0028,P0380,0.3333333333333333,1.0,0.2,1.0,1.0,3.71,6.342121418721152,0.567,0.181,150,3,13.18255833003821
U0028,P0388,0.3333333333333333,0.0,0.2,1.0,1.0,4.38,3.6375861597263857,0.236,0.587,120,3,7.156751522378067
U0028,P0390,0.3333333333333333,0.0,1.0,1.0,1.0,4.07,6.246106765481563,0.77,0.068,120,3,7.156005656274923
U0028,P0391,0.3333333333333333,0.0,0.6,1.0,1.0,4.18,3.912023005428146,0.403,0.413,30,3,14.35244708632479
U0028,P0392,0.3333333333333333,0.0,0.2,1.0,1.0,4.27,6.234410725718371,0.68,0.354,30,3,19.50288165753707
U0028,P0395,0.0,0.0,0.6,1.0,1.0,4.07,3.5263605246161616,0.234,0.739,150,3,6.805219494147169
U0028,P0399,0.3333333333333333,1.0,0.6,1.0,1.0,4.08,6.318968113746434,0.659,0.547,150,3,19.90206578374444
U0028,P0400,0.3333333333333333,0.0,0.6,1.0,1.0,4.11,5.537334267018537,0.362,0.263,120,3,20.832144908818897
U0028,P0403,0.0,0.0,0.6,1.0,1.0,3.9,5.1298987149230735,0.376,0.857,150,3,1.0337095693275211
U0028,P0405,0.3333333333333333,0.0,0.6,1.0,1.0,4.67,4.430816798843313,0.395,0.346,90,3,15.66034145801731
U0028,P0424,0.3333333333333333,1.0,0.6,1.0,1.0,4.23,8.446556111816797,1.0,0.196,30,3,16.748181887483884
U0028,P0426,0.0,1.0,1.0,1.0,1.0,3.82,4.836281906951478,0.263,0.938,120,3,15.056944049853175
U0028,P0427,0.3333333333333333,1.0,0.6,1.0,1.0,3.81,6.927557906278317,0.653,0.401,45,3,19.542701916097247
U0028,P0438,0.3333333333333333,0.0,0.6,1.0,1.0,4.09,7.653494909661253,1.0,0.446,45,3,10.116989445072903
U0028,P0441,0.3333333333333333,1.0,0.2,1.0,1.0,5.0,4.867534450455582,0.426,0.41,150,3,12.355460984892547
U0028,P0447,0.3333333333333333,1.0,0.6,1.0,1.0,4.58,6.903747257584598,0.815,0.525,120,3,9.131682305496472
U0028,P0452,0.3333333333333333,0.0,0.2,1.0,1.0,4.11,7.034387929915503,1.0,0.161,150,3,14.358332110479639
U0028,P0455,0.3333333333333333,0.0,0.2,1.0,1.0,4.39,8.096208271650037,1.0,0.794,150,3,22.140259603457675
U0028,P0462,0.3333333333333333,1.0,0.2,1.0,1.0,4.16,4.663439094112067,0.492,0.556,150,3,21.63888202420066
U0028,P0463,0.3333333333333333,1.0,1.0,1.0,1.0,4.64,3.6888794541139363,0.486,0.955,180,3,3.9933725413188177
U0028,P0484,0.3333333333333333,0.0,0.6,1.0,1.0,3.8,7.661527081358517,1.0,0.302,60,3,13.377538479278778
U0028,P0488,0.0,0.0,1.0,1.0,1.0,3.9,3.258096538021482,0.334,0.777,30,3,22.92150134428898
U0028,P0495,0.3333333333333333,0.0,0.2,1.0,1.0,4.0,5.53338948872752,0.423,0.22,60,3,8.991254760527765
U0028,P0497,0.0,0.0,0.6,1.0,1.0,3.99,4.68213122712422,0.302,0.419,30,3,14.221055603567086
U0028,P0499,0.3333333333333333,0.0,0.6,1.0,1.0,4.91,6.269096283706261,0.682,0.5,120,3,22.61739073979836
U0028,P0500,0.0,0.0,0.2,1.0,1.0,3.84,6.18826412308259,0.439,0.839,180,3,18.537124475963253
U0029,P0003,0.0,0.519,1.0,1.0,1.0,3.99,5.220355825078324,0.514,0.481,180,2,32.87598647709741
U0029,P0007,0.0,0.7969999999999999,0.6,1.0,1.0,4.21,3.2188758248682006,0.399,0.203,30,2,26.19876953241894
U0029,P0008,0.5,0.42800000000000005,1.0,1.0,1.0,3.32,4.8283137373023015,0.252,0.572,90,2,15.690009613526788
U0029,P0014,0.0,0.5740000000000001,0.0,1.0,1.0,3.58,5.953243334287785,0.582,0.426,120,2,3.3358247385305555
U0029,P0016,0.0,0.47,0.6,0.0,1.0,3.83,7.723120092266331,1.0,0.53,120,2,40.50410557864025
U0029,P0026,0.0,0.21899999999999997,0.0,1.0,1.0,4.25,5.043425116919247,0.424,0.781,120,2,27.885260291969868
U0029,P0031,0.0,0.536,0.0,1.0,1.0,3.88,5.278114659230517,0.57,0.464,30,2,11.99212595646153
U0029,P0032,0.5,0.14200000000000002,0.2,1.0,1.0,3.6,4.07753744390572,0.515,0.858,45,2,8.69107672930436
U0029,P0039,0.5,0.832,1.0,1.0,1.0,4.14,5.14166355650266,0.304,0.168,180,2,35.49923065065997
U0029,P0047,0.0,0.281,0.6,0.0,1.0,3.78,5.111987788356544,0.484,0.719,60,2,4.694353776871639
U0029,P0052,0.5,0.031000000000000028,1.0,0.0,1.0,3.95,4.543294782270004,0.403,0.969,30,2,33.628290434483134
U0029,P0060,0.5,0.863,1.0,1.0,1.0,4.61,6.403574197934815,0.611,0.137,60,2,33.064946098703764
U0029,P0065,0.0,0.5409999999999999,0.2,1.0,1.0,4.14,4.897839799950911,0.598,0.459,180,2,9.7394828806699
U0029,P0066,0.5,0.675,0.0,1.0,1.0,3.4,5.583496308781699,0.612,0.325,180,2,14.054432865030497
U0029,P0068,0.5,0.509,0.2,1.0,1.0,3.69,7.360103972989152,0.96,0.491,120,2,5.261772108528564
U0029,P0069,0.5,0.33799999999999997,0.2,1.0,1.0,3.75,5.117993812416755,0.44,0.662,60,2,42.40306650253093
U0029,P0072,0.0,0.31299999999999994,0.6,0.0,1.0,3.38,5.723585101952381,0.515,0.687,30,2,17.993234573700335
U0029,P0076,0.0,0.0050000000000000044,0.6,1.0,1.0,4.21,5.916202062607435,0.663,0.995,60,2,38.812487397278574
U0029,P0078,0.0,0.9339999999999999,0.0,1.0,1.0,4.23,4.6443908991413725,0.481,0.066,120,2,33.96389267672157
U0029,P0093,0.0,0.22399999999999998,0.0,1.0,1.0,4.0,6.3578422665081,0.477,0.776,120,2,2.2227172363905066
U0029,P0100,0.0,0.14200000000000002,0.2,1.0,1.0,4.13,4.143134726391533,0.347,0.858,150,2,5.613625845107877
U0029,P0105,0.5,0.43999999999999995,0.2,1.0,1.0,4.33,10.12330558042176,1.0,0.56,120,2,16.40454544756352
U0029,P0106,0.5,0.657,1.0,1.0,1.0,4.36,6.862757913051401,0.806,0.343,120,2,11.201405690247054
U0029,P0109,0.0,0.382,1.0,1.0,1.0,3.75,5.220355825078324,0.554,0.618,90,2,28.46475912633591
U0029,P0113,0.5,0.24,0.0,1.0,1.0,3.89,6.806829360392176,0.674,0.76,60,2,13.485640415244118
U0029,P0114,0.5,0.15200000000000002,0.2,1.0,1.0,4.13,4.219507705176107,0.328,0.848,120,2,22.349709061734984
U0029,P0120,0.5,0.41400000000000003,1.0,1.0,1.0,3.8,6.523562306149512,0.833,0.586,120,2,43.185053016292514
U0029,P0121,0.5,0.030000000000000027,1.0,1.0,1.0,3.74,5.365976015021851,0.436,0.97,180,2,38.39615116711742
U0029,P0128,0.0,0.235,0.2,1.0,1.0,3.42,4.919980925828125,0.29,0.765,120,2,5.888907705152916
U0029,P0136,0.0,0.131,0.6,1.0,1.0,4.75,3.784189633918261,0.603,0.869,30,2,10.364455303464592
U0029,P0138,0.0,0.401,0.6,1.0,1.0,3.66,6.056784013228625,0.462,0.599,150,2,14.003763247324512
U0029,P0145,0.0,0.883,0.0,1.0,1.0,4.23,4.7535901911063645,0.367,0.117,30,2,16.995685980578603
U0029,P0152,0.5,0.944,0.0,1.0,1.0,4.44,6.2324480165505225,0.8,0.056,180,2,30.229453225358014
U0029,P0154,0.0,0.651,1.0,1.0,1.0,4.67,4.795790545596741,0.495,0.349,30,2,7.750814997366935
U0029,P0157,0.5,0.33799999999999997,1.0,1.0,1.0,4.47,6.476972362889683,0.806,0.662,45,2,5.030229042735305
U0029,P0160,0.0,0.008000000000000007,0.2,1.0,1.0,4.25,5.3471075307174685,0.369,0.992,60,2,28.392904508885515
U0029,P0161,0.5,0.609,0.2,1.0,1.0,4.14,6.214608098422191,0.759,0.391,180,2,17.752462496174388
U0029,P0165,0.5,0.34299999999999997,0.6,1.0,1.0,4.38,6.255750041753367,0.574,0.657,60,2,39.427145991470624
U0029,P0167,0.5,0.43000000000000005,0.2,1.0,1.0,4.13,4.6913478822291435,0.346,0.57,30,2,5.328506485211549
U0029,P0168,0.5,0.32199999999999995,0.2,1.0,1.0,4.54,5.327876168789581,0.391,0.678,45,2,12.435112648126497
U0029,P0186,0.5,0.253,0.6,1.0,1.0,4.11,6.09807428216624,0.737,0.747,180,2,14.0316031315868
U0029,P0198,0.0,0.18500000000000005,0.0,1.0,1.0,4.63,4.941642422609304,0.637,0.815,150,2,38.763688394223124
U0029,P0199,0.0,0.22699999999999998,0.2,1.0,1.0,3.33,7.1252830915107115,1.0,0.773,45,2,7.594418720380334
U0029,P0200,0.0,0.30100000000000005,0.0,0.0,1.0,4.05,6.985641817639208,0.739,0.699,150,2,26.89826228720777
U0029,P0208,0.0,0.44299999999999995,0.2,1.0,1.0,4.25,4.605170185988092,0.469,0.557,60,2,17.97203764791938
U0029,P0209,0.0,0.246,1.0,1.0,1.0,4.8,5.641907070938114,0.368,0.754,120,2,6.416929606218478
U0029,P0214,0.0,0.41200000000000003,0.6,1.0,1.0,3.67,6.324358962381311,0.731,0.588,180,2,19.295343459832694
U0029,P0216,0.0,0.10699999999999998,0.2,0.0,1.0,3.57,3.091042453358316,0.32,0.893,45,2,16.633370009263878
U0029,P0220,0.0,0.909,0.0,1.0,1.0,3.33,5.43372200355424,0.5,0.091,120,2,35.74099210587401
U0029,P0222,0.0,0.688,0.6,1.0,1.0,3.17,5.393627546352362,0.406,0.312,120,2,11.9756125507362
U0029,P0225,0.0,0.95,1.0,1.0,1.0,3.87,4.23410650459726,0.498,0.05,120,2,23.31690912646075
U0029,P0227,0.5,0.404,1.0,0.0,1.0,3.66,6.1070228877422545,0.561,0.596,60,2,21.82755283867714
U0029,P0228,0.5,0.18999999999999995,0.0,1.0,1.0,3.86,4.553876891600541,0.276,0.81,30,2,9.376968716624026
U0029,P0229,0.0,0.476,0.2,0.0,1.0,4.05,4.2626798770413155,0.358,0.524,120,2,40.46912900358185
U0029,P0232,0.5,0.368,1.0,1.0,1.0,3.79,5.75890177387728,0.446,0.632,120,2,44.11552226050524
U0029,P0249,0.5,0.40800000000000003,1.0,1.0,1.0,3.63,5.272999558563747,0.561,0.592,45,2,28.742986332270814
U0029,P0250,0.0,0.05900000000000005,0.0,1.0,1.0,3.71,3.8501476017100584,0.531,0.941,180,2,15.174542673701776
U0029,P0255,0.5,0.07399999999999995,1.0,0.0,1.0,4.12,4.51085950651685,0.455,0.926,60,2,9.569763086297824
U0029,P0257,0.0,0.21499999999999997,1.0,1.0,1.0,3.99,4.418840607796598,0.403,0.785,150,2,6.107076283137181
U0029,P0261,0.0,0.73,1.0,1.0,1.0,3.35,6.152732694704104,0.515,0.27,60,2,32.14688213265921
U0029,P0269,0.0,0.842,0.0,1.0,1.0,3.71,5.043425116919247,0.358,0.158,30,2,25.630654472097998
U0029,P0271,0.0,0.03700000000000003,0.6,1.0,1.0,4.48,4.1588830833596715,0.309,0.963,45,2,42.097695210745805
U0029,P0278,0.5,0.628,1.0,0.0,1.0,4.25,5.0106352940962555,0.352,0.372,150,2,25.923483356304743
U0029,P0279,0.0,0.663,0.2,1.0,1.0,3.88,4.983606621708336,0.404,0.337,90,2,4.075992171903673
U0029,P0284,0.5,0.364,0.0,0.0,1.0,3.18,4.290459441148391,0.225,0.636,60,2,34.92015559485312
U0029,P0286,0.0,0.019000000000000017,0.6,1.0,1.0,4.11,7.512071245835466,1.0,0.981,90,2,24.67082390954194
U0029,P0287,0.5,0.21699999999999997,1.0,0.0,1.0,4.25,5.241747015059643,0.585,0.783,45,2,40.79710563752549
U0029,P0300,0.0,0.5860000000000001,0.2,0.0,1.0,3.9,5.953243334287785,0.637,0.414,150,2,32.559617252360624
U0029,P0306,0.5,0.15600000000000003,0.6,1.0,1.0,4.39,5.43372200355424,0.327,0.844,150,2,40.233937425453355
U0029,P0315,0.5,0.41900000000000004,1.0,1.0,1.0,4.13,6.813444599510896,0.765,0.581,90,2,14.188901460686509
U0029,P0329,0.5,0.837,1.0,1.0,1.0,4.11,5.472270673671475,0.541,0.163,60,2,46.715550600259256
U0029,P0347,0.0,0.7110000000000001,1.0,1.0,1.0,3.61,6.240275845170769,0.639,0.289,60,2,18.038502559226956
U0029,P0348,0.0,0.511,0.0,1.0,1.0,4.37,5.1298987149230735,0.388,0.489,150,2,19.55113819683649
U0029,P0365,0.0,0.643,0.2,1.0,1.0,3.86,4.574710978503383,0.475,0.357,150,2,40.519026471968864
U0029,P0368,0.0,0.538,0.0,1.0,1.0,4.56,6.068425588244111,0.516,0.462,120,2,6.902783999885284
U0029,P0379,0.0,0.14400000000000002,0.0,1.0,1.0,4.32,5.723585101952381,0.62,0.856,90,2,5.007643075237899
U0029,P0382,0.0,0.357,1.0,0.0,1.0,5.0,5.389071729816501,0.638,0.643,120,2,11.332487288847654
U0029,P0387,0.0,0.594,0.0,1.0,1.0,4.38,6.668228248417403,0.611,0.406,60,2,42.618707312199525
U0029,P0401,0.5,0.356,0.6,1.0,1.0,4.52,4.882801922586371,0.627,0.644,90,2,38.279990537284725
U0029,P0404,0.0,0.45899999999999996,0.0,1.0,1.0,4.2,4.927253685157205,0.58,0.541,120,2,13.799641087268549
U0029,P0411,0.5,0.11199999999999999,0.0,1.0,1.0,3.87,7.191429330036379,0.864,0.888,30,2,29.92191968389068
U0029,P0434,0.0,0.474,1.0,1.0,1.0,4.23,5.902633333401366,0.492,0.526,150,2,22.905937336517407
U0029,P0440,0.0,0.236,0.2,1.0,1.0,4.09,6.926577033222725,0.673,0.764,45,2,42.291679920421785
U0029,P0446,0.0,0.402,0.2,0.0,1.0,4.47,6.1092475827643655,0.685,0.598,45,2,39.561457302641685
U0029,P0448,0.0,0.5920000000000001,1.0,1.0,1.0,4.72,6.278521424165844,0.571,0.408,180,2,9.049710265681002
U0029,P0451,0.0,0.354,0.0,0.0,1.0,4.27,5.030437921392435,0.345,0.646,30,2,5.312232715197434
U0029,P0453,0.5,0.08699999999999997,0.6,1.0,1.0,4.19,5.556828061699537,0.46,0.913,150,2,5.174955294068529
U0029,P0458,0.0,0.605,1.0,1.0,1.0,4.06,5.8377304471659395,0.451,0.395,120,2,30.80995558436263
U0029,P0460,0.0,0.5900000000000001,0.0,1.0,1.0,3.9,5.733341276897746,0.541,0.41,60,2,10.789906296035227
U0029,P0469,0.0,0.7150000000000001,0.6,0.0,1.0,3.64,6.35088571671474,0.695,0.285,45,2,30.41897762322324
U0029,P0476,0.0,0.05500000000000005,0.2,1.0,1.0,3.99,5.924255797414532,0.561,0.945,45,2,9.03310743110385
U0029,P0489,0.0,0.049000000000000044,1.0,1.0,1.0,3.9,2.6390573296152584,0.509,0.951,30,2,27.848827132224866
U0029,P0490,0.0,0.15000000000000002,0.6,1.0,1.0,3.39,6.413458957167357,0.584,0.85,30,2,36.607321278204786
U0030,P0004,0.25,0.16900000000000004,0.6,1.0,1.0,4.81,6.421622267806518,0.679,0.831,60,5,26.568468088685723
U0030,P0005,0.25,0.09699999999999998,0.0,1.0,1.0,3.89,6.152732694704104,0.456,0.903,45,5,34.095614560003895
U0030,P0015,0.25,0.15800000000000003,0.6,1.0,1.0,3.83,5.153291594497779,0.446,0.842,45,5,32.62710894979402
U0030,P0022,0.0,0.644,0.0,1.0,1.0,4.05,5.14166355650266,0.471,0.356,30,5,22.01942087044893
U0030,P0034,0.0,0.836,0.2,1.0,1.0,4.07,6.704414354964107,0.693,0.164,90,5,24.677378582001676
U0030,P0038,0.25,0.519,0.0,1.0,1.0,2.92,6.48768401848461,0.682,0.481,90,5,6.856361899000884
U0030,P0040,0.25,0.784,1.0,0.0,1.0,4.14,3.1354942159291497,0.249,0.216,150,5,21.85691551118636
U0030,P0041,0.25,0.052000000000000046,0.0,1.0,1.0,4.0,5.929589143389895,0.485,0.948,150,5,21.21627652814561
U0030,P0043,0.25,0.477,1.0,0.0,1.0,3.74,4.90527477843843,0.441,0.523,30,5,28.547563000066773
U0030,P0054,0.0,0.43700000000000006,0.6,1.0,1.0,4.95,5.71042701737487,0.693,0.563,45,5,27.06687794410009
U0030,P0056,0.0,0.42400000000000004,1.0,0.0,1.0,3.24,5.472270673671475,0.286,0.576,60,5,40.57542424476611
U0030,P0063,0.25,0.642,1.0,1.0,1.0,4.36,8.128585200374497,1.0,0.358,45,5,32.20138862813284
U0030,P0067,0.25,0.20999999999999996,0.6,1.0,1.0,3.62,6.068425588244111,0.527,0.79,90,5,39.30894665468062
U0030,P0074,0.25,0.728,0.0,0.0,1.0,3.54,3.9318256327243257,0.327,0.272,150,5,13.999012966656055
U0030,P0081,0.0,0.635,0.0,0.0,1.0,3.66,6.4457198193855785,0.555,0.365,180,5,36.74311991101288
U0030,P0083,0.25,0.049000000000000044,0.2,0.0,1.0,4.53,5.996452088619021,0.563,0.951,150,5,10.778394532522448
U0030,P0084,0.25,0.523,0.6,1.0,1.0,4.47,7.776535028185241,1.0,0.477,60,5,8.926714331277187
U0030,P0089,0.0,0.049000000000000044,0.6,1.0,1.0,4.11,7.244941546337007,1.0,0.951,150,5,7.628429170125947
U0030,P0091,0.0,0.365,0.0,1.0,1.0,4.38,4.477336814478207,0.301,0.635,90,5,26.93276787192494
U0030,P0092,0.25,0.48,1.0,1.0,1.0,3.62,6.07993319509559,0.409,0.52,90,5,26.925652414707532
U0030,P0096,0.0,0.21399999999999997,1.0,1.0,1.0,3.9,6.52795791762255,0.569,0.786,90,5,23.742603123348587
U0030,P0102,0.0,0.544,0.2,1.0,1.0,4.59,6.7650389767805414,0.896,0.456,120,5,17.237315779155516
U0030,P0107,0.25,0.02100000000000002,1.0,0.0,1.0,4.53,6.282266746896006,0.812,0.979,90,5,28.20206391735501
U0030,P0115,0.0,0.32799999999999996,0.0,1.0,1.0,3.78,6.317164686747284,0.541,0.672,45,5,21.396162573811644
U0030,P0122,0.25,0.20499999999999996,1.0,1.0,1.0,4.33,6.539585955617669,0.798,0.795,60,5,6.657018269639902
U0030,P0123,0.25,0.614,0.6,1.0,1.0,3.56,5.099866427824199,0.282,0.386,90,5,27.053742347965443
U0030,P0125,0.0,0.33199999999999996,1.0,0.0,1.0,4.89,5.986452005284438,0.755,0.668,60,5,23.320691117644085
U0030,P0126,0.25,0.43200000000000005,0.6,1.0,1.0,3.53,6.602587892189336,0.622,0.568,60,5,19.997966890849007
U0030,P0133,0.25,0.383,0.2,1.0,1.0,3.99,4.007333185232471,0.265,0.617,60,5,32.27638927742342
U0030,P0142,0.0,0.133,1.0,1.0,1.0,4.81,4.02535169073515,0.312,0.867,45,5,26.068577999597768
U0030,P0144,0.0,0.687,0.6,1.0,1.0,4.03,6.206575926724928,0.688,0.313,120,5,34.996593277546424
U0030,P0146,0.25,0.469,1.0,0.0,1.0,4.01,4.912654885736052,0.467,0.531,30,5,31.831136533121974
U0030,P0150,0.25,0.08199999999999996,1.0,1.0,1.0,4.47,6.255750041753367,0.623,0.918,90,5,4.662098463831
U0030,P0151,0.0,0.14700000000000002,1.0,1.0,1.0,3.73,4.8283137373023015,0.305,0.853,180,5,34.17848076003504
U0030,P0155,0.25,0.521,1.0,0.0,1.0,4.35,5.2574953720277815,0.361,0.479,90,5,27.09195087301625
U0030,P0162,0.25,0.759,1.0,0.0,1.0,3.73,8.01102337918644,1.0,0.241,45,5,35.94108728529644
U0030,P0164,0.25,0.03300000000000003,0.2,0.0,1.0,4.62,6.450470422144176,0.56,0.967,150,5,8.351332926900024
U0030,P0170,0.0,0.15500000000000003,0.2,1.0,1.0,4.29,4.8283137373023015,0.58,0.845,60,5,18.715849125758666
U0030,P0174,0.0,0.903,0.6,1.0,1.0,3.45,3.828641396489095,0.409,0.097,150,5,18.33203050118418
U0030,P0175,0.25,0.771,0.6,1.0,1.0,3.78,5.247024072160486,0.321,0.229,150,5,30.101982994293277
U0030,P0180,0.25,0.5660000000000001,0.2,0.0,1.0,4.25,4.51085950651685,0.491,0.434,150,5,17.3624343677735
U0030,P0181,0.0,0.30400000000000005,1.0,1.0,1.0,4.33,7.3395376954076745,1.0,0.696,150,5,35.35213775130473
U0030,P0185,0.0,0.667,0.2,0.0,1.0,4.14,4.574710978503383,0.359,0.333,30,5,24.963646836844905
U0030,P0189,0.25,0.263,1.0,1.0,1.0,4.49,5.720311776607412,0.596,0.737,30,5,30.435728215695523
U0030,P0191,0.25,0.10799999999999998,1.0,1.0,1.0,3.72,4.787491742782046,0.38,0.892,90,5,36.497802336633875
U0030,P0201,0.0,0.03200000000000003,0.2,1.0,1.0,3.38,4.787491742782046,0.465,0.968,30,5,8.785560832679616
U0030,P0202,0.0,0.911,0.2,1.0,1.0,4.1,5.556828061699537,0.478,0.089,150,5,38.951809247036486
U0030,P0205,0.25,0.18700000000000006,1.0,1.0,1.0,4.15,6.118097198041348,0.546,0.813,120,5,34.30271745707562
U0030,P0211,0.25,0.649,0.0,1.0,1.0,5.0,7.60688453121963,1.0,0.351,120,5,25.247266860555143
U0030,P0215,0.25,0.018000000000000016,0.6,1.0,1.0,4.58,3.4011973816621555,0.423,0.982,180,5,28.96011148491621
U0030,P0224,0.25,0.015000000000000013,0.0,1.0,1.0,4.26,4.382026634673881,0.279,0.985,60,5,14.512913170177656
U0030,P0226,0.0,0.03500000000000003,1.0,1.0,1.0,4.07,6.646390514847729,0.871,0.965,120,5,22.682359110085105
U0030,P0235,0.25,0.509,0.2,1.0,1.0,3.86,4.812184355372417,0.372,0.491,150,5,8.278349171424106
U0030,P0236,0.0,0.13,0.2,1.0,1.0,3.98,2.772588722239781,0.317,0.87,60,5,36.45173995134145
U0030,P0240,0.25,0.5349999999999999,0.0,0.0,1.0,5.0,6.843749949006225,0.951,0.465,120,5,21.208356080151226
U0030,P0245,0.0,0.91,0.0,1.0,1.0,4.86,6.558197802812269,0.673,0.09,45,5,39.41388531886232
U0030,P0246,0.25,0.33799999999999997,0.2,1.0,1.0,4.1,7.27655640271871,1.0,0.662,150,5,18.792255199801748
U0030,P0259,0.25,0.049000000000000044,0.6,1.0,1.0,4.33,4.330733340286331,0.32,0.951,60,5,35.67461830906629
U0030,P0262,0.25,0.726,0.2,1.0,1.0,3.8,6.186208623900494,0.525,0.274,90,5,3.341573415435131
U0030,P0265,0.25,0.69,0.0,0.0,1.0,4.22,4.418840607796598,0.584,0.31,60,5,21.348313229562596
U0030,P0277,0.25,0.821,0.6,1.0,1.0,4.63,5.808142489980444,0.449,0.179,180,5,32.1585652633221
U0030,P0289,0.25,0.6819999999999999,0.2,1.0,1.0,4.21,6.42648845745769,0.804,0.318,30,5,20.3458681406831
U0030,P0297,0.25,0.911,1.0,1.0,1.0,4.32,5.902633333401366,0.481,0.089,180,5,17.15171955924652
U0030,P0301,0.25,0.704,0.0,1.0,1.0,4.44,4.394449154672439,0.296,0.296,120,5,12.69392896891174
U0030,P0308,0.25,0.33099999999999996,0.0,1.0,1.0,5.0,5.655991810819852,0.65,0.669,30,5,8.35422281151002
U0030,P0311,0.25,0.387,0.6,1.0,1.0,3.74,6.066108090103747,0.436,0.613,30,5,13.445264977911572
U0030,P0314,0.25,0.716,0.0,1.0,1.0,3.65,5.351858133476067,0.579,0.284,45,5,19.457476184407128
U0030,P0319,0.25,0.6719999999999999,0.2,1.0,1.0,4.47,5.5909869805108565,0.502,0.328,120,5,15.24441321054253
U0030,P0325,0.25,0.20799999999999996,0.6,1.0,1.0,4.0,6.336825731146441,0.61,0.792,30,5,36.63044017496369
U0030,P0327,0.25,0.01100000000000001,0.0,1.0,1.0,3.98,4.174387269895637,0.483,0.989,90,5,24.0338076386934
U0030,P0336,0.25,0.278,0.2,1.0,1.0,4.66,3.044522437723423,0.302,0.722,180,5,25.18037882077905
U0030,P0344,0.25,0.727,0.2,1.0,1.0,3.99,5.056245805348308,0.403,0.273,90,5,25.42644874829895
U0030,P0349,0.0,0.808,0.2,1.0,1.0,4.25,4.007333185232471,0.525,0.192,150,5,21.963631526441716
U0030,P0350,0.25,0.264,0.6,1.0,1.0,4.52,5.2832037287379885,0.324,0.736,180,5,17.715656854450483
U0030,P0354,0.0,0.75,0.0,1.0,1.0,3.52,7.605890001053122,1.0,0.25,90,5,25.361309900544605
U0030,P0355,0.0,0.378,0.2,1.0,1.0,3.16,7.535830462798367,1.0,0.622,180,5,20.030224761139916
U0030,P0357,0.25,0.737,0.6,0.0,1.0,3.85,5.981414211254481,0.4,0.263,60,5,35.71615504277193
U0030,P0362,0.25,0.683,0.0,0.0,1.0,3.49,6.391917113392602,0.492,0.317,30,5,41.413287238229614
U0030,P0363,0.25,0.503,0.0,1.0,1.0,4.18,5.2832037287379885,0.564,0.497,45,5,15.810363548239014
U0030,P0370,0.25,0.20299999999999996,0.2,1.0,1.0,4.85,6.717804695023691,0.739,0.797,120,5,33.831009175928685
U0030,P0378,0.25,0.135,1.0,1.0,1.0,3.67,8.658866349732383,1.0,0.865,90,5,27.76044355879324
U0030,P0383,0.0,0.10399999999999998,0.6,1.0,1.0,4.62,4.663439094112067,0.311,0.896,120,5,37.29506890312262
U0030,P0385,0.25,0.5589999999999999,1.0,1.0,1.0,3.82,7.675081857716334,1.0,0.441,120,5,30.08963165927358
U0030,P0393,0.0,0.10799999999999998,0.2,1.0,1.0,4.35,6.79794041297493,0.641,0.892,90,5,11.891686398860436
U0030,P0406,0.25,0.759,1.0,1.0,1.0,4.02,4.976733742420574,0.349,0.241,180,5,16.20329355707469
U0030,P0414,0.0,0.763,1.0,1.0,1.0,4.81,4.875197323201151,0.574,0.237,45,5,11.184534852050525
U0030,P0415,0.25,0.010000000000000009,0.2,1.0,1.0,3.91,5.1647859739235145,0.548,0.99,90,5,38.393525187243064
U0030,P0417,0.25,0.8180000000000001,0.0,1.0,1.0,3.65,4.584967478670572,0.493,0.182,150,5,35.709073825484595
U0030,P0423,0.0,0.509,0.6,1.0,1.0,4.17,6.091309882077698,0.546,0.491,30,5,23.85950954352072
U0030,P0429,0.25,0.893,1.0,1.0,1.0,3.73,6.066108090103747,0.596,0.107,30,5,14.490741765097537
U0030,P0430,0.0,0.237,0.2,0.0,1.0,3.85,6.259581464064923,0.474,0.763,60,5,14.35063037866587
U0030,P0431,0.0,0.347,0.2,1.0,1.0,4.19,3.6888794541139363,0.291,0.653,150,5,30.05013128559097
U0030,P0436,0.25,0.05300000000000005,0.2,1.0,1.0,4.02,4.543294782270004,0.464,0.947,150,5,37.48921907949699
U0030,P0442,0.25,0.040000000000000036,0.6,0.0,1.0,3.88,6.75343791859778,0.708,0.96,120,5,19.015483345450374
U0030,P0443,0.25,0.124,0.2,1.0,1.0,4.41,7.716460800176355,1.0,0.876,90,5,25.535341762684386
U0030,P0445,0.0,0.33799999999999997,0.0,1.0,1.0,4.37,6.8308742346461795,0.666,0.662,150,5,10.217556724760325
U0030,P0457,0.25,0.694,1.0,1.0,1.0,4.21,7.393263094763838,1.0,0.306,150,5,10.746008728905817
U0030,P0461,0.0,0.21799999999999997,0.2,1.0,1.0,4.58,4.276666119016055,0.594,0.782,120,5,27.93440559435363
U0030,P0467,0.0,0.049000000000000044,0.2,1.0,1.0,3.45,2.8903717578961645,0.194,0.951,90,5,24.606764524272222
U0030,P0472,0.25,0.635,0.2,0.0,1.0,4.39,5.384495062789089,0.434,0.365,30,5,37.91612244927386
U0030,P0477,0.25,0.823,0.2,1.0,1.0,3.54,7.232733136177615,1.0,0.177,60,5,38.86485204987114
U0030,P0478,0.25,0.754,1.0,1.0,1.0,4.06,6.841615476477592,0.877,0.246,150,5,31.782598378171944
U0030,P0479,0.25,0.771,0.0,0.0,1.0,4.25,6.049733455231958,0.532,0.229,90,5,27.088035943790782
U0030,P0480,0.25,0.9390000000000001,1.0,0.0,1.0,4.36,6.037870919922137,0.555,0.061,90,5,14.16209980002786
U0030,P0491,0.0,0.749,1.0,1.0,1.0,4.45,6.0112671744041615,0.433,0.251,120,5,19.385476089146767
U0030,P0498,0.25,0.376,1.0,1.0,1.0,3.65,5.1647859739235145,0.582,0.624,90,5,32.57123603547244
U0031,P0013,0.3333333333333333,0.0,0.2,1.0,1.0,3.86,5.634789603169249,0.339,0.532,120,2,3.6071170074883625
U0031,P0018,0.3333333333333333,1.0,0.6,1.0,0.0,4.47,4.04305126783455,0.482,0.204,60,2,20.131804795621097
U0031,P0021,0.3333333333333333,1.0,0.6,1.0,0.0,4.43,5.707110264748875,0.484,0.335,30,2,26.039509308532516
U0031,P0024,0.3333333333333333,1.0,0.6,1.0,0.0,3.89,6.769641976852503,0.648,0.177,150,2,11.958407753437504
U0031,P0025,0.0,0.0,0.2,1.0,1.0,4.25,3.4011973816621555,0.494,0.273,120,2,29.319469122984774
U0031,P0027,0.0,0.0,0.2,1.0,0.0,3.8,6.234410725718371,0.572,0.848,30,2,6.297924402969596
U0031,P0028,0.0,0.0,0.0,1.0,1.0,4.56,6.618738983517219,0.679,0.84,90,2,18.08187983812379
U0031,P0029,0.0,1.0,0.6,1.0,0.0,3.72,5.1298987149230735,0.331,0.257,30,2,29.135476690182895
U0031,P0042,0.3333333333333333,0.0,0.0,1.0,1.0,4.77,4.882801922586371,0.316,0.243,120,2,7.51582210954909
U0031,P0044,0.3333333333333333,1.0,1.0,1.0,1.0,4.51,5.8971538676367405,0.486,0.319,180,2,8.802360221729645
U0031,P0055,0.3333333333333333,1.0,0.6,1.0,1.0,4.22,5.4116460518550396,0.467,0.663,45,2,26.186467667582654
U0031,P0059,0.0,1.0,0.6,1.0,1.0,4.08,4.110873864173311,0.254,0.625,60,2,19.552398564778183
U0031,P0061,0.3333333333333333,0.0,0.2,1.0,1.0,4.46,4.418840607796598,0.566,0.148,180,2,24.2106762597829
U0031,P0070,0.0,0.0,0.0,1.0,0.0,4.47,4.02535169073515,0.424,0.13,30,2,27.442652296306896
U0031,P0073,0.3333333333333333,1.0,0.6,1.0,0.0,4.22,6.439350371100098,0.572,0.563,45,2,8.879823387437986
U0031,P0075,0.0,0.0,0.0,1.0,1.0,4.33,5.857933154483459,0.712,0.88,180,2,20.255822239328733
U0031,P0082,0.0,0.0,0.0,1.0,1.0,4.62,4.5217885770490405,0.401,0.831,180,2,25.718788933393927
U0031,P0085,0.3333333333333333,1.0,0.6,1.0,0.0,3.99,4.605170185988092,0.419,0.631,90,2,13.72446247253986
U0031,P0088,0.3333333333333333,1.0,1.0,1.0,0.0,4.22,6.493753839851686,0.689,0.944,60,2,16.93521506871451
U0031,P0101,0.3333333333333333,1.0,1.0,1.0,0.0,4.26,6.173786103901937,0.432,0.519,120,2,29.155739329728306
U0031,P0103,0.3333333333333333,0.0,0.0,1.0,0.0,3.48,4.382026634673881,0.292,0.671,180,2,29.02187856248121
U0031,P0108,0.3333333333333333,1.0,0.6,1.0,0.0,3.96,6.411818267709897,0.819,0.98,90,2,14.723708511491031
U0031,P0111,0.3333333333333333,1.0,1.0,1.0,1.0,5.0,3.295836866004329,0.602,0.408,150,2,20.938659896334872
U0031,P0116,0.3333333333333333,0.0,0.0,1.0,0.0,3.77,5.762051382780177,0.396,0.685,120,2,15.885078917089071
U0031,P0124,0.0,1.0,0.6,1.0,1.0,3.89,4.718498871295094,0.293,0.335,60,2,18.04613722690443
U0031,P0127,0.0,0.0,0.0,1.0,0.0,5.0,6.739336627357174,0.679,0.12,60,2,28.087672574632478
U0031,P0134,0.3333333333333333,0.0,0.2,1.0,1.0,4.83,3.784189633918261,0.31,0.18,60,2,21.071616528544503
U0031,P0135,0.3333333333333333,1.0,1.0,1.0,1.0,3.9,5.659482215759621,0.602,0.484,45,2,19.931348691529305
U0031,P0139,0.3333333333333333,0.0,0.2,1.0,1.0,4.19,4.787491742782046,0.506,0.746,60,2,25.11408798614329
U0031,P0147,0.0,0.0,0.2,1.0,1.0,3.83,6.520621127558696,0.524,0.667,45,2,18.669881161413166
U0031,P0148,0.0,1.0,1.0,1.0,1.0,4.26,4.672828834461906,0.369,0.522,150,2,20.41836138798493
U0031,P0173,0.0,0.0,0.0,1.0,1.0,3.89,5.780743515792329,0.392,0.559,120,2,25.276363707314484
U0031,P0176,0.3333333333333333,1.0,0.6,1.0,1.0,4.24,7.271008538280992,0.926,0.719,180,2,13.817611320493162
U0031,P0177,0.0,0.0,0.2,1.0,1.0,4.49,5.308267697401205,0.435,0.097,180,2,18.596876560688294
U0031,P0179,0.3333333333333333,0.0,0.2,1.0,1.0,4.09,5.159055299214529,0.479,0.313,120,2,6.6183827253052545
U0031,P0183,0.3333333333333333,0.0,0.0,1.0,1.0,4.41,5.0238805208462765,0.634,0.366,90,2,17.92296076013522
U0031,P0188,0.3333333333333333,0.0,0.2,1.0,0.0,5.0,4.584967478670572,0.334,0.974,30,2,20.876419946224363
U0031,P0190,0.3333333333333333,0.0,0.2,1.0,0.0,5.0,4.532599493153256,0.572,0.059,60,2,13.121691351517677
U0031,P0194,0.3333333333333333,0.0,0.0,1.0,1.0,4.25,7.751475318021456,1.0,0.524,45,2,20.819019794852995
U0031,P0195,0.0,0.0,0.0,1.0,1.0,4.53,4.812184355372417,0.614,0.62,60,2,12.775595246883064
U0031,P0210,0.3333333333333333,1.0,1.0,1.0,1.0,4.63,5.583496308781699,0.649,0.143,120,2,10.211237964995544
U0031,P0217,0.3333333333333333,1.0,0.6,1.0,0.0,3.98,6.361302477572996,0.586,0.507,150,2,11.029617445383723
U0031,P0223,0.3333333333333333,0.0,0.0,1.0,0.0,3.51,6.304448802421981,0.679,0.145,180,2,11.397101185010303
U0031,P0231,0.3333333333333333,1.0,1.0,1.0,1.0,4.98,5.545177444479562,0.548,0.787,90,2,14.942691505831249
U0031,P0233,0.0,1.0,0.6,1.0,0.0,4.05,5.236441962829949,0.487,0.863,120,2,17.406189995583084
U0031,P0237,0.3333333333333333,1.0,1.0,1.0,0.0,3.42,7.140453043101158,0.812,0.075,90,2,24.964565323284532
U0031,P0239,0.3333333333333333,0.0,0.2,1.0,1.0,4.36,5.87493073085203,0.696,0.338,90,2,20.820415706642518
U0031,P0241,0.0,0.0,0.2,1.0,1.0,4.04,4.356708826689592,0.381,0.48,180,2,5.846055656369058
U0031,P0243,0.3333333333333333,0.0,0.2,1.0,0.0,3.76,3.8066624897703196,0.479,0.837,30,2,21.016534426201332
U0031,P0244,0.3333333333333333,0.0,0.0,1.0,1.0,3.81,4.204692619390966,0.356,0.545,60,2,22.227632109410134
U0031,P0253,0.0,0.0,0.2,1.0,1.0,3.81,4.919980925828125,0.378,0.065,90,2,18.057589270846684
U0031,P0256,0.0,0.0,0.2,1.0,1.0,4.22,5.442417710521793,0.498,0.745,60,2,24.904768728176325
U0031,P0258,0.0,0.0,0.0,1.0,1.0,3.84,6.406879986069314,0.577,0.355,120,2,12.369552173473586
U0031,P0267,0.3333333333333333,0.0,0.2,1.0,0.0,4.07,4.060443010546419,0.562,0.874,45,2,3.7546038508669257
U0031,P0268,0.0,1.0,1.0,1.0,1.0,3.81,5.560681631015528,0.489,0.985,90,2,12.675977139140853
U0031,P0270,0.0,0.0,0.2,1.0,1.0,4.55,4.812184355372417,0.525,0.652,150,2,11.580420653477
U0031,P0274,0.3333333333333333,1.0,1.0,1.0,1.0,4.36,5.2574953720277815,0.406,0.249,45,2,1.1814113941770625
U0031,P0288,0.0,0.0,0.2,1.0,0.0,4.47,2.8903717578961645,0.368,0.805,120,2,6.274367114964886
U0031,P0290,0.0,0.0,0.0,1.0,1.0,3.43,6.873163834212518,0.654,0.687,120,2,19.749663894034416
U0031,P0293,0.3333333333333333,0.0,0.2,1.0,1.0,4.18,5.799092654460526,0.544,0.45,30,2,11.195312419243574
U0031,P0298,0.3333333333333333,1.0,0.6,1.0,0.0,4.57,4.890349128221754,0.47,0.061,150,2,16.756552949431885
U0031,P0299,0.3333333333333333,1.0,1.0,1.0,0.0,3.98,4.330733340286331,0.253,0.864,120,2,20.025798329313925
U0031,P0305,0.3333333333333333,1.0,1.0,1.0,0.0,3.3,7.295735072749282,0.946,0.485,150,2,24.698071333831212
U0031,P0309,0.3333333333333333,1.0,1.0,1.0,1.0,4.15,6.371611847231857,0.679,0.38,150,2,1.320660980857231
U0031,P0321,0.3333333333333333,1.0,0.6,1.0,0.0,3.95,7.503289630675082,1.0,0.512,120,2,15.200133917168523
U0031,P0322,0.3333333333333333,0.0,0.2,1.0,0.0,3.98,3.713572066704308,0.486,0.203,30,2,25.714001854262822
U0031,P0331,0.3333333333333333,1.0,0.6,1.0,1.0,3.84,4.844187086458591,0.516,0.81,120,2,9.008491244003052
U0031,P0333,0.3333333333333333,0.0,0.2,1.0,0.0,3.78,5.631211781821365,0.556,0.339,45,2,5.768034460913399
U0031,P0337,0.3333333333333333,0.0,0.0,1.0,1.0,3.95,5.056245805348308,0.307,0.719,60,2,32.17577284530725
U0031,P0342,0.3333333333333333,1.0,1.0,1.0,1.0,3.86,6.089044875446846,0.525,0.867,60,2,23.97155787284529
U0031,P0343,0.0,0.0,0.0,1.0,1.0,3.55,6.3561076606958915,0.603,0.409,180,2,6.707912933392267
U0031,P0352,0.3333333333333333,1.0,0.6,1.0,0.0,3.78,3.828641396489095,0.537,0.292,45,2,21.834533561996913
U0031,P0353,0.3333333333333333,0.0,0.0,1.0,0.0,3.4,6.2285110035911835,0.648,0.752,180,2,7.340036533437756
U0031,P0356,0.0,1.0,0.6,1.0,1.0,4.19,5.384495062789089,0.527,0.839,60,2,17.61521386534324
U0031,P0364,0.3333333333333333,1.0,0.6,1.0,1.0,4.11,5.918893854273146,0.416,0.309,30,2,3.2891840409439173
U0031,P0366,0.3333333333333333,0.0,0.2,1.0,0.0,4.19,4.330733340286331,0.575,0.808,150,2,16.757476103349333
U0031,P0372,0.0,1.0,1.0,1.0,0.0,3.82,5.53338948872752,0.348,0.075,30,2,17.426842401422824
U0031,P0375,0.3333333333333333,1.0,1.0,1.0,1.0,3.82,3.828641396489095,0.268,0.914,150,2,23.887339314552435
U0031,P0381,0.3333333333333333,0.0,0.2,1.0,0.0,3.84,5.648974238161206,0.43,0.659,180,2,27.578044932124087
U0031,P0386,0.3333333333333333,0.0,0.0,1.0,0.0,4.42,4.8283137373023015,0.5,0.171,90,2,8.031860236805235
U0031,P0389,0.3333333333333333,1.0,1.0,1.0,1.0,3.77,5.204006687076795,0.55,0.96,150,2,13.530071977528813
U0031,P0398,0.3333333333333333,0.0,0.2,1.0,0.0,3.61,6.763884908562435,0.637,0.085,180,2,10.948403996948652
U0031,P0402,0.0,0.0,0.2,1.0,0.0,4.14,4.948759890378168,0.452,0.6,45,2,23.869378407960948
U0031,P0412,0.3333333333333333,0.0,0.2,1.0,1.0,5.0,5.0689042022202315,0.525,0.426,150,2,6.826117112004959
U0031,P0413,0.3333333333333333,0.0,0.2,1.0,1.0,3.9,7.24422751560335,0.905,0.439,30,2,8.41334947325378
U0031,P0418,0.0,0.0,0.2,1.0,1.0,4.08,5.783825182329737,0.382,0.239,30,2,3.314067398926839
U0031,P0421,0.3333333333333333,0.0,0.0,1.0,0.0,4.08,6.309918278226516,0.666,0.485,180,2,20.354193922009667
U0031,P0422,0.0,0.0,0.0,1.0,1.0,3.59,5.961005339623274,0.498,0.36,180,2,25.756650111161736
U0031,P0428,0.3333333333333333,0.0,0.0,1.0,0.0,4.74,4.820281565605037,0.53,0.979,180,2,29.321444804261795
U0031,P0435,0.0,0.0,0.0,1.0,0.0,4.4,7.912423121473705,1.0,0.783,30,2,28.201708254166995
U0031,P0454,0.0,1.0,1.0,1.0,0.0,3.49,6.396929655216146,0.507,0.172,120,2,16.10732837252751
U0031,P0464,0.3333333333333333,0.0,0.2,1.0,1.0,3.85,5.953243334287785,0.534,0.34,60,2,28.11386676801852
U0031,P0465,0.3333333333333333,1.0,1.0,1.0,1.0,4.8,5.424950017481403,0.464,0.131,150,2,12.56213043170188
U0031,P0466,0.3333333333333333,0.0,0.2,1.0,1.0,3.85,7.757478766584179,1.0,0.847,90,2,15.527632656162094
U0031,P0468,0.3333333333333333,1.0,0.6,1.0,1.0,4.3,4.897839799950911,0.313,0.275,30,2,26.024755789579945
U0031,P0470,0.3333333333333333,0.0,0.0,1.0,1.0,4.21,4.8283137373023015,0.28,0.411,45,2,17.891112931713284
U0031,P0474,0.0,0.0,0.0,1.0,1.0,3.41,4.672828834461906,0.439,0.801,30,2,4.706408273717295
U0031,P0481,0.0,0.0,0.2,1.0,1.0,4.39,7.095064377287131,0.812,0.371,150,2,27.618825651515568
U0031,P0496,0.3333333333333333,0.0,0.2,1.0,1.0,4.19,3.091042453358316,0.52,0.853,90,2,18.274603030759184
U0032,P0003,0.5,1.0,1.0,1.0,1.0,3.99,5.220355825078324,0.514,0.481,180,3,38.137989896626635
U0032,P0007,0.0,0.0,0.6,1.0,1.0,4.21,3.2188758248682006,0.399,0.203,30,3,32.05475622364292
U0032,P0008,0.5,0.0,1.0,1.0,1.0,3.32,4.8283137373023015,0.252,0.572,90,3,24.352233105221988
U0032,P0014,0.5,1.0,0.0,1.0,1.0,3.58,5.953243334287785,0.582,0.426,120,3,11.557880644086428
U0032,P0016,0.0,0.0,0.6,1.0,1.0,3.83,7.723120092266331,1.0,0.53,120,3,39.11056365136585
U0032,P0026,0.5,1.0,0.0,1.0,1.0,4.25,5.043425116919247,0.424,0.781,120,3,33.17906878745377
U0032,P0031,0.0,0.0,0.0,1.0,1.0,3.88,5.278114659230517,0.57,0.464,30,3,14.782075252429854
U0032,P0032,0.5,0.0,0.2,1.0,1.0,3.6,4.07753744390572,0.515,0.858,45,3,14.140814665572528
U0032,P0039,0.0,0.0,1.0,1.0,1.0,4.14,5.14166355650266,0.304,0.168,180,3,40.24267329241575
U0032,P0047,0.0,1.0,0.6,1.0,1.0,3.78,5.111987788356544,0.484,0.719,60,3,4.499246845538744
U0032,P0052,0.5,0.0,1.0,1.0,1.0,3.95,4.543294782270004,0.403,0.969,30,3,32.730899010232406
U0032,P0060,0.0,0.0,1.0,1.0,1.0,4.61,6.403574197934815,0.611,0.137,60,3,35.448145653605756
U0032,P0065,0.0,0.0,0.2,1.0,1.0,4.14,4.897839799950911,0.598,0.459,180,3,17.87620350457767
U0032,P0066,0.0,0.0,0.0,1.0,1.0,3.4,5.583496308781699,0.612,0.325,180,3,22.8120730624157
U0032,P0068,0.0,0.0,0.2,1.0,1.0,3.69,7.360103972989152,0.96,0.491,120,3,13.38333916345253
U0032,P0069,0.5,0.0,0.2,1.0,1.0,3.75,5.117993812416755,0.44,0.662,60,3,46.37994167659556
U0032,P0072,0.5,1.0,0.6,1.0,1.0,3.38,5.723585101952381,0.515,0.687,30,3,25.697168320850114
U0032,P0076,0.5,1.0,0.6,1.0,1.0,4.21,5.916202062607435,0.663,0.995,60,3,43.47132600736893
U0032,P0078,0.0,1.0,0.0,1.0,1.0,4.23,4.6443908991413725,0.481,0.066,120,3,33.576394256956604
U0032,P0093,0.0,0.0,0.0,1.0,1.0,4.0,6.3578422665081,0.477,0.776,120,3,10.834479570363506
U0032,P0100,0.5,1.0,0.2,1.0,1.0,4.13,4.143134726391533,0.347,0.858,150,3,3.901910844295795
U0032,P0105,0.0,0.0,0.2,1.0,1.0,4.33,10.12330558042176,1.0,0.56,120,3,16.260533313924697
U0032,P0106,0.5,0.0,1.0,1.0,1.0,4.36,6.862757913051401,0.806,0.343,120,3,10.44636324475471
U0032,P0109,0.0,1.0,1.0,1.0,1.0,3.75,5.220355825078324,0.554,0.618,90,3,32.876456343474025
U0032,P0113,0.0,0.0,0.0,1.0,1.0,3.89,6.806829360392176,0.674,0.76,60,3,20.221068643939244
U0032,P0114,0.0,0.0,0.2,1.0,1.0,4.13,4.219507705176107,0.328,0.848,120,3,19.042901641072287
U0032,P0120,0.5,0.0,1.0,1.0,1.0,3.8,6.523562306149512,0.833,0.586,120,3,47.72951019401937
U0032,P0121,0.5,0.0,1.0,1.0,1.0,3.74,5.365976015021851,0.436,0.97,180,3,38.33127166610844
U0032,P0128,0.0,1.0,0.2,1.0,1.0,3.42,4.919980925828125,0.29,0.765,120,3,9.516421286707562
U0032,P0136,0.5,1.0,0.6,1.0,1.0,4.75,3.784189633918261,0.603,0.869,30,3,5.071394630322665
U0032,P0138,0.0,0.0,0.6,1.0,1.0,3.66,6.056784013228625,0.462,0.599,150,3,22.20175559694809
U0032,P0145,0.0,0.0,0.0,1.0,1.0,4.23,4.7535901911063645,0.367,0.117,30,3,13.446510207557148
U0032,P0152,0.5,0.0,0.0,1.0,1.0,4.44,6.2324480165505225,0.8,0.056,180,3,33.453086608208125
U0032,P0154,0.0,1.0,1.0,1.0,1.0,4.67,4.795790545596741,0.495,0.349,30,3,13.022309092781965
U0032,P0157,0.0,0.0,1.0,1.0,1.0,4.47,6.476972362889683,0.806,0.662,45,3,11.282876111043565
U0032,P0160,0.0,0.0,0.2,1.0,1.0,4.25,5.3471075307174685,0.369,0.992,60,3,27.6605016375637
U0032,P0161,0.0,0.0,0.2,1.0,1.0,4.14,6.214608098422191,0.759,0.391,180,3,25.329203696182834
U0032,P0165,0.5,0.0,0.6,1.0,1.0,4.38,6.255750041753367,0.574,0.657,60,3,40.25267559921215
U0032,P0167,0.0,0.0,0.2,1.0,1.0,4.13,4.6913478822291435,0.346,0.57,30,3,11.708803343837946
U0032,P0168,0.5,0.0,0.2,1.0,1.0,4.54,5.327876168789581,0.391,0.678,45,3,16.999992531105764
U0032,P0186,0.5,0.0,0.6,1.0,1.0,4.11,6.09807428216624,0.737,0.747,180,3,5.7360288268768915
U0032,P0198,0.5,1.0,0.0,1.0,1.0,4.63,4.941642422609304,0.637,0.815,150,3,38.901546520819736
U0032,P0199,0.0,0.0,0.2,1.0,1.0,3.33,7.1252830915107115,1.0,0.773,45,3,1.341497267667642
U0032,P0200,0.0,1.0,0.0,1.0,1.0,4.05,6.985641817639208,0.739,0.699,150,3,24.9182383625819
U0032,P0208,0.0,0.0,0.2,1.0,1.0,4.25,4.605170185988092,0.469,0.557,60,3,16.593662280862294
U0032,P0209,0.0,0.0,1.0,1.0,1.0,4.8,5.641907070938114,0.368,0.754,120,3,15.177220020490005
U0032,P0214,0.0,0.0,0.6,1.0,1.0,3.67,6.324358962381311,0.731,0.588,180,3,22.384413330429933
U0032,P0216,0.0,0.0,0.2,1.0,1.0,3.57,3.091042453358316,0.32,0.893,45,3,18.2622432788939
U0032,P0220,0.0,1.0,0.0,1.0,1.0,3.33,5.43372200355424,0.5,0.091,120,3,36.825243957630285
U0032,P0222,0.0,0.0,0.6,1.0,1.0,3.17,5.393627546352362,0.406,0.312,120,3,12.03493611479476
U0032,P0225,0.0,0.0,1.0,1.0,1.0,3.87,4.23410650459726,0.498,0.05,120,3,24.026527688809
U0032,P0227,0.0,0.0,1.0,1.0,1.0,3.66,6.1070228877422545,0.561,0.596,60,3,18.135653183841274
U0032,P0228,0.5,0.0,0.0,1.0,1.0,3.86,4.553876891600541,0.276,0.81,30,3,1.750801236524369
U0032,P0229,0.0,0.0,0.2,1.0,1.0,4.05,4.2626798770413155,0.358,0.524,120,3,43.95412461947932
U0032,P0232,0.5,0.0,1.0,1.0,1.0,3.79,5.75890177387728,0.446,0.632,120,3,44.63023169327
U0032,P0249,0.5,0.0,1.0,1.0,1.0,3.63,5.272999558563747,0.561,0.592,45,3,29.777244815288295
U0032,P0250,0.0,0.0,0.0,1.0,1.0,3.71,3.8501476017100584,0.531,0.941,180,3,20.173351755091375
U0032,P0255,0.0,0.0,1.0,1.0,1.0,4.12,4.51085950651685,0.455,0.926,60,3,6.538314999687381
U0032,P0257,0.5,1.0,1.0,1.0,1.0,3.99,4.418840607796598,0.403,0.785,150,3,12.58890143992412
U0032,P0261,0.0,0.0,1.0,1.0,1.0,3.35,6.152732694704104,0.515,0.27,60,3,36.80766325090518
U0032,P0269,0.0,0.0,0.0,1.0,1.0,3.71,5.043425116919247,0.358,0.158,30,3,29.953820519304056
U0032,P0271,0.5,1.0,0.6,1.0,1.0,4.48,4.1588830833596715,0.309,0.963,45,3,43.53795017131831
U0032,P0278,0.5,0.0,1.0,1.0,1.0,4.25,5.0106352940962555,0.352,0.372,150,3,24.990783391839894
U0032,P0279,0.0,1.0,0.2,1.0,1.0,3.88,4.983606621708336,0.404,0.337,90,3,5.9493761436474
U0032,P0284,0.5,0.0,0.0,1.0,1.0,3.18,4.290459441148391,0.225,0.636,60,3,38.1423155505991
U0032,P0286,0.5,1.0,0.6,1.0,1.0,4.11,7.512071245835466,1.0,0.981,90,3,26.615052250526272
U0032,P0287,0.0,0.0,1.0,1.0,1.0,4.25,5.241747015059643,0.585,0.783,45,3,41.46458829829646
U0032,P0300,0.5,1.0,0.2,1.0,1.0,3.9,5.953243334287785,0.637,0.414,150,3,32.851861440538094
U0032,P0306,0.0,0.0,0.6,1.0,1.0,4.39,5.43372200355424,0.327,0.844,150,3,45.068784331706404
U0032,P0315,0.0,0.0,1.0,1.0,1.0,4.13,6.813444599510896,0.765,0.581,90,3,5.641873675784214
U0032,P0329,0.5,0.0,1.0,1.0,1.0,4.11,5.472270673671475,0.541,0.163,60,3,51.124765056215594
U0032,P0347,0.5,1.0,1.0,1.0,1.0,3.61,6.240275845170769,0.639,0.289,60,3,23.66219820947488
U0032,P0348,0.5,1.0,0.0,1.0,1.0,4.37,5.1298987149230735,0.388,0.489,150,3,20.38817870939467
U0032,P0365,0.0,0.0,0.2,1.0,1.0,3.86,4.574710978503383,0.475,0.357,150,3,42.89328179357831
U0032,P0368,0.5,1.0,0.0,1.0,1.0,4.56,6.068425588244111,0.516,0.462,120,3,5.361367955618382
U0032,P0379,0.5,1.0,0.0,1.0,1.0,4.32,5.723585101952381,0.62,0.856,90,3,4.803804034637517
U0032,P0382,0.0,0.0,1.0,1.0,1.0,5.0,5.389071729816501,0.638,0.643,120,3,16.64919313279815
U0032,P0387,0.5,1.0,0.0,1.0,1.0,4.38,6.668228248417403,0.611,0.406,60,3,44.67549296136402
U0032,P0401,0.5,0.0,0.6,1.0,1.0,4.52,4.882801922586371,0.627,0.644,90,3,43.48773915675931
U0032,P0404,0.0,1.0,0.0,1.0,1.0,4.2,4.927253685157205,0.58,0.541,120,3,7.760950903757836
U0032,P0411,0.0,0.0,0.0,1.0,1.0,3.87,7.191429330036379,0.864,0.888,30,3,29.202816747207095
U0032,P0434,0.5,1.0,1.0,1.0,1.0,4.23,5.902633333401366,0.492,0.526,150,3,27.8996557016418
U0032,P0440,0.5,1.0,0.2,1.0,1.0,4.09,6.926577033222725,0.673,0.764,45,3,46.704974677322234
U0032,P0446,0.0,1.0,0.2,1.0,1.0,4.47,6.1092475827643655,0.685,0.598,45,3,43.2612305681216
U0032,P0448,0.0,0.0,1.0,1.0,1.0,4.72,6.278521424165844,0.571,0.408,180,3,3.73909571727321
U0032,P0451,0.5,1.0,0.0,1.0,1.0,4.27,5.030437921392435,0.345,0.646,30,3,12.74661311281344
U0032,P0453,0.0,0.0,0.6,1.0,1.0,4.19,5.556828061699537,0.46,0.913,150,3,6.201544877133112
U0032,P0458,0.5,1.0,1.0,1.0,1.0,4.06,5.8377304471659395,0.451,0.395,120,3,29.820055883239814
U0032,P0460,0.5,1.0,0.0,1.0,1.0,3.9,5.733341276897746,0.541,0.41,60,3,19.33210037289054
U0032,P0469,0.0,0.0,0.6,1.0,1.0,3.64,6.35088571671474,0.695,0.285,45,3,32.662720625613986
U0032,P0476,0.0,0.0,0.2,1.0,1.0,3.99,5.924255797414532,0.561,0.945,45,3,12.938261607546757
U0032,P0489,0.0,0.0,1.0,1.0,1.0,3.9,2.6390573296152584,0.509,0.951,30,3,30.85032179061839
U0032,P0490,0.0,0.0,0.6,1.0,1.0,3.39,6.413458957167357,0.584,0.85,30,3,39.068776932736164
U0033,P0013,0.0,1.0,0.2,1.0,1.0,3.86,5.634789603169249,0.339,0.532,120,3,29.302494168977848
U0033,P0018,1.0,0.0,0.6,1.0,1.0,4.47,4.04305126783455,0.482,0.204,60,3,16.517340869479217
U0033,P0021,1.0,0.0,0.6,1.0,1.0,4.43,5.707110264748875,0.484,0.335,30,3,22.136574175805176
U0033,P0024,0.0,0.0,0.6,1.0,1.0,3.89,6.769641976852503,0.648,0.177,150,3,19.811728993783095
U0033,P0025,0.0,1.0,0.2,1.0,1.0,4.25,3.4011973816621555,0.494,0.273,120,3,5.033898731147166
U0033,P0027,0.0,0.0,0.2,1.0,1.0,3.8,6.234410725718371,0.572,0.848,30,3,22.795974731003156
U0033,P0028,0.0,1.0,0.0,0.0,1.0,4.56,6.618738983517219,0.679,0.84,90,3,24.258563132653983
U0033,P0029,0.0,0.0,0.6,1.0,1.0,3.72,5.1298987149230735,0.331,0.257,30,3,17.956555863612078
U0033,P0042,1.0,1.0,0.0,0.0,1.0,4.77,4.882801922586371,0.316,0.243,120,3,30.458314878057973
U0033,P0044,0.0,1.0,1.0,0.0,1.0,4.51,5.8971538676367405,0.486,0.319,180,3,21.224359521268696
U0033,P0055,1.0,1.0,0.6,0.0,1.0,4.22,5.4116460518550396,0.467,0.663,45,3,6.684157612004065
U0033,P0059,0.0,1.0,0.6,1.0,1.0,4.08,4.110873864173311,0.254,0.625,60,3,12.74892411130382
U0033,P0061,1.0,1.0,0.2,1.0,1.0,4.46,4.418840607796598,0.566,0.148,180,3,10.002443270975208
U0033,P0070,0.0,0.0,0.0,0.0,1.0,4.47,4.02535169073515,0.424,0.13,30,3,10.146355101154523
U0033,P0073,0.0,0.0,0.6,1.0,1.0,4.22,6.439350371100098,0.572,0.563,45,3,26.626584241015898
U0033,P0075,0.0,1.0,0.0,1.0,1.0,4.33,5.857933154483459,0.712,0.88,180,3,10.398756264581328
U0033,P0082,0.0,1.0,0.0,1.0,1.0,4.62,4.5217885770490405,0.401,0.831,180,3,15.814547048143881
U0033,P0085,1.0,0.0,0.6,1.0,1.0,3.99,4.605170185988092,0.419,0.631,90,3,17.66796907952485
U0033,P0088,0.0,0.0,1.0,1.0,1.0,4.22,6.493753839851686,0.689,0.944,60,3,22.50917467598021
U0033,P0101,1.0,0.0,1.0,1.0,1.0,4.26,6.173786103901937,0.432,0.519,120,3,16.5087194199822
U0033,P0103,1.0,0.0,0.0,1.0,1.0,3.48,4.382026634673881,0.292,0.671,180,3,13.913766909118705
U0033,P0108,0.0,0.0,0.6,0.0,1.0,3.96,6.411818267709897,0.819,0.98,90,3,15.402449756119568
U0033,P0111,0.0,1.0,1.0,1.0,1.0,5.0,3.295836866004329,0.602,0.408,150,3,24.87990436695161
U0033,P0116,0.0,0.0,0.0,0.0,1.0,3.77,5.762051382780177,0.396,0.685,120,3,21.268268538323493
U0033,P0124,0.0,1.0,0.6,1.0,1.0,3.89,4.718498871295094,0.293,0.335,60,3,13.247796645579536
U0033,P0127,0.0,0.0,0.0,0.0,1.0,5.0,6.739336627357174,0.679,0.12,60,3,1.075837739325191
U0033,P0134,1.0,1.0,0.2,1.0,1.0,4.83,3.784189633918261,0.31,0.18,60,3,7.853620476976165
U0033,P0135,0.0,1.0,1.0,1.0,1.0,3.9,5.659482215759621,0.602,0.484,45,3,13.995390588862959
U0033,P0139,0.0,1.0,0.2,0.0,1.0,4.19,4.787491742782046,0.506,0.746,60,3,5.648741524172019
U0033,P0147,0.0,1.0,0.2,0.0,1.0,3.83,6.520621127558696,0.524,0.667,45,3,11.899330483912463
U0033,P0148,0.0,1.0,1.0,1.0,1.0,4.26,4.672828834461906,0.369,0.522,150,3,18.709753271791065
U0033,P0173,0.0,1.0,0.0,1.0,1.0,3.89,5.780743515792329,0.392,0.559,120,3,11.335107204659755
U0033,P0176,0.0,1.0,0.6,0.0,1.0,4.24,7.271008538280992,0.926,0.719,180,3,24.832755784908212
U0033,P0177,0.0,1.0,0.2,1.0,1.0,4.49,5.308267697401205,0.435,0.097,180,3,20.614814731362276
U0033,P0179,0.0,1.0,0.2,1.0,1.0,4.09,5.159055299214529,0.479,0.313,120,3,22.443599839163216
U0033,P0183,0.0,1.0,0.0,1.0,1.0,4.41,5.0238805208462765,0.634,0.366,90,3,24.95996633762393
U0033,P0188,1.0,0.0,0.2,0.0,1.0,5.0,4.584967478670572,0.334,0.974,30,3,8.000090851289604
U0033,P0190,0.0,0.0,0.2,0.0,1.0,5.0,4.532599493153256,0.572,0.059,60,3,27.275827542576852
U0033,P0194,1.0,1.0,0.0,1.0,1.0,4.25,7.751475318021456,1.0,0.524,45,3,17.738600424136532
U0033,P0195,0.0,1.0,0.0,0.0,1.0,4.53,4.812184355372417,0.614,0.62,60,3,30.02502861992246
U0033,P0210,1.0,1.0,1.0,1.0,1.0,4.63,5.583496308781699,0.649,0.143,120,3,22.133342346935954
U0033,P0217,1.0,0.0,0.6,1.0,1.0,3.98,6.361302477572996,0.586,0.507,150,3,25.230245626094128
U0033,P0223,0.0,0.0,0.0,0.0,1.0,3.51,6.304448802421981,0.679,0.145,180,3,17.568379356123067
U0033,P0231,0.0,1.0,1.0,0.0,1.0,4.98,5.545177444479562,0.548,0.787,90,3,20.91411983433033
U0033,P0233,0.0,0.0,0.6,1.0,1.0,4.05,5.236441962829949,0.487,0.863,120,3,13.28809019303784
U0033,P0237,1.0,0.0,1.0,1.0,1.0,3.42,7.140453043101158,0.812,0.075,90,3,24.073799683612105
U0033,P0239,0.0,1.0,0.2,1.0,1.0,4.36,5.87493073085203,0.696,0.338,90,3,22.42277097995603
U0033,P0241,0.0,1.0,0.2,1.0,1.0,4.04,4.356708826689592,0.381,0.48,180,3,23.01765799312124
U0033,P0243,0.0,0.0,0.2,0.0,1.0,3.76,3.8066624897703196,0.479,0.837,30,3,27.27251661937591
U0033,P0244,0.0,1.0,0.0,0.0,1.0,3.81,4.204692619390966,0.356,0.545,60,3,27.073001273435743
U0033,P0253,0.0,1.0,0.2,1.0,1.0,3.81,4.919980925828125,0.378,0.065,90,3,11.722802702860871
U0033,P0256,0.0,1.0,0.2,1.0,1.0,4.22,5.442417710521793,0.498,0.745,60,3,20.829794929454657
U0033,P0258,0.0,1.0,0.0,1.0,1.0,3.84,6.406879986069314,0.577,0.355,120,3,16.576115415201194
U0033,P0267,0.0,0.0,0.2,0.0,1.0,4.07,4.060443010546419,0.562,0.874,45,3,31.098522689512855
U0033,P0268,0.0,1.0,1.0,1.0,1.0,3.81,5.560681631015528,0.489,0.985,90,3,29.829335888802927
U0033,P0270,0.0,1.0,0.2,1.0,1.0,4.55,4.812184355372417,0.525,0.652,150,3,25.163646597341042
U0033,P0274,0.0,1.0,1.0,1.0,1.0,4.36,5.2574953720277815,0.406,0.249,45,3,29.942823789913266
U0033,P0288,0.0,0.0,0.2,1.0,1.0,4.47,2.8903717578961645,0.368,0.805,120,3,30.591756224248712
U0033,P0290,0.0,1.0,0.0,0.0,1.0,3.43,6.873163834212518,0.654,0.687,120,3,15.18580051530925
U0033,P0293,1.0,1.0,0.2,1.0,1.0,4.18,5.799092654460526,0.544,0.45,30,3,20.069840731944524
U0033,P0298,0.0,0.0,0.6,0.0,1.0,4.57,4.890349128221754,0.47,0.061,150,3,17.85684178740497
U0033,P0299,0.0,0.0,1.0,1.0,1.0,3.98,4.330733340286331,0.253,0.864,120,3,20.05630001187872
U0033,P0305,1.0,0.0,1.0,1.0,1.0,3.3,7.295735072749282,0.946,0.485,150,3,10.611913295494567
U0033,P0309,1.0,1.0,1.0,0.0,1.0,4.15,6.371611847231857,0.679,0.38,150,3,29.243087713840108
U0033,P0321,0.0,0.0,0.6,0.0,1.0,3.95,7.503289630675082,1.0,0.512,120,3,13.919417805987704
U0033,P0322,0.0,0.0,0.2,1.0,1.0,3.98,3.713572066704308,0.486,0.203,30,3,18.396321292309118
U0033,P0331,0.0,1.0,0.6,0.0,1.0,3.84,4.844187086458591,0.516,0.81,120,3,20.255983019275615
U0033,P0333,0.0,0.0,0.2,1.0,1.0,3.78,5.631211781821365,0.556,0.339,45,3,33.02416370996912
U0033,P0337,1.0,1.0,0.0,0.0,1.0,3.95,5.056245805348308,0.307,0.719,60,3,3.9604715842385665
U0033,P0342,0.0,1.0,1.0,1.0,1.0,3.86,6.089044875446846,0.525,0.867,60,3,10.514841466897183
U0033,P0343,0.0,1.0,0.0,1.0,1.0,3.55,6.3561076606958915,0.603,0.409,180,3,22.47787214460661
U0033,P0352,1.0,0.0,0.6,1.0,1.0,3.78,3.828641396489095,0.537,0.292,45,3,7.369790985369377
U0033,P0353,0.0,0.0,0.0,1.0,1.0,3.4,6.2285110035911835,0.648,0.752,180,3,21.617820839740748
U0033,P0356,0.0,1.0,0.6,0.0,1.0,4.19,5.384495062789089,0.527,0.839,60,3,22.74890511210445
U0033,P0364,1.0,1.0,0.6,1.0,1.0,4.11,5.918893854273146,0.416,0.309,30,3,30.28844783749649
U0033,P0366,0.0,0.0,0.2,1.0,1.0,4.19,4.330733340286331,0.575,0.808,150,3,20.177864126219788
U0033,P0372,0.0,0.0,1.0,1.0,1.0,3.82,5.53338948872752,0.348,0.075,30,3,16.742476113846404
U0033,P0375,0.0,1.0,1.0,1.0,1.0,3.82,3.828641396489095,0.268,0.914,150,3,10.540838984114151
U0033,P0381,0.0,0.0,0.2,1.0,1.0,3.84,5.648974238161206,0.43,0.659,180,3,14.484232559358755
U0033,P0386,1.0,0.0,0.0,1.0,1.0,4.42,4.8283137373023015,0.5,0.171,90,3,32.19754232493357
U0033,P0389,1.0,1.0,1.0,1.0,1.0,3.77,5.204006687076795,0.55,0.96,150,3,16.4346139556032
U0033,P0398,0.0,0.0,0.2,0.0,1.0,3.61,6.763884908562435,0.637,0.085,180,3,24.049896805864908
U0033,P0402,0.0,0.0,0.2,1.0,1.0,4.14,4.948759890378168,0.452,0.6,45,3,20.084531161512068
U0033,P0412,0.0,1.0,0.2,0.0,1.0,5.0,5.0689042022202315,0.525,0.426,150,3,22.597344804725086
U0033,P0413,1.0,1.0,0.2,1.0,1.0,3.9,7.24422751560335,0.905,0.439,30,3,31.23116702382804
U0033,P0418,0.0,1.0,0.2,1.0,1.0,4.08,5.783825182329737,0.382,0.239,30,3,29.120302982734902
U0033,P0421,0.0,0.0,0.0,1.0,1.0,4.08,6.309918278226516,0.666,0.485,180,3,18.845713926206482
U0033,P0422,0.0,1.0,0.0,0.0,1.0,3.59,5.961005339623274,0.498,0.36,180,3,23.109815505125862
U0033,P0428,0.0,0.0,0.0,1.0,1.0,4.74,4.820281565605037,0.53,0.979,180,3,25.4883712570042
U0033,P0435,0.0,0.0,0.0,0.0,1.0,4.4,7.912423121473705,1.0,0.783,30,3,16.90793384715914
U0033,P0454,0.0,0.0,1.0,1.0,1.0,3.49,6.396929655216146,0.507,0.172,120,3,13.446350864789649
U0033,P0464,1.0,1.0,0.2,1.0,1.0,3.85,5.953243334287785,0.534,0.34,60,3,17.982241533948418
U0033,P0465,0.0,1.0,1.0,1.0,1.0,4.8,5.424950017481403,0.464,0.131,150,3,16.943617506183372
U0033,P0466,1.0,1.0,0.2,1.0,1.0,3.85,7.757478766584179,1.0,0.847,90,3,26.708576413304677
U0033,P0468,0.0,1.0,0.6,0.0,1.0,4.3,4.897839799950911,0.313,0.275,30,3,4.866073450117747
U0033,P0470,1.0,1.0,0.0,0.0,1.0,4.21,4.8283137373023015,0.28,0.411,45,3,20.469829736324503
U0033,P0474,0.0,1.0,0.0,0.0,1.0,3.41,4.672828834461906,0.439,0.801,30,3,33.43308200416547
U0033,P0481,0.0,1.0,0.2,1.0,1.0,4.39,7.095064377287131,0.812,0.371,150,3,3.3683606305689855
U0033,P0496,0.0,1.0,0.2,1.0,1.0,4.19,3.091042453358316,0.52,0.853,90,3,24.05371593776153
U0034,P0013,0.0,0.339,0.6,1.0,1.0,3.86,5.634789603169249,0.339,0.532,120,3,20.31140071439568
U0034,P0018,0.5,0.482,1.0,1.0,0.0,4.47,4.04305126783455,0.482,0.204,60,3,2.90014503234869
U0034,P0021,0.5,0.484,1.0,1.0,0.0,4.43,5.707110264748875,0.484,0.335,30,3,27.49952258592581
U0034,P0024,0.0,0.648,1.0,1.0,0.0,3.89,6.769641976852503,0.648,0.177,150,3,6.404899035182603
U0034,P0025,0.0,0.494,0.6,1.0,1.0,4.25,3.4011973816621555,0.494,0.273,120,3,18.435414742803513
U0034,P0027,0.5,0.572,0.6,1.0,0.0,3.8,6.234410725718371,0.572,0.848,30,3,14.100550333182852
U0034,P0028,0.5,0.679,0.2,0.0,1.0,4.56,6.618738983517219,0.679,0.84,90,3,24.312223301212214
U0034,P0029,0.5,0.331,1.0,1.0,0.0,3.72,5.1298987149230735,0.331,0.257,30,3,26.539771878627175
U0034,P0042,0.5,0.316,0.2,0.0,1.0,4.77,4.882801922586371,0.316,0.243,120,3,23.13661822434909
U0034,P0044,0.0,0.486,0.6,0.0,1.0,4.51,5.8971538676367405,0.486,0.319,180,3,9.440639042307282
U0034,P0055,0.5,0.467,1.0,0.0,1.0,4.22,5.4116460518550396,0.467,0.663,45,3,9.673293187704944
U0034,P0059,0.0,0.254,1.0,1.0,1.0,4.08,4.110873864173311,0.254,0.625,60,3,15.530211974533112
U0034,P0061,0.5,0.566,0.6,1.0,1.0,4.46,4.418840607796598,0.566,0.148,180,3,17.644882427072517
U0034,P0070,0.5,0.424,0.2,0.0,0.0,4.47,4.02535169073515,0.424,0.13,30,3,20.33788323539934
U0034,P0073,0.0,0.572,1.0,1.0,0.0,4.22,6.439350371100098,0.572,0.563,45,3,20.819211888623965
U0034,P0075,0.0,0.712,0.2,1.0,1.0,4.33,5.857933154483459,0.712,0.88,180,3,13.648441565625557
U0034,P0082,0.0,0.401,0.2,1.0,1.0,4.62,4.5217885770490405,0.401,0.831,180,3,23.007274929682804
U0034,P0085,0.5,0.419,1.0,1.0,0.0,3.99,4.605170185988092,0.419,0.631,90,3,14.986414457151572
U0034,P0088,0.0,0.689,0.6,1.0,0.0,4.22,6.493753839851686,0.689,0.944,60,3,7.388311728744097
U0034,P0101,0.5,0.432,0.6,1.0,0.0,4.26,6.173786103901937,0.432,0.519,120,3,25.61255872981471
U0034,P0103,0.5,0.292,0.2,1.0,0.0,3.48,4.382026634673881,0.292,0.671,180,3,23.84985697576276
U0034,P0108,0.0,0.819,1.0,0.0,0.0,3.96,6.411818267709897,0.819,0.98,90,3,4.563041978918215
U0034,P0111,0.0,0.602,0.6,1.0,1.0,5.0,3.295836866004329,0.602,0.408,150,3,10.491308992592025
U0034,P0116,0.0,0.396,0.2,0.0,0.0,3.77,5.762051382780177,0.396,0.685,120,3,6.108906465763129
U0034,P0124,0.5,0.293,1.0,1.0,1.0,3.89,4.718498871295094,0.293,0.335,60,3,2.527396372057926
U0034,P0127,0.0,0.679,0.2,0.0,0.0,5.0,6.739336627357174,0.679,0.12,60,3,14.949568364577098
U0034,P0134,0.5,0.31,0.6,1.0,1.0,4.83,3.784189633918261,0.31,0.18,60,3,10.391716354285139
U0034,P0135,0.0,0.602,0.6,1.0,1.0,3.9,5.659482215759621,0.602,0.484,45,3,17.16094158547132
U0034,P0139,0.0,0.506,0.6,0.0,1.0,4.19,4.787491742782046,0.506,0.746,60,3,9.668689632474333
U0034,P0147,0.0,0.524,0.6,0.0,1.0,3.83,6.520621127558696,0.524,0.667,45,3,13.367633571270494
U0034,P0148,0.0,0.369,0.6,1.0,1.0,4.26,4.672828834461906,0.369,0.522,150,3,4.874714276507119
U0034,P0173,0.0,0.392,0.2,1.0,1.0,3.89,5.780743515792329,0.392,0.559,120,3,19.534541314868413
U0034,P0176,0.0,0.926,1.0,0.0,1.0,4.24,7.271008538280992,0.926,0.719,180,3,22.20314973547611
U0034,P0177,0.0,0.435,0.6,1.0,1.0,4.49,5.308267697401205,0.435,0.097,180,3,21.816708197614883
U0034,P0179,0.0,0.479,0.6,1.0,1.0,4.09,5.159055299214529,0.479,0.313,120,3,11.956196918236634
U0034,P0183,0.0,0.634,0.2,1.0,1.0,4.41,5.0238805208462765,0.634,0.366,90,3,9.921363086587688
U0034,P0188,0.5,0.334,0.6,0.0,0.0,5.0,4.584967478670572,0.334,0.974,30,3,9.908767879014237
U0034,P0190,0.0,0.572,0.6,0.0,0.0,5.0,4.532599493153256,0.572,0.059,60,3,23.73870276197445
U0034,P0194,0.5,1.0,0.2,1.0,1.0,4.25,7.751475318021456,1.0,0.524,45,3,21.06205550167979
U0034,P0195,0.5,0.614,0.2,0.0,1.0,4.53,4.812184355372417,0.614,0.62,60,3,25.572413340546213
U0034,P0210,0.5,0.649,0.6,1.0,1.0,4.63,5.583496308781699,0.649,0.143,120,3,8.624538932608647
U0034,P0217,0.5,0.586,1.0,1.0,0.0,3.98,6.361302477572996,0.586,0.507,150,3,10.761954038109348
U0034,P0223,0.0,0.679,0.2,0.0,0.0,3.51,6.304448802421981,0.679,0.145,180,3,8.662432640276826
U0034,P0231,0.0,0.548,0.6,0.0,1.0,4.98,5.545177444479562,0.548,0.787,90,3,5.856853040298629
U0034,P0233,0.0,0.487,1.0,1.0,0.0,4.05,5.236441962829949,0.487,0.863,120,3,3.2093989282004154
U0034,P0237,0.5,0.812,0.6,1.0,0.0,3.42,7.140453043101158,0.812,0.075,90,3,28.181470287950024
U0034,P0239,0.0,0.696,0.6,1.0,1.0,4.36,5.87493073085203,0.696,0.338,90,3,8.278193462565037
U0034,P0241,0.0,0.381,0.6,1.0,1.0,4.04,4.356708826689592,0.381,0.48,180,3,13.267969720884334
U0034,P0243,0.0,0.479,0.6,0.0,0.0,3.76,3.8066624897703196,0.479,0.837,30,3,28.13378269829427
U0034,P0244,0.0,0.356,0.2,0.0,1.0,3.81,4.204692619390966,0.356,0.545,60,3,28.667289771841237
U0034,P0253,0.0,0.378,0.6,1.0,1.0,3.81,4.919980925828125,0.378,0.065,90,3,12.020873535914017
U0034,P0256,0.0,0.498,0.6,1.0,1.0,4.22,5.442417710521793,0.498,0.745,60,3,25.95154613988826
U0034,P0258,0.0,0.577,0.2,1.0,1.0,3.84,6.406879986069314,0.577,0.355,120,3,8.243277715898177
U0034,P0267,0.0,0.562,0.6,0.0,0.0,4.07,4.060443010546419,0.562,0.874,45,3,21.58791131566237
U0034,P0268,0.0,0.489,0.6,1.0,1.0,3.81,5.560681631015528,0.489,0.985,90,3,25.381450733458937
U0034,P0270,0.0,0.525,0.6,1.0,1.0,4.55,4.812184355372417,0.525,0.652,150,3,21.130161767511307
U0034,P0274,0.0,0.406,0.6,1.0,1.0,4.36,5.2574953720277815,0.406,0.249,45,3,18.985885655358707
U0034,P0288,0.5,0.368,0.6,1.0,0.0,4.47,2.8903717578961645,0.368,0.805,120,3,22.59435148475122
U0034,P0290,0.0,0.654,0.2,0.0,1.0,3.43,6.873163834212518,0.654,0.687,120,3,18.094711393009295
U0034,P0293,0.5,0.544,0.6,1.0,1.0,4.18,5.799092654460526,0.544,0.45,30,3,7.088178053363293
U0034,P0298,0.0,0.47,1.0,0.0,0.0,4.57,4.890349128221754,0.47,0.061,150,3,2.7119215881379617
U0034,P0299,0.0,0.253,0.6,1.0,0.0,3.98,4.330733340286331,0.253,0.864,120,3,22.328482121463257
U0034,P0305,0.5,0.946,0.6,1.0,0.0,3.3,7.295735072749282,0.946,0.485,150,3,6.86174985905977
U0034,P0309,0.5,0.679,0.6,0.0,1.0,4.15,6.371611847231857,0.679,0.38,150,3,19.151629498493726
U0034,P0321,0.0,1.0,1.0,0.0,0.0,3.95,7.503289630675082,1.0,0.512,120,3,6.523308803112252
U0034,P0322,0.0,0.486,0.6,1.0,0.0,3.98,3.713572066704308,0.486,0.203,30,3,24.779264883201986
U0034,P0331,0.0,0.516,1.0,0.0,1.0,3.84,4.844187086458591,0.516,0.81,120,3,9.666186252536958
U0034,P0333,0.0,0.556,0.6,1.0,0.0,3.78,5.631211781821365,0.556,0.339,45,3,23.722505254590914
U0034,P0337,0.5,0.307,0.2,0.0,1.0,3.95,5.056245805348308,0.307,0.719,60,3,17.00423254969491
U0034,P0342,0.0,0.525,0.6,1.0,1.0,3.86,6.089044875446846,0.525,0.867,60,3,17.83528829340367
U0034,P0343,0.0,0.603,0.2,1.0,1.0,3.55,6.3561076606958915,0.603,0.409,180,3,14.081496497049928
U0034,P0352,0.5,0.537,1.0,1.0,0.0,3.78,3.828641396489095,0.537,0.292,45,3,8.485679838598516
U0034,P0353,0.0,0.648,0.2,1.0,0.0,3.4,6.2285110035911835,0.648,0.752,180,3,12.945951800394612
U0034,P0356,0.5,0.527,1.0,0.0,1.0,4.19,5.384495062789089,0.527,0.839,60,3,22.871627312068444
U0034,P0364,0.5,0.416,1.0,1.0,1.0,4.11,5.918893854273146,0.416,0.309,30,3,18.270117555997633
U0034,P0366,0.0,0.575,0.6,1.0,0.0,4.19,4.330733340286331,0.575,0.808,150,3,20.185160781709843
U0034,P0372,0.0,0.348,0.6,1.0,0.0,3.82,5.53338948872752,0.348,0.075,30,3,1.5815990201154033
U0034,P0375,0.0,0.268,0.6,1.0,1.0,3.82,3.828641396489095,0.268,0.914,150,3,6.185312461671394
U0034,P0381,0.0,0.43,0.6,1.0,0.0,3.84,5.648974238161206,0.43,0.659,180,3,23.315292076438876
U0034,P0386,0.5,0.5,0.2,1.0,0.0,4.42,4.8283137373023015,0.5,0.171,90,3,24.55472642865071
U0034,P0389,0.5,0.55,0.6,1.0,1.0,3.77,5.204006687076795,0.55,0.96,150,3,12.783184725270239
U0034,P0398,0.0,0.637,0.6,0.0,0.0,3.61,6.763884908562435,0.637,0.085,180,3,19.728299476566058
U0034,P0402,0.5,0.452,0.6,1.0,0.0,4.14,4.948759890378168,0.452,0.6,45,3,24.806468646255382
U0034,P0412,0.0,0.525,0.6,0.0,1.0,5.0,5.0689042022202315,0.525,0.426,150,3,14.550443981432968
U0034,P0413,0.5,0.905,0.6,1.0,1.0,3.9,7.24422751560335,0.905,0.439,30,3,24.130601007257113
U0034,P0418,0.0,0.382,0.6,1.0,1.0,4.08,5.783825182329737,0.382,0.239,30,3,17.03581973991536
U0034,P0421,0.0,0.666,0.2,1.0,0.0,4.08,6.309918278226516,0.666,0.485,180,3,21.60745698751711
U0034,P0422,0.5,0.498,0.2,0.0,1.0,3.59,5.961005339623274,0.498,0.36,180,3,27.98691281216903
U0034,P0428,0.0,0.53,0.2,1.0,0.0,4.74,4.820281565605037,0.53,0.979,180,3,31.49640774137618
U0034,P0435,0.0,1.0,0.2,0.0,0.0,4.4,7.912423121473705,1.0,0.783,30,3,25.30394416517305
U0034,P0454,0.5,0.507,0.6,1.0,0.0,3.49,6.396929655216146,0.507,0.172,120,3,11.5194978598162
U0034,P0464,0.5,0.534,0.6,1.0,1.0,3.85,5.953243334287785,0.534,0.34,60,3,25.957459137213892
U0034,P0465,0.0,0.464,0.6,1.0,1.0,4.8,5.424950017481403,0.464,0.131,150,3,6.667707951032893
U0034,P0466,0.5,1.0,0.6,1.0,1.0,3.85,7.757478766584179,1.0,0.847,90,3,11.553673449373164
U0034,P0468,0.0,0.313,1.0,0.0,1.0,4.3,4.897839799950911,0.313,0.275,30,3,15.408337003796886
U0034,P0470,0.5,0.28,0.2,0.0,1.0,4.21,4.8283137373023015,0.28,0.411,45,3,5.48518765716698
U0034,P0474,0.0,0.439,0.2,0.0,1.0,3.41,4.672828834461906,0.439,0.801,30,3,22.85082147593724
U0034,P0481,0.5,0.812,0.6,1.0,1.0,4.39,7.095064377287131,0.812,0.371,150,3,16.016602320818155
U0034,P0496,0.0,0.52,0.6,1.0,1.0,4.19,3.091042453358316,0.52,0.853,90,3,24.273827658904608
U0035,P0004,0.0,0.679,0.6,1.0,0.0,4.81,6.421622267806518,0.679,0.831,60,7,17.540410425826007
U0035,P0005,0.6666666666666666,0.456,0.0,1.0,1.0,3.89,6.152732694704104,0.456,0.903,45,7,25.187082813163176
U0035,P0015,0.6666666666666666,0.446,0.6,1.0,1.0,3.83,5.153291594497779,0.446,0.842,45,7,26.641739786443278
U0035,P0022,0.0,0.471,0.0,1.0,0.0,4.05,5.14166355650266,0.471,0.356,30,7,19.27168567232971
U0035,P0034,0.0,0.693,0.2,1.0,1.0,4.07,6.704414354964107,0.693,0.164,90,7,18.65795301312951
U0035,P0038,0.6666666666666666,0.682,0.0,1.0,0.0,2.92,6.48768401848461,0.682,0.481,90,7,5.450667637739972
U0035,P0040,0.0,0.249,1.0,0.0,1.0,4.14,3.1354942159291497,0.249,0.216,150,7,27.90693026002576
U0035,P0041,0.6666666666666666,0.485,0.0,1.0,0.0,4.0,5.929589143389895,0.485,0.948,150,7,12.651258999901033
U0035,P0043,0.0,0.441,1.0,0.0,1.0,3.74,4.90527477843843,0.441,0.523,30,7,26.88119385270468
U0035,P0054,0.0,0.693,0.6,1.0,0.0,4.95,5.71042701737487,0.693,0.563,45,7,25.23817806620725
U0035,P0056,0.0,0.286,1.0,0.0,1.0,3.24,5.472270673671475,0.286,0.576,60,7,31.48837787452696
U0035,P0063,0.3333333333333333,1.0,1.0,1.0,1.0,4.36,8.128585200374497,1.0,0.358,45,7,23.272149023318338
U0035,P0067,0.6666666666666666,0.527,0.6,1.0,0.0,3.62,6.068425588244111,0.527,0.79,90,7,30.67395231226706
U0035,P0074,0.6666666666666666,0.327,0.0,0.0,0.0,3.54,3.9318256327243257,0.327,0.272,150,7,19.67212990444619
U0035,P0081,0.0,0.555,0.0,0.0,0.0,3.66,6.4457198193855785,0.555,0.365,180,7,28.10061580825684
U0035,P0083,0.6666666666666666,0.563,0.2,0.0,1.0,4.53,5.996452088619021,0.563,0.951,150,7,11.505375113411512
U0035,P0084,0.6666666666666666,1.0,0.6,1.0,1.0,4.47,7.776535028185241,1.0,0.477,60,7,10.657849193482745
U0035,P0089,0.0,1.0,0.6,1.0,0.0,4.11,7.244941546337007,1.0,0.951,150,7,14.956527862160593
U0035,P0091,0.0,0.301,0.0,1.0,1.0,4.38,4.477336814478207,0.301,0.635,90,7,18.217067050917922
U0035,P0092,0.0,0.409,1.0,1.0,1.0,3.62,6.07993319509559,0.409,0.52,90,7,18.333642823966485
U0035,P0096,0.0,0.569,1.0,1.0,0.0,3.9,6.52795791762255,0.569,0.786,90,7,20.896922205804326
U0035,P0102,0.0,0.896,0.2,1.0,1.0,4.59,6.7650389767805414,0.896,0.456,120,7,11.919716775664195
U0035,P0107,0.3333333333333333,0.812,1.0,0.0,0.0,4.53,6.282266746896006,0.812,0.979,90,7,26.846805273759117
U0035,P0115,0.0,0.541,0.0,1.0,0.0,3.78,6.317164686747284,0.541,0.672,45,7,18.07877891640985
U0035,P0122,0.0,0.798,1.0,1.0,1.0,4.33,6.539585955617669,0.798,0.795,60,7,5.950180632784005
U0035,P0123,0.0,0.282,0.6,1.0,1.0,3.56,5.099866427824199,0.282,0.386,90,7,25.95608339202699
U0035,P0125,0.0,0.755,1.0,0.0,1.0,4.89,5.986452005284438,0.755,0.668,60,7,19.98511882128633
U0035,P0126,0.0,0.622,0.6,1.0,1.0,3.53,6.602587892189336,0.622,0.568,60,7,18.66913863484937
U0035,P0133,0.0,0.265,0.2,1.0,1.0,3.99,4.007333185232471,0.265,0.617,60,7,23.114458791229474
U0035,P0142,0.0,0.312,1.0,1.0,1.0,4.81,4.02535169073515,0.312,0.867,45,7,17.077433036522674
U0035,P0144,0.0,0.688,0.6,1.0,1.0,4.03,6.206575926724928,0.688,0.313,120,7,25.934320486125397
U0035,P0146,0.6666666666666666,0.467,1.0,0.0,1.0,4.01,4.912654885736052,0.467,0.531,30,7,22.888229211613545
U0035,P0150,0.6666666666666666,0.623,1.0,1.0,0.0,4.47,6.255750041753367,0.623,0.918,90,7,5.4593152792423885
U0035,P0151,0.0,0.305,1.0,1.0,1.0,3.73,4.8283137373023015,0.305,0.853,180,7,27.090761206175454
U0035,P0155,0.0,0.361,1.0,0.0,1.0,4.35,5.2574953720277815,0.361,0.479,90,7,23.854448079319994
U0035,P0162,0.6666666666666666,1.0,1.0,0.0,1.0,3.73,8.01102337918644,1.0,0.241,45,7,26.95333694474895
U0035,P0164,0.6666666666666666,0.56,0.2,0.0,1.0,4.62,6.450470422144176,0.56,0.967,150,7,7.109879584183476
U0035,P0170,0.0,0.58,0.2,1.0,1.0,4.29,4.8283137373023015,0.58,0.845,60,7,10.183213799073604
U0035,P0174,0.0,0.409,0.6,1.0,0.0,3.45,3.828641396489095,0.409,0.097,150,7,10.01557177038855
U0035,P0175,0.3333333333333333,0.321,0.6,1.0,1.0,3.78,5.247024072160486,0.321,0.229,150,7,23.500659070724602
U0035,P0180,0.0,0.491,0.2,0.0,1.0,4.25,4.51085950651685,0.491,0.434,150,7,16.388323938142893
U0035,P0181,0.0,1.0,1.0,1.0,0.0,4.33,7.3395376954076745,1.0,0.696,150,7,26.190852928308
U0035,P0185,0.0,0.359,0.2,0.0,1.0,4.14,4.574710978503383,0.359,0.333,30,7,15.78700186178579
U0035,P0189,0.6666666666666666,0.596,1.0,1.0,0.0,4.49,5.720311776607412,0.596,0.737,30,7,23.206035004414172
U0035,P0191,0.0,0.38,1.0,1.0,1.0,3.72,4.787491742782046,0.38,0.892,90,7,29.806141014471283
U0035,P0201,0.0,0.465,0.2,1.0,0.0,3.38,4.787491742782046,0.465,0.968,30,7,3.0637104026545936
U0035,P0202,0.0,0.478,0.2,1.0,0.0,4.1,5.556828061699537,0.478,0.089,150,7,30.293476547783264
U0035,P0205,0.0,0.546,1.0,1.0,0.0,4.15,6.118097198041348,0.546,0.813,120,7,25.238311579711155
U0035,P0211,0.0,1.0,0.0,1.0,1.0,5.0,7.60688453121963,1.0,0.351,120,7,20.487351294400863
U0035,P0215,0.3333333333333333,0.423,0.6,1.0,1.0,4.58,3.4011973816621555,0.423,0.982,180,7,23.546170161660765
U0035,P0224,0.3333333333333333,0.279,0.0,1.0,1.0,4.26,4.382026634673881,0.279,0.985,60,7,6.986079364788668
U0035,P0226,0.0,0.871,1.0,1.0,0.0,4.07,6.646390514847729,0.871,0.965,120,7,15.222914472762936
U0035,P0235,0.0,0.372,0.2,1.0,1.0,3.86,4.812184355372417,0.372,0.491,150,7,5.243488642039936
U0035,P0236,0.0,0.317,0.2,1.0,1.0,3.98,2.772588722239781,0.317,0.87,60,7,32.26459559862652
U0035,P0240,0.0,0.951,0.0,0.0,1.0,5.0,6.843749949006225,0.951,0.465,120,7,12.58268932100643
U0035,P0245,0.0,0.673,0.0,1.0,0.0,4.86,6.558197802812269,0.673,0.09,45,7,30.485530242272535
U0035,P0246,0.6666666666666666,1.0,0.2,1.0,1.0,4.1,7.27655640271871,1.0,0.662,150,7,24.005666530815002
U0035,P0259,0.6666666666666666,0.32,0.6,1.0,1.0,4.33,4.330733340286331,0.32,0.951,60,7,28.333164485754885
U0035,P0262,0.0,0.525,0.2,1.0,1.0,3.8,6.186208623900494,0.525,0.274,90,7,7.341767767502021
U0035,P0265,0.6666666666666666,0.584,0.0,0.0,0.0,4.22,4.418840607796598,0.584,0.31,60,7,19.193963511089656
U0035,P0277,0.0,0.449,0.6,1.0,1.0,4.63,5.808142489980444,0.449,0.179,180,7,28.1321829684048
U0035,P0289,0.6666666666666666,0.804,0.2,1.0,0.0,4.21,6.42648845745769,0.804,0.318,30,7,11.579745782099454
U0035,P0297,0.0,0.481,1.0,1.0,0.0,4.32,5.902633333401366,0.481,0.089,180,7,10.593813176380003
U0035,P0301,0.0,0.296,0.0,1.0,1.0,4.44,4.394449154672439,0.296,0.296,120,7,4.08903795285421
U0035,P0308,0.6666666666666666,0.65,0.0,1.0,1.0,5.0,5.655991810819852,0.65,0.669,30,7,6.164509409517379
U0035,P0311,0.0,0.436,0.6,1.0,0.0,3.74,6.066108090103747,0.436,0.613,30,7,10.094421184320316
U0035,P0314,0.6666666666666666,0.579,0.0,1.0,0.0,3.65,5.351858133476067,0.579,0.284,45,7,10.359363482859706
U0035,P0319,0.0,0.502,0.2,1.0,0.0,4.47,5.5909869805108565,0.502,0.328,120,7,8.212204464468204
U0035,P0325,0.6666666666666666,0.61,0.6,1.0,1.0,4.0,6.336825731146441,0.61,0.792,30,7,31.452047222178418
U0035,P0327,0.0,0.483,0.0,1.0,1.0,3.98,4.174387269895637,0.483,0.989,90,7,21.161852593001232
U0035,P0336,0.6666666666666666,0.302,0.2,1.0,1.0,4.66,3.044522437723423,0.302,0.722,180,7,24.608831293484137
U0035,P0344,0.3333333333333333,0.403,0.2,1.0,1.0,3.99,5.056245805348308,0.403,0.273,90,7,23.036167420283974
U0035,P0349,0.0,0.525,0.2,1.0,1.0,4.25,4.007333185232471,0.525,0.192,150,7,17.25765643121715
U0035,P0350,0.0,0.324,0.6,1.0,1.0,4.52,5.2832037287379885,0.324,0.736,180,7,10.078212027210668
U0035,P0354,0.0,1.0,0.0,1.0,0.0,3.52,7.605890001053122,1.0,0.25,90,7,16.396966810949905
U0035,P0355,0.0,1.0,0.2,1.0,1.0,3.16,7.535830462798367,1.0,0.622,180,7,23.26855530143573
U0035,P0357,0.0,0.4,0.6,0.0,0.0,3.85,5.981414211254481,0.4,0.263,60,7,30.747129506814037
U0035,P0362,0.6666666666666666,0.492,0.0,0.0,1.0,3.49,6.391917113392602,0.492,0.317,30,7,32.455265378104784
U0035,P0363,0.0,0.564,0.0,1.0,1.0,4.18,5.2832037287379885,0.564,0.497,45,7,8.36499288956596
U0035,P0370,0.3333333333333333,0.739,0.2,1.0,0.0,4.85,6.717804695023691,0.739,0.797,120,7,25.182452155285542
U0035,P0378,0.0,1.0,1.0,1.0,0.0,3.67,8.658866349732383,1.0,0.865,90,7,18.807900404957838
U0035,P0383,0.0,0.311,0.6,1.0,1.0,4.62,4.663439094112067,0.311,0.896,120,7,32.77380337168847
U0035,P0385,0.0,1.0,1.0,1.0,1.0,3.82,7.675081857716334,1.0,0.441,120,7,21.577290984544156
U0035,P0393,0.0,0.641,0.2,1.0,1.0,4.35,6.79794041297493,0.641,0.892,90,7,19.65783490331991
U0035,P0406,0.6666666666666666,0.349,1.0,1.0,0.0,4.02,4.976733742420574,0.349,0.241,180,7,7.284613376205973
U0035,P0414,0.0,0.574,1.0,1.0,1.0,4.81,4.875197323201151,0.574,0.237,45,7,16.630827727911512
U0035,P0415,0.0,0.548,0.2,1.0,1.0,3.91,5.1647859739235145,0.548,0.99,90,7,30.562535737706437
U0035,P0417,0.3333333333333333,0.493,0.0,1.0,1.0,3.65,4.584967478670572,0.493,0.182,150,7,26.838106065767832
U0035,P0423,0.0,0.546,0.6,1.0,1.0,4.17,6.091309882077698,0.546,0.491,30,7,23.89577022457028
U0035,P0429,0.3333333333333333,0.596,1.0,1.0,0.0,3.73,6.066108090103747,0.596,0.107,30,7,7.167705539790628
U0035,P0430,0.0,0.474,0.2,0.0,1.0,3.85,6.259581464064923,0.474,0.763,60,7,7.193121324694616
U0035,P0431,0.0,0.291,0.2,1.0,1.0,4.19,3.6888794541139363,0.291,0.653,150,7,22.874964386483807
U0035,P0436,0.3333333333333333,0.464,0.2,1.0,1.0,4.02,4.543294782270004,0.464,0.947,150,7,28.317079549218107
U0035,P0442,0.6666666666666666,0.708,0.6,0.0,1.0,3.88,6.75343791859778,0.708,0.96,120,7,11.164486708497352
U0035,P0443,0.3333333333333333,1.0,0.2,1.0,1.0,4.41,7.716460800176355,1.0,0.876,90,7,20.73067115292529
U0035,P0445,0.0,0.666,0.0,1.0,0.0,4.37,6.8308742346461795,0.666,0.662,150,7,14.697770169656156
U0035,P0457,0.6666666666666666,1.0,1.0,1.0,1.0,4.21,7.393263094763838,1.0,0.306,150,7,18.375876792458307
U0035,P0461,0.0,0.594,0.2,1.0,1.0,4.58,4.276666119016055,0.594,0.782,120,7,23.57843492461882
U0035,P0467,0.0,0.194,0.2,1.0,1.0,3.45,2.8903717578961645,0.194,0.951,90,7,19.359926191524522
U0035,P0472,0.0,0.434,0.2,0.0,1.0,4.39,5.384495062789089,0.434,0.365,30,7,33.07282865443787
U0035,P0477,0.3333333333333333,1.0,0.2,1.0,0.0,3.54,7.232733136177615,1.0,0.177,60,7,32.61214081124893
U0035,P0478,0.3333333333333333,0.877,1.0,1.0,1.0,4.06,6.841615476477592,0.877,0.246,150,7,26.150374066845146
U0035,P0479,0.0,0.532,0.0,0.0,1.0,4.25,6.049733455231958,0.532,0.229,90,7,18.993053297136143
U0035,P0480,0.3333333333333333,0.555,1.0,0.0,1.0,4.36,6.037870919922137,0.555,0.061,90,7,19.654305372387167
U0035,P0491,0.0,0.433,1.0,1.0,1.0,4.45,6.0112671744041615,0.433,0.251,120,7,17.804928210633484
U0035,P0498,0.0,0.582,1.0,1.0,1.0,3.65,5.1647859739235145,0.582,0.624,90,7,24.623607022831195
U0036,P0003,0.6666666666666666,0.519,0.2,1.0,1.0,3.99,5.220355825078324,0.514,0.481,180,4,24.35389639219649
U0036,P0007,0.0,0.7969999999999999,0.6,1.0,1.0,4.21,3.2188758248682006,0.399,0.203,30,4,17.944870935899473
U0036,P0008,0.3333333333333333,0.42800000000000005,0.2,1.0,1.0,3.32,4.8283137373023015,0.252,0.572,90,4,16.962216238139007
U0036,P0014,0.6666666666666666,0.5740000000000001,0.6,1.0,1.0,3.58,5.953243334287785,0.582,0.426,120,4,10.452715899908103
U0036,P0016,0.0,0.47,0.6,0.0,1.0,3.83,7.723120092266331,1.0,0.53,120,4,33.52050924202258
U0036,P0026,0.6666666666666666,0.21899999999999997,0.6,1.0,1.0,4.25,5.043425116919247,0.424,0.781,120,4,19.348622176300385
U0036,P0031,0.0,0.536,0.6,1.0,1.0,3.88,5.278114659230517,0.57,0.464,30,4,4.629487852994351
U0036,P0032,0.3333333333333333,0.14200000000000002,1.0,1.0,1.0,3.6,4.07753744390572,0.515,0.858,45,4,0.12568045273145542
U0036,P0039,0.0,0.832,0.2,1.0,1.0,4.14,5.14166355650266,0.304,0.168,180,4,26.817945773133708
U0036,P0047,0.0,0.281,0.6,0.0,1.0,3.78,5.111987788356544,0.484,0.719,60,4,10.063273094448894
U0036,P0052,0.3333333333333333,0.031000000000000028,0.2,0.0,1.0,3.95,4.543294782270004,0.403,0.969,30,4,26.53133609980081
U0036,P0060,0.0,0.863,0.2,1.0,1.0,4.61,6.403574197934815,0.611,0.137,60,4,24.419891609381384
U0036,P0065,0.0,0.5409999999999999,1.0,1.0,1.0,4.14,4.897839799950911,0.598,0.459,180,4,14.393423341223883
U0036,P0066,0.0,0.675,0.6,1.0,1.0,3.4,5.583496308781699,0.612,0.325,180,4,13.731829361046621
U0036,P0068,0.0,0.509,1.0,1.0,1.0,3.69,7.360103972989152,0.96,0.491,120,4,11.555282052871503
U0036,P0069,0.3333333333333333,0.33799999999999997,1.0,1.0,1.0,3.75,5.117993812416755,0.44,0.662,60,4,33.607802595518265
U0036,P0072,0.6666666666666666,0.31299999999999994,0.6,0.0,1.0,3.38,5.723585101952381,0.515,0.687,30,4,12.197179229707483
U0036,P0076,0.6666666666666666,0.0050000000000000044,0.6,1.0,1.0,4.21,5.916202062607435,0.663,0.995,60,4,30.12109472653082
U0036,P0078,0.0,0.9339999999999999,0.6,1.0,1.0,4.23,4.6443908991413725,0.481,0.066,120,4,26.527986564340814
U0036,P0093,0.0,0.22399999999999998,0.6,1.0,1.0,4.0,6.3578422665081,0.477,0.776,120,4,7.515326272064708
U0036,P0100,0.6666666666666666,0.14200000000000002,1.0,1.0,1.0,4.13,4.143134726391533,0.347,0.858,150,4,10.39980868561927
U0036,P0105,0.0,0.43999999999999995,1.0,1.0,1.0,4.33,10.12330558042176,1.0,0.56,120,4,10.449231126184307
U0036,P0106,0.3333333333333333,0.657,0.2,1.0,1.0,4.36,6.862757913051401,0.806,0.343,120,4,8.216911386491121
U0036,P0109,0.0,0.382,0.2,1.0,1.0,3.75,5.220355825078324,0.554,0.618,90,4,19.688986798051975
U0036,P0113,0.0,0.24,0.6,1.0,1.0,3.89,6.806829360392176,0.674,0.76,60,4,6.154928648471062
U0036,P0114,0.0,0.15200000000000002,1.0,1.0,1.0,4.13,4.219507705176107,0.328,0.848,120,4,18.196548518181178
U0036,P0120,0.3333333333333333,0.41400000000000003,0.2,1.0,1.0,3.8,6.523562306149512,0.833,0.586,120,4,34.47894390372517
U0036,P0121,0.3333333333333333,0.030000000000000027,0.2,1.0,1.0,3.74,5.365976015021851,0.436,0.97,180,4,30.655283961742978
U0036,P0128,0.0,0.235,1.0,1.0,1.0,3.42,4.919980925828125,0.29,0.765,120,4,4.738426084048963
U0036,P0136,0.6666666666666666,0.131,0.6,1.0,1.0,4.75,3.784189633918261,0.603,0.869,30,4,12.264874594235282
U0036,P0138,0.0,0.401,0.6,1.0,1.0,3.66,6.056784013228625,0.462,0.599,150,4,10.0286756636761
U0036,P0145,0.0,0.883,0.6,1.0,1.0,4.23,4.7535901911063645,0.367,0.117,30,4,14.206457954080985
U0036,P0152,0.3333333333333333,0.944,0.6,1.0,1.0,4.44,6.2324480165505225,0.8,0.056,180,4,21.447171383945033
U0036,P0154,0.0,0.651,0.2,1.0,1.0,4.67,4.795790545596741,0.495,0.349,30,4,1.236157460192832
U0036,P0157,0.0,0.33799999999999997,0.2,1.0,1.0,4.47,6.476972362889683,0.806,0.662,45,4,3.7911454438754166
U0036,P0160,0.0,0.008000000000000007,1.0,1.0,1.0,4.25,5.3471075307174685,0.369,0.992,60,4,21.43047865486009
U0036,P0161,0.0,0.609,1.0,1.0,1.0,4.14,6.214608098422191,0.759,0.391,180,4,11.692633621389918
U0036,P0165,0.3333333333333333,0.34299999999999997,0.6,1.0,1.0,4.38,6.255750041753367,0.574,0.657,60,4,31.236130931782814
U0036,P0167,0.0,0.43000000000000005,1.0,1.0,1.0,4.13,4.6913478822291435,0.346,0.57,30,4,3.493970079684781
U0036,P0168,0.3333333333333333,0.32199999999999995,1.0,1.0,1.0,4.54,5.327876168789581,0.391,0.678,45,4,3.6589251577789255
U0036,P0186,0.3333333333333333,0.253,0.6,1.0,1.0,4.11,6.09807428216624,0.737,0.747,180,4,19.95951523532263
U0036,P0198,0.6666666666666666,0.18500000000000005,0.6,1.0,1.0,4.63,4.941642422609304,0.637,0.815,150,4,30.908135873955743
U0036,P0199,0.0,0.22699999999999998,1.0,1.0,1.0,3.33,7.1252830915107115,1.0,0.773,45,4,13.696619751234548
U0036,P0200,0.0,0.30100000000000005,0.6,0.0,1.0,4.05,6.985641817639208,0.739,0.699,150,4,21.01059891256342
U0036,P0208,0.0,0.44299999999999995,1.0,1.0,1.0,4.25,4.605170185988092,0.469,0.557,60,4,12.790733566704189
U0036,P0209,0.0,0.246,0.2,1.0,1.0,4.8,5.641907070938114,0.368,0.754,120,4,8.97722618381193
U0036,P0214,0.0,0.41200000000000003,0.6,1.0,1.0,3.67,6.324358962381311,0.731,0.588,180,4,10.696787675849546
U0036,P0216,0.0,0.10699999999999998,1.0,0.0,1.0,3.57,3.091042453358316,0.32,0.893,45,4,9.1032056694247
U0036,P0220,0.0,0.909,0.6,1.0,1.0,3.33,5.43372200355424,0.5,0.091,120,4,27.498591874179738
U0036,P0222,0.0,0.688,0.6,1.0,1.0,3.17,5.393627546352362,0.406,0.312,120,4,7.603442599969772
U0036,P0225,0.0,0.95,0.2,1.0,1.0,3.87,4.23410650459726,0.498,0.05,120,4,15.711681779530263
U0036,P0227,0.0,0.404,0.2,0.0,1.0,3.66,6.1070228877422545,0.561,0.596,60,4,18.138728220490265
U0036,P0228,0.3333333333333333,0.18999999999999995,0.6,1.0,1.0,3.86,4.553876891600541,0.276,0.81,30,4,15.651740939077648
U0036,P0229,0.0,0.476,1.0,0.0,1.0,4.05,4.2626798770413155,0.358,0.524,120,4,31.652969719454443
U0036,P0232,0.3333333333333333,0.368,0.2,1.0,1.0,3.79,5.75890177387728,0.446,0.632,120,4,35.99645350027459
U0036,P0249,0.3333333333333333,0.40800000000000003,0.2,1.0,1.0,3.63,5.272999558563747,0.561,0.592,45,4,20.689489355564042
U0036,P0250,0.0,0.05900000000000005,0.6,1.0,1.0,3.71,3.8501476017100584,0.531,0.941,180,4,6.403739362389264
U0036,P0255,0.0,0.07399999999999995,0.2,0.0,1.0,4.12,4.51085950651685,0.455,0.926,60,4,10.139859497264656
U0036,P0257,0.6666666666666666,0.21499999999999997,0.2,1.0,1.0,3.99,4.418840607796598,0.403,0.785,150,4,2.8243986343153624
U0036,P0261,0.0,0.73,0.2,1.0,1.0,3.35,6.152732694704104,0.515,0.27,60,4,23.432594615937795
U0036,P0269,0.0,0.842,0.6,1.0,1.0,3.71,5.043425116919247,0.358,0.158,30,4,16.833336380081494
U0036,P0271,0.6666666666666666,0.03700000000000003,0.6,1.0,1.0,4.48,4.1588830833596715,0.309,0.963,45,4,33.64291173002503
U0036,P0278,0.3333333333333333,0.628,0.2,0.0,1.0,4.25,5.0106352940962555,0.352,0.372,150,4,19.275405405476924
U0036,P0279,0.0,0.663,1.0,1.0,1.0,3.88,4.983606621708336,0.404,0.337,90,4,8.532949787331887
U0036,P0284,0.3333333333333333,0.364,0.6,0.0,1.0,3.18,4.290459441148391,0.225,0.636,60,4,26.122807133341038
U0036,P0286,0.6666666666666666,0.019000000000000017,0.6,1.0,1.0,4.11,7.512071245835466,1.0,0.981,90,4,16.330252557563348
U0036,P0287,0.0,0.21699999999999997,0.2,0.0,1.0,4.25,5.241747015059643,0.585,0.783,45,4,32.65475209685675
U0036,P0300,0.6666666666666666,0.5860000000000001,1.0,0.0,1.0,3.9,5.953243334287785,0.637,0.414,150,4,24.773859011377702
U0036,P0306,0.0,0.15600000000000003,0.6,1.0,1.0,4.39,5.43372200355424,0.327,0.844,150,4,31.59327259699863
U0036,P0315,0.0,0.41900000000000004,0.2,1.0,1.0,4.13,6.813444599510896,0.765,0.581,90,4,18.00215337571496
U0036,P0329,0.3333333333333333,0.837,0.2,1.0,1.0,4.11,5.472270673671475,0.541,0.163,60,4,37.988983804618826
U0036,P0347,0.6666666666666666,0.7110000000000001,0.2,1.0,1.0,3.61,6.240275845170769,0.639,0.289,60,4,9.570424140795678
U0036,P0348,0.6666666666666666,0.511,0.6,1.0,1.0,4.37,5.1298987149230735,0.388,0.489,150,4,12.205253705131035
U0036,P0365,0.0,0.643,1.0,1.0,1.0,3.86,4.574710978503383,0.475,0.357,150,4,31.824838285446532
U0036,P0368,0.6666666666666666,0.538,0.6,1.0,1.0,4.56,6.068425588244111,0.516,0.462,120,4,9.212909143069218
U0036,P0379,0.6666666666666666,0.14400000000000002,0.6,1.0,1.0,4.32,5.723585101952381,0.62,0.856,90,4,9.525144519545956
U0036,P0382,0.0,0.357,0.2,0.0,1.0,5.0,5.389071729816501,0.638,0.643,120,4,2.5687139241978936
U0036,P0387,0.6666666666666666,0.594,0.6,1.0,1.0,4.38,6.668228248417403,0.611,0.406,60,4,33.983709934811394
U0036,P0401,0.3333333333333333,0.356,0.6,1.0,1.0,4.52,4.882801922586371,0.627,0.644,90,4,29.75856157787721
U0036,P0404,0.0,0.45899999999999996,0.6,1.0,1.0,4.2,4.927253685157205,0.58,0.541,120,4,14.630132138195743
U0036,P0411,0.0,0.11199999999999999,0.6,1.0,1.0,3.87,7.191429330036379,0.864,0.888,30,4,22.86718029762348
U0036,P0434,0.6666666666666666,0.474,0.2,1.0,1.0,4.23,5.902633333401366,0.492,0.526,150,4,14.223646994948218
U0036,P0440,0.6666666666666666,0.236,1.0,1.0,1.0,4.09,6.926577033222725,0.673,0.764,45,4,33.556887524177554
U0036,P0446,0.0,0.402,1.0,0.0,1.0,4.47,6.1092475827643655,0.685,0.598,45,4,30.74689472225294
U0036,P0448,0.0,0.5920000000000001,0.2,1.0,1.0,4.72,6.278521424165844,0.571,0.408,180,4,11.970627715570494
U0036,P0451,0.6666666666666666,0.354,0.6,0.0,1.0,4.27,5.030437921392435,0.345,0.646,30,4,12.559478062485946
U0036,P0453,0.0,0.08699999999999997,0.6,1.0,1.0,4.19,5.556828061699537,0.46,0.913,150,4,13.615943221283016
U0036,P0458,0.6666666666666666,0.605,0.2,1.0,1.0,4.06,5.8377304471659395,0.451,0.395,120,4,23.899659738745388
U0036,P0460,0.6666666666666666,0.5900000000000001,0.6,1.0,1.0,3.9,5.733341276897746,0.541,0.41,60,4,13.812240496357658
U0036,P0469,0.0,0.7150000000000001,0.6,0.0,1.0,3.64,6.35088571671474,0.695,0.285,45,4,21.842344565477163
U0036,P0476,0.0,0.05500000000000005,1.0,1.0,1.0,3.99,5.924255797414532,0.561,0.945,45,4,2.3426883742411504
U0036,P0489,0.0,0.049000000000000044,0.2,1.0,1.0,3.9,2.6390573296152584,0.509,0.951,30,4,19.116027373432228
U0036,P0490,0.0,0.15000000000000002,0.6,1.0,1.0,3.39,6.413458957167357,0.584,0.85,30,4,27.916999643779807
U0037,P0013,0.25,0.0,1.0,1.0,1.0,3.86,5.634789603169249,0.339,0.532,120,7,23.86046189288137
U0037,P0018,0.25,1.0,0.6,1.0,0.0,4.47,4.04305126783455,0.482,0.204,60,7,10.263212150616843
U0037,P0021,0.25,1.0,0.6,1.0,0.0,4.43,5.707110264748875,0.484,0.335,30,7,38.321768241048545
U0037,P0024,0.25,0.0,0.6,1.0,0.0,3.89,6.769641976852503,0.648,0.177,150,7,11.922277895677796
U0037,P0025,0.0,1.0,1.0,1.0,1.0,4.25,3.4011973816621555,0.494,0.273,120,7,30.452728880677988
U0037,P0027,0.25,0.0,1.0,1.0,0.0,3.8,6.234410725718371,0.572,0.848,30,7,20.035473011560352
U0037,P0028,0.25,0.0,0.6,1.0,1.0,4.56,6.618738983517219,0.679,0.84,90,7,33.41755411482216
U0037,P0029,0.25,0.0,0.6,1.0,0.0,3.72,5.1298987149230735,0.331,0.257,30,7,38.19513822981021
U0037,P0042,0.25,1.0,0.6,1.0,1.0,4.77,4.882801922586371,0.316,0.243,120,7,27.624883044535935
U0037,P0044,0.25,0.0,0.2,1.0,1.0,4.51,5.8971538676367405,0.486,0.319,180,7,14.606377300582299
U0037,P0055,0.25,1.0,0.6,1.0,1.0,4.22,5.4116460518550396,0.467,0.663,45,7,20.48556828620604
U0037,P0059,0.0,1.0,0.6,1.0,1.0,4.08,4.110873864173311,0.254,0.625,60,7,26.860993056947084
U0037,P0061,0.25,1.0,1.0,1.0,1.0,4.46,4.418840607796598,0.566,0.148,180,7,29.568376519920196
U0037,P0070,0.25,0.0,0.6,1.0,0.0,4.47,4.02535169073515,0.424,0.13,30,7,32.380681332721636
U0037,P0073,0.25,0.0,0.6,1.0,0.0,4.22,6.439350371100098,0.572,0.563,45,7,27.06027965290921
U0037,P0075,0.0,0.0,0.6,1.0,1.0,4.33,5.857933154483459,0.712,0.88,180,7,25.352653931392858
U0037,P0082,0.0,1.0,0.6,1.0,1.0,4.62,4.5217885770490405,0.401,0.831,180,7,34.55685937963397
U0037,P0085,0.25,1.0,0.6,1.0,0.0,3.99,4.605170185988092,0.419,0.631,90,7,24.57932252697489
U0037,P0088,0.25,0.0,0.2,1.0,0.0,4.22,6.493753839851686,0.689,0.944,60,7,5.263148658460552
U0037,P0101,0.25,1.0,0.2,1.0,0.0,4.26,6.173786103901937,0.432,0.519,120,7,37.389014563567144
U0037,P0103,0.25,1.0,0.6,1.0,0.0,3.48,4.382026634673881,0.292,0.671,180,7,35.789302203700075
U0037,P0108,0.25,0.0,0.6,1.0,0.0,3.96,6.411818267709897,0.819,0.98,90,7,14.763747383442846
U0037,P0111,0.25,0.0,0.2,1.0,1.0,5.0,3.295836866004329,0.602,0.408,150,7,2.1131642710026224
U0037,P0116,0.25,0.0,0.6,1.0,0.0,3.77,5.762051382780177,0.396,0.685,120,7,6.993047325164104
U0037,P0124,0.25,0.0,0.6,1.0,1.0,3.89,4.718498871295094,0.293,0.335,60,7,14.548559711478411
U0037,P0127,0.0,0.0,0.6,1.0,0.0,5.0,6.739336627357174,0.679,0.12,60,7,26.729572744094337
U0037,P0134,0.25,1.0,1.0,1.0,1.0,4.83,3.784189633918261,0.31,0.18,60,7,22.449560818578554
U0037,P0135,0.25,0.0,0.2,1.0,1.0,3.9,5.659482215759621,0.602,0.484,45,7,28.350723191763223
U0037,P0139,0.25,0.0,1.0,1.0,1.0,4.19,4.787491742782046,0.506,0.746,60,7,21.132167522492185
U0037,P0147,0.0,1.0,1.0,1.0,1.0,3.83,6.520621127558696,0.524,0.667,45,7,24.762995370194172
U0037,P0148,0.0,0.0,0.2,1.0,1.0,4.26,4.672828834461906,0.369,0.522,150,7,8.099163787952827
U0037,P0173,0.0,1.0,0.6,1.0,1.0,3.89,5.780743515792329,0.392,0.559,120,7,31.42339387319618
U0037,P0176,0.25,0.0,0.6,1.0,1.0,4.24,7.271008538280992,0.926,0.719,180,7,30.244776611183163
U0037,P0177,0.0,1.0,1.0,1.0,1.0,4.49,5.308267697401205,0.435,0.097,180,7,31.74459273477186
U0037,P0179,0.25,0.0,1.0,1.0,1.0,4.09,5.159055299214529,0.479,0.313,120,7,17.099271837699032
U0037,P0183,0.25,0.0,0.6,1.0,1.0,4.41,5.0238805208462765,0.634,0.366,90,7,2.9042685311453362
U0037,P0188,0.25,1.0,1.0,1.0,0.0,5.0,4.584967478670572,0.334,0.974,30,7,21.970916413442538
U0037,P0190,0.25,0.0,1.0,1.0,0.0,5.0,4.532599493153256,0.572,0.059,60,7,30.967514787932057
U0037,P0194,0.25,1.0,0.6,1.0,1.0,4.25,7.751475318021456,1.0,0.524,45,7,31.815857798313683
U0037,P0195,0.25,0.0,0.6,1.0,1.0,4.53,4.812184355372417,0.614,0.62,60,7,31.883535256505194
U0037,P0210,0.25,1.0,0.2,1.0,1.0,4.63,5.583496308781699,0.649,0.143,120,7,11.736909142349685
U0037,P0217,0.25,1.0,0.6,1.0,0.0,3.98,6.361302477572996,0.586,0.507,150,7,9.512828430271231
U0037,P0223,0.25,0.0,0.6,1.0,0.0,3.51,6.304448802421981,0.679,0.145,180,7,17.215991717419122
U0037,P0231,0.25,0.0,0.2,1.0,1.0,4.98,5.545177444479562,0.548,0.787,90,7,8.003035024177592
U0037,P0233,0.0,1.0,0.6,1.0,0.0,4.05,5.236441962829949,0.487,0.863,120,7,15.021871829339021
U0037,P0237,0.25,1.0,0.2,1.0,0.0,3.42,7.140453043101158,0.812,0.075,90,7,38.547887180829306
U0037,P0239,0.25,0.0,1.0,1.0,1.0,4.36,5.87493073085203,0.696,0.338,90,7,4.512726668823239
U0037,P0241,0.0,1.0,1.0,1.0,1.0,4.04,4.356708826689592,0.381,0.48,180,7,18.543624093680847
U0037,P0243,0.25,0.0,1.0,1.0,0.0,3.76,3.8066624897703196,0.479,0.837,30,7,37.17875093273626
U0037,P0244,0.25,0.0,0.6,1.0,1.0,3.81,4.204692619390966,0.356,0.545,60,7,37.99563613270566
U0037,P0253,0.0,1.0,1.0,1.0,1.0,3.81,4.919980925828125,0.378,0.065,90,7,23.419517893495712
U0037,P0256,0.0,1.0,1.0,1.0,1.0,4.22,5.442417710521793,0.498,0.745,60,7,36.80565607931056
U0037,P0258,0.0,0.0,0.6,1.0,1.0,3.84,6.406879986069314,0.577,0.355,120,7,17.466964962551913
U0037,P0267,0.25,0.0,1.0,1.0,0.0,4.07,4.060443010546419,0.562,0.874,45,7,24.24234786923772
U0037,P0268,0.0,0.0,0.2,1.0,1.0,3.81,5.560681631015528,0.489,0.985,90,7,31.72694122741128
U0037,P0270,0.0,1.0,1.0,1.0,1.0,4.55,4.812184355372417,0.525,0.652,150,7,28.53014927181088
U0037,P0274,0.25,0.0,0.2,1.0,1.0,4.36,5.2574953720277815,0.406,0.249,45,7,20.594609241552785
U0037,P0288,0.25,0.0,1.0,1.0,0.0,4.47,2.8903717578961645,0.368,0.805,120,7,26.57592748189523
U0037,P0290,0.0,1.0,0.6,1.0,1.0,3.43,6.873163834212518,0.654,0.687,120,7,29.09220520602174
U0037,P0293,0.25,1.0,1.0,1.0,1.0,4.18,5.799092654460526,0.544,0.45,30,7,12.568636990645157
U0037,P0298,0.25,0.0,0.6,1.0,0.0,4.57,4.890349128221754,0.47,0.061,150,7,9.816834719745433
U0037,P0299,0.25,0.0,0.2,1.0,0.0,3.98,4.330733340286331,0.253,0.864,120,7,32.59175057416721
U0037,P0305,0.25,1.0,0.2,1.0,0.0,3.3,7.295735072749282,0.946,0.485,150,7,16.66155980292364
U0037,P0309,0.25,1.0,0.2,1.0,1.0,4.15,6.371611847231857,0.679,0.38,150,7,21.804876338337078
U0037,P0321,0.25,0.0,0.6,1.0,0.0,3.95,7.503289630675082,1.0,0.512,120,7,17.348742272728508
U0037,P0322,0.25,0.0,1.0,1.0,0.0,3.98,3.713572066704308,0.486,0.203,30,7,36.048597107573755
U0037,P0331,0.25,0.0,0.6,1.0,1.0,3.84,4.844187086458591,0.516,0.81,120,7,16.06826529622854
U0037,P0333,0.25,0.0,1.0,1.0,0.0,3.78,5.631211781821365,0.556,0.339,45,7,26.115318289977004
U0037,P0337,0.25,1.0,0.6,1.0,1.0,3.95,5.056245805348308,0.307,0.719,60,7,27.848363834277375
U0037,P0342,0.25,0.0,0.2,1.0,1.0,3.86,6.089044875446846,0.525,0.867,60,7,29.711807157182243
U0037,P0343,0.0,1.0,0.6,1.0,1.0,3.55,6.3561076606958915,0.603,0.409,180,7,20.293015872752836
U0037,P0352,0.25,1.0,0.6,1.0,0.0,3.78,3.828641396489095,0.537,0.292,45,7,20.558586208494678
U0037,P0353,0.25,0.0,0.6,1.0,0.0,3.4,6.2285110035911835,0.648,0.752,180,7,19.404009044566436
U0037,P0356,0.25,0.0,0.6,1.0,1.0,4.19,5.384495062789089,0.527,0.839,60,7,32.202473233414764
U0037,P0364,0.25,1.0,0.6,1.0,1.0,4.11,5.918893854273146,0.416,0.309,30,7,18.552893709783085
U0037,P0366,0.25,0.0,1.0,1.0,0.0,4.19,4.330733340286331,0.575,0.808,150,7,29.869767643646036
U0037,P0372,0.0,1.0,0.2,1.0,0.0,3.82,5.53338948872752,0.348,0.075,30,7,10.689348751162203
U0037,P0375,0.25,0.0,0.2,1.0,1.0,3.82,3.828641396489095,0.268,0.914,150,7,16.45482283038491
U0037,P0381,0.25,0.0,1.0,1.0,0.0,3.84,5.648974238161206,0.43,0.659,180,7,35.12875986335609
U0037,P0386,0.25,1.0,0.6,1.0,0.0,4.42,4.8283137373023015,0.5,0.171,90,7,28.461790755440564
U0037,P0389,0.25,1.0,0.2,1.0,1.0,3.77,5.204006687076795,0.55,0.96,150,7,22.57977772620213
U0037,P0398,0.25,0.0,1.0,1.0,0.0,3.61,6.763884908562435,0.637,0.085,180,7,27.245413312948997
U0037,P0402,0.25,0.0,1.0,1.0,0.0,4.14,4.948759890378168,0.452,0.6,45,7,35.627473397102214
U0037,P0412,0.25,0.0,1.0,1.0,1.0,5.0,5.0689042022202315,0.525,0.426,150,7,20.87739570238876
U0037,P0413,0.25,1.0,1.0,1.0,1.0,3.9,7.24422751560335,0.905,0.439,30,7,28.613071994216916
U0037,P0418,0.0,0.0,1.0,1.0,1.0,4.08,5.783825182329737,0.382,0.239,30,7,17.65552928227521
U0037,P0421,0.25,0.0,0.6,1.0,0.0,4.08,6.309918278226516,0.666,0.485,180,7,32.1224483869202
U0037,P0422,0.25,0.0,0.6,1.0,1.0,3.59,5.961005339623274,0.498,0.36,180,7,38.62573093561898
U0037,P0428,0.25,0.0,0.6,1.0,0.0,4.74,4.820281565605037,0.53,0.979,180,7,42.29336492760657
U0037,P0435,0.0,1.0,0.6,1.0,0.0,4.4,7.912423121473705,1.0,0.783,30,7,36.97119302401973
U0037,P0454,0.25,0.0,0.2,1.0,0.0,3.49,6.396929655216146,0.507,0.172,120,7,22.406981125957838
U0037,P0464,0.25,1.0,1.0,1.0,1.0,3.85,5.953243334287785,0.534,0.34,60,7,37.51801806506528
U0037,P0465,0.25,0.0,0.2,1.0,1.0,4.8,5.424950017481403,0.464,0.131,150,7,15.528323198956503
U0037,P0466,0.25,1.0,1.0,1.0,1.0,3.85,7.757478766584179,1.0,0.847,90,7,5.080780429499457
U0037,P0468,0.25,0.0,0.6,1.0,1.0,4.3,4.897839799950911,0.313,0.275,30,7,27.49581691238336
U0037,P0470,0.25,1.0,0.6,1.0,1.0,4.21,4.8283137373023015,0.28,0.411,45,7,6.647646136411483
U0037,P0474,0.0,0.0,0.6,1.0,1.0,3.41,4.672828834461906,0.439,0.801,30,7,23.908353607354112
U0037,P0481,0.25,0.0,1.0,1.0,1.0,4.39,7.095064377287131,0.812,0.371,150,7,28.016695755316523
U0037,P0496,0.25,0.0,1.0,1.0,1.0,4.19,3.091042453358316,0.52,0.853,90,7,33.46118579044519
U0038,P0001,0.25,0.0,0.2,1.0,1.0,4.32,5.337538079701318,0.32,0.667,30,4,11.091250710287207
U0038,P0010,0.25,1.0,1.0,1.0,1.0,3.69,3.8066624897703196,0.479,0.441,180,4,14.490575666359575
U0038,P0011,0.25,0.0,0.2,1.0,1.0,4.76,5.231108616854587,0.371,0.868,45,4,4.409889543730442
U0038,P0012,0.25,0.0,0.2,1.0,1.0,4.13,3.8066624897703196,0.301,0.795,90,4,12.437204167150595
U0038,P0017,0.25,0.0,0.2,0.0,1.0,4.09,4.23410650459726,0.428,0.568,90,4,15.042548921557534
U0038,P0019,0.25,0.0,0.2,1.0,1.0,4.19,3.1780538303479458,0.525,0.83,180,4,2.7299584511050448
U0038,P0020,0.0,0.0,0.6,1.0,1.0,3.5,5.736572297479192,0.643,0.617,30,4,14.738086099765287
U0038,P0036,0.25,0.0,0.2,1.0,1.0,4.26,7.346010209913293,0.95,0.192,30,4,6.303107025495625
U0038,P0037,0.0,0.0,0.2,0.0,1.0,4.08,7.3777589082278725,1.0,0.144,120,4,4.346593702800417
U0038,P0046,0.25,1.0,0.6,1.0,1.0,4.14,6.663132695990803,0.812,0.708,90,4,12.546318149140436
U0038,P0050,0.0,1.0,0.6,0.0,1.0,4.1,5.220355825078324,0.486,0.787,150,4,6.654988728484552
U0038,P0053,0.25,0.0,0.6,1.0,1.0,4.03,5.986452005284438,0.418,0.63,45,4,10.789150632117385
U0038,P0058,0.25,0.0,0.2,1.0,1.0,4.01,5.863631175598097,0.535,0.485,120,4,10.328950654498232
U0038,P0064,0.25,0.0,0.2,1.0,1.0,3.65,4.8283137373023015,0.408,0.155,90,4,5.337253043802902
U0038,P0077,0.25,0.0,0.6,0.0,1.0,3.79,5.780743515792329,0.656,0.068,90,4,7.83319891429431
U0038,P0080,0.25,0.0,0.6,1.0,1.0,3.56,6.289715570908998,0.705,0.73,45,4,6.918428234899539
U0038,P0086,0.25,0.0,0.6,0.0,1.0,3.7,4.5217885770490405,0.474,0.656,120,4,13.948693669444348
U0038,P0087,0.0,1.0,0.6,1.0,1.0,4.07,5.910796644040527,0.392,0.169,90,4,11.49203572380344
U0038,P0104,0.25,0.0,0.6,1.0,1.0,4.33,6.118097198041348,0.635,0.445,45,4,14.875372587886673
U0038,P0110,0.25,0.0,0.6,1.0,1.0,3.88,5.598421958998375,0.397,0.337,150,4,10.936229767949586
U0038,P0119,0.25,0.0,0.2,0.0,1.0,3.19,5.726847747587197,0.593,0.923,150,4,8.471352875746273
U0038,P0129,0.25,0.0,0.2,1.0,1.0,4.67,4.653960350157523,0.551,0.925,120,4,14.531870630504708
U0038,P0137,0.0,1.0,1.0,1.0,1.0,4.62,5.5134287461649825,0.627,0.357,180,4,6.390398566916679
U0038,P0140,0.25,0.0,0.6,1.0,1.0,4.13,5.043425116919247,0.467,0.645,45,4,12.357688590361688
U0038,P0141,0.25,0.0,0.6,1.0,1.0,4.15,6.295266001439646,0.507,0.666,60,4,15.709699502967574
U0038,P0143,0.0,0.0,0.6,1.0,1.0,5.0,3.1780538303479458,0.308,0.058,180,4,17.61347488692548
U0038,P0156,0.25,1.0,0.6,0.0,1.0,4.0,6.818924065275521,0.86,0.215,60,4,1.9551967459339912
U0038,P0158,0.25,1.0,0.6,1.0,1.0,4.69,5.5254529391317835,0.362,0.521,90,4,13.7070663233013
U0038,P0166,0.5,1.0,0.6,1.0,1.0,4.09,4.430816798843313,0.377,0.569,150,4,11.54928665457399
U0038,P0169,0.25,1.0,0.6,1.0,1.0,3.73,5.117993812416755,0.411,0.978,60,4,11.839971869611166
U0038,P0172,0.25,1.0,0.6,0.0,1.0,4.21,4.897839799950911,0.419,0.295,150,4,5.820673153104862
U0038,P0184,0.25,1.0,0.6,1.0,1.0,4.2,5.517452896464707,0.367,0.557,90,4,13.888718917127518
U0038,P0187,0.25,1.0,0.6,1.0,1.0,4.75,6.651571873589727,0.602,0.195,30,4,10.492791041132625
U0038,P0193,0.0,0.0,0.6,0.0,1.0,3.76,5.683579767338681,0.552,0.102,150,4,9.315892210287348
U0038,P0196,0.25,1.0,0.6,1.0,1.0,3.7,6.091309882077698,0.697,0.236,90,4,15.999621725519793
U0038,P0206,0.5,1.0,0.6,1.0,1.0,4.42,4.1588830833596715,0.469,0.718,45,4,10.001480020035999
U0038,P0212,0.25,0.0,0.6,1.0,1.0,3.99,6.666956792429207,0.86,0.663,90,4,8.804188634774425
U0038,P0238,0.5,0.0,0.6,1.0,1.0,4.84,5.204006687076795,0.479,0.867,45,4,19.413532781954963
U0038,P0248,0.25,1.0,1.0,1.0,1.0,4.79,6.148468295917647,0.759,0.562,120,4,9.463263829471671
U0038,P0251,0.5,1.0,0.6,1.0,1.0,4.52,7.791522819150732,1.0,0.95,45,4,11.263130585071057
U0038,P0252,0.25,0.0,0.2,1.0,1.0,3.47,6.175867270105761,0.566,0.349,150,4,2.6990469329636615
U0038,P0254,0.5,1.0,0.6,1.0,1.0,3.83,4.465908118654584,0.391,0.821,45,4,11.233340818206754
U0038,P0260,0.25,1.0,1.0,1.0,1.0,4.14,6.401917196727186,0.669,0.714,180,4,9.899797239392289
U0038,P0263,0.5,1.0,1.0,1.0,1.0,3.76,3.367295829986474,0.32,0.879,90,4,11.489311430195084
U0038,P0272,0.25,0.0,0.2,1.0,1.0,4.34,7.2305631534092925,1.0,0.47,30,4,18.705061139635422
U0038,P0275,0.25,0.0,0.6,0.0,1.0,4.27,4.77912349311153,0.591,0.889,120,4,6.418158313662686
U0038,P0280,0.0,0.0,0.2,0.0,1.0,4.28,4.997212273764115,0.537,0.941,120,4,8.448282495606309
U0038,P0281,0.25,1.0,0.6,1.0,1.0,4.23,7.990576881743923,1.0,0.771,30,4,4.681847299328548
U0038,P0291,0.25,0.0,0.2,1.0,1.0,4.25,5.003946305945459,0.58,0.478,180,4,3.9287012815983604
U0038,P0296,0.25,1.0,1.0,1.0,1.0,4.13,4.927253685157205,0.342,0.209,150,4,9.889603769065996
U0038,P0302,0.5,1.0,1.0,1.0,1.0,4.49,7.126890808898808,1.0,0.434,90,4,16.135354605228983
U0038,P0303,0.25,0.0,0.2,1.0,1.0,4.29,7.752335163302292,1.0,0.487,150,4,14.203397156253285
U0038,P0307,0.25,1.0,1.0,1.0,1.0,4.23,4.1588830833596715,0.352,0.184,180,4,14.747659481839113
U0038,P0317,0.25,0.0,0.6,1.0,1.0,4.03,4.990432586778736,0.512,0.102,120,4,3.923046349846795
U0038,P0318,0.25,1.0,1.0,0.0,1.0,3.64,3.5263605246161616,0.245,0.601,60,4,7.869127649606693
U0038,P0320,0.0,1.0,0.6,0.0,1.0,3.52,3.9512437185814275,0.257,0.072,30,4,14.193416593065578
U0038,P0324,0.25,0.0,0.6,0.0,1.0,2.89,5.438079308923196,0.474,0.684,60,4,10.9294802369501
U0038,P0326,0.25,1.0,0.6,1.0,1.0,4.93,6.852242569051878,0.99,0.062,60,4,13.887613339046
U0038,P0328,0.25,1.0,1.0,0.0,1.0,5.0,5.572154032177765,0.438,0.843,180,4,17.391553663331685
U0038,P0330,0.25,1.0,0.6,1.0,1.0,4.19,5.327876168789581,0.598,0.205,45,4,12.455258404451959
U0038,P0332,0.25,1.0,1.0,1.0,1.0,4.09,4.852030263919617,0.297,0.955,45,4,16.377208261479627
U0038,P0335,0.5,1.0,1.0,0.0,1.0,2.91,6.810142450115136,0.759,0.945,45,4,16.467933351073345
U0038,P0338,0.25,0.0,0.2,0.0,1.0,3.47,4.574710978503383,0.318,0.942,180,4,13.437634364913327
U0038,P0339,0.25,0.0,0.2,1.0,1.0,3.6,7.602900462204755,1.0,0.852,30,4,8.584468852714503
U0038,P0345,0.5,0.0,0.2,1.0,1.0,4.42,6.035481432524756,0.502,0.356,150,4,10.355206821109126
U0038,P0346,0.0,0.0,0.2,1.0,1.0,3.94,6.891625897052253,0.71,0.595,150,4,11.861909397111582
U0038,P0351,0.25,0.0,0.2,0.0,1.0,3.86,6.759255270663693,0.911,0.546,150,4,13.06904048991545
U0038,P0358,0.25,0.0,0.2,1.0,1.0,4.08,6.824373670043086,0.828,0.55,45,4,15.457644375877159
U0038,P0359,0.0,0.0,0.2,1.0,1.0,4.15,5.683579767338681,0.385,0.23,180,4,16.6952748813594
U0038,P0361,0.25,1.0,0.6,1.0,1.0,4.24,3.4657359027997265,0.315,0.898,120,4,19.933540378832785
U0038,P0367,0.25,1.0,1.0,1.0,1.0,4.28,3.4657359027997265,0.364,0.516,90,4,18.482197122795124
U0038,P0369,0.25,0.0,0.2,0.0,1.0,4.22,6.679599185844383,0.722,0.849,180,4,7.383525379824483
U0038,P0371,0.25,1.0,1.0,1.0,1.0,3.27,3.970291913552122,0.261,0.161,30,4,12.699319874527685
U0038,P0374,0.25,1.0,0.6,1.0,1.0,4.18,4.59511985013459,0.424,0.35,90,4,17.930849215543553
U0038,P0380,0.0,0.0,0.2,0.0,1.0,3.71,6.342121418721152,0.567,0.181,150,4,9.458066818274045
U0038,P0388,0.25,0.0,0.2,1.0,1.0,4.38,3.6375861597263857,0.236,0.587,120,4,2.9290773194617383
U0038,P0390,0.25,1.0,1.0,1.0,1.0,4.07,6.246106765481563,0.77,0.068,120,4,10.956667789542655
U0038,P0391,0.5,1.0,0.6,1.0,1.0,4.18,3.912023005428146,0.403,0.413,30,4,13.578000027870692
U0038,P0392,0.25,0.0,0.2,1.0,1.0,4.27,6.234410725718371,0.68,0.354,30,4,12.838173464843845
U0038,P0395,0.25,0.0,0.6,0.0,1.0,4.07,3.5263605246161616,0.234,0.739,150,4,11.684282000153559
U0038,P0399,0.0,1.0,0.6,1.0,1.0,4.08,6.318968113746434,0.659,0.547,150,4,13.54797692659383
U0038,P0400,0.5,0.0,0.6,0.0,1.0,4.11,5.537334267018537,0.362,0.263,120,4,16.185511374829815
U0038,P0403,0.25,1.0,0.6,1.0,1.0,3.9,5.1298987149230735,0.376,0.857,150,4,9.108820420696336
U0038,P0405,0.25,0.0,0.6,1.0,1.0,4.67,4.430816798843313,0.395,0.346,90,4,5.634962226554416
U0038,P0424,0.0,1.0,0.6,1.0,1.0,4.23,8.446556111816797,1.0,0.196,30,4,16.92197540762791
U0038,P0426,0.25,1.0,1.0,1.0,1.0,3.82,4.836281906951478,0.263,0.938,120,4,5.076538492357013
U0038,P0427,0.0,0.0,0.6,1.0,1.0,3.81,6.927557906278317,0.653,0.401,45,4,13.660494816112244
U0038,P0438,0.25,0.0,0.6,1.0,1.0,4.09,7.653494909661253,1.0,0.446,45,4,2.202166232138222
U0038,P0441,0.0,0.0,0.2,1.0,1.0,5.0,4.867534450455582,0.426,0.41,150,4,8.94543008523533
U0038,P0447,0.0,1.0,0.6,0.0,1.0,4.58,6.903747257584598,0.815,0.525,120,4,5.798569357582975
U0038,P0452,0.25,0.0,0.2,1.0,1.0,4.11,7.034387929915503,1.0,0.161,150,4,7.185812260057124
U0038,P0455,0.5,0.0,0.2,1.0,1.0,4.39,8.096208271650037,1.0,0.794,150,4,14.602254876920295
U0038,P0462,0.0,0.0,0.2,1.0,1.0,4.16,4.663439094112067,0.492,0.556,150,4,13.355730315555544
U0038,P0463,0.0,1.0,1.0,1.0,1.0,4.64,3.6888794541139363,0.486,0.955,180,4,8.48005071362979
U0038,P0484,0.25,0.0,0.6,1.0,1.0,3.8,7.661527081358517,1.0,0.302,60,4,6.515108688660164
U0038,P0488,0.25,1.0,1.0,1.0,1.0,3.9,3.258096538021482,0.334,0.777,30,4,15.360373002656619
U0038,P0495,0.25,0.0,0.2,1.0,1.0,4.0,5.53338948872752,0.423,0.22,60,4,14.608242957711843
U0038,P0497,0.25,1.0,0.6,1.0,1.0,3.99,4.68213122712422,0.302,0.419,30,4,15.822164565758946
U0038,P0499,0.5,0.0,0.6,1.0,1.0,4.91,6.269096283706261,0.682,0.5,120,4,15.45891477646789
U0038,P0500,0.25,0.0,0.2,1.0,1.0,3.84,6.18826412308259,0.439,0.839,180,4,10.725498648957608
U0039,P0013,0.5,0.0,0.6,1.0,1.0,3.86,5.634789603169249,0.339,0.532,120,7,27.57414691037367
U0039,P0018,0.0,1.0,1.0,1.0,0.0,4.47,4.04305126783455,0.482,0.204,60,7,12.311796995594564
U0039,P0021,0.0,1.0,1.0,1.0,0.0,4.43,5.707110264748875,0.484,0.335,30,7,24.31518526960529
U0039,P0024,0.5,1.0,1.0,1.0,0.0,3.89,6.769641976852503,0.648,0.177,150,7,16.531400100627984
U0039,P0025,0.0,0.0,0.6,1.0,1.0,4.25,3.4011973816621555,0.494,0.273,120,7,8.97472456203961
U0039,P0027,0.25,0.0,0.6,1.0,0.0,3.8,6.234410725718371,0.572,0.848,30,7,20.914992570339606
U0039,P0028,0.25,0.0,0.2,0.0,1.0,4.56,6.618738983517219,0.679,0.84,90,7,24.955474317589687
U0039,P0029,0.25,1.0,1.0,1.0,0.0,3.72,5.1298987149230735,0.331,0.257,30,7,20.938895762578607
U0039,P0042,0.0,0.0,0.2,0.0,1.0,4.77,4.882801922586371,0.316,0.243,120,7,29.242687836761938
U0039,P0044,0.5,1.0,0.6,0.0,1.0,4.51,5.8971538676367405,0.486,0.319,180,7,18.432947382864977
U0039,P0055,0.0,1.0,1.0,0.0,1.0,4.22,5.4116460518550396,0.467,0.663,45,7,2.370392001678818
U0039,P0059,0.0,1.0,1.0,1.0,1.0,4.08,4.110873864173311,0.254,0.625,60,7,13.40913410064903
U0039,P0061,0.0,0.0,0.6,1.0,1.0,4.46,4.418840607796598,0.566,0.148,180,7,12.117681261560227
U0039,P0070,0.25,0.0,0.2,0.0,0.0,4.47,4.02535169073515,0.424,0.13,30,7,13.248712426083104
U0039,P0073,0.5,1.0,1.0,1.0,0.0,4.22,6.439350371100098,0.572,0.563,45,7,25.724453162318504
U0039,P0075,0.25,0.0,0.2,1.0,1.0,4.33,5.857933154483459,0.712,0.88,180,7,10.80145435560251
U0039,P0082,0.0,0.0,0.2,1.0,1.0,4.62,4.5217885770490405,0.401,0.831,180,7,18.27104573156672
U0039,P0085,0.0,1.0,1.0,1.0,0.0,3.99,4.605170185988092,0.419,0.631,90,7,17.130275697818828
U0039,P0088,0.5,1.0,0.6,1.0,0.0,4.22,6.493753839851686,0.689,0.944,60,7,18.469520301789693
U0039,P0101,0.0,1.0,0.6,1.0,0.0,4.26,6.173786103901937,0.432,0.519,120,7,19.593951980218986
U0039,P0103,0.0,0.0,0.2,1.0,0.0,3.48,4.382026634673881,0.292,0.671,180,7,17.1487828647494
U0039,P0108,0.5,1.0,1.0,0.0,0.0,3.96,6.411818267709897,0.819,0.98,90,7,12.34645358482815
U0039,P0111,0.0,1.0,0.6,1.0,1.0,5.0,3.295836866004329,0.602,0.408,150,7,20.614466226660618
U0039,P0116,0.5,0.0,0.2,0.0,0.0,3.77,5.762051382780177,0.396,0.685,120,7,17.340211254339817
U0039,P0124,0.25,1.0,1.0,1.0,1.0,3.89,4.718498871295094,0.293,0.335,60,7,9.665135775980673
U0039,P0127,0.25,0.0,0.2,0.0,0.0,5.0,6.739336627357174,0.679,0.12,60,7,4.639451279592819
U0039,P0134,0.0,0.0,0.6,1.0,1.0,4.83,3.784189633918261,0.31,0.18,60,7,6.945597956713054
U0039,P0135,0.5,1.0,0.6,1.0,1.0,3.9,5.659482215759621,0.602,0.484,45,7,14.954236584953223
U0039,P0139,0.5,0.0,0.6,0.0,1.0,4.19,4.787491742782046,0.506,0.746,60,7,1.6331982928653475
U0039,P0147,0.0,0.0,0.6,0.0,1.0,3.83,6.520621127558696,0.524,0.667,45,7,11.929629931535615
U0039,P0148,0.25,1.0,0.6,1.0,1.0,4.26,4.672828834461906,0.369,0.522,150,7,14.456182012783557
U0039,P0173,0.0,0.0,0.2,1.0,1.0,3.89,5.780743515792329,0.392,0.559,120,7,13.811136941545051
U0039,P0176,0.5,1.0,1.0,0.0,1.0,4.24,7.271008538280992,0.926,0.719,180,7,24.771374220747294
U0039,P0177,0.0,0.0,0.6,1.0,1.0,4.49,5.308267697401205,0.435,0.097,180,7,21.47631062920115
U0039,P0179,0.5,0.0,0.6,1.0,1.0,4.09,5.159055299214529,0.479,0.313,120,7,20.05611051669005
U0039,P0183,0.0,0.0,0.2,1.0,1.0,4.41,5.0238805208462765,0.634,0.366,90,7,20.850644664093704
U0039,P0188,0.0,0.0,0.6,0.0,0.0,5.0,4.584967478670572,0.334,0.974,30,7,6.8142992759706456
U0039,P0190,0.0,0.0,0.6,0.0,0.0,5.0,4.532599493153256,0.572,0.059,60,7,27.048269379347616
U0039,P0194,0.0,0.0,0.2,1.0,1.0,4.25,7.751475318021456,1.0,0.524,45,7,19.07862178697077
U0039,P0195,0.25,0.0,0.2,0.0,1.0,4.53,4.812184355372417,0.614,0.62,60,7,29.62236473040676
U0039,P0210,0.0,1.0,0.6,1.0,1.0,4.63,5.583496308781699,0.649,0.143,120,7,18.8997523876589
U0039,P0217,0.0,1.0,1.0,1.0,0.0,3.98,6.361302477572996,0.586,0.507,150,7,21.725150699718668
U0039,P0223,0.5,0.0,0.2,0.0,0.0,3.51,6.304448802421981,0.679,0.145,180,7,15.258115684031392
U0039,P0231,0.0,1.0,0.6,0.0,1.0,4.98,5.545177444479562,0.548,0.787,90,7,17.097651698713946
U0039,P0233,0.0,1.0,1.0,1.0,0.0,4.05,5.236441962829949,0.487,0.863,120,7,9.907653335269469
U0039,P0237,0.0,1.0,0.6,1.0,0.0,3.42,7.140453043101158,0.812,0.075,90,7,25.951791038473996
U0039,P0239,0.0,0.0,0.6,1.0,1.0,4.36,5.87493073085203,0.696,0.338,90,7,18.147930986400027
U0039,P0241,0.0,0.0,0.6,1.0,1.0,4.04,4.356708826689592,0.381,0.48,180,7,20.857678470721964
U0039,P0243,0.5,0.0,0.6,0.0,0.0,3.76,3.8066624897703196,0.479,0.837,30,7,28.31396948959673
U0039,P0244,0.5,0.0,0.2,0.0,1.0,3.81,4.204692619390966,0.356,0.545,60,7,28.319618334793944
U0039,P0253,0.0,0.0,0.6,1.0,1.0,3.81,4.919980925828125,0.378,0.065,90,7,11.275107873007904
U0039,P0256,0.0,0.0,0.6,1.0,1.0,4.22,5.442417710521793,0.498,0.745,60,7,22.88702717953099
U0039,P0258,0.25,0.0,0.2,1.0,1.0,3.84,6.406879986069314,0.577,0.355,120,7,14.302566458921174
U0039,P0267,0.5,0.0,0.6,0.0,0.0,4.07,4.060443010546419,0.562,0.874,45,7,29.261949686692876
U0039,P0268,0.25,1.0,0.6,1.0,1.0,3.81,5.560681631015528,0.489,0.985,90,7,29.422368774821667
U0039,P0270,0.0,0.0,0.6,1.0,1.0,4.55,4.812184355372417,0.525,0.652,150,7,24.711036724910727
U0039,P0274,0.5,1.0,0.6,1.0,1.0,4.36,5.2574953720277815,0.406,0.249,45,7,27.652765259761843
U0039,P0288,0.25,0.0,0.6,1.0,0.0,4.47,2.8903717578961645,0.368,0.805,120,7,29.18431822727214
U0039,P0290,0.0,0.0,0.2,0.0,1.0,3.43,6.873163834212518,0.654,0.687,120,7,16.183936266452523
U0039,P0293,0.0,0.0,0.6,1.0,1.0,4.18,5.799092654460526,0.544,0.45,30,7,16.91178339463249
U0039,P0298,0.0,1.0,1.0,0.0,0.0,4.57,4.890349128221754,0.47,0.061,150,7,13.963968126505215
U0039,P0299,0.5,1.0,0.6,1.0,0.0,3.98,4.330733340286331,0.253,0.864,120,7,21.212046829651015
U0039,P0305,0.0,1.0,0.6,1.0,0.0,3.3,7.295735072749282,0.946,0.485,150,7,6.26034606478967
U0039,P0309,0.0,1.0,0.6,0.0,1.0,4.15,6.371611847231857,0.679,0.38,150,7,27.193269210407372
U0039,P0321,0.5,1.0,1.0,0.0,0.0,3.95,7.503289630675082,1.0,0.512,120,7,11.44681146830309
U0039,P0322,0.0,0.0,0.6,1.0,0.0,3.98,3.713572066704308,0.486,0.203,30,7,20.730154082949657
U0039,P0331,0.5,1.0,1.0,0.0,1.0,3.84,4.844187086458591,0.516,0.81,120,7,17.72575686113812
U0039,P0333,0.5,0.0,0.6,1.0,0.0,3.78,5.631211781821365,0.556,0.339,45,7,31.28913017860123
U0039,P0337,0.0,0.0,0.2,0.0,1.0,3.95,5.056245805348308,0.307,0.719,60,7,5.8381103444755755
U0039,P0342,0.0,1.0,0.6,1.0,1.0,3.86,6.089044875446846,0.525,0.867,60,7,12.570289472616977
U0039,P0343,0.0,0.0,0.2,1.0,1.0,3.55,6.3561076606958915,0.603,0.409,180,7,20.662974411202818
U0039,P0352,0.0,1.0,1.0,1.0,0.0,3.78,3.828641396489095,0.537,0.292,45,7,4.942315769078331
U0039,P0353,0.5,0.0,0.2,1.0,0.0,3.4,6.2285110035911835,0.648,0.752,180,7,19.68015322379108
U0039,P0356,0.25,1.0,1.0,0.0,1.0,4.19,5.384495062789089,0.527,0.839,60,7,23.398415281382835
U0039,P0364,0.0,1.0,1.0,1.0,1.0,4.11,5.918893854273146,0.416,0.309,30,7,27.68122120638757
U0039,P0366,0.5,0.0,0.6,1.0,0.0,4.19,4.330733340286331,0.575,0.808,150,7,20.651407989287073
U0039,P0372,0.0,1.0,0.6,1.0,0.0,3.82,5.53338948872752,0.348,0.075,30,7,12.828809622812264
U0039,P0375,0.5,1.0,0.6,1.0,1.0,3.82,3.828641396489095,0.268,0.914,150,7,6.20116758185402
U0039,P0381,0.5,0.0,0.6,1.0,0.0,3.84,5.648974238161206,0.43,0.659,180,7,17.395105112281517
U0039,P0386,0.0,0.0,0.2,1.0,0.0,4.42,4.8283137373023015,0.5,0.171,90,7,30.93154019292291
U0039,P0389,0.0,1.0,0.6,1.0,1.0,3.77,5.204006687076795,0.55,0.96,150,7,15.471383936361566
U0039,P0398,0.5,0.0,0.6,0.0,0.0,3.61,6.763884908562435,0.637,0.085,180,7,23.464243415407477
U0039,P0402,0.25,0.0,0.6,1.0,0.0,4.14,4.948759890378168,0.452,0.6,45,7,21.98884918329259
U0039,P0412,0.5,0.0,0.6,0.0,1.0,5.0,5.0689042022202315,0.525,0.426,150,7,20.88523785419325
U0039,P0413,0.0,0.0,0.6,1.0,1.0,3.9,7.24422751560335,0.905,0.439,30,7,30.099208066048064
U0039,P0418,0.25,0.0,0.6,1.0,1.0,4.08,5.783825182329737,0.382,0.239,30,7,26.472019291224665
U0039,P0421,0.5,0.0,0.2,1.0,0.0,4.08,6.309918278226516,0.666,0.485,180,7,20.08107267508229
U0039,P0422,0.25,0.0,0.2,0.0,1.0,3.59,5.961005339623274,0.498,0.36,180,7,25.179766652027073
U0039,P0428,0.0,0.0,0.2,1.0,0.0,4.74,4.820281565605037,0.53,0.979,180,7,27.952358851600764
U0039,P0435,0.0,0.0,0.2,0.0,0.0,4.4,7.912423121473705,1.0,0.783,30,7,19.793980715587203
U0039,P0454,0.25,1.0,0.6,1.0,0.0,3.49,6.396929655216146,0.507,0.172,120,7,12.575561242242378
U0039,P0464,0.0,0.0,0.6,1.0,1.0,3.85,5.953243334287785,0.534,0.34,60,7,20.783550440576104
U0039,P0465,0.5,1.0,0.6,1.0,1.0,4.8,5.424950017481403,0.464,0.131,150,7,14.221747796289737
U0039,P0466,0.0,0.0,0.6,1.0,1.0,3.85,7.757478766584179,1.0,0.847,90,7,22.78011442104699
U0039,P0468,0.5,1.0,1.0,0.0,1.0,4.3,4.897839799950911,0.313,0.275,30,7,7.362859305973181
U0039,P0470,0.0,0.0,0.2,0.0,1.0,4.21,4.8283137373023015,0.28,0.411,45,7,16.374808559046826
U0039,P0474,0.25,0.0,0.2,0.0,1.0,3.41,4.672828834461906,0.439,0.801,30,7,31.320873472596634
U0039,P0481,0.25,0.0,0.6,1.0,1.0,4.39,7.095064377287131,0.812,0.371,150,7,6.729963906380414
U0039,P0496,0.0,0.0,0.6,1.0,1.0,4.19,3.091042453358316,0.52,0.853,90,7,24.790848533771886
U0040,P0003,0.3333333333333333,0.514,0.2,1.0,1.0,3.99,5.220355825078324,0.514,0.481,180,5,17.665749049562802
U0040,P0007,0.3333333333333333,0.399,0.6,1.0,1.0,4.21,3.2188758248682006,0.399,0.203,30,5,17.405980318841202
U0040,P0008,0.3333333333333333,0.252,0.2,1.0,1.0,3.32,4.8283137373023015,0.252,0.572,90,5,35.52598503250101
U0040,P0014,0.3333333333333333,0.582,0.6,1.0,1.0,3.58,5.953243334287785,0.582,0.426,120,5,30.980345418361154
U0040,P0016,0.3333333333333333,1.0,0.6,1.0,1.0,3.83,7.723120092266331,1.0,0.53,120,5,14.384132178559184
U0040,P0026,0.3333333333333333,0.424,0.6,1.0,1.0,4.25,5.043425116919247,0.424,0.781,120,5,15.492787818592818
U0040,P0031,0.3333333333333333,0.57,0.6,1.0,1.0,3.88,5.278114659230517,0.57,0.464,30,5,16.74037196933038
U0040,P0032,0.3333333333333333,0.515,1.0,1.0,1.0,3.6,4.07753744390572,0.515,0.858,45,5,20.752820506422214
U0040,P0039,0.0,0.304,0.2,1.0,1.0,4.14,5.14166355650266,0.304,0.168,180,5,17.084481012071823
U0040,P0047,0.3333333333333333,0.484,0.6,1.0,1.0,3.78,5.111987788356544,0.484,0.719,60,5,27.587852403209766
U0040,P0052,0.3333333333333333,0.403,0.2,1.0,1.0,3.95,4.543294782270004,0.403,0.969,30,5,8.116875862403942
U0040,P0060,0.0,0.611,0.2,1.0,1.0,4.61,6.403574197934815,0.611,0.137,60,5,6.907463676871155
U0040,P0065,0.3333333333333333,0.598,1.0,1.0,1.0,4.14,4.897839799950911,0.598,0.459,180,5,34.80356868344599
U0040,P0066,0.0,0.612,0.6,1.0,1.0,3.4,5.583496308781699,0.612,0.325,180,5,31.815280743225276
U0040,P0068,0.0,0.96,1.0,1.0,1.0,3.69,7.360103972989152,0.96,0.491,120,5,32.19525970026185
U0040,P0069,0.3333333333333333,0.44,1.0,1.0,1.0,3.75,5.117993812416755,0.44,0.662,60,5,19.618284500560577
U0040,P0072,0.3333333333333333,0.515,0.6,1.0,1.0,3.38,5.723585101952381,0.515,0.687,30,5,24.182667944456824
U0040,P0076,0.3333333333333333,0.663,0.6,1.0,1.0,4.21,5.916202062607435,0.663,0.995,60,5,19.14858535810196
U0040,P0078,0.3333333333333333,0.481,0.6,1.0,1.0,4.23,4.6443908991413725,0.481,0.066,120,5,7.0010678457224245
U0040,P0093,0.3333333333333333,0.477,0.6,1.0,1.0,4.0,6.3578422665081,0.477,0.776,120,5,27.96553636651459
U0040,P0100,0.3333333333333333,0.347,1.0,1.0,1.0,4.13,4.143134726391533,0.347,0.858,150,5,27.290933900184918
U0040,P0105,0.0,1.0,1.0,1.0,1.0,4.33,10.12330558042176,1.0,0.56,120,5,13.572596709071354
U0040,P0106,0.3333333333333333,0.806,0.2,1.0,1.0,4.36,6.862757913051401,0.806,0.343,120,5,19.413311720340108
U0040,P0109,0.3333333333333333,0.554,0.2,1.0,1.0,3.75,5.220355825078324,0.554,0.618,90,5,12.037325808929802
U0040,P0113,0.0,0.674,0.6,1.0,1.0,3.89,6.806829360392176,0.674,0.76,60,5,20.534130219195724
U0040,P0114,0.0,0.328,1.0,1.0,1.0,4.13,4.219507705176107,0.328,0.848,120,5,15.217037344046608
U0040,P0120,0.3333333333333333,0.833,0.2,1.0,1.0,3.8,6.523562306149512,0.833,0.586,120,5,22.263638155293446
U0040,P0121,0.3333333333333333,0.436,0.2,1.0,1.0,3.74,5.365976015021851,0.436,0.97,180,5,10.18792243959874
U0040,P0128,0.3333333333333333,0.29,1.0,1.0,1.0,3.42,4.919980925828125,0.29,0.765,120,5,22.959235687954827
U0040,P0136,0.3333333333333333,0.603,0.6,1.0,1.0,4.75,3.784189633918261,0.603,0.869,30,5,25.08143778469145
U0040,P0138,0.3333333333333333,0.462,0.6,1.0,1.0,3.66,6.056784013228625,0.462,0.599,150,5,26.142358222211435
U0040,P0145,0.3333333333333333,0.367,0.6,1.0,1.0,4.23,4.7535901911063645,0.367,0.117,30,5,18.266426653475417
U0040,P0152,0.3333333333333333,0.8,0.6,1.0,1.0,4.44,6.2324480165505225,0.8,0.056,180,5,8.070581812152762
U0040,P0154,0.3333333333333333,0.495,0.2,1.0,1.0,4.67,4.795790545596741,0.495,0.349,30,5,21.355712460683126
U0040,P0157,0.0,0.806,0.2,1.0,1.0,4.47,6.476972362889683,0.806,0.662,45,5,23.998458525254257
U0040,P0160,0.3333333333333333,0.369,1.0,1.0,1.0,4.25,5.3471075307174685,0.369,0.992,60,5,6.116641510379496
U0040,P0161,0.0,0.759,1.0,1.0,1.0,4.14,6.214608098422191,0.759,0.391,180,5,23.505756178915604
U0040,P0165,0.3333333333333333,0.574,0.6,1.0,1.0,4.38,6.255750041753367,0.574,0.657,60,5,10.701183943221988
U0040,P0167,0.0,0.346,1.0,1.0,1.0,4.13,4.6913478822291435,0.346,0.57,30,5,23.849439776471893
U0040,P0168,0.3333333333333333,0.391,1.0,1.0,1.0,4.54,5.327876168789581,0.391,0.678,45,5,17.20028595783382
U0040,P0186,0.3333333333333333,0.737,0.6,1.0,1.0,4.11,6.09807428216624,0.737,0.747,180,5,34.15367380686959
U0040,P0198,0.3333333333333333,0.637,0.6,1.0,1.0,4.63,4.941642422609304,0.637,0.815,150,5,10.321528458559966
U0040,P0199,0.3333333333333333,1.0,1.0,1.0,1.0,3.33,7.1252830915107115,1.0,0.773,45,5,30.127051166539324
U0040,P0200,0.3333333333333333,0.739,0.6,1.0,1.0,4.05,6.985641817639208,0.739,0.699,150,5,10.270016105422124
U0040,P0208,0.3333333333333333,0.469,1.0,1.0,1.0,4.25,4.605170185988092,0.469,0.557,60,5,13.78028305415113
U0040,P0209,0.3333333333333333,0.368,0.2,1.0,1.0,4.8,5.641907070938114,0.368,0.754,120,5,29.429425809632487
U0040,P0214,0.3333333333333333,0.731,0.6,1.0,1.0,3.67,6.324358962381311,0.731,0.588,180,5,10.332968976761578
U0040,P0216,0.3333333333333333,0.32,1.0,1.0,1.0,3.57,3.091042453358316,0.32,0.893,45,5,12.134263118618708
U0040,P0220,0.3333333333333333,0.5,0.6,1.0,1.0,3.33,5.43372200355424,0.5,0.091,120,5,7.06754178492609
U0040,P0222,0.3333333333333333,0.406,0.6,1.0,1.0,3.17,5.393627546352362,0.406,0.312,120,5,17.906896531060283
U0040,P0225,0.3333333333333333,0.498,0.2,1.0,1.0,3.87,4.23410650459726,0.498,0.05,120,5,5.805046229332011
U0040,P0227,0.0,0.561,0.2,1.0,1.0,3.66,6.1070228877422545,0.561,0.596,60,5,16.370872588485394
U0040,P0228,0.3333333333333333,0.276,0.6,1.0,1.0,3.86,4.553876891600541,0.276,0.81,30,5,31.578408538423957
U0040,P0229,0.3333333333333333,0.358,1.0,1.0,1.0,4.05,4.2626798770413155,0.358,0.524,120,5,16.377105252135056
U0040,P0232,0.3333333333333333,0.446,0.2,1.0,1.0,3.79,5.75890177387728,0.446,0.632,120,5,15.39509372154864
U0040,P0249,0.3333333333333333,0.561,0.2,1.0,1.0,3.63,5.272999558563747,0.561,0.592,45,5,0.21351130243444957
U0040,P0250,0.3333333333333333,0.531,0.6,1.0,1.0,3.71,3.8501476017100584,0.531,0.941,180,5,16.001859501021713
U0040,P0255,0.0,0.455,0.2,1.0,1.0,4.12,4.51085950651685,0.455,0.926,60,5,23.292355332631004
U0040,P0257,0.3333333333333333,0.403,0.2,1.0,1.0,3.99,4.418840607796598,0.403,0.785,150,5,23.391804302938517
U0040,P0261,0.3333333333333333,0.515,0.2,1.0,1.0,3.35,6.152732694704104,0.515,0.27,60,5,14.674890468228234
U0040,P0269,0.3333333333333333,0.358,0.6,1.0,1.0,3.71,5.043425116919247,0.358,0.158,30,5,11.15545025348726
U0040,P0271,0.3333333333333333,0.309,0.6,1.0,1.0,4.48,4.1588830833596715,0.309,0.963,45,5,13.713208990577439
U0040,P0278,0.3333333333333333,0.352,0.2,1.0,1.0,4.25,5.0106352940962555,0.352,0.372,150,5,7.416770816442804
U0040,P0279,0.3333333333333333,0.404,1.0,1.0,1.0,3.88,4.983606621708336,0.404,0.337,90,5,26.468904344115725
U0040,P0284,0.3333333333333333,0.225,0.6,1.0,1.0,3.18,4.290459441148391,0.225,0.636,60,5,10.97484163794638
U0040,P0286,0.3333333333333333,1.0,0.6,1.0,1.0,4.11,7.512071245835466,1.0,0.981,90,5,4.558665697485134
U0040,P0287,0.0,0.585,0.2,1.0,1.0,4.25,5.241747015059643,0.585,0.783,45,5,12.068525793256347
U0040,P0300,0.3333333333333333,0.637,1.0,1.0,1.0,3.9,5.953243334287785,0.637,0.414,150,5,4.485466479103422
U0040,P0306,0.0,0.327,0.6,1.0,1.0,4.39,5.43372200355424,0.327,0.844,150,5,20.95514129079115
U0040,P0315,0.0,0.765,0.2,1.0,1.0,4.13,6.813444599510896,0.765,0.581,90,5,29.905152529621276
U0040,P0329,0.3333333333333333,0.541,0.2,1.0,1.0,4.11,5.472270673671475,0.541,0.163,60,5,24.86082998842637
U0040,P0347,0.3333333333333333,0.639,0.2,1.0,1.0,3.61,6.240275845170769,0.639,0.289,60,5,16.301292562100958
U0040,P0348,0.3333333333333333,0.388,0.6,1.0,1.0,4.37,5.1298987149230735,0.388,0.489,150,5,9.491743672435822
U0040,P0365,0.3333333333333333,0.475,1.0,1.0,1.0,3.86,4.574710978503383,0.475,0.357,150,5,13.556299687213077
U0040,P0368,0.3333333333333333,0.516,0.6,1.0,1.0,4.56,6.068425588244111,0.516,0.462,120,5,24.952975399579913
U0040,P0379,0.3333333333333333,0.62,0.6,1.0,1.0,4.32,5.723585101952381,0.62,0.856,90,5,26.782325479417004
U0040,P0382,0.3333333333333333,0.638,0.2,1.0,1.0,5.0,5.389071729816501,0.638,0.643,120,5,18.78948475944302
U0040,P0387,0.3333333333333333,0.611,0.6,1.0,1.0,4.38,6.668228248417403,0.611,0.406,60,5,15.010327882534952
U0040,P0401,0.3333333333333333,0.627,0.6,1.0,1.0,4.52,4.882801922586371,0.627,0.644,90,5,21.011268090819776
U0040,P0404,0.3333333333333333,0.58,0.6,1.0,1.0,4.2,4.927253685157205,0.58,0.541,120,5,24.270227323055277
U0040,P0411,0.0,0.864,0.6,1.0,1.0,3.87,7.191429330036379,0.864,0.888,30,5,6.107902593962549
U0040,P0434,0.3333333333333333,0.492,0.2,1.0,1.0,4.23,5.902633333401366,0.492,0.526,150,5,13.545644225131177
U0040,P0440,0.3333333333333333,0.673,1.0,1.0,1.0,4.09,6.926577033222725,0.673,0.764,45,5,21.03135125966938
U0040,P0446,0.3333333333333333,0.685,1.0,1.0,1.0,4.47,6.1092475827643655,0.685,0.598,45,5,16.280124985859842
U0040,P0448,0.3333333333333333,0.571,0.2,1.0,1.0,4.72,6.278521424165844,0.571,0.408,180,5,26.129003125353712
U0040,P0451,0.3333333333333333,0.345,0.6,1.0,1.0,4.27,5.030437921392435,0.345,0.646,30,5,33.14089319168666
U0040,P0453,0.0,0.46,0.6,1.0,1.0,4.19,5.556828061699537,0.46,0.913,150,5,32.46368735681791
U0040,P0458,0.3333333333333333,0.451,0.2,1.0,1.0,4.06,5.8377304471659395,0.451,0.395,120,5,7.174715308120164
U0040,P0460,0.3333333333333333,0.541,0.6,1.0,1.0,3.9,5.733341276897746,0.541,0.41,60,5,33.77288606963218
U0040,P0469,0.3333333333333333,0.695,0.6,1.0,1.0,3.64,6.35088571671474,0.695,0.285,45,5,4.649104472529225
U0040,P0476,0.3333333333333333,0.561,1.0,1.0,1.0,3.99,5.924255797414532,0.561,0.945,45,5,19.741246203354784
U0040,P0489,0.3333333333333333,0.509,0.2,1.0,1.0,3.9,2.6390573296152584,0.509,0.951,30,5,6.550981479673198
U0040,P0490,0.3333333333333333,0.584,0.6,1.0,1.0,3.39,6.413458957167357,0.584,0.85,30,5,10.123322909692787
U0041,P0004,0.0,0.16900000000000004,0.6,1.0,1.0,4.81,6.421622267806518,0.679,0.831,60,4,7.808854107453723
U0041,P0005,0.5,0.09699999999999998,0.0,1.0,1.0,3.89,6.152732694704104,0.456,0.903,45,4,18.035446100326553
U0041,P0015,0.5,0.15800000000000003,0.6,1.0,1.0,3.83,5.153291594497779,0.446,0.842,45,4,19.752133532588413
U0041,P0022,0.0,0.644,0.0,1.0,1.0,4.05,5.14166355650266,0.471,0.356,30,4,23.699664167783446
U0041,P0034,0.5,0.836,0.2,1.0,1.0,4.07,6.704414354964107,0.693,0.164,90,4,19.182286064613013
U0041,P0038,0.5,0.519,0.0,1.0,1.0,2.92,6.48768401848461,0.682,0.481,90,4,13.002848555290662
U0041,P0040,0.0,0.784,1.0,0.0,1.0,4.14,3.1354942159291497,0.249,0.216,150,4,37.21895746795409
U0041,P0041,0.5,0.052000000000000046,0.0,1.0,1.0,4.0,5.929589143389895,0.485,0.948,150,4,9.242329133513417
U0041,P0043,0.0,0.477,1.0,0.0,1.0,3.74,4.90527477843843,0.441,0.523,30,4,25.293261028395587
U0041,P0054,0.0,0.43700000000000006,0.6,1.0,1.0,4.95,5.71042701737487,0.693,0.563,45,4,23.6918606110616
U0041,P0056,0.5,0.42400000000000004,1.0,0.0,1.0,3.24,5.472270673671475,0.286,0.576,60,4,21.835941975546536
U0041,P0063,0.0,0.642,1.0,1.0,1.0,4.36,8.128585200374497,1.0,0.358,45,4,16.16233261375508
U0041,P0067,0.5,0.20999999999999996,0.6,1.0,1.0,3.62,6.068425588244111,0.527,0.79,90,4,20.841342978292516
U0041,P0074,0.5,0.728,0.0,0.0,1.0,3.54,3.9318256327243257,0.327,0.272,150,4,29.076065977800727
U0041,P0081,0.5,0.635,0.0,0.0,1.0,3.66,6.4457198193855785,0.555,0.365,180,4,18.270551481164883
U0041,P0083,0.5,0.049000000000000044,0.2,0.0,1.0,4.53,5.996452088619021,0.563,0.951,150,4,19.909552666197115
U0041,P0084,0.5,0.523,0.6,1.0,1.0,4.47,7.776535028185241,1.0,0.477,60,4,16.631405272842077
U0041,P0089,0.5,0.049000000000000044,0.6,1.0,1.0,4.11,7.244941546337007,1.0,0.951,150,4,24.789101765467734
U0041,P0091,0.0,0.365,0.0,1.0,1.0,4.38,4.477336814478207,0.301,0.635,90,4,12.605165700947634
U0041,P0092,0.0,0.48,1.0,1.0,1.0,3.62,6.07993319509559,0.409,0.52,90,4,13.168355026775838
U0041,P0096,0.5,0.21399999999999997,1.0,1.0,1.0,3.9,6.52795791762255,0.569,0.786,90,4,24.962669742229703
U0041,P0102,0.5,0.544,0.2,1.0,1.0,4.59,6.7650389767805414,0.896,0.456,120,4,9.758402925842491
U0041,P0107,0.0,0.02100000000000002,1.0,0.0,1.0,4.53,6.282266746896006,0.812,0.979,90,4,31.61222438319503
U0041,P0115,0.0,0.32799999999999996,0.0,1.0,1.0,3.78,6.317164686747284,0.541,0.672,45,4,22.15797930462459
U0041,P0122,0.0,0.20499999999999996,1.0,1.0,1.0,4.33,6.539585955617669,0.798,0.795,60,4,13.477783688642862
U0041,P0123,0.0,0.614,0.6,1.0,1.0,3.56,5.099866427824199,0.282,0.386,90,4,25.134667113034197
U0041,P0125,0.5,0.33199999999999996,1.0,0.0,1.0,4.89,5.986452005284438,0.755,0.668,60,4,23.694345051318436
U0041,P0126,0.0,0.43200000000000005,0.6,1.0,1.0,3.53,6.602587892189336,0.622,0.568,60,4,24.452794578183287
U0041,P0133,0.0,0.383,0.2,1.0,1.0,3.99,4.007333185232471,0.265,0.617,60,4,13.832207759265511
U0041,P0142,0.5,0.133,1.0,1.0,1.0,4.81,4.02535169073515,0.312,0.867,45,4,7.2914690617182725
U0041,P0144,0.5,0.687,0.6,1.0,1.0,4.03,6.206575926724928,0.688,0.313,120,4,18.01144846274298
U0041,P0146,0.5,0.469,1.0,0.0,1.0,4.01,4.912654885736052,0.467,0.531,30,4,15.7455260890804
U0041,P0150,0.5,0.08199999999999996,1.0,1.0,1.0,4.47,6.255750041753367,0.623,0.918,90,4,14.396652572379452
U0041,P0151,0.5,0.14700000000000002,1.0,1.0,1.0,3.73,4.8283137373023015,0.305,0.853,180,4,24.45965363961195
U0041,P0155,0.0,0.521,1.0,0.0,1.0,4.35,5.2574953720277815,0.361,0.479,90,4,20.840956249846933
U0041,P0162,0.5,0.759,1.0,0.0,1.0,3.73,8.01102337918644,1.0,0.241,45,4,17.16195668491704
U0041,P0164,0.5,0.03300000000000003,0.2,0.0,1.0,4.62,6.450470422144176,0.56,0.967,150,4,13.209288234342884
U0041,P0170,0.0,0.15500000000000003,0.2,1.0,1.0,4.29,4.8283137373023015,0.58,0.845,60,4,1.908298945622483
U0041,P0174,0.0,0.903,0.6,1.0,1.0,3.45,3.828641396489095,0.409,0.097,150,4,8.929551895340738
U0041,P0175,0.0,0.771,0.6,1.0,1.0,3.78,5.247024072160486,0.321,0.229,150,4,22.195932712202953
U0041,P0180,0.0,0.5660000000000001,0.2,0.0,1.0,4.25,4.51085950651685,0.491,0.434,150,4,17.742255060892344
U0041,P0181,0.5,0.30400000000000005,1.0,1.0,1.0,4.33,7.3395376954076745,1.0,0.696,150,4,17.51876643896626
U0041,P0185,0.5,0.667,0.2,0.0,1.0,4.14,4.574710978503383,0.359,0.333,30,4,7.181895285366164
U0041,P0189,0.5,0.263,1.0,1.0,1.0,4.49,5.720311776607412,0.596,0.737,30,4,14.936281410145803
U0041,P0191,0.0,0.10799999999999998,1.0,1.0,1.0,3.72,4.787491742782046,0.38,0.892,90,4,27.63741385253506
U0041,P0201,0.5,0.03200000000000003,0.2,1.0,1.0,3.38,4.787491742782046,0.465,0.968,30,4,11.918232138025367
U0041,P0202,0.5,0.911,0.2,1.0,1.0,4.1,5.556828061699537,0.478,0.089,150,4,20.454133044599107
U0041,P0205,0.0,0.18700000000000006,1.0,1.0,1.0,4.15,6.118097198041348,0.546,0.813,120,4,17.334590394990126
U0041,P0211,0.0,0.649,0.0,1.0,1.0,5.0,7.60688453121963,1.0,0.351,120,4,22.443389267150046
U0041,P0215,0.0,0.018000000000000016,0.6,1.0,1.0,4.58,3.4011973816621555,0.423,0.982,180,4,24.11849743307178
U0041,P0224,0.0,0.015000000000000013,0.0,1.0,1.0,4.26,4.382026634673881,0.279,0.985,60,4,5.62199399941201
U0041,P0226,0.0,0.03500000000000003,1.0,1.0,1.0,4.07,6.646390514847729,0.871,0.965,120,4,13.985991812662117
U0041,P0235,0.0,0.509,0.2,1.0,1.0,3.86,4.812184355372417,0.372,0.491,150,4,14.09193531162187
U0041,P0236,0.0,0.13,0.2,1.0,1.0,3.98,2.772588722239781,0.317,0.87,60,4,33.54148483171729
U0041,P0240,0.0,0.5349999999999999,0.0,0.0,1.0,5.0,6.843749949006225,0.951,0.465,120,4,3.065311630003519
U0041,P0245,0.5,0.91,0.0,1.0,1.0,4.86,6.558197802812269,0.673,0.09,45,4,20.654473511683026
U0041,P0246,0.5,0.33799999999999997,0.2,1.0,1.0,4.1,7.27655640271871,1.0,0.662,150,4,33.10432075597249
U0041,P0259,0.5,0.049000000000000044,0.6,1.0,1.0,4.33,4.330733340286331,0.32,0.951,60,4,19.658141606332745
U0041,P0262,0.0,0.726,0.2,1.0,1.0,3.8,6.186208623900494,0.525,0.274,90,4,16.262326823615567
U0041,P0265,0.5,0.69,0.0,0.0,1.0,4.22,4.418840607796598,0.584,0.31,60,4,18.4332251470735
U0041,P0277,0.0,0.821,0.6,1.0,1.0,4.63,5.808142489980444,0.449,0.179,180,4,29.977078845427354
U0041,P0289,0.5,0.6819999999999999,0.2,1.0,1.0,4.21,6.42648845745769,0.804,0.318,30,4,7.832016307876416
U0041,P0297,0.0,0.911,1.0,1.0,1.0,4.32,5.902633333401366,0.481,0.089,180,4,7.181311349814812
U0041,P0301,0.0,0.704,0.0,1.0,1.0,4.44,4.394449154672439,0.296,0.296,120,4,8.268348878921353
U0041,P0308,0.5,0.33099999999999996,0.0,1.0,1.0,5.0,5.655991810819852,0.65,0.669,30,4,12.39411219282836
U0041,P0311,0.0,0.387,0.6,1.0,1.0,3.74,6.066108090103747,0.436,0.613,30,4,16.40305191070283
U0041,P0314,0.5,0.716,0.0,1.0,1.0,3.65,5.351858133476067,0.579,0.284,45,4,5.121528098465903
U0041,P0319,0.0,0.6719999999999999,0.2,1.0,1.0,4.47,5.5909869805108565,0.502,0.328,120,4,11.266297287106433
U0041,P0325,0.5,0.20799999999999996,0.6,1.0,1.0,4.0,6.336825731146441,0.61,0.792,30,4,31.490872768070272
U0041,P0327,0.0,0.01100000000000001,0.0,1.0,1.0,3.98,4.174387269895637,0.483,0.989,90,4,19.08897101156146
U0041,P0336,0.5,0.278,0.2,1.0,1.0,4.66,3.044522437723423,0.302,0.722,180,4,30.25912876636071
U0041,P0344,0.0,0.727,0.2,1.0,1.0,3.99,5.056245805348308,0.403,0.273,90,4,27.250528322149282
U0041,P0349,0.0,0.808,0.2,1.0,1.0,4.25,4.007333185232471,0.525,0.192,150,4,13.726392501771473
U0041,P0350,0.0,0.264,0.6,1.0,1.0,4.52,5.2832037287379885,0.324,0.736,180,4,10.728935263901182
U0041,P0354,0.0,0.75,0.0,1.0,1.0,3.52,7.605890001053122,1.0,0.25,90,4,6.581852658714385
U0041,P0355,0.0,0.378,0.2,1.0,1.0,3.16,7.535830462798367,1.0,0.622,180,4,31.517598946603883
U0041,P0357,0.0,0.737,0.6,0.0,1.0,3.85,5.981414211254481,0.4,0.263,60,4,31.13474838770571
U0041,P0362,0.5,0.683,0.0,0.0,1.0,3.49,6.391917113392602,0.492,0.317,30,4,22.642208185431993
U0041,P0363,0.0,0.503,0.0,1.0,1.0,4.18,5.2832037287379885,0.564,0.497,45,4,10.565579892788248
U0041,P0370,0.0,0.20299999999999996,0.2,1.0,1.0,4.85,6.717804695023691,0.739,0.797,120,4,18.98560638519078
U0041,P0378,0.0,0.135,1.0,1.0,1.0,3.67,8.658866349732383,1.0,0.865,90,4,12.034116230257606
U0041,P0383,0.0,0.10399999999999998,0.6,1.0,1.0,4.62,4.663439094112067,0.311,0.896,120,4,33.587413618514596
U0041,P0385,0.0,0.5589999999999999,1.0,1.0,1.0,3.82,7.675081857716334,1.0,0.441,120,4,11.858483346091123
U0041,P0393,0.0,0.10799999999999998,0.2,1.0,1.0,4.35,6.79794041297493,0.641,0.892,90,4,29.49166877759219
U0041,P0406,0.5,0.759,1.0,1.0,1.0,4.02,4.976733742420574,0.349,0.241,180,4,2.5866443120611824
U0041,P0414,0.0,0.763,1.0,1.0,1.0,4.81,4.875197323201151,0.574,0.237,45,4,26.095653570068322
U0041,P0415,0.0,0.010000000000000009,0.2,1.0,1.0,3.91,5.1647859739235145,0.548,0.99,90,4,21.309547125267034
U0041,P0417,0.0,0.8180000000000001,0.0,1.0,1.0,3.65,4.584967478670572,0.493,0.182,150,4,16.984186778897655
U0041,P0423,0.5,0.509,0.6,1.0,1.0,4.17,6.091309882077698,0.546,0.491,30,4,30.08988622533013
U0041,P0429,0.0,0.893,1.0,1.0,1.0,3.73,6.066108090103747,0.596,0.107,30,4,5.933317874336853
U0041,P0430,0.5,0.237,0.2,0.0,1.0,3.85,6.259581464064923,0.474,0.763,60,4,6.232896495113489
U0041,P0431,0.5,0.347,0.2,1.0,1.0,4.19,3.6888794541139363,0.291,0.653,150,4,14.704274723489075
U0041,P0436,0.0,0.05300000000000005,0.2,1.0,1.0,4.02,4.543294782270004,0.464,0.947,150,4,19.09349307462375
U0041,P0442,0.5,0.040000000000000036,0.6,0.0,1.0,3.88,6.75343791859778,0.708,0.96,120,4,4.364531407639643
U0041,P0443,0.0,0.124,0.2,1.0,1.0,4.41,7.716460800176355,1.0,0.876,90,4,22.585587084377245
U0041,P0445,0.0,0.33799999999999997,0.0,1.0,1.0,4.37,6.8308742346461795,0.666,0.662,150,4,24.020065247764123
U0041,P0457,0.5,0.694,1.0,1.0,1.0,4.21,7.393263094763838,1.0,0.306,150,4,28.204354025388827
U0041,P0461,0.5,0.21799999999999997,0.2,1.0,1.0,4.58,4.276666119016055,0.594,0.782,120,4,25.559177259251197
U0041,P0467,0.0,0.049000000000000044,0.2,1.0,1.0,3.45,2.8903717578961645,0.194,0.951,90,4,14.50513840289061
U0041,P0472,0.0,0.635,0.2,0.0,1.0,4.39,5.384495062789089,0.434,0.365,30,4,33.439963947720194
U0041,P0477,0.0,0.823,0.2,1.0,1.0,3.54,7.232733136177615,1.0,0.177,60,4,30.94972944589137
U0041,P0478,0.0,0.754,1.0,1.0,1.0,4.06,6.841615476477592,0.877,0.246,150,4,26.06382505640769
U0041,P0479,0.0,0.771,0.0,0.0,1.0,4.25,6.049733455231958,0.532,0.229,90,4,9.818034026635258
U0041,P0480,0.0,0.9390000000000001,1.0,0.0,1.0,4.36,6.037870919922137,0.555,0.061,90,4,29.00493817250274
U0041,P0491,0.0,0.749,1.0,1.0,1.0,4.45,6.0112671744041615,0.433,0.251,120,4,18.073323582255625
U0041,P0498,0.0,0.376,1.0,1.0,1.0,3.65,5.1647859739235145,0.582,0.624,90,4,15.390529555465216
U0042,P0001,0.0,0.0,0.6,1.0,1.0,4.32,5.337538079701318,0.32,0.667,30,2,7.077659072184923
U0042,P0010,0.0,1.0,0.6,1.0,1.0,3.69,3.8066624897703196,0.479,0.441,180,2,6.323564988196059
U0042,P0011,0.0,0.0,0.6,1.0,1.0,4.76,5.231108616854587,0.371,0.868,45,2,14.568850441557403
U0042,P0012,0.0,0.0,0.6,1.0,1.0,4.13,3.8066624897703196,0.301,0.795,90,2,17.08017856622019
U0042,P0017,0.0,0.0,0.6,0.0,1.0,4.09,4.23410650459726,0.428,0.568,90,2,5.371336489148546
U0042,P0019,0.3333333333333333,0.0,0.6,1.0,1.0,4.19,3.1780538303479458,0.525,0.83,180,2,12.028889399074169
U0042,P0020,0.0,0.0,1.0,1.0,1.0,3.5,5.736572297479192,0.643,0.617,30,2,8.41521726733154
U0042,P0036,0.0,0.0,0.6,1.0,1.0,4.26,7.346010209913293,0.95,0.192,30,2,5.046981205090692
U0042,P0037,0.0,0.0,0.6,0.0,1.0,4.08,7.3777589082278725,1.0,0.144,120,2,7.075989693035768
U0042,P0046,0.3333333333333333,1.0,0.2,1.0,1.0,4.14,6.663132695990803,0.812,0.708,90,2,16.24439546352568
U0042,P0050,0.0,1.0,0.2,0.0,1.0,4.1,5.220355825078324,0.486,0.787,150,2,7.571479141530349
U0042,P0053,0.0,0.0,1.0,1.0,1.0,4.03,5.986452005284438,0.418,0.63,45,2,7.426779746546218
U0042,P0058,0.3333333333333333,0.0,0.6,1.0,1.0,4.01,5.863631175598097,0.535,0.485,120,2,8.465227966044873
U0042,P0064,0.3333333333333333,0.0,0.6,1.0,1.0,3.65,4.8283137373023015,0.408,0.155,90,2,14.452140428847418
U0042,P0077,0.3333333333333333,0.0,1.0,0.0,1.0,3.79,5.780743515792329,0.656,0.068,90,2,13.721578514265957
U0042,P0080,0.3333333333333333,0.0,1.0,1.0,1.0,3.56,6.289715570908998,0.705,0.73,45,2,11.324647468457046
U0042,P0086,0.3333333333333333,0.0,1.0,0.0,1.0,3.7,4.5217885770490405,0.474,0.656,120,2,10.050044605412872
U0042,P0087,0.0,1.0,0.2,1.0,1.0,4.07,5.910796644040527,0.392,0.169,90,2,0.43721787712664834
U0042,P0104,0.3333333333333333,0.0,1.0,1.0,1.0,4.33,6.118097198041348,0.635,0.445,45,2,4.834989363019385
U0042,P0110,0.0,0.0,1.0,1.0,1.0,3.88,5.598421958998375,0.397,0.337,150,2,5.443391573296578
U0042,P0119,0.0,0.0,0.6,0.0,1.0,3.19,5.726847747587197,0.593,0.923,150,2,2.9428309247683044
U0042,P0129,0.3333333333333333,0.0,0.6,1.0,1.0,4.67,4.653960350157523,0.551,0.925,120,2,5.753095940804264
U0042,P0137,0.0,1.0,0.6,1.0,1.0,4.62,5.5134287461649825,0.627,0.357,180,2,12.806853132396549
U0042,P0140,0.0,0.0,1.0,1.0,1.0,4.13,5.043425116919247,0.467,0.645,45,2,17.69413469279811
U0042,P0141,0.3333333333333333,0.0,1.0,1.0,1.0,4.15,6.295266001439646,0.507,0.666,60,2,11.869313196604478
U0042,P0143,0.0,0.0,1.0,1.0,1.0,5.0,3.1780538303479458,0.308,0.058,180,2,7.7876781248092275
U0042,P0156,0.3333333333333333,1.0,0.2,0.0,1.0,4.0,6.818924065275521,0.86,0.215,60,2,13.023445427277853
U0042,P0158,0.0,1.0,0.2,1.0,1.0,4.69,5.5254529391317835,0.362,0.521,90,2,3.752431540058932
U0042,P0166,0.3333333333333333,1.0,0.2,1.0,1.0,4.09,4.430816798843313,0.377,0.569,150,2,8.591363736338923
U0042,P0169,0.0,1.0,0.2,1.0,1.0,3.73,5.117993812416755,0.411,0.978,60,2,10.583129232145124
U0042,P0172,0.3333333333333333,1.0,0.2,0.0,1.0,4.21,4.897839799950911,0.419,0.295,150,2,16.95342672993916
U0042,P0184,0.0,1.0,0.2,1.0,1.0,4.2,5.517452896464707,0.367,0.557,90,2,6.066504649574656
U0042,P0187,0.3333333333333333,1.0,0.2,1.0,1.0,4.75,6.651571873589727,0.602,0.195,30,2,4.531803069852016
U0042,P0193,0.0,0.0,1.0,0.0,1.0,3.76,5.683579767338681,0.552,0.102,150,2,7.575780977829717
U0042,P0196,0.3333333333333333,1.0,0.2,1.0,1.0,3.7,6.091309882077698,0.697,0.236,90,2,5.960377556414283
U0042,P0206,0.3333333333333333,1.0,0.2,1.0,1.0,4.42,4.1588830833596715,0.469,0.718,45,2,8.451852652231738
U0042,P0212,0.3333333333333333,0.0,1.0,1.0,1.0,3.99,6.666956792429207,0.86,0.663,90,2,13.02435778738687
U0042,P0238,0.3333333333333333,0.0,1.0,1.0,1.0,4.84,5.204006687076795,0.479,0.867,45,2,10.268121566163359
U0042,P0248,0.3333333333333333,1.0,0.6,1.0,1.0,4.79,6.148468295917647,0.759,0.562,120,2,4.6072166402775325
U0042,P0251,0.3333333333333333,1.0,0.2,1.0,1.0,4.52,7.791522819150732,1.0,0.95,45,2,13.261836197203682
U0042,P0252,0.3333333333333333,0.0,0.6,1.0,1.0,3.47,6.175867270105761,0.566,0.349,150,2,10.229207831014664
U0042,P0254,0.3333333333333333,1.0,0.2,1.0,1.0,3.83,4.465908118654584,0.391,0.821,45,2,3.4446070313240384
U0042,P0260,0.3333333333333333,1.0,0.6,1.0,1.0,4.14,6.401917196727186,0.669,0.714,180,2,1.3430342005981046
U0042,P0263,0.3333333333333333,1.0,0.6,1.0,1.0,3.76,3.367295829986474,0.32,0.879,90,2,16.04380737293654
U0042,P0272,0.3333333333333333,0.0,0.6,1.0,1.0,4.34,7.2305631534092925,1.0,0.47,30,2,8.141445123430517
U0042,P0275,0.3333333333333333,0.0,1.0,0.0,1.0,4.27,4.77912349311153,0.591,0.889,120,2,11.002538289643157
U0042,P0280,0.0,0.0,0.6,0.0,1.0,4.28,4.997212273764115,0.537,0.941,120,2,10.473752705913615
U0042,P0281,0.3333333333333333,1.0,0.2,1.0,1.0,4.23,7.990576881743923,1.0,0.771,30,2,10.473709297831205
U0042,P0291,0.0,0.0,0.6,1.0,1.0,4.25,5.003946305945459,0.58,0.478,180,2,10.59957033887266
U0042,P0296,0.3333333333333333,1.0,0.6,1.0,1.0,4.13,4.927253685157205,0.342,0.209,150,2,14.42356388887548
U0042,P0302,0.3333333333333333,1.0,0.6,1.0,1.0,4.49,7.126890808898808,1.0,0.434,90,2,5.05026775515046
U0042,P0303,0.0,0.0,0.6,1.0,1.0,4.29,7.752335163302292,1.0,0.487,150,2,3.0283647673447067
U0042,P0307,0.3333333333333333,1.0,0.6,1.0,1.0,4.23,4.1588830833596715,0.352,0.184,180,2,7.026255700224973
U0042,P0317,0.3333333333333333,0.0,1.0,1.0,1.0,4.03,4.990432586778736,0.512,0.102,120,2,14.732350567506488
U0042,P0318,0.0,1.0,0.6,0.0,1.0,3.64,3.5263605246161616,0.245,0.601,60,2,10.387722753280043
U0042,P0320,0.0,1.0,0.2,0.0,1.0,3.52,3.9512437185814275,0.257,0.072,30,2,3.930220158185278
U0042,P0324,0.0,0.0,1.0,0.0,1.0,2.89,5.438079308923196,0.474,0.684,60,2,16.46664421022181
U0042,P0326,0.3333333333333333,1.0,0.2,1.0,1.0,4.93,6.852242569051878,0.99,0.062,60,2,13.995884504872555
U0042,P0328,0.0,1.0,0.6,0.0,1.0,5.0,5.572154032177765,0.438,0.843,180,2,6.323421678822117
U0042,P0330,0.3333333333333333,1.0,0.2,1.0,1.0,4.19,5.327876168789581,0.598,0.205,45,2,10.937070387828824
U0042,P0332,0.3333333333333333,1.0,0.6,1.0,1.0,4.09,4.852030263919617,0.297,0.955,45,2,5.237481733635925
U0042,P0335,0.3333333333333333,1.0,0.6,0.0,1.0,2.91,6.810142450115136,0.759,0.945,45,2,5.679147969018186
U0042,P0338,0.3333333333333333,0.0,0.6,0.0,1.0,3.47,4.574710978503383,0.318,0.942,180,2,4.956149406042768
U0042,P0339,0.3333333333333333,0.0,0.6,1.0,1.0,3.6,7.602900462204755,1.0,0.852,30,2,3.5156391169295413
U0042,P0345,0.3333333333333333,0.0,0.6,1.0,1.0,4.42,6.035481432524756,0.502,0.356,150,2,9.823335778611625
U0042,P0346,0.0,0.0,0.6,1.0,1.0,3.94,6.891625897052253,0.71,0.595,150,2,9.03735519141384
U0042,P0351,0.3333333333333333,0.0,0.6,0.0,1.0,3.86,6.759255270663693,0.911,0.546,150,2,16.4920870638684
U0042,P0358,0.3333333333333333,0.0,0.6,1.0,1.0,4.08,6.824373670043086,0.828,0.55,45,2,7.953302123878566
U0042,P0359,0.0,0.0,0.6,1.0,1.0,4.15,5.683579767338681,0.385,0.23,180,2,8.246717793931923
U0042,P0361,0.3333333333333333,1.0,0.2,1.0,1.0,4.24,3.4657359027997265,0.315,0.898,120,2,10.52851626319346
U0042,P0367,0.0,1.0,0.6,1.0,1.0,4.28,3.4657359027997265,0.364,0.516,90,2,10.439010085091894
U0042,P0369,0.3333333333333333,0.0,0.6,0.0,1.0,4.22,6.679599185844383,0.722,0.849,180,2,10.264047750208851
U0042,P0371,0.0,1.0,0.6,1.0,1.0,3.27,3.970291913552122,0.261,0.161,30,2,5.470594599828225
U0042,P0374,0.3333333333333333,1.0,0.2,1.0,1.0,4.18,4.59511985013459,0.424,0.35,90,2,8.468936525354753
U0042,P0380,0.0,0.0,0.6,0.0,1.0,3.71,6.342121418721152,0.567,0.181,150,2,2.2361856661111057
U0042,P0388,0.3333333333333333,0.0,0.6,1.0,1.0,4.38,3.6375861597263857,0.236,0.587,120,2,12.038422182658444
U0042,P0390,0.3333333333333333,1.0,0.6,1.0,1.0,4.07,6.246106765481563,0.77,0.068,120,2,9.937463187958675
U0042,P0391,0.3333333333333333,1.0,0.2,1.0,1.0,4.18,3.912023005428146,0.403,0.413,30,2,4.860910230722075
U0042,P0392,0.3333333333333333,0.0,0.6,1.0,1.0,4.27,6.234410725718371,0.68,0.354,30,2,5.145296994247661
U0042,P0395,0.3333333333333333,0.0,1.0,0.0,1.0,4.07,3.5263605246161616,0.234,0.739,150,2,10.984513185478361
U0042,P0399,0.0,1.0,0.2,1.0,1.0,4.08,6.318968113746434,0.659,0.547,150,2,5.125372559772331
U0042,P0400,0.3333333333333333,0.0,1.0,0.0,1.0,4.11,5.537334267018537,0.362,0.263,120,2,5.49577119987299
U0042,P0403,0.0,1.0,0.2,1.0,1.0,3.9,5.1298987149230735,0.376,0.857,150,2,15.068980128297273
U0042,P0405,0.3333333333333333,0.0,1.0,1.0,1.0,4.67,4.430816798843313,0.395,0.346,90,2,11.600034852905353
U0042,P0424,0.0,1.0,0.2,1.0,1.0,4.23,8.446556111816797,1.0,0.196,30,2,7.644997729539819
U0042,P0426,0.3333333333333333,1.0,0.6,1.0,1.0,3.82,4.836281906951478,0.263,0.938,120,2,13.003191539407275
U0042,P0427,0.0,0.0,1.0,1.0,1.0,3.81,6.927557906278317,0.653,0.401,45,2,4.449305214598338
U0042,P0438,0.3333333333333333,0.0,1.0,1.0,1.0,4.09,7.653494909661253,1.0,0.446,45,2,13.387432344385989
U0042,P0441,0.0,0.0,0.6,1.0,1.0,5.0,4.867534450455582,0.426,0.41,150,2,3.059770984712163
U0042,P0447,0.0,1.0,0.2,0.0,1.0,4.58,6.903747257584598,0.815,0.525,120,2,16.67118403337095
U0042,P0452,0.3333333333333333,0.0,0.6,1.0,1.0,4.11,7.034387929915503,1.0,0.161,150,2,4.961939776196508
U0042,P0455,0.3333333333333333,0.0,0.6,1.0,1.0,4.39,8.096208271650037,1.0,0.794,150,2,8.205197761496242
U0042,P0462,0.0,0.0,0.6,1.0,1.0,4.16,4.663439094112067,0.492,0.556,150,2,8.98683638907703
U0042,P0463,0.0,1.0,0.6,1.0,1.0,4.64,3.6888794541139363,0.486,0.955,180,2,11.486139651413787
U0042,P0484,0.3333333333333333,0.0,1.0,1.0,1.0,3.8,7.661527081358517,1.0,0.302,60,2,5.045509024030564
U0042,P0488,0.0,1.0,0.6,1.0,1.0,3.9,3.258096538021482,0.334,0.777,30,2,8.866444259207286
U0042,P0495,0.3333333333333333,0.0,0.6,1.0,1.0,4.0,5.53338948872752,0.423,0.22,60,2,12.394149778047545
U0042,P0497,0.0,1.0,0.2,1.0,1.0,3.99,4.68213122712422,0.302,0.419,30,2,8.453762119698673
U0042,P0499,0.3333333333333333,0.0,1.0,1.0,1.0,4.91,6.269096283706261,0.682,0.5,120,2,8.153995198177542
U0042,P0500,0.0,0.0,0.6,1.0,1.0,3.84,6.18826412308259,0.439,0.839,180,2,6.3085275556943925
U0043,P0002,0.3333333333333333,1.0,1.0,0.0,1.0,4.39,7.3277805384216315,0.958,0.624,180,2,35.93303843466746
U0043,P0006,0.6666666666666666,0.0,0.6,1.0,1.0,3.89,4.941642422609304,0.534,0.973,90,2,23.680409932784496
U0043,P0009,0.0,1.0,0.2,1.0,1.0,3.64,5.877735781779639,0.429,0.117,30,2,9.802379670064365
U0043,P0023,0.3333333333333333,1.0,0.6,0.0,1.0,3.43,4.6443908991413725,0.5,0.119,45,2,24.83255071221955
U0043,P0030,0.6666666666666666,0.0,0.6,1.0,1.0,4.25,6.670766320845874,0.706,0.712,150,2,38.28329773271107
U0043,P0033,0.3333333333333333,0.0,0.2,1.0,1.0,4.47,7.1276936993473985,0.868,0.516,90,2,10.3233788651514
U0043,P0035,0.0,1.0,0.6,0.0,1.0,4.26,4.727387818712341,0.39,0.576,60,2,6.180255053033592
U0043,P0045,0.3333333333333333,1.0,0.6,0.0,1.0,3.86,6.118097198041348,0.597,0.412,45,2,9.167974739339629
U0043,P0048,0.0,1.0,0.6,1.0,1.0,3.92,3.7612001156935624,0.3,0.699,90,2,5.6203072263135345
U0043,P0049,0.3333333333333333,0.0,0.2,1.0,1.0,4.23,5.814130531825066,0.516,0.337,60,2,12.166543807582073
U0043,P0051,0.0,0.0,1.0,1.0,1.0,3.46,4.997212273764115,0.515,0.445,30,2,20.67056563901098
U0043,P0057,0.3333333333333333,0.0,0.6,1.0,1.0,4.13,8.455955881945048,1.0,0.358,180,2,25.17604720334218
U0043,P0062,0.3333333333333333,0.0,0.6,1.0,1.0,4.73,3.828641396489095,0.553,0.221,180,2,29.927355335850944
U0043,P0071,0.3333333333333333,1.0,0.6,1.0,1.0,4.2,7.069023426578259,1.0,0.694,150,2,14.92972327957567
U0043,P0079,0.0,1.0,0.2,1.0,1.0,4.94,6.07073772800249,0.775,0.405,120,2,13.572360962499541
U0043,P0090,0.0,1.0,0.6,1.0,1.0,3.98,8.764209507142004,1.0,0.626,30,2,13.819732831953921
U0043,P0094,0.6666666666666666,1.0,0.2,0.0,1.0,4.31,5.41610040220442,0.332,0.183,45,2,14.082217333419377
U0043,P0095,0.0,0.0,0.2,1.0,1.0,3.72,3.6888794541139363,0.332,0.704,150,2,18.587614501090172
U0043,P0097,0.0,0.0,1.0,1.0,1.0,4.2,4.007333185232471,0.425,0.334,150,2,33.98466471727021
U0043,P0098,0.3333333333333333,0.0,0.6,1.0,1.0,4.18,5.963579343618446,0.67,0.928,180,2,13.750086611738244
U0043,P0099,0.0,1.0,0.6,1.0,1.0,3.7,5.68697535633982,0.402,0.499,150,2,30.56999167799115
U0043,P0112,0.0,1.0,0.6,1.0,1.0,4.41,3.58351893845611,0.431,0.477,45,2,34.09898060583217
U0043,P0117,0.0,0.0,0.6,1.0,1.0,4.12,4.718498871295094,0.261,0.322,120,2,33.12498562153913
U0043,P0118,0.6666666666666666,0.0,0.2,1.0,1.0,5.0,6.261491684321042,0.616,0.837,90,2,22.02597106990884
U0043,P0130,0.3333333333333333,0.0,0.6,1.0,1.0,4.3,6.429719478039138,0.746,0.857,90,2,8.398566829720394
U0043,P0131,0.6666666666666666,0.0,0.6,1.0,1.0,3.68,5.429345628954441,0.51,0.458,90,2,11.974741043713934
U0043,P0132,0.0,1.0,0.6,1.0,1.0,2.64,4.276666119016055,0.204,0.423,150,2,17.22522341881962
U0043,P0149,0.3333333333333333,1.0,1.0,1.0,1.0,4.5,5.869296913133774,0.567,0.589,60,2,24.41340411556406
U0043,P0153,0.3333333333333333,0.0,0.6,1.0,1.0,4.09,5.641907070938114,0.516,0.316,45,2,40.18062045286708
U0043,P0159,0.3333333333333333,1.0,1.0,1.0,1.0,4.41,5.1298987149230735,0.471,0.661,120,2,33.26951438700909
U0043,P0163,0.3333333333333333,1.0,1.0,1.0,1.0,3.65,4.04305126783455,0.544,0.2,60,2,6.143626753073705
U0043,P0171,0.6666666666666666,1.0,0.6,1.0,1.0,3.73,5.793013608384144,0.62,0.908,90,2,20.73937663672082
U0043,P0178,0.0,0.0,0.6,1.0,1.0,4.09,4.30406509320417,0.464,0.969,120,2,11.27531887042818
U0043,P0182,0.3333333333333333,0.0,0.6,1.0,1.0,4.05,5.983936280687191,0.679,0.895,90,2,27.113126992840797
U0043,P0192,0.0,1.0,1.0,1.0,1.0,3.14,4.875197323201151,0.429,0.094,180,2,8.405994364768144
U0043,P0197,0.3333333333333333,0.0,0.6,1.0,1.0,3.51,7.698029170272805,1.0,0.461,120,2,30.75321845117073
U0043,P0203,0.6666666666666666,1.0,1.0,1.0,1.0,3.9,6.248042874508429,0.636,0.722,180,2,9.842595316329646
U0043,P0204,0.6666666666666666,0.0,0.6,1.0,1.0,3.62,5.332718793265369,0.506,0.997,60,2,11.823068210645557
U0043,P0207,0.0,1.0,1.0,1.0,1.0,3.41,7.033506484287697,0.876,0.351,120,2,32.5910244348857
U0043,P0213,0.0,1.0,0.6,1.0,1.0,4.39,7.142827401161621,1.0,0.191,120,2,22.915220835129354
U0043,P0218,0.6666666666666666,1.0,0.2,0.0,1.0,4.78,5.5909869805108565,0.417,0.742,45,2,24.219997411178955
U0043,P0219,0.3333333333333333,1.0,1.0,1.0,1.0,4.83,3.8501476017100584,0.321,0.176,150,2,33.85662053313671
U0043,P0221,0.3333333333333333,1.0,0.6,1.0,1.0,4.27,5.4638318050256105,0.587,0.055,180,2,8.995608066303951
U0043,P0230,0.0,0.0,0.2,0.0,1.0,3.85,4.07753744390572,0.455,0.856,150,2,6.284367688890547
U0043,P0234,0.3333333333333333,1.0,0.2,0.0,1.0,4.38,6.410174881966167,0.632,0.141,150,2,7.012406010485844
U0043,P0242,0.3333333333333333,1.0,1.0,1.0,1.0,3.38,5.746203190540153,0.404,0.256,150,2,10.384968882270211
U0043,P0247,0.0,1.0,0.6,1.0,1.0,4.13,4.477336814478207,0.441,0.495,120,2,21.935395903439897
U0043,P0264,0.6666666666666666,0.0,0.6,1.0,1.0,3.37,5.560681631015528,0.513,0.178,120,2,33.05360373053955
U0043,P0266,0.6666666666666666,1.0,0.6,0.0,1.0,4.39,3.5263605246161616,0.475,0.495,60,2,24.091142107186606
U0043,P0273,0.0,1.0,1.0,1.0,1.0,2.99,4.553876891600541,0.308,0.631,30,2,20.22313111159882
U0043,P0276,0.0,1.0,0.6,1.0,1.0,4.14,5.313205979041787,0.443,0.706,60,2,5.326391434324452
U0043,P0282,0.0,1.0,0.6,1.0,1.0,4.49,5.111987788356544,0.395,0.946,30,2,14.46169570626977
U0043,P0283,0.6666666666666666,1.0,0.6,1.0,1.0,4.64,5.0106352940962555,0.615,0.616,30,2,22.20872761760277
U0043,P0285,0.3333333333333333,1.0,0.6,1.0,1.0,3.26,5.081404364984463,0.531,0.729,60,2,26.9564517921286
U0043,P0292,0.0,1.0,1.0,0.0,1.0,4.38,8.224967478914584,1.0,0.126,30,2,17.74345981356945
U0043,P0294,0.0,1.0,0.6,1.0,1.0,3.89,4.48863636973214,0.435,0.53,150,2,23.00536004096871
U0043,P0295,0.0,1.0,0.6,1.0,1.0,4.47,4.477336814478207,0.493,0.551,60,2,37.1166568320758
U0043,P0304,0.0,1.0,0.6,1.0,1.0,3.75,4.007333185232471,0.242,0.997,150,2,24.564076239751557
U0043,P0310,0.6666666666666666,0.0,0.2,1.0,1.0,4.32,5.771441123130016,0.428,0.202,180,2,19.442412635699952
U0043,P0312,0.3333333333333333,1.0,0.6,0.0,1.0,4.95,7.114769448366463,1.0,0.188,90,2,27.940116066579588
U0043,P0313,0.0,0.0,0.6,1.0,1.0,4.82,4.890349128221754,0.312,0.213,120,2,1.2623004338786727
U0043,P0316,0.6666666666666666,1.0,1.0,1.0,1.0,3.34,7.335633981927201,0.913,0.226,90,2,5.953182746344888
U0043,P0323,0.6666666666666666,1.0,1.0,1.0,1.0,3.99,5.176149732573829,0.343,0.563,120,2,21.01331459899005
U0043,P0334,0.6666666666666666,1.0,0.2,0.0,1.0,3.99,7.305188215393037,0.896,0.538,180,2,18.65172315993438
U0043,P0340,0.0,0.0,0.6,1.0,1.0,4.52,7.026426808699636,0.966,0.288,90,2,5.1843615384417046
U0043,P0341,0.0,1.0,1.0,1.0,1.0,4.42,4.1588830833596715,0.303,0.493,120,2,23.562608405149525
U0043,P0360,0.0,1.0,0.2,1.0,1.0,3.94,5.43372200355424,0.303,0.452,45,2,36.28074864629866
U0043,P0373,0.0,0.0,0.2,1.0,1.0,4.33,4.634728988229636,0.303,0.241,45,2,3.8545269346027764
U0043,P0376,0.0,1.0,1.0,1.0,1.0,3.68,3.8918202981106265,0.447,0.804,30,2,32.06005847600562
U0043,P0377,0.0,1.0,0.6,1.0,1.0,3.66,6.7650389767805414,0.862,0.584,120,2,35.28335997968704
U0043,P0384,0.0,0.0,1.0,1.0,1.0,4.08,7.6251071482389,1.0,0.984,180,2,38.95780712445868
U0043,P0394,0.6666666666666666,1.0,0.6,0.0,1.0,4.48,6.052089168924417,0.603,0.325,90,2,18.630078270013097
U0043,P0396,0.3333333333333333,1.0,1.0,0.0,1.0,4.29,5.749392985908253,0.429,0.628,120,2,21.806447800687586
U0043,P0397,0.0,1.0,0.2,0.0,1.0,4.22,3.970291913552122,0.358,0.712,180,2,24.5542740147823
U0043,P0407,0.3333333333333333,1.0,1.0,1.0,1.0,4.75,5.736572297479192,0.433,0.269,90,2,21.947998357807204
U0043,P0408,0.3333333333333333,1.0,0.2,1.0,1.0,4.56,3.7376696182833684,0.272,0.777,30,2,28.11821967074919
U0043,P0409,0.0,0.0,0.6,1.0,1.0,4.22,6.568077911411976,0.538,0.798,180,2,7.352167664129741
U0043,P0410,0.0,0.0,0.2,1.0,1.0,4.14,6.778784897685177,0.653,0.458,45,2,5.7531552685286105
U0043,P0416,0.0,1.0,0.2,0.0,1.0,3.49,4.406719247264253,0.321,0.079,45,2,14.20511354265357
U0043,P0419,0.0,1.0,0.2,1.0,1.0,4.8,4.30406509320417,0.333,0.504,180,2,30.221673757582924
U0043,P0420,0.6666666666666666,1.0,0.6,0.0,1.0,4.54,5.247024072160486,0.408,0.55,30,2,7.926368546793757
U0043,P0425,0.0,1.0,0.2,1.0,1.0,3.81,4.867534450455582,0.458,0.137,30,2,26.18645891480234
U0043,P0432,0.6666666666666666,1.0,0.2,1.0,1.0,4.8,7.655390644826152,1.0,0.287,90,2,18.108744506333153
U0043,P0433,0.0,0.0,0.6,1.0,1.0,3.82,5.0369526024136295,0.408,0.412,120,2,10.81315026274185
U0043,P0437,0.6666666666666666,0.0,0.6,1.0,1.0,3.48,4.624972813284271,0.277,0.414,90,2,21.94633282153485
U0043,P0439,0.6666666666666666,1.0,0.6,0.0,1.0,3.87,5.771441123130016,0.536,0.296,45,2,20.421031218511843
U0043,P0444,0.3333333333333333,0.0,0.6,1.0,1.0,4.36,5.0689042022202315,0.521,0.15,45,2,6.008674112445684
U0043,P0449,0.0,1.0,0.2,1.0,1.0,4.02,5.676753802268282,0.524,0.118,60,2,30.359078739009945
U0043,P0450,0.0,1.0,0.6,0.0,1.0,4.64,4.5217885770490405,0.475,0.236,90,2,2.4663271983639055
U0043,P0456,0.3333333333333333,1.0,0.2,1.0,1.0,3.96,5.765191102784844,0.424,0.574,45,2,18.265966081878418
U0043,P0459,0.0,1.0,0.2,1.0,1.0,4.37,5.726847747587197,0.418,0.715,150,2,12.623598980193313
U0043,P0471,0.0,1.0,1.0,1.0,1.0,3.52,6.548219102762372,0.617,0.1,60,2,25.467211762687292
U0043,P0473,0.0,0.0,0.2,1.0,1.0,4.93,4.219507705176107,0.291,0.569,150,2,27.87234166939835
U0043,P0475,0.0,1.0,0.2,1.0,1.0,4.08,5.793013608384144,0.409,0.225,180,2,38.99812828362898
U0043,P0482,0.3333333333333333,1.0,1.0,1.0,1.0,4.19,6.35088571671474,0.687,0.845,30,2,29.51714357208019
U0043,P0483,0.0,1.0,0.6,1.0,1.0,4.06,7.228388451573604,0.882,0.367,30,2,22.66239804448641
U0043,P0485,0.6666666666666666,1.0,1.0,1.0,1.0,4.08,3.784189633918261,0.274,0.507,60,2,8.868241049488429
U0043,P0486,0.0,1.0,0.2,1.0,1.0,4.16,4.6913478822291435,0.46,0.858,90,2,12.667260216770819
U0043,P0487,0.6666666666666666,1.0,0.6,1.0,1.0,4.48,4.718498871295094,0.566,0.161,120,2,32.062977120538136
U0043,P0492,0.0,0.0,0.2,1.0,1.0,3.66,5.44673737166631,0.397,0.349,60,2,22.46997266726496
U0043,P0493,0.6666666666666666,0.0,0.6,1.0,1.0,4.1,4.110873864173311,0.399,0.645,180,2,10.299882424827945
U0043,P0494,0.6666666666666666,1.0,0.2,1.0,1.0,4.78,6.553933404025811,0.866,0.195,180,2,23.567993929638828
U0044,P0001,0.25,0.8640000000000001,0.6,1.0,1.0,4.32,5.337538079701318,0.32,0.667,30,7,14.728873731000006
U0044,P0010,0.25,0.738,0.6,1.0,1.0,3.69,3.8066624897703196,0.479,0.441,180,7,14.653335121791601
U0044,P0011,0.25,0.952,0.6,1.0,1.0,4.76,5.231108616854587,0.371,0.868,45,7,16.476050424126644
U0044,P0012,0.25,0.826,0.6,1.0,1.0,4.13,3.8066624897703196,0.301,0.795,90,7,10.497624752261988
U0044,P0017,0.25,0.818,0.6,1.0,1.0,4.09,4.23410650459726,0.428,0.568,90,7,13.470792599785996
U0044,P0019,0.0,0.8380000000000001,0.6,1.0,1.0,4.19,3.1780538303479458,0.525,0.83,180,7,10.955604427010487
U0044,P0020,0.25,0.7,1.0,1.0,1.0,3.5,5.736572297479192,0.643,0.617,30,7,3.144804134255628
U0044,P0036,0.25,0.852,0.6,1.0,1.0,4.26,7.346010209913293,0.95,0.192,30,7,7.615781353465894
U0044,P0037,0.25,0.8160000000000001,0.6,1.0,1.0,4.08,7.3777589082278725,1.0,0.144,120,7,8.430685258257421
U0044,P0046,0.0,0.828,0.2,1.0,1.0,4.14,6.663132695990803,0.812,0.708,90,7,9.317196922254224
U0044,P0050,0.25,0.82,0.2,1.0,1.0,4.1,5.220355825078324,0.486,0.787,150,7,5.423916713084983
U0044,P0053,0.25,0.806,1.0,1.0,1.0,4.03,5.986452005284438,0.418,0.63,45,7,14.917468007470282
U0044,P0058,0.0,0.8019999999999999,0.6,1.0,1.0,4.01,5.863631175598097,0.535,0.485,120,7,1.9439976360835165
U0044,P0064,0.0,0.73,0.6,1.0,1.0,3.65,4.8283137373023015,0.408,0.155,90,7,17.175462202300302
U0044,P0077,0.25,0.758,1.0,1.0,1.0,3.79,5.780743515792329,0.656,0.068,90,7,9.09029691978716
U0044,P0080,0.25,0.712,1.0,1.0,1.0,3.56,6.289715570908998,0.705,0.73,45,7,7.15061818716304
U0044,P0086,0.0,0.74,1.0,1.0,1.0,3.7,4.5217885770490405,0.474,0.656,120,7,2.0531542558559686
U0044,P0087,0.25,0.8140000000000001,0.2,1.0,1.0,4.07,5.910796644040527,0.392,0.169,90,7,8.117623748217454
U0044,P0104,0.25,0.866,1.0,1.0,1.0,4.33,6.118097198041348,0.635,0.445,45,7,7.03328357268267
U0044,P0110,0.25,0.776,1.0,1.0,1.0,3.88,5.598421958998375,0.397,0.337,150,7,13.271642353592624
U0044,P0119,0.25,0.638,0.6,1.0,1.0,3.19,5.726847747587197,0.593,0.923,150,7,7.084435432423395
U0044,P0129,0.0,0.9339999999999999,0.6,1.0,1.0,4.67,4.653960350157523,0.551,0.925,120,7,5.339580679046452
U0044,P0137,0.25,0.924,0.6,1.0,1.0,4.62,5.5134287461649825,0.627,0.357,180,7,9.07290116656561
U0044,P0140,0.25,0.826,1.0,1.0,1.0,4.13,5.043425116919247,0.467,0.645,45,7,11.389738376736755
U0044,P0141,0.0,0.8300000000000001,1.0,1.0,1.0,4.15,6.295266001439646,0.507,0.666,60,7,4.015047380456056
U0044,P0143,0.25,1.0,1.0,1.0,1.0,5.0,3.1780538303479458,0.308,0.058,180,7,8.165160057076832
U0044,P0156,0.0,0.8,0.2,1.0,1.0,4.0,6.818924065275521,0.86,0.215,60,7,13.07030785401564
U0044,P0158,0.25,0.9380000000000001,0.2,1.0,1.0,4.69,5.5254529391317835,0.362,0.521,90,7,6.621584665002762
U0044,P0166,0.5,0.818,0.2,1.0,1.0,4.09,4.430816798843313,0.377,0.569,150,7,16.139906089790205
U0044,P0169,0.25,0.746,0.2,1.0,1.0,3.73,5.117993812416755,0.411,0.978,60,7,2.68939474352014
U0044,P0172,0.25,0.842,0.2,1.0,1.0,4.21,4.897839799950911,0.419,0.295,150,7,17.284177721818367
U0044,P0184,0.25,0.8400000000000001,0.2,1.0,1.0,4.2,5.517452896464707,0.367,0.557,90,7,4.155643099155234
U0044,P0187,0.25,0.95,0.2,1.0,1.0,4.75,6.651571873589727,0.602,0.195,30,7,3.8476978993750817
U0044,P0193,0.25,0.752,1.0,1.0,1.0,3.76,5.683579767338681,0.552,0.102,150,7,2.7630405244621117
U0044,P0196,0.0,0.74,0.2,1.0,1.0,3.7,6.091309882077698,0.697,0.236,90,7,13.807430866933906
U0044,P0206,0.5,0.884,0.2,1.0,1.0,4.42,4.1588830833596715,0.469,0.718,45,7,15.461897393868343
U0044,P0212,0.25,0.798,1.0,1.0,1.0,3.99,6.666956792429207,0.86,0.663,90,7,7.558781449511296
U0044,P0238,0.5,0.968,1.0,1.0,1.0,4.84,5.204006687076795,0.479,0.867,45,7,8.719676450382506
U0044,P0248,0.0,0.958,0.6,1.0,1.0,4.79,6.148468295917647,0.759,0.562,120,7,11.896092696908706
U0044,P0251,0.5,0.9039999999999999,0.2,1.0,1.0,4.52,7.791522819150732,1.0,0.95,45,7,6.218014128256226
U0044,P0252,0.25,0.6940000000000001,0.6,1.0,1.0,3.47,6.175867270105761,0.566,0.349,150,7,9.603661090640289
U0044,P0254,0.5,0.766,0.2,1.0,1.0,3.83,4.465908118654584,0.391,0.821,45,7,11.581497980072951
U0044,P0260,0.25,0.828,0.6,1.0,1.0,4.14,6.401917196727186,0.669,0.714,180,7,7.734024320307703
U0044,P0263,0.5,0.752,0.6,1.0,1.0,3.76,3.367295829986474,0.32,0.879,90,7,9.654545987196933
U0044,P0272,0.0,0.868,0.6,1.0,1.0,4.34,7.2305631534092925,1.0,0.47,30,7,10.101198827482184
U0044,P0275,0.0,0.8539999999999999,1.0,1.0,1.0,4.27,4.77912349311153,0.591,0.889,120,7,7.252859528074466
U0044,P0280,0.25,0.8560000000000001,0.6,1.0,1.0,4.28,4.997212273764115,0.537,0.941,120,7,16.37437186851717
U0044,P0281,0.25,0.8460000000000001,0.2,1.0,1.0,4.23,7.990576881743923,1.0,0.771,30,7,8.20566035371584
U0044,P0291,0.25,0.85,0.6,1.0,1.0,4.25,5.003946305945459,0.58,0.478,180,7,8.8723291093595
U0044,P0296,0.0,0.826,0.6,1.0,1.0,4.13,4.927253685157205,0.342,0.209,150,7,8.538325825344252
U0044,P0302,0.5,0.898,0.6,1.0,1.0,4.49,7.126890808898808,1.0,0.434,90,7,11.652355694047055
U0044,P0303,0.25,0.858,0.6,1.0,1.0,4.29,7.752335163302292,1.0,0.487,150,7,9.331762667466531
U0044,P0307,0.25,0.8460000000000001,0.6,1.0,1.0,4.23,4.1588830833596715,0.352,0.184,180,7,15.361819848425629
U0044,P0317,0.0,0.806,1.0,1.0,1.0,4.03,4.990432586778736,0.512,0.102,120,7,13.855306656529862
U0044,P0318,0.25,0.728,0.6,1.0,1.0,3.64,3.5263605246161616,0.245,0.601,60,7,16.036867123100553
U0044,P0320,0.25,0.704,0.2,1.0,1.0,3.52,3.9512437185814275,0.257,0.072,30,7,11.934237316509822
U0044,P0324,0.25,0.5780000000000001,1.0,1.0,1.0,2.89,5.438079308923196,0.474,0.684,60,7,10.577595892703004
U0044,P0326,0.0,0.986,0.2,1.0,1.0,4.93,6.852242569051878,0.99,0.062,60,7,5.908838679973375
U0044,P0328,0.25,1.0,0.6,1.0,1.0,5.0,5.572154032177765,0.438,0.843,180,7,10.5754925628622
U0044,P0330,0.25,0.8380000000000001,0.2,1.0,1.0,4.19,5.327876168789581,0.598,0.205,45,7,2.8070700680361704
U0044,P0332,0.25,0.818,0.6,1.0,1.0,4.09,4.852030263919617,0.297,0.955,45,7,11.532114941850663
U0044,P0335,0.5,0.5820000000000001,0.6,1.0,1.0,2.91,6.810142450115136,0.759,0.945,45,7,9.125426082428554
U0044,P0338,0.25,0.6940000000000001,0.6,1.0,1.0,3.47,4.574710978503383,0.318,0.942,180,7,13.291526463157533
U0044,P0339,0.25,0.72,0.6,1.0,1.0,3.6,7.602900462204755,1.0,0.852,30,7,6.027663052420491
U0044,P0345,0.5,0.884,0.6,1.0,1.0,4.42,6.035481432524756,0.502,0.356,150,7,16.693755043087624
U0044,P0346,0.25,0.788,0.6,1.0,1.0,3.94,6.891625897052253,0.71,0.595,150,7,0.9202419938072748
U0044,P0351,0.25,0.772,0.6,1.0,1.0,3.86,6.759255270663693,0.911,0.546,150,7,9.369897250376074
U0044,P0358,0.25,0.8160000000000001,0.6,1.0,1.0,4.08,6.824373670043086,0.828,0.55,45,7,4.457989940920731
U0044,P0359,0.25,0.8300000000000001,0.6,1.0,1.0,4.15,5.683579767338681,0.385,0.23,180,7,6.049826701444215
U0044,P0361,0.0,0.8480000000000001,0.2,1.0,1.0,4.24,3.4657359027997265,0.315,0.898,120,7,9.398740017148814
U0044,P0367,0.25,0.8560000000000001,0.6,1.0,1.0,4.28,3.4657359027997265,0.364,0.516,90,7,7.089009996379068
U0044,P0369,0.25,0.844,0.6,1.0,1.0,4.22,6.679599185844383,0.722,0.849,180,7,5.869141301729894
U0044,P0371,0.25,0.654,0.6,1.0,1.0,3.27,3.970291913552122,0.261,0.161,30,7,3.5641602086408
U0044,P0374,0.25,0.836,0.2,1.0,1.0,4.18,4.59511985013459,0.424,0.35,90,7,7.928176607306996
U0044,P0380,0.25,0.742,0.6,1.0,1.0,3.71,6.342121418721152,0.567,0.181,150,7,6.753922273730096
U0044,P0388,0.0,0.876,0.6,1.0,1.0,4.38,3.6375861597263857,0.236,0.587,120,7,10.818874779968498
U0044,P0390,0.0,0.8140000000000001,0.6,1.0,1.0,4.07,6.246106765481563,0.77,0.068,120,7,2.571768760270134
U0044,P0391,0.5,0.836,0.2,1.0,1.0,4.18,3.912023005428146,0.403,0.413,30,7,5.1123401891692675
U0044,P0392,0.0,0.8539999999999999,0.6,1.0,1.0,4.27,6.234410725718371,0.68,0.354,30,7,13.445695302426877
U0044,P0395,0.25,0.8140000000000001,1.0,1.0,1.0,4.07,3.5263605246161616,0.234,0.739,150,7,3.245649352057271
U0044,P0399,0.25,0.8160000000000001,0.2,1.0,1.0,4.08,6.318968113746434,0.659,0.547,150,7,13.460621601819774
U0044,P0400,0.5,0.8220000000000001,1.0,1.0,1.0,4.11,5.537334267018537,0.362,0.263,120,7,12.825084880881832
U0044,P0403,0.25,0.78,0.2,1.0,1.0,3.9,5.1298987149230735,0.376,0.857,150,7,9.908699486670978
U0044,P0405,0.0,0.9339999999999999,1.0,1.0,1.0,4.67,4.430816798843313,0.395,0.346,90,7,15.776684547541455
U0044,P0424,0.25,0.8460000000000001,0.2,1.0,1.0,4.23,8.446556111816797,1.0,0.196,30,7,7.04349640933178
U0044,P0426,0.25,0.764,0.6,1.0,1.0,3.82,4.836281906951478,0.263,0.938,120,7,16.338021820328233
U0044,P0427,0.25,0.762,1.0,1.0,1.0,3.81,6.927557906278317,0.653,0.401,45,7,12.744437263638142
U0044,P0438,0.0,0.818,1.0,1.0,1.0,4.09,7.653494909661253,1.0,0.446,45,7,13.757218156147585
U0044,P0441,0.25,1.0,0.6,1.0,1.0,5.0,4.867534450455582,0.426,0.41,150,7,6.198383509150488
U0044,P0447,0.25,0.916,0.2,1.0,1.0,4.58,6.903747257584598,0.815,0.525,120,7,15.446764391167834
U0044,P0452,0.0,0.8220000000000001,0.6,1.0,1.0,4.11,7.034387929915503,1.0,0.161,150,7,10.599618633146829
U0044,P0455,0.5,0.8779999999999999,0.6,1.0,1.0,4.39,8.096208271650037,1.0,0.794,150,7,16.493933773377982
U0044,P0462,0.25,0.8320000000000001,0.6,1.0,1.0,4.16,4.663439094112067,0.492,0.556,150,7,16.974954436591634
U0044,P0463,0.25,0.9279999999999999,0.6,1.0,1.0,4.64,3.6888794541139363,0.486,0.955,180,7,6.097923232771828
U0044,P0484,0.0,0.76,1.0,1.0,1.0,3.8,7.661527081358517,1.0,0.302,60,7,9.857081643924362
U0044,P0488,0.25,0.78,0.6,1.0,1.0,3.9,3.258096538021482,0.334,0.777,30,7,17.18023934015656
U0044,P0495,0.0,0.8,0.6,1.0,1.0,4.0,5.53338948872752,0.423,0.22,60,7,4.067218877544613
U0044,P0497,0.25,0.798,0.2,1.0,1.0,3.99,4.68213122712422,0.302,0.419,30,7,4.581117396166521
U0044,P0499,0.5,0.982,1.0,1.0,1.0,4.91,6.269096283706261,0.682,0.5,120,7,16.48985701999529
U0044,P0500,0.25,0.768,0.6,1.0,1.0,3.84,6.18826412308259,0.439,0.839,180,7,13.947481055489046
U0045,P0002,0.0,0.8779999999999999,1.0,0.0,1.0,4.39,7.3277805384216315,0.958,0.624,180,4,17.3993174273863
U0045,P0006,0.0,0.778,0.6,1.0,1.0,3.89,4.941642422609304,0.534,0.973,90,4,29.87882818405917
U0045,P0009,0.5,0.728,0.2,1.0,1.0,3.64,5.877735781779639,0.429,0.117,30,4,15.24532527797341
U0045,P0023,0.0,0.686,0.6,0.0,1.0,3.43,4.6443908991413725,0.5,0.119,45,4,7.7554325390124275
U0045,P0030,0.0,0.85,0.6,1.0,1.0,4.25,6.670766320845874,0.706,0.712,150,4,15.985631780691413
U0045,P0033,0.0,0.8939999999999999,0.2,1.0,1.0,4.47,7.1276936993473985,0.868,0.516,90,4,21.655135980410723
U0045,P0035,0.5,0.852,0.6,0.0,1.0,4.26,4.727387818712341,0.39,0.576,60,4,18.665618986977126
U0045,P0045,0.0,0.772,0.6,0.0,1.0,3.86,6.118097198041348,0.597,0.412,45,4,15.768151024321755
U0045,P0048,0.5,0.784,0.6,1.0,1.0,3.92,3.7612001156935624,0.3,0.699,90,4,29.61569905947512
U0045,P0049,0.0,0.8460000000000001,0.2,1.0,1.0,4.23,5.814130531825066,0.516,0.337,60,4,13.121422670850174
U0045,P0051,0.5,0.692,1.0,1.0,1.0,3.46,4.997212273764115,0.515,0.445,30,4,9.409649951908944
U0045,P0057,0.0,0.826,0.6,1.0,1.0,4.13,8.455955881945048,1.0,0.358,180,4,4.79077801974652
U0045,P0062,0.0,0.9460000000000001,0.6,1.0,1.0,4.73,3.828641396489095,0.553,0.221,180,4,6.10134343279069
U0045,P0071,0.0,0.8400000000000001,0.6,1.0,1.0,4.2,7.069023426578259,1.0,0.694,150,4,9.885450860071899
U0045,P0079,0.5,0.9880000000000001,0.2,1.0,1.0,4.94,6.07073772800249,0.775,0.405,120,4,29.22667420022579
U0045,P0090,0.5,0.796,0.6,1.0,1.0,3.98,8.764209507142004,1.0,0.626,30,4,11.082232613194897
U0045,P0094,0.0,0.8619999999999999,0.2,0.0,1.0,4.31,5.41610040220442,0.332,0.183,45,4,23.718784018584454
U0045,P0095,0.5,0.744,0.2,1.0,1.0,3.72,3.6888794541139363,0.332,0.704,150,4,5.957092924042288
U0045,P0097,0.5,0.8400000000000001,1.0,1.0,1.0,4.2,4.007333185232471,0.425,0.334,150,4,9.904397053305281
U0045,P0098,0.0,0.836,0.6,1.0,1.0,4.18,5.963579343618446,0.67,0.928,180,4,10.742562138798412
U0045,P0099,0.5,0.74,0.6,1.0,1.0,3.7,5.68697535633982,0.402,0.499,150,4,10.981480736074658
U0045,P0112,0.5,0.882,0.6,1.0,1.0,4.41,3.58351893845611,0.431,0.477,45,4,12.925631678041995
U0045,P0117,0.5,0.8240000000000001,0.6,1.0,1.0,4.12,4.718498871295094,0.261,0.322,120,4,17.17347928767719
U0045,P0118,0.0,1.0,0.2,1.0,1.0,5.0,6.261491684321042,0.616,0.837,90,4,12.110765063731236
U0045,P0130,0.0,0.86,0.6,1.0,1.0,4.3,6.429719478039138,0.746,0.857,90,4,19.305450377532534
U0045,P0131,0.0,0.736,0.6,1.0,1.0,3.68,5.429345628954441,0.51,0.458,90,4,16.158183447468225
U0045,P0132,0.5,0.528,0.6,1.0,1.0,2.64,4.276666119016055,0.204,0.423,150,4,13.584531139309272
U0045,P0149,0.0,0.9,1.0,1.0,1.0,4.5,5.869296913133774,0.567,0.589,60,4,14.662127119080896
U0045,P0153,0.0,0.818,0.6,1.0,1.0,4.09,5.641907070938114,0.516,0.316,45,4,19.173195778236785
U0045,P0159,0.0,0.882,1.0,1.0,1.0,4.41,5.1298987149230735,0.471,0.661,120,4,9.743380633938203
U0045,P0163,0.0,0.73,1.0,1.0,1.0,3.65,4.04305126783455,0.544,0.2,60,4,28.38911135767701
U0045,P0171,0.0,0.746,0.6,1.0,1.0,3.73,5.793013608384144,0.62,0.908,90,4,12.608709272776455
U0045,P0178,0.5,0.818,0.6,1.0,1.0,4.09,4.30406509320417,0.464,0.969,120,4,18.624351273964244
U0045,P0182,0.0,0.8099999999999999,0.6,1.0,1.0,4.05,5.983936280687191,0.679,0.895,90,4,6.1609780645194085
U0045,P0192,0.5,0.628,1.0,1.0,1.0,3.14,4.875197323201151,0.429,0.094,180,4,29.634148976024758
U0045,P0197,0.0,0.702,0.6,1.0,1.0,3.51,7.698029170272805,1.0,0.461,120,4,13.529255038771682
U0045,P0203,0.0,0.78,1.0,1.0,1.0,3.9,6.248042874508429,0.636,0.722,180,4,28.72362318045456
U0045,P0204,0.0,0.724,0.6,1.0,1.0,3.62,5.332718793265369,0.506,0.997,60,4,12.958942264425353
U0045,P0207,0.5,0.682,1.0,1.0,1.0,3.41,7.033506484287697,0.876,0.351,120,4,16.091616922701267
U0045,P0213,0.5,0.8779999999999999,0.6,1.0,1.0,4.39,7.142827401161621,1.0,0.191,120,4,5.599772567369532
U0045,P0218,0.0,0.9560000000000001,0.2,0.0,1.0,4.78,5.5909869805108565,0.417,0.742,45,4,32.24703396177393
U0045,P0219,0.0,0.966,1.0,1.0,1.0,4.83,3.8501476017100584,0.321,0.176,150,4,12.170076202188229
U0045,P0221,0.0,0.8539999999999999,0.6,1.0,1.0,4.27,5.4638318050256105,0.587,0.055,180,4,19.528057156976036
U0045,P0230,0.5,0.77,0.2,0.0,1.0,3.85,4.07753744390572,0.455,0.856,150,4,24.009432170767035
U0045,P0234,0.0,0.876,0.2,0.0,1.0,4.38,6.410174881966167,0.632,0.141,150,4,22.087446470266887
U0045,P0242,0.0,0.6759999999999999,1.0,1.0,1.0,3.38,5.746203190540153,0.404,0.256,150,4,29.35220109510298
U0045,P0247,0.5,0.826,0.6,1.0,1.0,4.13,4.477336814478207,0.441,0.495,120,4,19.52888254453772
U0045,P0264,0.0,0.674,0.6,1.0,1.0,3.37,5.560681631015528,0.513,0.178,120,4,18.26596383374187
U0045,P0266,0.0,0.8779999999999999,0.6,0.0,1.0,4.39,3.5263605246161616,0.475,0.495,60,4,5.100400130713726
U0045,P0273,0.5,0.5980000000000001,1.0,1.0,1.0,2.99,4.553876891600541,0.308,0.631,30,4,29.584655380540124
U0045,P0276,0.5,0.828,0.6,1.0,1.0,4.14,5.313205979041787,0.443,0.706,60,4,28.552315307715308
U0045,P0282,0.5,0.898,0.6,1.0,1.0,4.49,5.111987788356544,0.395,0.946,30,4,19.053970269356817
U0045,P0283,0.0,0.9279999999999999,0.6,1.0,1.0,4.64,5.0106352940962555,0.615,0.616,30,4,7.122576696168284
U0045,P0285,0.0,0.6519999999999999,0.6,1.0,1.0,3.26,5.081404364984463,0.531,0.729,60,4,19.869270053644367
U0045,P0292,0.5,0.876,1.0,0.0,1.0,4.38,8.224967478914584,1.0,0.126,30,4,15.126518454127746
U0045,P0294,0.5,0.778,0.6,1.0,1.0,3.89,4.48863636973214,0.435,0.53,150,4,3.33683469470694
U0045,P0295,0.5,0.8939999999999999,0.6,1.0,1.0,4.47,4.477336814478207,0.493,0.551,60,4,17.49976412308926
U0045,P0304,0.5,0.75,0.6,1.0,1.0,3.75,4.007333185232471,0.242,0.997,150,4,7.224323688720095
U0045,P0310,0.0,0.8640000000000001,0.2,1.0,1.0,4.32,5.771441123130016,0.428,0.202,180,4,15.070988578984757
U0045,P0312,0.0,0.99,0.6,0.0,1.0,4.95,7.114769448366463,1.0,0.188,90,4,5.630930443893666
U0045,P0313,0.5,0.9640000000000001,0.6,1.0,1.0,4.82,4.890349128221754,0.312,0.213,120,4,25.29511978685155
U0045,P0316,0.0,0.6679999999999999,1.0,1.0,1.0,3.34,7.335633981927201,0.913,0.226,90,4,18.55468215434243
U0045,P0323,0.0,0.798,1.0,1.0,1.0,3.99,5.176149732573829,0.343,0.563,120,4,26.20942692725999
U0045,P0334,0.0,0.798,0.2,0.0,1.0,3.99,7.305188215393037,0.896,0.538,180,4,19.57290618206447
U0045,P0340,0.5,0.9039999999999999,0.6,1.0,1.0,4.52,7.026426808699636,0.966,0.288,90,4,20.12089799358311
U0045,P0341,0.5,0.884,1.0,1.0,1.0,4.42,4.1588830833596715,0.303,0.493,120,4,13.076112887481818
U0045,P0360,0.5,0.788,0.2,1.0,1.0,3.94,5.43372200355424,0.303,0.452,45,4,12.614985757839422
U0045,P0373,0.5,0.866,0.2,1.0,1.0,4.33,4.634728988229636,0.303,0.241,45,4,27.79773814641808
U0045,P0376,0.5,0.736,1.0,1.0,1.0,3.68,3.8918202981106265,0.447,0.804,30,4,15.629661654317722
U0045,P0377,0.5,0.732,0.6,1.0,1.0,3.66,6.7650389767805414,0.862,0.584,120,4,10.821169647757156
U0045,P0384,0.5,0.8160000000000001,1.0,1.0,1.0,4.08,7.6251071482389,1.0,0.984,180,4,16.396870825033698
U0045,P0394,0.0,0.8960000000000001,0.6,0.0,1.0,4.48,6.052089168924417,0.603,0.325,90,4,6.907624217219319
U0045,P0396,0.0,0.858,1.0,0.0,1.0,4.29,5.749392985908253,0.429,0.628,120,4,19.039864697241743
U0045,P0397,0.5,0.844,0.2,0.0,1.0,4.22,3.970291913552122,0.358,0.712,180,4,2.4449676448298083
U0045,P0407,0.0,0.95,1.0,1.0,1.0,4.75,5.736572297479192,0.433,0.269,90,4,7.694759911504903
U0045,P0408,0.0,0.9119999999999999,0.2,1.0,1.0,4.56,3.7376696182833684,0.272,0.777,30,4,4.394370045386091
U0045,P0409,0.5,0.844,0.6,1.0,1.0,4.22,6.568077911411976,0.538,0.798,180,4,26.823437927235446
U0045,P0410,0.5,0.828,0.2,1.0,1.0,4.14,6.778784897685177,0.653,0.458,45,4,23.1440554726478
U0045,P0416,0.5,0.6980000000000001,0.2,0.0,1.0,3.49,4.406719247264253,0.321,0.079,45,4,10.586168342935736
U0045,P0419,0.5,0.96,0.2,1.0,1.0,4.8,4.30406509320417,0.333,0.504,180,4,15.234450688149535
U0045,P0420,0.0,0.908,0.6,0.0,1.0,4.54,5.247024072160486,0.408,0.55,30,4,21.083307571394347
U0045,P0425,0.5,0.762,0.2,1.0,1.0,3.81,4.867534450455582,0.458,0.137,30,4,19.60217822863947
U0045,P0432,0.0,0.96,0.2,1.0,1.0,4.8,7.655390644826152,1.0,0.287,90,4,14.366824683211203
U0045,P0433,0.5,0.764,0.6,1.0,1.0,3.82,5.0369526024136295,0.408,0.412,120,4,31.662940370169316
U0045,P0437,0.0,0.696,0.6,1.0,1.0,3.48,4.624972813284271,0.277,0.414,90,4,28.162955069363726
U0045,P0439,0.0,0.774,0.6,0.0,1.0,3.87,5.771441123130016,0.536,0.296,45,4,25.041375903768245
U0045,P0444,0.0,0.8720000000000001,0.6,1.0,1.0,4.36,5.0689042022202315,0.521,0.15,45,4,18.69636873717481
U0045,P0449,0.5,0.8039999999999999,0.2,1.0,1.0,4.02,5.676753802268282,0.524,0.118,60,4,13.095743333940668
U0045,P0450,0.5,0.9279999999999999,0.6,0.0,1.0,4.64,4.5217885770490405,0.475,0.236,90,4,25.941648892713673
U0045,P0456,0.0,0.792,0.2,1.0,1.0,3.96,5.765191102784844,0.424,0.574,45,4,20.67626917997544
U0045,P0459,0.5,0.874,0.2,1.0,1.0,4.37,5.726847747587197,0.418,0.715,150,4,28.782341371399568
U0045,P0471,0.5,0.704,1.0,1.0,1.0,3.52,6.548219102762372,0.617,0.1,60,4,19.590706446413733
U0045,P0473,0.5,0.986,0.2,1.0,1.0,4.93,4.219507705176107,0.291,0.569,150,4,15.536678708226262
U0045,P0475,0.5,0.8160000000000001,0.2,1.0,1.0,4.08,5.793013608384144,0.409,0.225,180,4,17.307987489369015
U0045,P0482,0.0,0.8380000000000001,1.0,1.0,1.0,4.19,6.35088571671474,0.687,0.845,30,4,6.75473521677139
U0045,P0483,0.5,0.8119999999999999,0.6,1.0,1.0,4.06,7.228388451573604,0.882,0.367,30,4,17.222480146735922
U0045,P0485,0.0,0.8160000000000001,1.0,1.0,1.0,4.08,3.784189633918261,0.274,0.507,60,4,23.213198641071806
U0045,P0486,0.5,0.8320000000000001,0.2,1.0,1.0,4.16,4.6913478822291435,0.46,0.858,90,4,12.67506559535936
U0045,P0487,0.0,0.8960000000000001,0.6,1.0,1.0,4.48,4.718498871295094,0.566,0.161,120,4,7.75253640154166
U0045,P0492,0.5,0.732,0.2,1.0,1.0,3.66,5.44673737166631,0.397,0.349,60,4,24.271253796618243
U0045,P0493,0.0,0.82,0.6,1.0,1.0,4.1,4.110873864173311,0.399,0.645,180,4,16.359198361933366
U0045,P0494,0.0,0.9560000000000001,0.2,1.0,1.0,4.78,6.553933404025811,0.866,0.195,180,4,17.099811254469294
U0046,P0001,0.3333333333333333,0.33299999999999996,0.0,1.0,1.0,4.32,5.337538079701318,0.32,0.667,30,4,10.612955855198717
U0046,P0010,0.3333333333333333,0.5589999999999999,0.6,1.0,1.0,3.69,3.8066624897703196,0.479,0.441,180,4,14.292965110949519
U0046,P0011,0.3333333333333333,0.132,0.0,1.0,1.0,4.76,5.231108616854587,0.371,0.868,45,4,3.27324558324562
U0046,P0012,0.3333333333333333,0.20499999999999996,0.0,1.0,1.0,4.13,3.8066624897703196,0.301,0.795,90,4,13.78278141708796
U0046,P0017,0.3333333333333333,0.43200000000000005,0.0,0.0,1.0,4.09,4.23410650459726,0.428,0.568,90,4,15.033931246653962
U0046,P0019,0.3333333333333333,0.17000000000000004,0.0,1.0,1.0,4.19,3.1780538303479458,0.525,0.83,180,4,4.036901051260779
U0046,P0020,0.0,0.383,0.2,1.0,1.0,3.5,5.736572297479192,0.643,0.617,30,4,15.80375252892895
U0046,P0036,0.3333333333333333,0.808,0.0,1.0,1.0,4.26,7.346010209913293,0.95,0.192,30,4,6.952410604319473
U0046,P0037,0.0,0.856,0.0,0.0,1.0,4.08,7.3777589082278725,1.0,0.144,120,4,5.159658393241357
U0046,P0046,0.3333333333333333,0.29200000000000004,1.0,1.0,1.0,4.14,6.663132695990803,0.812,0.708,90,4,13.922513026198107
U0046,P0050,0.0,0.21299999999999997,1.0,0.0,1.0,4.1,5.220355825078324,0.486,0.787,150,4,7.834764921268949
U0046,P0053,0.3333333333333333,0.37,0.2,1.0,1.0,4.03,5.986452005284438,0.418,0.63,45,4,10.257276944442822
U0046,P0058,0.3333333333333333,0.515,0.0,1.0,1.0,4.01,5.863631175598097,0.535,0.485,120,4,11.55410888780013
U0046,P0064,0.3333333333333333,0.845,0.0,1.0,1.0,3.65,4.8283137373023015,0.408,0.155,90,4,3.99858263305943
U0046,P0077,0.3333333333333333,0.9319999999999999,0.2,0.0,1.0,3.79,5.780743515792329,0.656,0.068,90,4,9.19155986568433
U0046,P0080,0.3333333333333333,0.27,0.2,1.0,1.0,3.56,6.289715570908998,0.705,0.73,45,4,8.310901010974845
U0046,P0086,0.3333333333333333,0.344,0.2,0.0,1.0,3.7,4.5217885770490405,0.474,0.656,120,4,15.16170267819579
U0046,P0087,0.0,0.831,1.0,1.0,1.0,4.07,5.910796644040527,0.392,0.169,90,4,11.932367319843099
U0046,P0104,0.3333333333333333,0.5549999999999999,0.2,1.0,1.0,4.33,6.118097198041348,0.635,0.445,45,4,15.567932890686636
U0046,P0110,0.3333333333333333,0.663,0.2,1.0,1.0,3.88,5.598421958998375,0.397,0.337,150,4,10.663219415995982
U0046,P0119,0.3333333333333333,0.07699999999999996,0.0,0.0,1.0,3.19,5.726847747587197,0.593,0.923,150,4,9.04901201789283
U0046,P0129,0.3333333333333333,0.07499999999999996,0.0,1.0,1.0,4.67,4.653960350157523,0.551,0.925,120,4,15.368709061148563
U0046,P0137,0.0,0.643,0.6,1.0,1.0,4.62,5.5134287461649825,0.627,0.357,180,4,7.756326393263876
U0046,P0140,0.3333333333333333,0.355,0.2,1.0,1.0,4.13,5.043425116919247,0.467,0.645,45,4,13.669453699743027
U0046,P0141,0.3333333333333333,0.33399999999999996,0.2,1.0,1.0,4.15,6.295266001439646,0.507,0.666,60,4,16.95830831229669
U0046,P0143,0.0,0.942,0.2,1.0,1.0,5.0,3.1780538303479458,0.308,0.058,180,4,18.382203924486433
U0046,P0156,0.3333333333333333,0.785,1.0,0.0,1.0,4.0,6.818924065275521,0.86,0.215,60,4,2.556192230715105
U0046,P0158,0.3333333333333333,0.479,1.0,1.0,1.0,4.69,5.5254529391317835,0.362,0.521,90,4,14.382405950148486
U0046,P0166,0.3333333333333333,0.43100000000000005,1.0,1.0,1.0,4.09,4.430816798843313,0.377,0.569,150,4,10.90114464565182
U0046,P0169,0.3333333333333333,0.02200000000000002,1.0,1.0,1.0,3.73,5.117993812416755,0.411,0.978,60,4,13.144763080904678
U0046,P0172,0.3333333333333333,0.7050000000000001,1.0,0.0,1.0,4.21,4.897839799950911,0.419,0.295,150,4,5.426433971044772
U0046,P0184,0.3333333333333333,0.44299999999999995,1.0,1.0,1.0,4.2,5.517452896464707,0.367,0.557,90,4,14.80109948257143
U0046,P0187,0.3333333333333333,0.8049999999999999,1.0,1.0,1.0,4.75,6.651571873589727,0.602,0.195,30,4,11.393965095460977
U0046,P0193,0.0,0.898,0.2,0.0,1.0,3.76,5.683579767338681,0.552,0.102,150,4,10.497313392438656
U0046,P0196,0.3333333333333333,0.764,1.0,1.0,1.0,3.7,6.091309882077698,0.697,0.236,90,4,16.02295786070745
U0046,P0206,0.3333333333333333,0.28200000000000003,1.0,1.0,1.0,4.42,4.1588830833596715,0.469,0.718,45,4,9.314808970126641
U0046,P0212,0.3333333333333333,0.33699999999999997,0.2,1.0,1.0,3.99,6.666956792429207,0.86,0.663,90,4,10.195712067033407
U0046,P0238,0.3333333333333333,0.133,0.2,1.0,1.0,4.84,5.204006687076795,0.479,0.867,45,4,20.294826442434378
U0046,P0248,0.3333333333333333,0.43799999999999994,0.6,1.0,1.0,4.79,6.148468295917647,0.759,0.562,120,4,9.312896676366348
U0046,P0251,0.3333333333333333,0.050000000000000044,1.0,1.0,1.0,4.52,7.791522819150732,1.0,0.95,45,4,12.654409356942603
U0046,P0252,0.3333333333333333,0.651,0.0,1.0,1.0,3.47,6.175867270105761,0.566,0.349,150,4,4.066644967367488
U0046,P0254,0.3333333333333333,0.17900000000000005,1.0,1.0,1.0,3.83,4.465908118654584,0.391,0.821,45,4,11.219860228934397
U0046,P0260,0.3333333333333333,0.28600000000000003,0.6,1.0,1.0,4.14,6.401917196727186,0.669,0.714,180,4,10.363564235916115
U0046,P0263,0.3333333333333333,0.121,0.6,1.0,1.0,3.76,3.367295829986474,0.32,0.879,90,4,12.848620521837393
U0046,P0272,0.3333333333333333,0.53,0.0,1.0,1.0,4.34,7.2305631534092925,1.0,0.47,30,4,19.355926155718304
U0046,P0275,0.3333333333333333,0.11099999999999999,0.2,0.0,1.0,4.27,4.77912349311153,0.591,0.889,120,4,7.808446079879914
U0046,P0280,0.0,0.05900000000000005,0.0,0.0,1.0,4.28,4.997212273764115,0.537,0.941,120,4,7.450537229938669
U0046,P0281,0.3333333333333333,0.22899999999999998,1.0,1.0,1.0,4.23,7.990576881743923,1.0,0.771,30,4,6.0673918009003645
U0046,P0291,0.3333333333333333,0.522,0.0,1.0,1.0,4.25,5.003946305945459,0.58,0.478,180,4,5.318856606145298
U0046,P0296,0.3333333333333333,0.791,0.6,1.0,1.0,4.13,4.927253685157205,0.342,0.209,150,4,11.266445794611313
U0046,P0302,0.3333333333333333,0.5660000000000001,0.6,1.0,1.0,4.49,7.126890808898808,1.0,0.434,90,4,16.417797654861072
U0046,P0303,0.3333333333333333,0.513,0.0,1.0,1.0,4.29,7.752335163302292,1.0,0.487,150,4,14.620522795518315
U0046,P0307,0.3333333333333333,0.8160000000000001,0.6,1.0,1.0,4.23,4.1588830833596715,0.352,0.184,180,4,14.480601863697354
U0046,P0317,0.3333333333333333,0.898,0.2,1.0,1.0,4.03,4.990432586778736,0.512,0.102,120,4,4.506267680742939
U0046,P0318,0.3333333333333333,0.399,0.6,0.0,1.0,3.64,3.5263605246161616,0.245,0.601,60,4,6.864816923851545
U0046,P0320,0.0,0.928,1.0,0.0,1.0,3.52,3.9512437185814275,0.257,0.072,30,4,14.310950177366385
U0046,P0324,0.3333333333333333,0.31599999999999995,0.2,0.0,1.0,2.89,5.438079308923196,0.474,0.684,60,4,12.250495902686215
U0046,P0326,0.3333333333333333,0.938,1.0,1.0,1.0,4.93,6.852242569051878,0.99,0.062,60,4,15.264258995716755
U0046,P0328,0.3333333333333333,0.15700000000000003,0.6,0.0,1.0,5.0,5.572154032177765,0.438,0.843,180,4,17.884257199485496
U0046,P0330,0.3333333333333333,0.795,1.0,1.0,1.0,4.19,5.327876168789581,0.598,0.205,45,4,13.760898493646925
U0046,P0332,0.3333333333333333,0.04500000000000004,0.6,1.0,1.0,4.09,4.852030263919617,0.297,0.955,45,4,16.690409172519864
U0046,P0335,0.3333333333333333,0.05500000000000005,0.6,0.0,1.0,2.91,6.810142450115136,0.759,0.945,45,4,17.04766289347334
U0046,P0338,0.3333333333333333,0.05800000000000005,0.0,0.0,1.0,3.47,4.574710978503383,0.318,0.942,180,4,13.335184814957787
U0046,P0339,0.3333333333333333,0.14800000000000002,0.0,1.0,1.0,3.6,7.602900462204755,1.0,0.852,30,4,9.309219191973677
U0046,P0345,0.3333333333333333,0.644,0.0,1.0,1.0,4.42,6.035481432524756,0.502,0.356,150,4,9.508291559601076
U0046,P0346,0.0,0.405,0.0,1.0,1.0,3.94,6.891625897052253,0.71,0.595,150,4,13.083771910704824
U0046,P0351,0.3333333333333333,0.45399999999999996,0.0,0.0,1.0,3.86,6.759255270663693,0.911,0.546,150,4,14.448313832316002
U0046,P0358,0.3333333333333333,0.44999999999999996,0.0,1.0,1.0,4.08,6.824373670043086,0.828,0.55,45,4,16.442248384352244
U0046,P0359,0.0,0.77,0.0,1.0,1.0,4.15,5.683579767338681,0.385,0.23,180,4,17.615268152508058
U0046,P0361,0.3333333333333333,0.10199999999999998,1.0,1.0,1.0,4.24,3.4657359027997265,0.315,0.898,120,4,20.787345301374344
U0046,P0367,0.3333333333333333,0.484,0.6,1.0,1.0,4.28,3.4657359027997265,0.364,0.516,90,4,19.470904753215642
U0046,P0369,0.3333333333333333,0.15100000000000002,0.0,0.0,1.0,4.22,6.679599185844383,0.722,0.849,180,4,8.746965815390839
U0046,P0371,0.3333333333333333,0.839,0.6,1.0,1.0,3.27,3.970291913552122,0.261,0.161,30,4,13.6207374359594
U0046,P0374,0.3333333333333333,0.65,1.0,1.0,1.0,4.18,4.59511985013459,0.424,0.35,90,4,18.75385867838781
U0046,P0380,0.0,0.819,0.0,0.0,1.0,3.71,6.342121418721152,0.567,0.181,150,4,10.0525780849859
U0046,P0388,0.3333333333333333,0.41300000000000003,0.0,1.0,1.0,4.38,3.6375861597263857,0.236,0.587,120,4,4.244908870396994
U0046,P0390,0.3333333333333333,0.9319999999999999,0.6,1.0,1.0,4.07,6.246106765481563,0.77,0.068,120,4,12.251263198813477
U0046,P0391,0.3333333333333333,0.587,1.0,1.0,1.0,4.18,3.912023005428146,0.403,0.413,30,4,14.39142009255526
U0046,P0392,0.3333333333333333,0.646,0.0,1.0,1.0,4.27,6.234410725718371,0.68,0.354,30,4,12.673106662459189
U0046,P0395,0.3333333333333333,0.261,0.2,0.0,1.0,4.07,3.5263605246161616,0.234,0.739,150,4,13.010005813640074
U0046,P0399,0.0,0.45299999999999996,1.0,1.0,1.0,4.08,6.318968113746434,0.659,0.547,150,4,13.431643420243192
U0046,P0400,0.3333333333333333,0.737,0.2,0.0,1.0,4.11,5.537334267018537,0.362,0.263,120,4,16.337994458660365
U0046,P0403,0.3333333333333333,0.14300000000000002,1.0,1.0,1.0,3.9,5.1298987149230735,0.376,0.857,150,4,10.43772755858707
U0046,P0405,0.3333333333333333,0.654,0.2,1.0,1.0,4.67,4.430816798843313,0.395,0.346,90,4,4.39487548161981
U0046,P0424,0.0,0.804,1.0,1.0,1.0,4.23,8.446556111816797,1.0,0.196,30,4,17.753368659243264
U0046,P0426,0.3333333333333333,0.062000000000000055,0.6,1.0,1.0,3.82,4.836281906951478,0.263,0.938,120,4,3.6877409745009113
U0046,P0427,0.0,0.599,0.2,1.0,1.0,3.81,6.927557906278317,0.653,0.401,45,4,13.643060517585498
U0046,P0438,0.3333333333333333,0.554,0.2,1.0,1.0,4.09,7.653494909661253,1.0,0.446,45,4,2.354408534638645
U0046,P0441,0.0,0.5900000000000001,0.0,1.0,1.0,5.0,4.867534450455582,0.426,0.41,150,4,9.62865991154204
U0046,P0447,0.0,0.475,1.0,0.0,1.0,4.58,6.903747257584598,0.815,0.525,120,4,6.188265404116301
U0046,P0452,0.3333333333333333,0.839,0.0,1.0,1.0,4.11,7.034387929915503,1.0,0.161,150,4,7.192685889121522
U0046,P0455,0.3333333333333333,0.20599999999999996,0.0,1.0,1.0,4.39,8.096208271650037,1.0,0.794,150,4,14.177134469744885
U0046,P0462,0.0,0.44399999999999995,0.0,1.0,1.0,4.16,4.663439094112067,0.492,0.556,150,4,12.755270078077203
U0046,P0463,0.0,0.04500000000000004,0.6,1.0,1.0,4.64,3.6888794541139363,0.486,0.955,180,4,9.866657434630552
U0046,P0484,0.3333333333333333,0.698,0.2,1.0,1.0,3.8,7.661527081358517,1.0,0.302,60,4,6.680066794012511
U0046,P0488,0.3333333333333333,0.22299999999999998,0.6,1.0,1.0,3.9,3.258096538021482,0.334,0.777,30,4,14.913874313997074
U0046,P0495,0.3333333333333333,0.78,0.0,1.0,1.0,4.0,5.53338948872752,0.423,0.22,60,4,15.918634043504694
U0046,P0497,0.3333333333333333,0.581,1.0,1.0,1.0,3.99,4.68213122712422,0.302,0.419,30,4,16.82686421624888
U0046,P0499,0.3333333333333333,0.5,0.2,1.0,1.0,4.91,6.269096283706261,0.682,0.5,120,4,15.108752530283178
U0046,P0500,0.3333333333333333,0.16100000000000003,0.0,1.0,1.0,3.84,6.18826412308259,0.439,0.839,180,4,10.33631177489711
U0047,P0002,0.3333333333333333,0.376,0.6,1.0,1.0,4.39,7.3277805384216315,0.958,0.624,180,7,32.53954759552187
U0047,P0006,0.3333333333333333,0.027000000000000024,1.0,1.0,1.0,3.89,4.941642422609304,0.534,0.973,90,7,13.311369085478573
U0047,P0009,0.0,0.883,0.6,1.0,1.0,3.64,5.877735781779639,0.429,0.117,30,7,16.25409702949571
U0047,P0023,0.3333333333333333,0.881,1.0,1.0,1.0,3.43,4.6443908991413725,0.5,0.119,45,7,23.585761397585575
U0047,P0030,0.3333333333333333,0.28800000000000003,0.2,1.0,1.0,4.25,6.670766320845874,0.706,0.712,150,7,36.73599469283384
U0047,P0033,0.3333333333333333,0.484,0.6,1.0,1.0,4.47,7.1276936993473985,0.868,0.516,90,7,20.449136748009867
U0047,P0035,0.0,0.42400000000000004,1.0,1.0,1.0,4.26,4.727387818712341,0.39,0.576,60,7,10.63556771425227
U0047,P0045,0.3333333333333333,0.5880000000000001,1.0,1.0,1.0,3.86,6.118097198041348,0.597,0.412,45,7,12.15394265017815
U0047,P0048,0.0,0.30100000000000005,1.0,1.0,1.0,3.92,3.7612001156935624,0.3,0.699,90,7,14.322080697355569
U0047,P0049,0.3333333333333333,0.663,0.6,1.0,1.0,4.23,5.814130531825066,0.516,0.337,60,7,18.10362353019896
U0047,P0051,0.0,0.5549999999999999,0.6,1.0,1.0,3.46,4.997212273764115,0.515,0.445,30,7,26.51485135242977
U0047,P0057,0.3333333333333333,0.642,1.0,1.0,1.0,4.13,8.455955881945048,1.0,0.358,180,7,29.032153781582068
U0047,P0062,0.3333333333333333,0.779,0.2,1.0,1.0,4.73,3.828641396489095,0.553,0.221,180,7,30.548024770816166
U0047,P0071,0.3333333333333333,0.30600000000000005,0.2,1.0,1.0,4.2,7.069023426578259,1.0,0.694,150,7,19.381308076630926
U0047,P0079,0.0,0.595,0.6,1.0,1.0,4.94,6.07073772800249,0.775,0.405,120,7,3.164732745711385
U0047,P0090,0.0,0.374,0.2,1.0,1.0,3.98,8.764209507142004,1.0,0.626,30,7,18.716742674805694
U0047,P0094,0.3333333333333333,0.817,0.6,1.0,1.0,4.31,5.41610040220442,0.332,0.183,45,7,24.47360456631727
U0047,P0095,0.0,0.29600000000000004,0.6,1.0,1.0,3.72,3.6888794541139363,0.332,0.704,150,7,20.931154399005248
U0047,P0097,0.0,0.6659999999999999,0.6,1.0,1.0,4.2,4.007333185232471,0.425,0.334,150,7,36.43859117914293
U0047,P0098,0.3333333333333333,0.07199999999999995,0.2,1.0,1.0,4.18,5.963579343618446,0.67,0.928,180,7,17.12403973765433
U0047,P0099,0.0,0.501,1.0,1.0,1.0,3.7,5.68697535633982,0.402,0.499,150,7,35.43874382302604
U0047,P0112,0.0,0.523,0.2,1.0,1.0,4.41,3.58351893845611,0.431,0.477,45,7,32.357210481260694
U0047,P0117,0.0,0.6779999999999999,0.2,1.0,1.0,4.12,4.718498871295094,0.261,0.322,120,7,28.999989248198048
U0047,P0118,0.3333333333333333,0.16300000000000003,0.6,1.0,1.0,5.0,6.261491684321042,0.616,0.837,90,7,18.929092146983706
U0047,P0130,0.3333333333333333,0.14300000000000002,0.2,1.0,1.0,4.3,6.429719478039138,0.746,0.857,90,7,17.6052663136706
U0047,P0131,0.3333333333333333,0.542,1.0,1.0,1.0,3.68,5.429345628954441,0.51,0.458,90,7,10.404780965297526
U0047,P0132,0.0,0.577,0.2,1.0,1.0,2.64,4.276666119016055,0.204,0.423,150,7,24.631887233903303
U0047,P0149,0.3333333333333333,0.41100000000000003,0.6,1.0,1.0,4.5,5.869296913133774,0.567,0.589,60,7,31.710576691659302
U0047,P0153,0.3333333333333333,0.6839999999999999,1.0,1.0,1.0,4.09,5.641907070938114,0.516,0.316,45,7,37.60543422971822
U0047,P0159,0.3333333333333333,0.33899999999999997,0.6,1.0,1.0,4.41,5.1298987149230735,0.471,0.661,120,7,33.21006839286794
U0047,P0163,0.3333333333333333,0.8,0.6,1.0,1.0,3.65,4.04305126783455,0.544,0.2,60,7,6.793126067445646
U0047,P0171,0.3333333333333333,0.09199999999999997,0.2,1.0,1.0,3.73,5.793013608384144,0.62,0.908,90,7,27.741792930826467
U0047,P0178,0.0,0.031000000000000028,1.0,1.0,1.0,4.09,4.30406509320417,0.464,0.969,120,7,7.972874533397798
U0047,P0182,0.3333333333333333,0.10499999999999998,0.2,1.0,1.0,4.05,5.983936280687191,0.679,0.895,90,7,26.72071322436703
U0047,P0192,0.3333333333333333,0.906,0.6,1.0,1.0,3.14,4.875197323201151,0.429,0.094,180,7,18.603796429470187
U0047,P0197,0.3333333333333333,0.5389999999999999,0.2,1.0,1.0,3.51,7.698029170272805,1.0,0.461,120,7,27.688629514387948
U0047,P0203,0.3333333333333333,0.278,0.6,1.0,1.0,3.9,6.248042874508429,0.636,0.722,180,7,3.142261108913805
U0047,P0204,0.3333333333333333,0.0030000000000000027,1.0,1.0,1.0,3.62,5.332718793265369,0.506,0.997,60,7,14.49284100124204
U0047,P0207,0.3333333333333333,0.649,0.6,1.0,1.0,3.41,7.033506484287697,0.876,0.351,120,7,28.81224202329154
U0047,P0213,0.0,0.8089999999999999,1.0,1.0,1.0,4.39,7.142827401161621,1.0,0.191,120,7,27.266379722302446
U0047,P0218,0.3333333333333333,0.258,0.6,1.0,1.0,4.78,5.5909869805108565,0.417,0.742,45,7,13.516150595481506
U0047,P0219,0.3333333333333333,0.8240000000000001,0.6,1.0,1.0,4.83,3.8501476017100584,0.321,0.176,150,7,32.447624375208306
U0047,P0221,0.3333333333333333,0.945,0.2,1.0,1.0,4.27,5.4638318050256105,0.587,0.055,180,7,18.37521369286482
U0047,P0230,0.0,0.14400000000000002,0.6,1.0,1.0,3.85,4.07753744390572,0.455,0.856,150,7,16.9897785494782
U0047,P0234,0.3333333333333333,0.859,0.6,1.0,1.0,4.38,6.410174881966167,0.632,0.141,150,7,5.531443547902556
U0047,P0242,0.3333333333333333,0.744,0.6,1.0,1.0,3.38,5.746203190540153,0.404,0.256,150,7,20.97343929472181
U0047,P0247,0.3333333333333333,0.505,0.2,1.0,1.0,4.13,4.477336814478207,0.441,0.495,120,7,15.2222872258839
U0047,P0264,0.3333333333333333,0.8220000000000001,1.0,1.0,1.0,3.37,5.560681631015528,0.513,0.178,120,7,39.814462435584666
U0047,P0266,0.3333333333333333,0.505,1.0,1.0,1.0,4.39,3.5263605246161616,0.475,0.495,60,7,28.194520517697388
U0047,P0273,0.0,0.369,0.6,1.0,1.0,2.99,4.553876891600541,0.308,0.631,30,7,9.566433878717156
U0047,P0276,0.3333333333333333,0.29400000000000004,0.2,1.0,1.0,4.14,5.313205979041787,0.443,0.706,60,7,8.172335178419763
U0047,P0282,0.0,0.05400000000000005,1.0,1.0,1.0,4.49,5.111987788356544,0.395,0.946,30,7,8.884957623279304
U0047,P0283,0.3333333333333333,0.384,0.2,1.0,1.0,4.64,5.0106352940962555,0.615,0.616,30,7,21.51712567203899
U0047,P0285,0.3333333333333333,0.271,0.2,1.0,1.0,3.26,5.081404364984463,0.531,0.729,60,7,20.54458507966762
U0047,P0292,0.0,0.874,0.6,1.0,1.0,4.38,8.224967478914584,1.0,0.126,30,7,25.70735065757009
U0047,P0294,0.3333333333333333,0.47,1.0,1.0,1.0,3.89,4.48863636973214,0.435,0.53,150,7,26.424413540361478
U0047,P0295,0.0,0.44899999999999995,1.0,1.0,1.0,4.47,4.477336814478207,0.493,0.551,60,7,34.10846983416101
U0047,P0304,0.3333333333333333,0.0030000000000000027,0.2,1.0,1.0,3.75,4.007333185232471,0.242,0.997,150,7,23.557085139382284
U0047,P0310,0.3333333333333333,0.798,0.6,1.0,1.0,4.32,5.771441123130016,0.428,0.202,180,7,27.32123637608087
U0047,P0312,0.3333333333333333,0.812,0.2,1.0,1.0,4.95,7.114769448366463,1.0,0.188,90,7,27.977619765973184
U0047,P0313,0.0,0.787,1.0,1.0,1.0,4.82,4.890349128221754,0.312,0.213,120,7,11.831795485046758
U0047,P0316,0.3333333333333333,0.774,0.6,1.0,1.0,3.34,7.335633981927201,0.913,0.226,90,7,12.620317101312557
U0047,P0323,0.3333333333333333,0.43700000000000006,0.6,1.0,1.0,3.99,5.176149732573829,0.343,0.563,120,7,11.347130279679543
U0047,P0334,0.3333333333333333,0.46199999999999997,0.6,1.0,1.0,3.99,7.305188215393037,0.896,0.538,180,7,11.940006121142645
U0047,P0340,0.0,0.712,0.2,1.0,1.0,4.52,7.026426808699636,0.966,0.288,90,7,14.011265198279443
U0047,P0341,0.3333333333333333,0.507,0.6,1.0,1.0,4.42,4.1588830833596715,0.303,0.493,120,7,30.479755011403906
U0047,P0360,0.3333333333333333,0.548,0.6,1.0,1.0,3.94,5.43372200355424,0.303,0.452,45,7,36.04967959507645
U0047,P0373,0.0,0.759,0.6,1.0,1.0,4.33,4.634728988229636,0.303,0.241,45,7,13.358279839165212
U0047,P0376,0.0,0.19599999999999995,0.6,1.0,1.0,3.68,3.8918202981106265,0.447,0.804,30,7,38.20618310465123
U0047,P0377,0.0,0.41600000000000004,1.0,1.0,1.0,3.66,6.7650389767805414,0.862,0.584,120,7,36.43402321335057
U0047,P0384,0.0,0.016000000000000014,0.6,1.0,1.0,4.08,7.6251071482389,1.0,0.984,180,7,37.537135540480136
U0047,P0394,0.3333333333333333,0.675,1.0,1.0,1.0,4.48,6.052089168924417,0.603,0.325,90,7,19.66623009484465
U0047,P0396,0.3333333333333333,0.372,0.6,1.0,1.0,4.29,5.749392985908253,0.429,0.628,120,7,30.605625002557552
U0047,P0397,0.0,0.28800000000000003,0.6,1.0,1.0,4.22,3.970291913552122,0.358,0.712,180,7,27.59517158791044
U0047,P0407,0.3333333333333333,0.731,0.6,1.0,1.0,4.75,5.736572297479192,0.433,0.269,90,7,21.031029573275493
U0047,P0408,0.3333333333333333,0.22299999999999998,0.6,1.0,1.0,4.56,3.7376696182833684,0.272,0.777,30,7,28.941394257236723
U0047,P0409,0.0,0.20199999999999996,1.0,1.0,1.0,4.22,6.568077911411976,0.538,0.798,180,7,18.10031820845333
U0047,P0410,0.0,0.542,0.6,1.0,1.0,4.14,6.778784897685177,0.653,0.458,45,7,16.300353944760296
U0047,P0416,0.0,0.921,0.6,1.0,1.0,3.49,4.406719247264253,0.321,0.079,45,7,16.453854639284938
U0047,P0419,0.0,0.496,0.6,1.0,1.0,4.8,4.30406509320417,0.333,0.504,180,7,26.289314048596104
U0047,P0420,0.3333333333333333,0.44999999999999996,0.2,1.0,1.0,4.54,5.247024072160486,0.408,0.55,30,7,17.87049686014441
U0047,P0425,0.3333333333333333,0.863,0.6,1.0,1.0,3.81,4.867534450455582,0.458,0.137,30,7,19.788383664881618
U0047,P0432,0.3333333333333333,0.7130000000000001,0.6,1.0,1.0,4.8,7.655390644826152,1.0,0.287,90,7,25.804082844008466
U0047,P0433,0.0,0.5880000000000001,0.2,1.0,1.0,3.82,5.0369526024136295,0.408,0.412,120,7,20.80752936544154
U0047,P0437,0.3333333333333333,0.5860000000000001,0.2,1.0,1.0,3.48,4.624972813284271,0.277,0.414,90,7,11.785408426484008
U0047,P0439,0.3333333333333333,0.704,0.2,1.0,1.0,3.87,5.771441123130016,0.536,0.296,45,7,11.126211303573994
U0047,P0444,0.3333333333333333,0.85,0.2,1.0,1.0,4.36,5.0689042022202315,0.521,0.15,45,7,13.439706869821379
U0047,P0449,0.0,0.882,0.6,1.0,1.0,4.02,5.676753802268282,0.524,0.118,60,7,36.07051861703543
U0047,P0450,0.0,0.764,1.0,1.0,1.0,4.64,4.5217885770490405,0.475,0.236,90,7,12.950584623810398
U0047,P0456,0.3333333333333333,0.42600000000000005,0.6,1.0,1.0,3.96,5.765191102784844,0.424,0.574,45,7,27.773046525675177
U0047,P0459,0.0,0.28500000000000003,0.6,1.0,1.0,4.37,5.726847747587197,0.418,0.715,150,7,2.394350593414121
U0047,P0471,0.0,0.9,0.6,1.0,1.0,3.52,6.548219102762372,0.617,0.1,60,7,18.99173296069278
U0047,P0473,0.0,0.43100000000000005,0.6,1.0,1.0,4.93,4.219507705176107,0.291,0.569,150,7,23.423668679630545
U0047,P0475,0.0,0.775,0.6,1.0,1.0,4.08,5.793013608384144,0.409,0.225,180,7,36.968799841182665
U0047,P0482,0.3333333333333333,0.15500000000000003,0.6,1.0,1.0,4.19,6.35088571671474,0.687,0.845,30,7,29.468313158947563
U0047,P0483,0.3333333333333333,0.633,0.2,1.0,1.0,4.06,7.228388451573604,0.882,0.367,30,7,17.06417132266722
U0047,P0485,0.3333333333333333,0.493,0.6,1.0,1.0,4.08,3.784189633918261,0.274,0.507,60,7,3.5559071895021357
U0047,P0486,0.0,0.14200000000000002,0.6,1.0,1.0,4.16,4.6913478822291435,0.46,0.858,90,7,14.181655204266479
U0047,P0487,0.3333333333333333,0.839,1.0,1.0,1.0,4.48,4.718498871295094,0.566,0.161,120,7,33.01376187293335
U0047,P0492,0.0,0.651,0.6,1.0,1.0,3.66,5.44673737166631,0.397,0.349,60,7,13.709057783442354
U0047,P0493,0.3333333333333333,0.355,0.2,1.0,1.0,4.1,4.110873864173311,0.399,0.645,180,7,18.14407688142813
U0047,P0494,0.3333333333333333,0.8049999999999999,0.6,1.0,1.0,4.78,6.553933404025811,0.866,0.195,180,7,18.053647726167515
U0048,P0003,0.0,0.0,0.2,1.0,1.0,3.99,5.220355825078324,0.514,0.481,180,4,17.26742990800479
U0048,P0007,0.0,1.0,0.6,1.0,1.0,4.21,3.2188758248682006,0.399,0.203,30,4,22.788489117682985
U0048,P0008,0.6666666666666666,1.0,0.2,1.0,1.0,3.32,4.8283137373023015,0.252,0.572,90,4,46.68247796565449
U0048,P0014,0.0,0.0,0.6,1.0,1.0,3.58,5.953243334287785,0.582,0.426,120,4,45.69561143079111
U0048,P0016,0.0,0.0,0.6,0.0,1.0,3.83,7.723120092266331,1.0,0.53,120,4,19.65733604359345
U0048,P0026,0.0,0.0,0.6,1.0,1.0,4.25,5.043425116919247,0.424,0.781,120,4,19.949980563468145
U0048,P0031,0.0,0.0,0.6,1.0,1.0,3.88,5.278114659230517,0.57,0.464,30,4,32.40848912950311
U0048,P0032,0.6666666666666666,1.0,1.0,1.0,1.0,3.6,4.07753744390572,0.515,0.858,45,4,35.45334573863806
U0048,P0039,0.3333333333333333,1.0,0.2,1.0,1.0,4.14,5.14166355650266,0.304,0.168,180,4,13.88727718918756
U0048,P0047,0.0,0.0,0.6,0.0,1.0,3.78,5.111987788356544,0.484,0.719,60,4,43.808909796728344
U0048,P0052,0.6666666666666666,0.0,0.2,0.0,1.0,3.95,4.543294782270004,0.403,0.969,30,4,19.379058320821386
U0048,P0060,0.3333333333333333,0.0,0.2,1.0,1.0,4.61,6.403574197934815,0.611,0.137,60,4,11.124727199304688
U0048,P0065,0.0,1.0,1.0,1.0,1.0,4.14,4.897839799950911,0.598,0.459,180,4,48.090305811788156
U0048,P0066,0.3333333333333333,1.0,0.6,1.0,1.0,3.4,5.583496308781699,0.612,0.325,180,4,43.05691255131879
U0048,P0068,0.3333333333333333,0.0,1.0,1.0,1.0,3.69,7.360103972989152,0.96,0.491,120,4,46.514614378659076
U0048,P0069,0.6666666666666666,1.0,1.0,1.0,1.0,3.75,5.117993812416755,0.44,0.662,60,4,8.237659326058838
U0048,P0072,0.0,0.0,0.6,0.0,1.0,3.38,5.723585101952381,0.515,0.687,30,4,33.641441697544714
U0048,P0076,0.0,1.0,0.6,1.0,1.0,4.21,5.916202062607435,0.663,0.995,60,4,12.439139092494447
U0048,P0078,0.0,0.0,0.6,1.0,1.0,4.23,4.6443908991413725,0.481,0.066,120,4,17.384789741624843
U0048,P0093,0.0,1.0,0.6,1.0,1.0,4.0,6.3578422665081,0.477,0.776,120,4,42.83276896170403
U0048,P0100,0.0,1.0,1.0,1.0,1.0,4.13,4.143134726391533,0.347,0.858,150,4,43.654760705447394
U0048,P0105,0.3333333333333333,0.0,1.0,1.0,1.0,4.33,10.12330558042176,1.0,0.56,120,4,30.482678335027504
U0048,P0106,0.6666666666666666,1.0,0.2,1.0,1.0,4.36,6.862757913051401,0.806,0.343,120,4,36.11786442071774
U0048,P0109,0.0,1.0,0.2,1.0,1.0,3.75,5.220355825078324,0.554,0.618,90,4,17.199232850206602
U0048,P0113,0.3333333333333333,1.0,0.6,1.0,1.0,3.89,6.806829360392176,0.674,0.76,60,4,32.82588796613501
U0048,P0114,0.3333333333333333,0.0,1.0,1.0,1.0,4.13,4.219507705176107,0.328,0.848,120,4,32.06907853483374
U0048,P0120,0.6666666666666666,0.0,0.2,1.0,1.0,3.8,6.523562306149512,0.833,0.586,120,4,11.626911604686702
U0048,P0121,0.6666666666666666,1.0,0.2,1.0,1.0,3.74,5.365976015021851,0.436,0.97,180,4,14.123763347514448
U0048,P0128,0.0,0.0,1.0,1.0,1.0,3.42,4.919980925828125,0.29,0.765,120,4,38.69939859798674
U0048,P0136,0.0,1.0,0.6,1.0,1.0,4.75,3.784189633918261,0.603,0.869,30,4,42.00779683055638
U0048,P0138,0.0,0.0,0.6,1.0,1.0,3.66,6.056784013228625,0.462,0.599,150,4,37.25791701695391
U0048,P0145,0.0,1.0,0.6,1.0,1.0,4.23,4.7535901911063645,0.367,0.117,30,4,35.45515557173005
U0048,P0152,0.6666666666666666,0.0,0.6,1.0,1.0,4.44,6.2324480165505225,0.8,0.056,180,4,13.956276465627704
U0048,P0154,0.0,1.0,0.2,1.0,1.0,4.67,4.795790545596741,0.495,0.349,30,4,36.32172118133886
U0048,P0157,0.3333333333333333,1.0,0.2,1.0,1.0,4.47,6.476972362889683,0.806,0.662,45,4,39.057131901741
U0048,P0160,0.0,0.0,1.0,1.0,1.0,4.25,5.3471075307174685,0.369,0.992,60,4,21.83017969630039
U0048,P0161,0.3333333333333333,1.0,1.0,1.0,1.0,4.14,6.214608098422191,0.759,0.391,180,4,33.14532534877653
U0048,P0165,0.6666666666666666,1.0,0.6,1.0,1.0,4.38,6.255750041753367,0.574,0.657,60,4,9.888558175863576
U0048,P0167,0.3333333333333333,1.0,1.0,1.0,1.0,4.13,4.6913478822291435,0.346,0.57,30,4,38.805190287654916
U0048,P0168,0.6666666666666666,0.0,1.0,1.0,1.0,4.54,5.327876168789581,0.391,0.678,45,4,31.67264595407369
U0048,P0186,0.6666666666666666,0.0,0.6,1.0,1.0,4.11,6.09807428216624,0.737,0.747,180,4,51.16903064378736
U0048,P0198,0.0,1.0,0.6,1.0,1.0,4.63,4.941642422609304,0.637,0.815,150,4,13.120280747181813
U0048,P0199,0.0,1.0,1.0,1.0,1.0,3.33,7.1252830915107115,1.0,0.773,45,4,46.700024217222946
U0048,P0200,0.0,0.0,0.6,0.0,1.0,4.05,6.985641817639208,0.739,0.699,150,4,26.22966467693823
U0048,P0208,0.0,0.0,1.0,1.0,1.0,4.25,4.605170185988092,0.469,0.557,60,4,30.94229564376106
U0048,P0209,0.0,1.0,0.2,1.0,1.0,4.8,5.641907070938114,0.368,0.754,120,4,43.116052904335845
U0048,P0214,0.0,1.0,0.6,1.0,1.0,3.67,6.324358962381311,0.731,0.588,180,4,24.79276909736875
U0048,P0216,0.0,1.0,1.0,0.0,1.0,3.57,3.091042453358316,0.32,0.893,45,4,28.328142273523223
U0048,P0220,0.0,1.0,0.6,1.0,1.0,3.33,5.43372200355424,0.5,0.091,120,4,11.247519676239078
U0048,P0222,0.0,1.0,0.6,1.0,1.0,3.17,5.393627546352362,0.406,0.312,120,4,34.51658813383841
U0048,P0225,0.0,1.0,0.2,1.0,1.0,3.87,4.23410650459726,0.498,0.05,120,4,22.848321654415393
U0048,P0227,0.3333333333333333,0.0,0.2,0.0,1.0,3.66,6.1070228877422545,0.561,0.596,60,4,33.26549740116557
U0048,P0228,0.6666666666666666,1.0,0.6,1.0,1.0,3.86,4.553876891600541,0.276,0.81,30,4,48.291616077891234
U0048,P0229,0.0,0.0,1.0,0.0,1.0,4.05,4.2626798770413155,0.358,0.524,120,4,6.125937274175648
U0048,P0232,0.6666666666666666,1.0,0.2,1.0,1.0,3.79,5.75890177387728,0.446,0.632,120,4,10.306155567703122
U0048,P0249,0.6666666666666666,1.0,0.2,1.0,1.0,3.63,5.272999558563747,0.561,0.592,45,4,17.29842772855415
U0048,P0250,0.0,1.0,0.6,1.0,1.0,3.71,3.8501476017100584,0.531,0.941,180,4,29.305317457328886
U0048,P0255,0.3333333333333333,1.0,0.2,0.0,1.0,4.12,4.51085950651685,0.455,0.926,60,4,40.08085459779551
U0048,P0257,0.0,1.0,0.2,1.0,1.0,3.99,4.418840607796598,0.403,0.785,150,4,38.14664274830146
U0048,P0261,0.0,0.0,0.2,1.0,1.0,3.35,6.152732694704104,0.515,0.27,60,4,15.285435231964264
U0048,P0269,0.0,1.0,0.6,1.0,1.0,3.71,5.043425116919247,0.358,0.158,30,4,19.380721507425008
U0048,P0271,0.0,1.0,0.6,1.0,1.0,4.48,4.1588830833596715,0.309,0.963,45,4,5.965750234040064
U0048,P0278,0.6666666666666666,1.0,0.2,0.0,1.0,4.25,5.0106352940962555,0.352,0.372,150,4,24.038426434366464
U0048,P0279,0.0,0.0,1.0,1.0,1.0,3.88,4.983606621708336,0.404,0.337,90,4,42.52569066465481
U0048,P0284,0.6666666666666666,1.0,0.6,0.0,1.0,3.18,4.290459441148391,0.225,0.636,60,4,9.524190447857826
U0048,P0286,0.0,0.0,0.6,1.0,1.0,4.11,7.512071245835466,1.0,0.981,90,4,19.93858575498955
U0048,P0287,0.3333333333333333,1.0,0.2,0.0,1.0,4.25,5.241747015059643,0.585,0.783,45,4,10.049374820893917
U0048,P0300,0.0,1.0,1.0,0.0,1.0,3.9,5.953243334287785,0.637,0.414,150,4,16.01452952526215
U0048,P0306,0.3333333333333333,1.0,0.6,1.0,1.0,4.39,5.43372200355424,0.327,0.844,150,4,13.23818050832861
U0048,P0315,0.3333333333333333,1.0,0.2,1.0,1.0,4.13,6.813444599510896,0.765,0.581,90,4,47.035872864205515
U0048,P0329,0.6666666666666666,0.0,0.2,1.0,1.0,4.11,5.472270673671475,0.541,0.163,60,4,11.794760670874403
U0048,P0347,0.0,1.0,0.2,1.0,1.0,3.61,6.240275845170769,0.639,0.289,60,4,27.606894607899047
U0048,P0348,0.0,1.0,0.6,1.0,1.0,4.37,5.1298987149230735,0.388,0.489,150,4,26.242827625057455
U0048,P0365,0.0,0.0,1.0,1.0,1.0,3.86,4.574710978503383,0.475,0.357,150,4,3.666549446502447
U0048,P0368,0.0,0.0,0.6,1.0,1.0,4.56,6.068425588244111,0.516,0.462,120,4,41.431639036264315
U0048,P0379,0.0,1.0,0.6,1.0,1.0,4.32,5.723585101952381,0.62,0.856,90,4,43.03467632255794
U0048,P0382,0.0,1.0,0.2,0.0,1.0,5.0,5.389071729816501,0.638,0.643,120,4,32.96603909170575
U0048,P0387,0.0,1.0,0.6,1.0,1.0,4.38,6.668228248417403,0.611,0.406,60,4,2.822997540054765
U0048,P0401,0.6666666666666666,1.0,0.6,1.0,1.0,4.52,4.882801922586371,0.627,0.644,90,4,15.545862873348154
U0048,P0404,0.0,0.0,0.6,1.0,1.0,4.2,4.927253685157205,0.58,0.541,120,4,41.417679380427494
U0048,P0411,0.3333333333333333,1.0,0.6,1.0,1.0,3.87,7.191429330036379,0.864,0.888,30,4,20.807217430635223
U0048,P0434,0.0,1.0,0.2,1.0,1.0,4.23,5.902633333401366,0.492,0.526,150,4,22.73020049797997
U0048,P0440,0.0,1.0,1.0,1.0,1.0,4.09,6.926577033222725,0.673,0.764,45,4,10.757944116293366
U0048,P0446,0.0,0.0,1.0,0.0,1.0,4.47,6.1092475827643655,0.685,0.598,45,4,7.4917173332340985
U0048,P0448,0.0,1.0,0.2,1.0,1.0,4.72,6.278521424165844,0.571,0.408,180,4,42.933030969233364
U0048,P0451,0.0,1.0,0.6,0.0,1.0,4.27,5.030437921392435,0.345,0.646,30,4,47.69801595036585
U0048,P0453,0.3333333333333333,1.0,0.6,1.0,1.0,4.19,5.556828061699537,0.46,0.913,150,4,48.4030684241027
U0048,P0458,0.0,1.0,0.2,1.0,1.0,4.06,5.8377304471659395,0.451,0.395,120,4,21.121953041262184
U0048,P0460,0.0,1.0,0.6,1.0,1.0,3.9,5.733341276897746,0.541,0.41,60,4,46.4732835137315
U0048,P0469,0.0,0.0,0.6,0.0,1.0,3.64,6.35088571671474,0.695,0.285,45,4,13.896053943974158
U0048,P0476,0.0,1.0,1.0,1.0,1.0,3.99,5.924255797414532,0.561,0.945,45,4,35.13419365462878
U0048,P0489,0.0,1.0,0.2,1.0,1.0,3.9,2.6390573296152584,0.509,0.951,30,4,16.216901448669876
U0048,P0490,0.0,0.0,0.6,1.0,1.0,3.39,6.413458957167357,0.584,0.85,30,4,7.508409554321629
U0049,P0004,0.5,0.16900000000000004,0.6,1.0,1.0,4.81,6.421622267806518,0.679,0.831,60,4,37.52685280659778
U0049,P0005,0.5,0.09699999999999998,0.0,1.0,1.0,3.89,6.152732694704104,0.456,0.903,45,4,35.802294646259476
U0049,P0015,0.5,0.15800000000000003,0.6,1.0,1.0,3.83,5.153291594497779,0.446,0.842,45,4,51.965044819744755
U0049,P0022,0.0,0.644,0.0,1.0,1.0,4.05,5.14166355650266,0.471,0.356,30,4,10.195281465942807
U0049,P0034,0.0,0.836,0.2,1.0,1.0,4.07,6.704414354964107,0.693,0.164,90,4,18.71309322049976
U0049,P0038,0.5,0.519,0.0,1.0,1.0,2.92,6.48768401848461,0.682,0.481,90,4,29.35754280349466
U0049,P0040,0.5,0.784,1.0,0.0,1.0,4.14,3.1354942159291497,0.249,0.216,150,4,15.817809358079684
U0049,P0041,0.5,0.052000000000000046,0.0,1.0,1.0,4.0,5.929589143389895,0.485,0.948,150,4,26.325513889182275
U0049,P0043,0.5,0.477,1.0,0.0,1.0,3.74,4.90527477843843,0.441,0.523,30,4,52.511781267769486
U0049,P0054,0.0,0.43700000000000006,0.6,1.0,1.0,4.95,5.71042701737487,0.693,0.563,45,4,50.9059248425631
U0049,P0056,0.0,0.42400000000000004,1.0,0.0,1.0,3.24,5.472270673671475,0.286,0.576,60,4,48.32583500720296
U0049,P0063,0.0,0.642,1.0,1.0,1.0,4.36,8.128585200374497,1.0,0.358,45,4,34.65849404346009
U0049,P0067,0.5,0.20999999999999996,0.6,1.0,1.0,3.62,6.068425588244111,0.527,0.79,90,4,50.87082589417161
U0049,P0074,0.5,0.728,0.0,0.0,1.0,3.54,3.9318256327243257,0.327,0.272,150,4,14.936564779454928
U0049,P0081,0.0,0.635,0.0,0.0,1.0,3.66,6.4457198193855785,0.555,0.365,180,4,48.54635145936098
U0049,P0083,0.5,0.049000000000000044,0.2,0.0,1.0,4.53,5.996452088619021,0.563,0.951,150,4,15.075290695976483
U0049,P0084,0.5,0.523,0.6,1.0,1.0,4.47,7.776535028185241,1.0,0.477,60,4,33.64357334487003
U0049,P0089,0.0,0.049000000000000044,0.6,1.0,1.0,4.11,7.244941546337007,1.0,0.951,150,4,20.1592153077847
U0049,P0091,0.0,0.365,0.0,1.0,1.0,4.38,4.477336814478207,0.301,0.635,90,4,29.776576008513835
U0049,P0092,0.5,0.48,1.0,1.0,1.0,3.62,6.07993319509559,0.409,0.52,90,4,29.051366198130683
U0049,P0096,0.0,0.21399999999999997,1.0,1.0,1.0,3.9,6.52795791762255,0.569,0.786,90,4,10.031743934334232
U0049,P0102,0.0,0.544,0.2,1.0,1.0,4.59,6.7650389767805414,0.896,0.456,120,4,37.92212519599774
U0049,P0107,0.0,0.02100000000000002,1.0,0.0,1.0,4.53,6.282266746896006,0.812,0.979,90,4,6.396776418384614
U0049,P0115,0.0,0.32799999999999996,0.0,1.0,1.0,3.78,6.317164686747284,0.541,0.672,45,4,11.74270951681586
U0049,P0122,0.5,0.20499999999999996,1.0,1.0,1.0,4.33,6.539585955617669,0.798,0.795,60,4,29.570174489086348
U0049,P0123,0.5,0.614,0.6,1.0,1.0,3.56,5.099866427824199,0.282,0.386,90,4,51.33606503771477
U0049,P0125,0.0,0.33199999999999996,1.0,0.0,1.0,4.89,5.986452005284438,0.755,0.668,60,4,11.357708151568163
U0049,P0126,0.5,0.43200000000000005,0.6,1.0,1.0,3.53,6.602587892189336,0.622,0.568,60,4,8.192867569684823
U0049,P0133,0.5,0.383,0.2,1.0,1.0,3.99,4.007333185232471,0.265,0.617,60,4,39.974154928699306
U0049,P0142,0.0,0.133,1.0,1.0,1.0,4.81,4.02535169073515,0.312,0.867,45,4,37.44828292466214
U0049,P0144,0.0,0.687,0.6,1.0,1.0,4.03,6.206575926724928,0.688,0.313,120,4,38.1121673610985
U0049,P0146,0.5,0.469,1.0,0.0,1.0,4.01,4.912654885736052,0.467,0.531,30,4,34.5283956100068
U0049,P0150,0.5,0.08199999999999996,1.0,1.0,1.0,4.47,6.255750041753367,0.623,0.918,90,4,27.32468943864269
U0049,P0151,0.0,0.14700000000000002,1.0,1.0,1.0,3.73,4.8283137373023015,0.305,0.853,180,4,26.432986710993518
U0049,P0155,0.5,0.521,1.0,0.0,1.0,4.35,5.2574953720277815,0.361,0.479,90,4,49.84204191155802
U0049,P0162,0.5,0.759,1.0,0.0,1.0,3.73,8.01102337918644,1.0,0.241,45,4,45.50050138924589
U0049,P0164,0.5,0.03300000000000003,0.2,0.0,1.0,4.62,6.450470422144176,0.56,0.967,150,4,31.469599682164155
U0049,P0170,0.0,0.15500000000000003,0.2,1.0,1.0,4.29,4.8283137373023015,0.58,0.845,60,4,33.95389093555971
U0049,P0174,0.0,0.903,0.6,1.0,1.0,3.45,3.828641396489095,0.409,0.097,150,4,24.553138037525827
U0049,P0175,0.0,0.771,0.6,1.0,1.0,3.78,5.247024072160486,0.321,0.229,150,4,22.439661215556676
U0049,P0180,0.0,0.5660000000000001,0.2,0.0,1.0,4.25,4.51085950651685,0.491,0.434,150,4,41.47827287043215
U0049,P0181,0.0,0.30400000000000005,1.0,1.0,1.0,4.33,7.3395376954076745,1.0,0.696,150,4,40.30181371082121
U0049,P0185,0.0,0.667,0.2,0.0,1.0,4.14,4.574710978503383,0.359,0.333,30,4,33.76935346910281
U0049,P0189,0.5,0.263,1.0,1.0,1.0,4.49,5.720311776607412,0.596,0.737,30,4,47.49326170644026
U0049,P0191,0.5,0.10799999999999998,1.0,1.0,1.0,3.72,4.787491742782046,0.38,0.892,90,4,26.41403470718398
U0049,P0201,0.0,0.03200000000000003,0.2,1.0,1.0,3.38,4.787491742782046,0.465,0.968,30,4,22.960792575905124
U0049,P0202,0.0,0.911,0.2,1.0,1.0,4.1,5.556828061699537,0.478,0.089,150,4,50.42315833935507
U0049,P0205,0.5,0.18700000000000006,1.0,1.0,1.0,4.15,6.118097198041348,0.546,0.813,120,4,37.62397305809191
U0049,P0211,0.5,0.649,0.0,1.0,1.0,5.0,7.60688453121963,1.0,0.351,120,4,15.19659853358426
U0049,P0215,0.0,0.018000000000000016,0.6,1.0,1.0,4.58,3.4011973816621555,0.423,0.982,180,4,18.10396365897816
U0049,P0224,0.0,0.015000000000000013,0.0,1.0,1.0,4.26,4.382026634673881,0.279,0.985,60,4,32.592031631375534
U0049,P0226,0.0,0.03500000000000003,1.0,1.0,1.0,4.07,6.646390514847729,0.871,0.965,120,4,22.6934388512272
U0049,P0235,0.5,0.509,0.2,1.0,1.0,3.86,4.812184355372417,0.372,0.491,150,4,20.916015776607747
U0049,P0236,0.0,0.13,0.2,1.0,1.0,3.98,2.772588722239781,0.317,0.87,60,4,18.51165845054578
U0049,P0240,0.0,0.5349999999999999,0.0,0.0,1.0,5.0,6.843749949006225,0.951,0.465,120,4,35.577118758636665
U0049,P0245,0.0,0.91,0.0,1.0,1.0,4.86,6.558197802812269,0.673,0.09,45,4,49.018675609082734
U0049,P0246,0.5,0.33799999999999997,0.2,1.0,1.0,4.1,7.27655640271871,1.0,0.662,150,4,12.814992927638546
U0049,P0259,0.5,0.049000000000000044,0.6,1.0,1.0,4.33,4.330733340286331,0.32,0.951,60,4,52.12427235640767
U0049,P0262,0.5,0.726,0.2,1.0,1.0,3.8,6.186208623900494,0.525,0.274,90,4,27.60959700427507
U0049,P0265,0.5,0.69,0.0,0.0,1.0,4.22,4.418840607796598,0.584,0.31,60,4,44.868218201357976
U0049,P0277,0.0,0.821,0.6,1.0,1.0,4.63,5.808142489980444,0.449,0.179,180,4,15.415916370557161
U0049,P0289,0.5,0.6819999999999999,0.2,1.0,1.0,4.21,6.42648845745769,0.804,0.318,30,4,26.953406580381408
U0049,P0297,0.5,0.911,1.0,1.0,1.0,4.32,5.902633333401366,0.481,0.089,180,4,36.349006110750736
U0049,P0301,0.0,0.704,0.0,1.0,1.0,4.44,4.394449154672439,0.296,0.296,120,4,24.79907346107054
U0049,P0308,0.5,0.33099999999999996,0.0,1.0,1.0,5.0,5.655991810819852,0.65,0.669,30,4,30.849447873241907
U0049,P0311,0.0,0.387,0.6,1.0,1.0,3.74,6.066108090103747,0.436,0.613,30,4,16.361040303605503
U0049,P0314,0.5,0.716,0.0,1.0,1.0,3.65,5.351858133476067,0.579,0.284,45,4,28.77025018195544
U0049,P0319,0.5,0.6719999999999999,0.2,1.0,1.0,4.47,5.5909869805108565,0.502,0.328,120,4,21.32387175112665
U0049,P0325,0.5,0.20799999999999996,0.6,1.0,1.0,4.0,6.336825731146441,0.61,0.792,30,4,21.483026376233315
U0049,P0327,0.5,0.01100000000000001,0.0,1.0,1.0,3.98,4.174387269895637,0.483,0.989,90,4,47.065776522836366
U0049,P0336,0.5,0.278,0.2,1.0,1.0,4.66,3.044522437723423,0.302,0.722,180,4,3.7253351953365934
U0049,P0344,0.0,0.727,0.2,1.0,1.0,3.99,5.056245805348308,0.403,0.273,90,4,8.691575139824534
U0049,P0349,0.0,0.808,0.2,1.0,1.0,4.25,4.007333185232471,0.525,0.192,150,4,43.2597272174206
U0049,P0350,0.5,0.264,0.6,1.0,1.0,4.52,5.2832037287379885,0.324,0.736,180,4,22.502574452980056
U0049,P0354,0.0,0.75,0.0,1.0,1.0,3.52,7.605890001053122,1.0,0.25,90,4,37.10354503152361
U0049,P0355,0.0,0.378,0.2,1.0,1.0,3.16,7.535830462798367,1.0,0.622,180,4,7.69951622019137
U0049,P0357,0.5,0.737,0.6,0.0,1.0,3.85,5.981414211254481,0.4,0.263,60,4,20.25546851356987
U0049,P0362,0.5,0.683,0.0,0.0,1.0,3.49,6.391917113392602,0.492,0.317,30,4,50.513139618064976
U0049,P0363,0.0,0.503,0.0,1.0,1.0,4.18,5.2832037287379885,0.564,0.497,45,4,22.094874880726813
U0049,P0370,0.0,0.20299999999999996,0.2,1.0,1.0,4.85,6.717804695023691,0.739,0.797,120,4,33.64414670315657
U0049,P0378,0.5,0.135,1.0,1.0,1.0,3.67,8.658866349732383,1.0,0.865,90,4,31.957722086502837
U0049,P0383,0.0,0.10399999999999998,0.6,1.0,1.0,4.62,4.663439094112067,0.311,0.896,120,4,20.018990760427346
U0049,P0385,0.0,0.5589999999999999,1.0,1.0,1.0,3.82,7.675081857716334,1.0,0.441,120,4,43.355222743728866
U0049,P0393,0.0,0.10799999999999998,0.2,1.0,1.0,4.35,6.79794041297493,0.641,0.892,90,4,20.472819556184334
U0049,P0406,0.5,0.759,1.0,1.0,1.0,4.02,4.976733742420574,0.349,0.241,180,4,30.815373871945273
U0049,P0414,0.0,0.763,1.0,1.0,1.0,4.81,4.875197323201151,0.574,0.237,45,4,15.82467284038104
U0049,P0415,0.0,0.010000000000000009,0.2,1.0,1.0,3.91,5.1647859739235145,0.548,0.99,90,4,53.28735739906958
U0049,P0417,0.0,0.8180000000000001,0.0,1.0,1.0,3.65,4.584967478670572,0.493,0.182,150,4,46.24798155965868
U0049,P0423,0.0,0.509,0.6,1.0,1.0,4.17,6.091309882077698,0.546,0.491,30,4,2.641218359202857
U0049,P0429,0.0,0.893,1.0,1.0,1.0,3.73,6.066108090103747,0.596,0.107,30,4,32.86479942708783
U0049,P0430,0.0,0.237,0.2,0.0,1.0,3.85,6.259581464064923,0.474,0.763,60,4,32.96488827478269
U0049,P0431,0.0,0.347,0.2,1.0,1.0,4.19,3.6888794541139363,0.291,0.653,150,4,47.25535088798206
U0049,P0436,0.0,0.05300000000000005,0.2,1.0,1.0,4.02,4.543294782270004,0.464,0.947,150,4,43.69519855320161
U0049,P0442,0.5,0.040000000000000036,0.6,0.0,1.0,3.88,6.75343791859778,0.708,0.96,120,4,35.88179046686389
U0049,P0443,0.0,0.124,0.2,1.0,1.0,4.41,7.716460800176355,1.0,0.876,90,4,15.364138780612391
U0049,P0445,0.0,0.33799999999999997,0.0,1.0,1.0,4.37,6.8308742346461795,0.666,0.662,150,4,15.556752105901076
U0049,P0457,0.5,0.694,1.0,1.0,1.0,4.21,7.393263094763838,1.0,0.306,150,4,20.130388511181653
U0049,P0461,0.0,0.21799999999999997,0.2,1.0,1.0,4.58,4.276666119016055,0.594,0.782,120,4,14.608016606977722
U0049,P0467,0.0,0.049000000000000044,0.2,1.0,1.0,3.45,2.8903717578961645,0.194,0.951,90,4,45.231449250568176
U0049,P0472,0.5,0.635,0.2,0.0,1.0,4.39,5.384495062789089,0.434,0.365,30,4,21.370781979008566
U0049,P0477,0.0,0.823,0.2,1.0,1.0,3.54,7.232733136177615,1.0,0.177,60,4,26.466308274402838
U0049,P0478,0.0,0.754,1.0,1.0,1.0,4.06,6.841615476477592,0.877,0.246,150,4,20.046581932813336
U0049,P0479,0.0,0.771,0.0,0.0,1.0,4.25,6.049733455231958,0.532,0.229,90,4,42.230058252505835
U0049,P0480,0.0,0.9390000000000001,1.0,0.0,1.0,4.36,6.037870919922137,0.555,0.061,90,4,14.522631862785346
U0049,P0491,0.0,0.749,1.0,1.0,1.0,4.45,6.0112671744041615,0.433,0.251,120,4,43.224986107656605
U0049,P0498,0.5,0.376,1.0,1.0,1.0,3.65,5.1647859739235145,0.582,0.624,90,4,47.573723744513586
U0050,P0001,0.5,0.8640000000000001,0.2,1.0,1.0,4.32,5.337538079701318,0.32,0.667,30,5,8.848373148422914
U0050,P0010,0.5,0.738,1.0,1.0,0.0,3.69,3.8066624897703196,0.479,0.441,180,5,12.900031612457834
U0050,P0011,0.0,0.952,0.2,1.0,0.0,4.76,5.231108616854587,0.371,0.868,45,5,3.5542438028768215
U0050,P0012,0.5,0.826,0.2,1.0,0.0,4.13,3.8066624897703196,0.301,0.795,90,5,16.29745870983733
U0050,P0017,0.0,0.818,0.2,0.0,0.0,4.09,4.23410650459726,0.428,0.568,90,5,13.952146591252513
U0050,P0019,0.0,0.8380000000000001,0.2,1.0,0.0,4.19,3.1780538303479458,0.525,0.83,180,5,6.594810433713767
U0050,P0020,0.5,0.7,0.6,1.0,0.0,3.5,5.736572297479192,0.643,0.617,30,5,16.880004859579255
U0050,P0036,0.5,0.852,0.2,1.0,1.0,4.26,7.346010209913293,0.95,0.192,30,5,7.4930878275932224
U0050,P0037,0.5,0.8160000000000001,0.2,0.0,1.0,4.08,7.3777589082278725,1.0,0.144,120,5,6.205345869073169
U0050,P0046,0.0,0.828,0.6,1.0,0.0,4.14,6.663132695990803,0.812,0.708,90,5,16.36317236819064
U0050,P0050,0.5,0.82,0.6,0.0,0.0,4.1,5.220355825078324,0.486,0.787,150,5,9.389895811505971
U0050,P0053,0.0,0.806,0.6,1.0,0.0,4.03,5.986452005284438,0.418,0.63,45,5,8.41665971625153
U0050,P0058,0.0,0.8019999999999999,0.2,1.0,0.0,4.01,5.863631175598097,0.535,0.485,120,5,13.118111038207923
U0050,P0064,0.0,0.73,0.2,1.0,1.0,3.65,4.8283137373023015,0.408,0.155,90,5,3.074184077535322
U0050,P0077,0.0,0.758,0.6,0.0,1.0,3.79,5.780743515792329,0.656,0.068,90,5,11.686496092765
U0050,P0080,0.0,0.712,0.6,1.0,1.0,3.56,6.289715570908998,0.705,0.73,45,5,10.57450282014807
U0050,P0086,0.0,0.74,0.6,0.0,0.0,3.7,4.5217885770490405,0.474,0.656,120,5,16.635171582385432
U0050,P0087,0.5,0.8140000000000001,0.6,1.0,1.0,4.07,5.910796644040527,0.392,0.169,90,5,11.77329520705294
U0050,P0104,0.0,0.866,0.6,1.0,0.0,4.33,6.118097198041348,0.635,0.445,45,5,15.813797199076483
U0050,P0110,0.0,0.776,0.6,1.0,0.0,3.88,5.598421958998375,0.397,0.337,150,5,9.244033531761417
U0050,P0119,0.0,0.638,0.2,0.0,0.0,3.19,5.726847747587197,0.593,0.923,150,5,9.293052794142824
U0050,P0129,0.0,0.9339999999999999,0.2,1.0,1.0,4.67,4.653960350157523,0.551,0.925,120,5,15.92522254137058
U0050,P0137,0.5,0.924,1.0,1.0,1.0,4.62,5.5134287461649825,0.627,0.357,180,5,10.237684740417912
U0050,P0140,0.0,0.826,0.6,1.0,0.0,4.13,5.043425116919247,0.467,0.645,45,5,16.227259130435037
U0050,P0141,0.0,0.8300000000000001,0.6,1.0,1.0,4.15,6.295266001439646,0.507,0.666,60,5,18.51851377648985
U0050,P0143,0.5,1.0,0.6,1.0,1.0,5.0,3.1780538303479458,0.308,0.058,180,5,18.741211816418478
U0050,P0156,0.0,0.8,0.6,0.0,1.0,4.0,6.818924065275521,0.86,0.215,60,5,5.104497060589967
U0050,P0158,0.5,0.9380000000000001,0.6,1.0,1.0,4.69,5.5254529391317835,0.362,0.521,90,5,14.618742183588536
U0050,P0166,0.0,0.818,0.6,1.0,1.0,4.09,4.430816798843313,0.377,0.569,150,5,8.861029748153578
U0050,P0169,0.5,0.746,0.6,1.0,1.0,3.73,5.117993812416755,0.411,0.978,60,5,14.927941873383867
U0050,P0172,0.0,0.842,0.6,0.0,1.0,4.21,4.897839799950911,0.419,0.295,150,5,6.844227717791031
U0050,P0184,0.5,0.8400000000000001,0.6,1.0,1.0,4.2,5.517452896464707,0.367,0.557,90,5,15.535563123584065
U0050,P0187,0.0,0.95,0.6,1.0,1.0,4.75,6.651571873589727,0.602,0.195,30,5,12.189989179499994
U0050,P0193,0.5,0.752,0.6,0.0,1.0,3.76,5.683579767338681,0.552,0.102,150,5,11.968600828403035
U0050,P0196,0.0,0.74,0.6,1.0,1.0,3.7,6.091309882077698,0.697,0.236,90,5,14.978068383363741
U0050,P0206,0.0,0.884,0.6,1.0,1.0,4.42,4.1588830833596715,0.469,0.718,45,5,7.258331978695897
U0050,P0212,0.0,0.798,0.6,1.0,1.0,3.99,6.666956792429207,0.86,0.663,90,5,12.560375987575934
U0050,P0238,0.0,0.968,0.6,1.0,1.0,4.84,5.204006687076795,0.479,0.867,45,5,20.878231893560585
U0050,P0248,0.0,0.958,1.0,1.0,0.0,4.79,6.148468295917647,0.759,0.562,120,5,8.17437749511591
U0050,P0251,0.0,0.9039999999999999,0.6,1.0,0.0,4.52,7.791522819150732,1.0,0.95,45,5,14.869056946290343
U0050,P0252,0.0,0.6940000000000001,0.2,1.0,1.0,3.47,6.175867270105761,0.566,0.349,150,5,6.284315475061654
U0050,P0254,0.0,0.766,0.6,1.0,1.0,3.83,4.465908118654584,0.391,0.821,45,5,10.239327461831978
U0050,P0260,0.0,0.828,1.0,1.0,0.0,4.14,6.401917196727186,0.669,0.714,180,5,10.315686903169484
U0050,P0263,0.0,0.752,1.0,1.0,1.0,3.76,3.367295829986474,0.32,0.879,90,5,15.337589966736806
U0050,P0272,0.0,0.868,0.2,1.0,0.0,4.34,7.2305631534092925,1.0,0.47,30,5,19.452799721492784
U0050,P0275,0.0,0.8539999999999999,0.6,0.0,1.0,4.27,4.77912349311153,0.591,0.889,120,5,10.051808119432437
U0050,P0280,0.5,0.8560000000000001,0.2,0.0,0.0,4.28,4.997212273764115,0.537,0.941,120,5,5.003381643384291
U0050,P0281,0.0,0.8460000000000001,0.6,1.0,0.0,4.23,7.990576881743923,1.0,0.771,30,5,8.301385641014805
U0050,P0291,0.5,0.85,0.2,1.0,1.0,4.25,5.003946305945459,0.58,0.478,180,5,7.602389584994231
U0050,P0296,0.0,0.826,1.0,1.0,0.0,4.13,4.927253685157205,0.342,0.209,150,5,13.709145360373011
U0050,P0302,0.0,0.898,1.0,1.0,0.0,4.49,7.126890808898808,1.0,0.434,90,5,15.837923559234596
U0050,P0303,0.0,0.858,0.2,1.0,0.0,4.29,7.752335163302292,1.0,0.487,150,5,14.336327506798614
U0050,P0307,0.0,0.8460000000000001,1.0,1.0,1.0,4.23,4.1588830833596715,0.352,0.184,180,5,12.967662157458792
U0050,P0317,0.0,0.806,0.6,1.0,0.0,4.03,4.990432586778736,0.512,0.102,120,5,6.953901222350881
U0050,P0318,0.0,0.728,1.0,0.0,1.0,3.64,3.5263605246161616,0.245,0.601,60,5,4.4226907928447705
U0050,P0320,0.5,0.704,0.6,0.0,1.0,3.52,3.9512437185814275,0.257,0.072,30,5,13.471926991937273
U0050,P0324,0.5,0.5780000000000001,0.6,0.0,0.0,2.89,5.438079308923196,0.474,0.684,60,5,14.798827266178883
U0050,P0326,0.0,0.986,0.6,1.0,1.0,4.93,6.852242569051878,0.99,0.062,60,5,17.34267857015899
U0050,P0328,0.0,1.0,1.0,0.0,1.0,5.0,5.572154032177765,0.438,0.843,180,5,17.683168206236566
U0050,P0330,0.0,0.8380000000000001,0.6,1.0,0.0,4.19,5.327876168789581,0.598,0.205,45,5,15.539968322348937
U0050,P0332,0.0,0.818,1.0,1.0,1.0,4.09,4.852030263919617,0.297,0.955,45,5,16.163355046949924
U0050,P0335,0.0,0.5820000000000001,1.0,0.0,1.0,2.91,6.810142450115136,0.759,0.945,45,5,17.034456544932684
U0050,P0338,0.0,0.6940000000000001,0.2,0.0,0.0,3.47,4.574710978503383,0.318,0.942,180,5,12.128387118468654
U0050,P0339,0.0,0.72,0.2,1.0,1.0,3.6,7.602900462204755,1.0,0.852,30,5,9.82752493091604
U0050,P0345,0.0,0.884,0.2,1.0,1.0,4.42,6.035481432524756,0.502,0.356,150,5,7.213523012386486
U0050,P0346,0.5,0.788,0.2,1.0,1.0,3.94,6.891625897052253,0.71,0.595,150,5,14.611596012444169
U0050,P0351,0.0,0.772,0.2,0.0,0.0,3.86,6.759255270663693,0.911,0.546,150,5,16.876349324586652
U0050,P0358,0.0,0.8160000000000001,0.2,1.0,1.0,4.08,6.824373670043086,0.828,0.55,45,5,17.313934554324575
U0050,P0359,0.5,0.8300000000000001,0.2,1.0,0.0,4.15,5.683579767338681,0.385,0.23,180,5,18.320121160237303
U0050,P0361,0.0,0.8480000000000001,0.6,1.0,0.0,4.24,3.4657359027997265,0.315,0.898,120,5,21.30342970059747
U0050,P0367,0.0,0.8560000000000001,1.0,1.0,0.0,4.28,3.4657359027997265,0.364,0.516,90,5,20.313352035932798
U0050,P0369,0.0,0.844,0.2,0.0,1.0,4.22,6.679599185844383,0.722,0.849,180,5,10.816860019505388
U0050,P0371,0.0,0.654,1.0,1.0,1.0,3.27,3.970291913552122,0.261,0.161,30,5,14.400460466006624
U0050,P0374,0.0,0.836,0.6,1.0,1.0,4.18,4.59511985013459,0.424,0.35,90,5,19.2257922433155
U0050,P0380,0.5,0.742,0.2,0.0,1.0,3.71,6.342121418721152,0.567,0.181,150,5,10.274757759380869
U0050,P0388,0.0,0.876,0.2,1.0,1.0,4.38,3.6375861597263857,0.236,0.587,120,5,6.7966491977697645
U0050,P0390,0.0,0.8140000000000001,1.0,1.0,0.0,4.07,6.246106765481563,0.77,0.068,120,5,14.011748520317159
U0050,P0391,0.0,0.836,0.6,1.0,1.0,4.18,3.912023005428146,0.403,0.413,30,5,14.9175721406993
U0050,P0392,0.0,0.8539999999999999,0.2,1.0,1.0,4.27,6.234410725718371,0.68,0.354,30,5,11.375218497446793
U0050,P0395,0.0,0.8140000000000001,0.6,0.0,0.0,4.07,3.5263605246161616,0.234,0.739,150,5,14.86986114424038
U0050,P0399,0.5,0.8160000000000001,0.6,1.0,1.0,4.08,6.318968113746434,0.659,0.547,150,5,12.198154658401974
U0050,P0400,0.0,0.8220000000000001,0.6,0.0,0.0,4.11,5.537334267018537,0.362,0.263,120,5,15.519207394647033
U0050,P0403,0.0,0.78,0.6,1.0,1.0,3.9,5.1298987149230735,0.376,0.857,150,5,12.977270966741026
U0050,P0405,0.0,0.9339999999999999,0.6,1.0,0.0,4.67,4.430816798843313,0.395,0.346,90,5,1.7842817055653184
U0050,P0424,0.5,0.8460000000000001,0.6,1.0,0.0,4.23,8.446556111816797,1.0,0.196,30,5,18.257722395721647
U0050,P0426,0.0,0.764,1.0,1.0,1.0,3.82,4.836281906951478,0.263,0.938,120,5,1.7384829893935743
U0050,P0427,0.5,0.762,0.6,1.0,0.0,3.81,6.927557906278317,0.653,0.401,45,5,12.578084046504516
U0050,P0438,0.0,0.818,0.6,1.0,0.0,4.09,7.653494909661253,1.0,0.446,45,5,4.737068716432613
U0050,P0441,0.5,1.0,0.2,1.0,0.0,5.0,4.867534450455582,0.426,0.41,150,5,10.047561862636904
U0050,P0447,0.5,0.916,0.6,0.0,0.0,4.58,6.903747257584598,0.815,0.525,120,5,8.439848959961754
U0050,P0452,0.0,0.8220000000000001,0.2,1.0,1.0,4.11,7.034387929915503,1.0,0.161,150,5,6.50770317674349
U0050,P0455,0.0,0.8779999999999999,0.2,1.0,0.0,4.39,8.096208271650037,1.0,0.794,150,5,12.414628505134537
U0050,P0462,0.5,0.8320000000000001,0.2,1.0,0.0,4.16,4.663439094112067,0.492,0.556,150,5,10.749632140122063
U0050,P0463,0.5,0.9279999999999999,1.0,1.0,0.0,4.64,3.6888794541139363,0.486,0.955,180,5,12.05464089440771
U0050,P0484,0.0,0.76,0.6,1.0,1.0,3.8,7.661527081358517,1.0,0.302,60,5,6.348415868645884
U0050,P0488,0.0,0.78,1.0,1.0,0.0,3.9,3.258096538021482,0.334,0.777,30,5,13.106274727705804
U0050,P0495,0.0,0.8,0.2,1.0,1.0,4.0,5.53338948872752,0.423,0.22,60,5,17.694073667625563
U0050,P0497,0.0,0.798,0.6,1.0,1.0,3.99,4.68213122712422,0.302,0.419,30,5,17.740470877000217
U0050,P0499,0.0,0.982,0.6,1.0,1.0,4.91,6.269096283706261,0.682,0.5,120,5,13.449440247627471
U0050,P0500,0.0,0.768,0.2,1.0,0.0,3.84,6.18826412308259,0.439,0.839,180,5,8.72999515008602
U0051,P0004,0.0,0.0,0.6,1.0,1.0,4.81,6.421622267806518,0.679,0.831,60,4,17.599562075309986
U0051,P0005,0.6666666666666666,1.0,0.0,1.0,1.0,3.89,6.152732694704104,0.456,0.903,45,4,30.590032339197457
U0051,P0015,0.6666666666666666,1.0,0.6,1.0,1.0,3.83,5.153291594497779,0.446,0.842,45,4,8.33165882807958
U0051,P0022,0.0,0.0,0.0,1.0,1.0,4.05,5.14166355650266,0.471,0.356,30,4,38.103549075911516
U0051,P0034,0.3333333333333333,1.0,0.2,1.0,1.0,4.07,6.704414354964107,0.693,0.164,90,4,34.5333921726531
U0051,P0038,0.6666666666666666,0.0,0.0,1.0,1.0,2.92,6.48768401848461,0.682,0.481,90,4,18.094100236831906
U0051,P0040,0.0,1.0,1.0,0.0,1.0,4.14,3.1354942159291497,0.249,0.216,150,4,46.456501903362636
U0051,P0041,0.6666666666666666,0.0,0.0,1.0,1.0,4.0,5.929589143389895,0.485,0.948,150,4,24.637131820157865
U0051,P0043,0.0,1.0,1.0,0.0,1.0,3.74,4.90527477843843,0.441,0.523,30,4,10.839638783009002
U0051,P0054,0.0,0.0,0.6,1.0,1.0,4.95,5.71042701737487,0.693,0.563,45,4,9.492023735446523
U0051,P0056,0.3333333333333333,1.0,1.0,0.0,1.0,3.24,5.472270673671475,0.286,0.576,60,4,27.360458603359806
U0051,P0063,0.0,1.0,1.0,1.0,1.0,4.36,8.128585200374497,1.0,0.358,45,4,29.02523275314581
U0051,P0067,0.6666666666666666,0.0,0.6,1.0,1.0,3.62,6.068425588244111,0.527,0.79,90,4,22.100311424385083
U0051,P0074,0.6666666666666666,0.0,0.0,0.0,1.0,3.54,3.9318256327243257,0.327,0.272,150,4,38.34182015350385
U0051,P0081,0.3333333333333333,0.0,0.0,0.0,1.0,3.66,6.4457198193855785,0.555,0.365,180,4,20.178343161777416
U0051,P0083,0.6666666666666666,1.0,0.2,0.0,1.0,4.53,5.996452088619021,0.563,0.951,150,4,31.308576745347935
U0051,P0084,0.6666666666666666,1.0,0.6,1.0,1.0,4.47,7.776535028185241,1.0,0.477,60,4,16.964316455027728
U0051,P0089,0.3333333333333333,0.0,0.6,1.0,1.0,4.11,7.244941546337007,1.0,0.951,150,4,32.336401699073804
U0051,P0091,0.0,1.0,0.0,1.0,1.0,4.38,4.477336814478207,0.301,0.635,90,4,27.130209375789878
U0051,P0092,0.0,1.0,1.0,1.0,1.0,3.62,6.07993319509559,0.409,0.52,90,4,27.856308784397616
U0051,P0096,0.3333333333333333,0.0,1.0,1.0,1.0,3.9,6.52795791762255,0.569,0.786,90,4,39.547888397321515
U0051,P0102,0.3333333333333333,1.0,0.2,1.0,1.0,4.59,6.7650389767805414,0.896,0.456,120,4,7.9672530369514245
U0051,P0107,0.0,0.0,1.0,0.0,1.0,4.53,6.282266746896006,0.812,0.979,90,4,45.97998346749618
U0051,P0115,0.0,0.0,0.0,1.0,1.0,3.78,6.317164686747284,0.541,0.672,45,4,36.67620413806621
U0051,P0122,0.0,1.0,1.0,1.0,1.0,4.33,6.539585955617669,0.798,0.795,60,4,18.172477511689713
U0051,P0123,0.0,1.0,0.6,1.0,1.0,3.56,5.099866427824199,0.282,0.386,90,4,11.45535983941652
U0051,P0125,0.3333333333333333,1.0,1.0,0.0,1.0,4.89,5.986452005284438,0.755,0.668,60,4,38.393322164128605
U0051,P0126,0.0,1.0,0.6,1.0,1.0,3.53,6.602587892189336,0.622,0.568,60,4,38.14858522194177
U0051,P0133,0.0,1.0,0.2,1.0,1.0,3.99,4.007333185232471,0.265,0.617,60,4,23.135503736781583
U0051,P0142,0.3333333333333333,1.0,1.0,1.0,1.0,4.81,4.02535169073515,0.312,0.867,45,4,16.997952599117017
U0051,P0144,0.3333333333333333,1.0,0.6,1.0,1.0,4.03,6.206575926724928,0.688,0.313,120,4,29.502387224866258
U0051,P0146,0.6666666666666666,1.0,1.0,0.0,1.0,4.01,4.912654885736052,0.467,0.531,30,4,28.633618903918983
U0051,P0150,0.6666666666666666,0.0,1.0,1.0,1.0,4.47,6.255750041753367,0.623,0.918,90,4,20.46333819446291
U0051,P0151,0.3333333333333333,1.0,1.0,1.0,1.0,3.73,4.8283137373023015,0.305,0.853,180,4,39.50825285430525
U0051,P0155,0.0,1.0,1.0,0.0,1.0,4.35,5.2574953720277815,0.361,0.479,90,4,5.752613980169003
U0051,P0162,0.6666666666666666,1.0,1.0,0.0,1.0,3.73,8.01102337918644,1.0,0.241,45,4,22.51106875198259
U0051,P0164,0.6666666666666666,1.0,0.2,0.0,1.0,4.62,6.450470422144176,0.56,0.967,150,4,16.391921602719737
U0051,P0170,0.0,1.0,0.2,1.0,1.0,4.29,4.8283137373023015,0.58,0.845,60,4,13.518062593338549
U0051,P0174,0.0,0.0,0.6,1.0,1.0,3.45,3.828641396489095,0.409,0.097,150,4,24.158596707326176
U0051,P0175,0.0,1.0,0.6,1.0,1.0,3.78,5.247024072160486,0.321,0.229,150,4,37.5499322808094
U0051,P0180,0.0,1.0,0.2,0.0,1.0,4.25,4.51085950651685,0.491,0.434,150,4,10.347348803140193
U0051,P0181,0.3333333333333333,0.0,1.0,1.0,1.0,4.33,7.3395376954076745,1.0,0.696,150,4,27.64897593656329
U0051,P0185,0.3333333333333333,1.0,0.2,0.0,1.0,4.14,4.574710978503383,0.359,0.333,30,4,20.28355331038867
U0051,P0189,0.6666666666666666,0.0,1.0,1.0,1.0,4.49,5.720311776607412,0.596,0.737,30,4,9.5123675491948
U0051,P0191,0.0,1.0,1.0,1.0,1.0,3.72,4.787491742782046,0.38,0.892,90,4,42.745452130331316
U0051,P0201,0.3333333333333333,0.0,0.2,1.0,1.0,3.38,4.787491742782046,0.465,0.968,30,4,22.91076649534853
U0051,P0202,0.3333333333333333,0.0,0.2,1.0,1.0,4.1,5.556828061699537,0.478,0.089,150,4,21.9709791480387
U0051,P0205,0.0,0.0,1.0,1.0,1.0,4.15,6.118097198041348,0.546,0.813,120,4,28.96538707551683
U0051,P0211,0.0,1.0,0.0,1.0,1.0,5.0,7.60688453121963,1.0,0.351,120,4,37.62315901770556
U0051,P0215,0.0,1.0,0.6,1.0,1.0,4.58,3.4011973816621555,0.423,0.982,180,4,39.50702645791883
U0051,P0224,0.0,1.0,0.0,1.0,1.0,4.26,4.382026634673881,0.279,0.985,60,4,13.266399354956437
U0051,P0226,0.0,0.0,1.0,1.0,1.0,4.07,6.646390514847729,0.871,0.965,120,4,29.39355785961998
U0051,P0235,0.0,1.0,0.2,1.0,1.0,3.86,4.812184355372417,0.372,0.491,150,4,25.08234220522861
U0051,P0236,0.0,1.0,0.2,1.0,1.0,3.98,2.772588722239781,0.317,0.87,60,4,48.91742648473279
U0051,P0240,0.0,1.0,0.0,0.0,1.0,5.0,6.843749949006225,0.951,0.465,120,4,13.52735196927105
U0051,P0245,0.3333333333333333,0.0,0.0,1.0,1.0,4.86,6.558197802812269,0.673,0.09,45,4,24.478753951634292
U0051,P0246,0.6666666666666666,1.0,0.2,1.0,1.0,4.1,7.27655640271871,1.0,0.662,150,4,43.01089967219159
U0051,P0259,0.6666666666666666,1.0,0.6,1.0,1.0,4.33,4.330733340286331,0.32,0.951,60,4,13.739114194960429
U0051,P0262,0.0,1.0,0.2,1.0,1.0,3.8,6.186208623900494,0.525,0.274,90,4,21.40111780298419
U0051,P0265,0.6666666666666666,0.0,0.0,0.0,1.0,4.22,4.418840607796598,0.584,0.31,60,4,7.152422507759708
U0051,P0277,0.0,1.0,0.6,1.0,1.0,4.63,5.808142489980444,0.449,0.179,180,4,45.263460517854924
U0051,P0289,0.6666666666666666,0.0,0.2,1.0,1.0,4.21,6.42648845745769,0.804,0.318,30,4,23.238387300269263
U0051,P0297,0.0,0.0,1.0,1.0,1.0,4.32,5.902633333401366,0.481,0.089,180,4,9.516460665904253
U0051,P0301,0.0,1.0,0.0,1.0,1.0,4.44,4.394449154672439,0.296,0.296,120,4,21.291765099592737
U0051,P0308,0.6666666666666666,1.0,0.0,1.0,1.0,5.0,5.655991810819852,0.65,0.669,30,4,16.494211810281616
U0051,P0311,0.0,0.0,0.6,1.0,1.0,3.74,6.066108090103747,0.436,0.613,30,4,29.548406597999225
U0051,P0314,0.6666666666666666,0.0,0.0,1.0,1.0,3.65,5.351858133476067,0.579,0.284,45,4,20.529068342258412
U0051,P0319,0.0,0.0,0.2,1.0,1.0,4.47,5.5909869805108565,0.502,0.328,120,4,25.56820338749097
U0051,P0325,0.6666666666666666,1.0,0.6,1.0,1.0,4.0,6.336825731146441,0.61,0.792,30,4,46.89429430147067
U0051,P0327,0.0,1.0,0.0,1.0,1.0,3.98,4.174387269895637,0.483,0.989,90,4,5.43529036951558
U0051,P0336,0.6666666666666666,1.0,0.2,1.0,1.0,4.66,3.044522437723423,0.302,0.722,180,4,44.11586137088181
U0051,P0344,0.0,1.0,0.2,1.0,1.0,3.99,5.056245805348308,0.403,0.273,90,4,41.813520673893656
U0051,P0349,0.0,1.0,0.2,1.0,1.0,4.25,4.007333185232471,0.525,0.192,150,4,2.7789887992147317
U0051,P0350,0.0,1.0,0.6,1.0,1.0,4.52,5.2832037287379885,0.324,0.736,180,4,25.744109639419737
U0051,P0354,0.0,0.0,0.0,1.0,1.0,3.52,7.605890001053122,1.0,0.25,90,4,16.486742826546912
U0051,P0355,0.0,1.0,0.2,1.0,1.0,3.16,7.535830462798367,1.0,0.622,180,4,42.95520885089106
U0051,P0357,0.0,0.0,0.6,0.0,1.0,3.85,5.981414211254481,0.4,0.263,60,4,46.54483357197051
U0051,P0362,0.6666666666666666,1.0,0.0,0.0,1.0,3.49,6.391917113392602,0.492,0.317,30,4,26.367929690371014
U0051,P0363,0.0,1.0,0.0,1.0,1.0,4.18,5.2832037287379885,0.564,0.497,45,4,25.09284877164035
U0051,P0370,0.0,0.0,0.2,1.0,1.0,4.85,6.717804695023691,0.739,0.797,120,4,32.403880685574734
U0051,P0378,0.0,0.0,1.0,1.0,1.0,3.67,8.658866349732383,1.0,0.865,90,4,25.865928472990433
U0051,P0383,0.0,1.0,0.6,1.0,1.0,4.62,4.663439094112067,0.311,0.896,120,4,48.99168790089513
U0051,P0385,0.0,1.0,1.0,1.0,1.0,3.82,7.675081857716334,1.0,0.441,120,4,15.054951651377676
U0051,P0393,0.0,1.0,0.2,1.0,1.0,4.35,6.79794041297493,0.641,0.892,90,4,36.593563840777996
U0051,P0406,0.6666666666666666,0.0,1.0,1.0,1.0,4.02,4.976733742420574,0.349,0.241,180,4,15.931462382799669
U0051,P0414,0.0,1.0,1.0,1.0,1.0,4.81,4.875197323201151,0.574,0.237,45,4,35.331471275450156
U0051,P0415,0.0,1.0,0.2,1.0,1.0,3.91,5.1647859739235145,0.548,0.99,90,4,17.559596281609533
U0051,P0417,0.0,1.0,0.0,1.0,1.0,3.65,4.584967478670572,0.493,0.182,150,4,21.173582995631072
U0051,P0423,0.3333333333333333,1.0,0.6,1.0,1.0,4.17,6.091309882077698,0.546,0.491,30,4,43.57855187896427
U0051,P0429,0.0,0.0,1.0,1.0,1.0,3.73,6.066108090103747,0.596,0.107,30,4,12.968147753484429
U0051,P0430,0.3333333333333333,1.0,0.2,0.0,1.0,3.85,6.259581464064923,0.474,0.763,60,4,12.849326150291969
U0051,P0431,0.3333333333333333,1.0,0.2,1.0,1.0,4.19,3.6888794541139363,0.291,0.653,150,4,9.092034319835921
U0051,P0436,0.0,1.0,0.2,1.0,1.0,4.02,4.543294782270004,0.464,0.947,150,4,27.310335057591946
U0051,P0442,0.6666666666666666,1.0,0.6,0.0,1.0,3.88,6.75343791859778,0.708,0.96,120,4,11.075904587168374
U0051,P0443,0.0,1.0,0.2,1.0,1.0,4.41,7.716460800176355,1.0,0.876,90,4,37.7881994754375
U0051,P0445,0.0,0.0,0.0,1.0,1.0,4.37,6.8308742346461795,0.666,0.662,150,4,33.7512372432644
U0051,P0457,0.6666666666666666,1.0,1.0,1.0,1.0,4.21,7.393263094763838,1.0,0.306,150,4,35.48005183298747
U0051,P0461,0.3333333333333333,1.0,0.2,1.0,1.0,4.58,4.276666119016055,0.594,0.782,120,4,40.77881845799712
U0051,P0467,0.0,1.0,0.2,1.0,1.0,3.45,2.8903717578961645,0.194,0.951,90,4,1.0835526525863235
U0051,P0472,0.0,1.0,0.2,0.0,1.0,4.39,5.384495062789089,0.434,0.365,30,4,48.84935320401535
U0051,P0477,0.0,0.0,0.2,1.0,1.0,3.54,7.232733136177615,1.0,0.177,60,4,46.13125412240624
U0051,P0478,0.0,1.0,1.0,1.0,1.0,4.06,6.841615476477592,0.877,0.246,150,4,41.4727216625974
U0051,P0479,0.0,1.0,0.0,0.0,1.0,4.25,6.049733455231958,0.532,0.229,90,4,11.523456753792923
U0051,P0480,0.0,1.0,1.0,0.0,1.0,4.36,6.037870919922137,0.555,0.061,90,4,38.42483260272132
U0051,P0491,0.0,1.0,1.0,1.0,1.0,4.45,6.0112671744041615,0.433,0.251,120,4,8.701735932227527
U0051,P0498,0.0,1.0,1.0,1.0,1.0,3.65,5.1647859739235145,0.582,0.624,90,4,13.609465442527574
U0052,P0001,0.5,0.33299999999999996,0.6,1.0,1.0,4.32,5.337538079701318,0.32,0.667,30,2,16.09017075678593
U0052,P0010,0.5,0.5589999999999999,0.6,1.0,1.0,3.69,3.8066624897703196,0.479,0.441,180,2,18.04690080828861
U0052,P0011,0.0,0.132,0.6,1.0,1.0,4.76,5.231108616854587,0.371,0.868,45,2,11.441731183648702
U0052,P0012,0.5,0.20499999999999996,0.6,1.0,1.0,4.13,3.8066624897703196,0.301,0.795,90,2,5.257709486420107
U0052,P0017,0.0,0.43200000000000005,0.6,0.0,1.0,4.09,4.23410650459726,0.428,0.568,90,2,17.713354859935173
U0052,P0019,0.5,0.17000000000000004,0.6,1.0,1.0,4.19,3.1780538303479458,0.525,0.83,180,2,5.059296492495724
U0052,P0020,0.0,0.383,1.0,1.0,1.0,3.5,5.736572297479192,0.643,0.617,30,2,11.02581463033456
U0052,P0036,0.5,0.808,0.6,1.0,1.0,4.26,7.346010209913293,0.95,0.192,30,2,8.242107658170017
U0052,P0037,0.0,0.856,0.6,0.0,1.0,4.08,7.3777589082278725,1.0,0.144,120,2,7.020676857888355
U0052,P0046,0.5,0.29200000000000004,0.2,1.0,1.0,4.14,6.663132695990803,0.812,0.708,90,2,5.0840248401507475
U0052,P0050,0.0,0.21299999999999997,0.2,0.0,1.0,4.1,5.220355825078324,0.486,0.787,150,2,4.9293251630621535
U0052,P0053,0.0,0.37,1.0,1.0,1.0,4.03,5.986452005284438,0.418,0.63,45,2,16.002311116914182
U0052,P0058,0.5,0.515,0.6,1.0,1.0,4.01,5.863631175598097,0.535,0.485,120,2,6.00967964394467
U0052,P0064,0.5,0.845,0.6,1.0,1.0,3.65,4.8283137373023015,0.408,0.155,90,2,12.702218347007145
U0052,P0077,0.0,0.9319999999999999,1.0,0.0,1.0,3.79,5.780743515792329,0.656,0.068,90,2,1.2890820551788604
U0052,P0080,0.0,0.27,1.0,1.0,1.0,3.56,6.289715570908998,0.705,0.73,45,2,1.1827430857827947
U0052,P0086,0.5,0.344,1.0,0.0,1.0,3.7,4.5217885770490405,0.474,0.656,120,2,8.982793046132421
U0052,P0087,0.0,0.831,0.2,1.0,1.0,4.07,5.910796644040527,0.392,0.169,90,2,12.557487028600708
U0052,P0104,0.0,0.5549999999999999,1.0,1.0,1.0,4.33,6.118097198041348,0.635,0.445,45,2,13.840902659008451
U0052,P0110,0.0,0.663,1.0,1.0,1.0,3.88,5.598421958998375,0.397,0.337,150,2,15.22619407048568
U0052,P0119,0.0,0.07699999999999996,0.6,0.0,1.0,3.19,5.726847747587197,0.593,0.923,150,2,9.719869226426312
U0052,P0129,0.5,0.07499999999999996,0.6,1.0,1.0,4.67,4.653960350157523,0.551,0.925,120,2,12.597407351489561
U0052,P0137,0.0,0.643,0.6,1.0,1.0,4.62,5.5134287461649825,0.627,0.357,180,2,1.4964471812300413
U0052,P0140,0.0,0.355,1.0,1.0,1.0,4.13,5.043425116919247,0.467,0.645,45,2,5.5301142959540694
U0052,P0141,0.5,0.33399999999999996,1.0,1.0,1.0,4.15,6.295266001439646,0.507,0.666,60,2,10.175718811404646
U0052,P0143,0.0,0.942,1.0,1.0,1.0,5.0,3.1780538303479458,0.308,0.058,180,2,15.727018376210019
U0052,P0156,0.5,0.785,0.2,0.0,1.0,4.0,6.818924065275521,0.86,0.215,60,2,7.348280537764243
U0052,P0158,0.5,0.479,0.2,1.0,1.0,4.69,5.5254529391317835,0.362,0.521,90,2,12.976684606919969
U0052,P0166,0.0,0.43100000000000005,0.2,1.0,1.0,4.09,4.430816798843313,0.377,0.569,150,2,17.07028352289163
U0052,P0169,0.5,0.02200000000000002,0.2,1.0,1.0,3.73,5.117993812416755,0.411,0.978,60,2,6.117262577834474
U0052,P0172,0.0,0.7050000000000001,0.2,0.0,1.0,4.21,4.897839799950911,0.419,0.295,150,2,10.873144764109218
U0052,P0184,0.5,0.44299999999999995,0.2,1.0,1.0,4.2,5.517452896464707,0.367,0.557,90,2,11.52418567839502
U0052,P0187,0.0,0.8049999999999999,0.2,1.0,1.0,4.75,6.651571873589727,0.602,0.195,30,2,9.033246051194444
U0052,P0193,0.0,0.898,1.0,0.0,1.0,3.76,5.683579767338681,0.552,0.102,150,2,5.880131067346733
U0052,P0196,0.5,0.764,0.2,1.0,1.0,3.7,6.091309882077698,0.697,0.236,90,2,18.419458017872465
U0052,P0206,0.0,0.28200000000000003,0.2,1.0,1.0,4.42,4.1588830833596715,0.469,0.718,45,2,15.78538429737173
U0052,P0212,0.0,0.33699999999999997,1.0,1.0,1.0,3.99,6.666956792429207,0.86,0.663,90,2,1.2777689127942053
U0052,P0238,0.0,0.133,1.0,1.0,1.0,4.84,5.204006687076795,0.479,0.867,45,2,16.584047753994337
U0052,P0248,0.5,0.43799999999999994,0.6,1.0,1.0,4.79,6.148468295917647,0.759,0.562,120,2,13.552040754059568
U0052,P0251,0.0,0.050000000000000044,0.2,1.0,1.0,4.52,7.791522819150732,1.0,0.95,45,2,3.989762810902077
U0052,P0252,0.0,0.651,0.6,1.0,1.0,3.47,6.175867270105761,0.566,0.349,150,2,5.048670806940412
U0052,P0254,0.0,0.17900000000000005,0.2,1.0,1.0,3.83,4.465908118654584,0.391,0.821,45,2,14.460553198966366
U0052,P0260,0.0,0.28600000000000003,0.6,1.0,1.0,4.14,6.401917196727186,0.669,0.714,180,2,11.251838312635284
U0052,P0263,0.0,0.121,0.6,1.0,1.0,3.76,3.367295829986474,0.32,0.879,90,2,4.208338604278335
U0052,P0272,0.5,0.53,0.6,1.0,1.0,4.34,7.2305631534092925,1.0,0.47,30,2,17.46046810039594
U0052,P0275,0.5,0.11099999999999999,1.0,0.0,1.0,4.27,4.77912349311153,0.591,0.889,120,2,1.611277052680633
U0052,P0280,0.0,0.05900000000000005,0.6,0.0,1.0,4.28,4.997212273764115,0.537,0.941,120,2,15.196313792138623
U0052,P0281,0.0,0.22899999999999998,0.2,1.0,1.0,4.23,7.990576881743923,1.0,0.771,30,2,3.1140646996858266
U0052,P0291,0.5,0.522,0.6,1.0,1.0,4.25,5.003946305945459,0.58,0.478,180,2,3.7252063933366855
U0052,P0296,0.5,0.791,0.6,1.0,1.0,4.13,4.927253685157205,0.342,0.209,150,2,2.47058338591129
U0052,P0302,0.0,0.5660000000000001,0.6,1.0,1.0,4.49,7.126890808898808,1.0,0.434,90,2,17.26490876478845
U0052,P0303,0.0,0.513,0.6,1.0,1.0,4.29,7.752335163302292,1.0,0.487,150,2,14.88233740211955
U0052,P0307,0.0,0.8160000000000001,0.6,1.0,1.0,4.23,4.1588830833596715,0.352,0.184,180,2,18.56691072841048
U0052,P0317,0.5,0.898,1.0,1.0,1.0,4.03,4.990432586778736,0.512,0.102,120,2,7.1681492950981225
U0052,P0318,0.0,0.399,0.6,0.0,1.0,3.64,3.5263605246161616,0.245,0.601,60,2,14.669123841745286
U0052,P0320,0.0,0.928,0.2,0.0,1.0,3.52,3.9512437185814275,0.257,0.072,30,2,16.38457525029526
U0052,P0324,0.5,0.31599999999999995,1.0,0.0,1.0,2.89,5.438079308923196,0.474,0.684,60,2,4.142334079230423
U0052,P0326,0.5,0.938,0.2,1.0,1.0,4.93,6.852242569051878,0.99,0.062,60,2,6.850690106790048
U0052,P0328,0.0,0.15700000000000003,0.6,0.0,1.0,5.0,5.572154032177765,0.438,0.843,180,2,17.228815723966527
U0052,P0330,0.0,0.795,0.2,1.0,1.0,4.19,5.327876168789581,0.598,0.205,45,2,6.62167517759145
U0052,P0332,0.0,0.04500000000000004,0.6,1.0,1.0,4.09,4.852030263919617,0.297,0.955,45,2,17.31760832441883
U0052,P0335,0.0,0.05500000000000005,0.6,0.0,1.0,2.91,6.810142450115136,0.759,0.945,45,2,15.904155082371917
U0052,P0338,0.0,0.05800000000000005,0.6,0.0,1.0,3.47,4.574710978503383,0.318,0.942,180,2,16.712299694431355
U0052,P0339,0.0,0.14800000000000002,0.6,1.0,1.0,3.6,7.602900462204755,1.0,0.852,30,2,8.981268186576978
U0052,P0345,0.0,0.644,0.6,1.0,1.0,4.42,6.035481432524756,0.502,0.356,150,2,16.579854213413363
U0052,P0346,0.0,0.405,0.6,1.0,1.0,3.94,6.891625897052253,0.71,0.595,150,2,7.166976515887137
U0052,P0351,0.0,0.45399999999999996,0.6,0.0,1.0,3.86,6.759255270663693,0.911,0.546,150,2,5.5814075612422975
U0052,P0358,0.0,0.44999999999999996,0.6,1.0,1.0,4.08,6.824373670043086,0.828,0.55,45,2,12.298080936852605
U0052,P0359,0.0,0.77,0.6,1.0,1.0,4.15,5.683579767338681,0.385,0.23,180,2,13.863660609234845
U0052,P0361,0.5,0.10199999999999998,0.2,1.0,1.0,4.24,3.4657359027997265,0.315,0.898,120,2,17.25131904076913
U0052,P0367,0.0,0.484,0.6,1.0,1.0,4.28,3.4657359027997265,0.364,0.516,90,2,14.95320624096897
U0052,P0369,0.0,0.15100000000000002,0.6,0.0,1.0,4.22,6.679599185844383,0.722,0.849,180,2,2.3321715366624978
U0052,P0371,0.0,0.839,0.6,1.0,1.0,3.27,3.970291913552122,0.261,0.161,30,2,10.503368579625079
U0052,P0374,0.0,0.65,0.2,1.0,1.0,4.18,4.59511985013459,0.424,0.35,90,2,15.645657674860312
U0052,P0380,0.0,0.819,0.6,0.0,1.0,3.71,6.342121418721152,0.567,0.181,150,2,10.260662431312205
U0052,P0388,0.5,0.41300000000000003,0.6,1.0,1.0,4.38,3.6375861597263857,0.236,0.587,120,2,4.8479528722110965
U0052,P0390,0.5,0.9319999999999999,0.6,1.0,1.0,4.07,6.246106765481563,0.77,0.068,120,2,5.560455625725439
U0052,P0391,0.0,0.587,0.2,1.0,1.0,4.18,3.912023005428146,0.403,0.413,30,2,11.972964724823026
U0052,P0392,0.5,0.646,0.6,1.0,1.0,4.27,6.234410725718371,0.68,0.354,30,2,16.449687129343392
U0052,P0395,0.0,0.261,1.0,0.0,1.0,4.07,3.5263605246161616,0.234,0.739,150,2,5.682313306974445
U0052,P0399,0.0,0.45299999999999996,0.2,1.0,1.0,4.08,6.318968113746434,0.659,0.547,150,2,16.867890909446135
U0052,P0400,0.0,0.737,1.0,0.0,1.0,4.11,5.537334267018537,0.362,0.263,120,2,17.966081238033762
U0052,P0403,0.0,0.14300000000000002,0.2,1.0,1.0,3.9,5.1298987149230735,0.376,0.857,150,2,2.574661627177325
U0052,P0405,0.5,0.654,1.0,1.0,1.0,4.67,4.430816798843313,0.395,0.346,90,2,12.991104938711294
U0052,P0424,0.0,0.804,0.2,1.0,1.0,4.23,8.446556111816797,1.0,0.196,30,2,14.69167261102209
U0052,P0426,0.0,0.062000000000000055,0.6,1.0,1.0,3.82,4.836281906951478,0.263,0.938,120,2,12.60891226237149
U0052,P0427,0.0,0.599,1.0,1.0,1.0,3.81,6.927557906278317,0.653,0.401,45,2,16.538287857706635
U0052,P0438,0.5,0.554,1.0,1.0,1.0,4.09,7.653494909661253,1.0,0.446,45,2,8.099914146986038
U0052,P0441,0.0,0.5900000000000001,0.6,1.0,1.0,5.0,4.867534450455582,0.426,0.41,150,2,9.437007218140133
U0052,P0447,0.0,0.475,0.2,0.0,1.0,4.58,6.903747257584598,0.815,0.525,120,2,8.276174473170238
U0052,P0452,0.5,0.839,0.6,1.0,1.0,4.11,7.034387929915503,1.0,0.161,150,2,11.282886448753832
U0052,P0455,0.0,0.20599999999999996,0.6,1.0,1.0,4.39,8.096208271650037,1.0,0.794,150,2,19.065749785226515
U0052,P0462,0.0,0.44399999999999995,0.6,1.0,1.0,4.16,4.663439094112067,0.492,0.556,150,2,18.568131482188992
U0052,P0463,0.0,0.04500000000000004,0.6,1.0,1.0,4.64,3.6888794541139363,0.486,0.955,180,2,1.836617342057536
U0052,P0484,0.5,0.698,1.0,1.0,1.0,3.8,7.661527081358517,1.0,0.302,60,2,10.30160828488652
U0052,P0488,0.0,0.22299999999999998,0.6,1.0,1.0,3.9,3.258096538021482,0.334,0.777,30,2,19.84750121253804
U0052,P0495,0.5,0.78,0.6,1.0,1.0,4.0,5.53338948872752,0.423,0.22,60,2,8.474045678744137
U0052,P0497,0.0,0.581,0.2,1.0,1.0,3.99,4.68213122712422,0.302,0.419,30,2,12.456925646253518
U0052,P0499,0.0,0.5,1.0,1.0,1.0,4.91,6.269096283706261,0.682,0.5,120,2,19.5546231877849
U0052,P0500,0.0,0.16100000000000003,0.6,1.0,1.0,3.84,6.18826412308259,0.439,0.839,180,2,15.461340113206807
U0053,P0013,0.0,0.0,1.0,1.0,1.0,3.86,5.634789603169249,0.339,0.532,120,3,19.560579996223666
U0053,P0018,0.3333333333333333,0.0,0.6,1.0,1.0,4.47,4.04305126783455,0.482,0.204,60,3,16.240499319610606
U0053,P0021,0.3333333333333333,0.0,0.6,1.0,1.0,4.43,5.707110264748875,0.484,0.335,30,3,14.369262938112264
U0053,P0024,0.0,0.0,0.6,1.0,1.0,3.89,6.769641976852503,0.648,0.177,150,3,14.50545671678788
U0053,P0025,0.0,0.0,1.0,1.0,1.0,4.25,3.4011973816621555,0.494,0.273,120,3,9.58154810054982
U0053,P0027,0.0,0.0,1.0,1.0,1.0,3.8,6.234410725718371,0.572,0.848,30,3,13.602194450840882
U0053,P0028,0.0,0.0,0.6,0.0,1.0,4.56,6.618738983517219,0.679,0.84,90,3,13.946135165666993
U0053,P0029,0.0,0.0,0.6,1.0,1.0,3.72,5.1298987149230735,0.331,0.257,30,3,13.032979591937854
U0053,P0042,0.3333333333333333,0.0,0.6,0.0,1.0,4.77,4.882801922586371,0.316,0.243,120,3,20.1410982382984
U0053,P0044,0.0,0.0,0.2,0.0,1.0,4.51,5.8971538676367405,0.486,0.319,180,3,14.207706598730585
U0053,P0055,0.3333333333333333,0.0,0.6,0.0,1.0,4.22,5.4116460518550396,0.467,0.663,45,3,12.320860233077385
U0053,P0059,0.0,0.0,0.6,1.0,1.0,4.08,4.110873864173311,0.254,0.625,60,3,2.4584515546921675
U0053,P0061,0.3333333333333333,0.0,1.0,1.0,1.0,4.46,4.418840607796598,0.566,0.148,180,3,4.7536640266089805
U0053,P0070,0.0,0.0,0.6,0.0,1.0,4.47,4.02535169073515,0.424,0.13,30,3,7.996259144372639
U0053,P0073,0.0,1.0,0.6,1.0,1.0,4.22,6.439350371100098,0.572,0.563,45,3,16.134614733832073
U0053,P0075,0.3333333333333333,1.0,0.6,1.0,1.0,4.33,5.857933154483459,0.712,0.88,180,3,0.3619727902491738
U0053,P0082,0.0,0.0,0.6,1.0,1.0,4.62,4.5217885770490405,0.401,0.831,180,3,9.466854975807403
U0053,P0085,0.3333333333333333,0.0,0.6,1.0,1.0,3.99,4.605170185988092,0.419,0.631,90,3,7.1339841888342
U0053,P0088,0.0,0.0,0.2,1.0,1.0,4.22,6.493753839851686,0.689,0.944,60,3,20.002508101547786
U0053,P0101,0.3333333333333333,0.0,0.2,1.0,1.0,4.26,6.173786103901937,0.432,0.519,120,3,12.204141121562971
U0053,P0103,0.3333333333333333,0.0,0.6,1.0,1.0,3.48,4.382026634673881,0.292,0.671,180,3,10.78806370397509
U0053,P0108,0.0,0.0,0.6,0.0,1.0,3.96,6.411818267709897,0.819,0.98,90,3,10.53387518331761
U0053,P0111,0.3333333333333333,0.0,0.2,1.0,1.0,5.0,3.295836866004329,0.602,0.408,150,3,23.83946895055905
U0053,P0116,0.0,0.0,0.6,0.0,1.0,3.77,5.762051382780177,0.396,0.685,120,3,18.329011989914097
U0053,P0124,0.0,0.0,0.6,1.0,1.0,3.89,4.718498871295094,0.293,0.335,60,3,11.029507977539842
U0053,P0127,0.3333333333333333,1.0,0.6,0.0,1.0,5.0,6.739336627357174,0.679,0.12,60,3,9.682247514373508
U0053,P0134,0.3333333333333333,0.0,1.0,1.0,1.0,4.83,3.784189633918261,0.31,0.18,60,3,4.357084174908406
U0053,P0135,0.0,0.0,0.2,1.0,1.0,3.9,5.659482215759621,0.602,0.484,45,3,4.132514750914695
U0053,P0139,0.0,0.0,1.0,0.0,1.0,4.19,4.787491742782046,0.506,0.746,60,3,10.343614539437082
U0053,P0147,0.0,0.0,1.0,0.0,1.0,3.83,6.520621127558696,0.524,0.667,45,3,1.2892380277187756
U0053,P0148,0.3333333333333333,1.0,0.2,1.0,1.0,4.26,4.672828834461906,0.369,0.522,150,3,18.39598082505971
U0053,P0173,0.0,0.0,0.6,1.0,1.0,3.89,5.780743515792329,0.392,0.559,120,3,6.407147361269587
U0053,P0176,0.0,1.0,0.6,0.0,1.0,4.24,7.271008538280992,0.926,0.719,180,3,14.131637921544097
U0053,P0177,0.0,0.0,1.0,1.0,1.0,4.49,5.308267697401205,0.435,0.097,180,3,10.472280567044962
U0053,P0179,0.0,1.0,1.0,1.0,1.0,4.09,5.159055299214529,0.479,0.313,120,3,14.280272764599934
U0053,P0183,0.3333333333333333,0.0,0.6,1.0,1.0,4.41,5.0238805208462765,0.634,0.366,90,3,22.593633502812235
U0053,P0188,0.3333333333333333,0.0,1.0,0.0,1.0,5.0,4.584967478670572,0.334,0.974,30,3,4.7090041743420015
U0053,P0190,0.3333333333333333,0.0,1.0,0.0,1.0,5.0,4.532599493153256,0.572,0.059,60,3,16.565749428958807
U0053,P0194,0.3333333333333333,0.0,0.6,1.0,1.0,4.25,7.751475318021456,1.0,0.524,45,3,8.366716323495043
U0053,P0195,0.0,0.0,0.6,0.0,1.0,4.53,4.812184355372417,0.614,0.62,60,3,19.32365878995744
U0053,P0210,0.3333333333333333,0.0,0.2,1.0,1.0,4.63,5.583496308781699,0.649,0.143,120,3,16.285515169560878
U0053,P0217,0.3333333333333333,0.0,0.6,1.0,1.0,3.98,6.361302477572996,0.586,0.507,150,3,19.92898767254581
U0053,P0223,0.0,0.0,0.6,0.0,1.0,3.51,6.304448802421981,0.679,0.145,180,3,9.986755804163444
U0053,P0231,0.3333333333333333,0.0,0.2,0.0,1.0,4.98,5.545177444479562,0.548,0.787,90,3,17.488902675452902
U0053,P0233,0.0,0.0,0.6,1.0,1.0,4.05,5.236441962829949,0.487,0.863,120,3,10.352760022964024
U0053,P0237,0.3333333333333333,0.0,0.2,1.0,1.0,3.42,7.140453043101158,0.812,0.075,90,3,15.536890060755747
U0053,P0239,0.3333333333333333,0.0,1.0,1.0,1.0,4.36,5.87493073085203,0.696,0.338,90,3,21.770864180959016
U0053,P0241,0.0,0.0,1.0,1.0,1.0,4.04,4.356708826689592,0.381,0.48,180,3,14.32079304648234
U0053,P0243,0.0,1.0,1.0,0.0,1.0,3.76,3.8066624897703196,0.479,0.837,30,3,17.319872278209605
U0053,P0244,0.0,0.0,0.6,0.0,1.0,3.81,4.204692619390966,0.356,0.545,60,3,17.386865513271474
U0053,P0253,0.0,0.0,1.0,1.0,1.0,3.81,4.919980925828125,0.378,0.065,90,3,2.036601084224938
U0053,P0256,0.0,0.0,1.0,1.0,1.0,4.22,5.442417710521793,0.498,0.745,60,3,12.835187766654453
U0053,P0258,0.3333333333333333,1.0,0.6,1.0,1.0,3.84,6.406879986069314,0.577,0.355,120,3,9.14802138896498
U0053,P0267,0.0,0.0,1.0,0.0,1.0,4.07,4.060443010546419,0.562,0.874,45,3,21.45002824799153
U0053,P0268,0.3333333333333333,1.0,0.2,1.0,1.0,3.81,5.560681631015528,0.489,0.985,90,3,19.12880821433034
U0053,P0270,0.0,0.0,1.0,1.0,1.0,4.55,4.812184355372417,0.525,0.652,150,3,14.484801271767237
U0053,P0274,0.0,1.0,0.2,1.0,1.0,4.36,5.2574953720277815,0.406,0.249,45,3,21.063123239728274
U0053,P0288,0.0,0.0,1.0,1.0,1.0,4.47,2.8903717578961645,0.368,0.805,120,3,20.447321033762798
U0053,P0290,0.0,0.0,0.6,0.0,1.0,3.43,6.873163834212518,0.654,0.687,120,3,5.322870978911733
U0053,P0293,0.3333333333333333,0.0,1.0,1.0,1.0,4.18,5.799092654460526,0.544,0.45,30,3,14.31675164971514
U0053,P0298,0.3333333333333333,0.0,0.6,0.0,1.0,4.57,4.890349128221754,0.47,0.061,150,3,15.404457587715834
U0053,P0299,0.0,1.0,0.2,1.0,1.0,3.98,4.330733340286331,0.253,0.864,120,3,10.310407034904763
U0053,P0305,0.3333333333333333,0.0,0.2,1.0,1.0,3.3,7.295735072749282,0.946,0.485,150,3,14.209465038533569
U0053,P0309,0.3333333333333333,0.0,0.2,0.0,1.0,4.15,6.371611847231857,0.679,0.38,150,3,19.976219525706078
U0053,P0321,0.0,1.0,0.6,0.0,1.0,3.95,7.503289630675082,1.0,0.512,120,3,7.969779060143366
U0053,P0322,0.3333333333333333,0.0,1.0,1.0,1.0,3.98,3.713572066704308,0.486,0.203,30,3,11.324930677377417
U0053,P0331,0.0,1.0,0.6,0.0,1.0,3.84,4.844187086458591,0.516,0.81,120,3,12.712136252782987
U0053,P0333,0.0,0.0,1.0,1.0,1.0,3.78,5.631211781821365,0.556,0.339,45,3,23.19606371790829
U0053,P0337,0.3333333333333333,0.0,0.6,0.0,1.0,3.95,5.056245805348308,0.307,0.719,60,3,14.638580734544213
U0053,P0342,0.3333333333333333,0.0,0.2,1.0,1.0,3.86,6.089044875446846,0.525,0.867,60,3,4.732547441789435
U0053,P0343,0.0,0.0,0.6,1.0,1.0,3.55,6.3561076606958915,0.603,0.409,180,3,13.196150452030611
U0053,P0352,0.3333333333333333,0.0,0.6,1.0,1.0,3.78,3.828641396489095,0.537,0.292,45,3,7.185182736816071
U0053,P0353,0.0,1.0,0.6,1.0,1.0,3.4,6.2285110035911835,0.648,0.752,180,3,12.625505514269605
U0053,P0356,0.0,0.0,0.6,0.0,1.0,4.19,5.384495062789089,0.527,0.839,60,3,12.391950956091891
U0053,P0364,0.3333333333333333,0.0,0.6,1.0,1.0,4.11,5.918893854273146,0.416,0.309,30,3,22.029071070850627
U0053,P0366,0.0,0.0,1.0,1.0,1.0,4.19,4.330733340286331,0.575,0.808,150,3,9.673101807180016
U0053,P0372,0.0,0.0,0.2,1.0,1.0,3.82,5.53338948872752,0.348,0.075,30,3,14.669476490544122
U0053,P0375,0.0,0.0,0.2,1.0,1.0,3.82,3.828641396489095,0.268,0.914,150,3,13.508629851323452
U0053,P0381,0.0,0.0,1.0,1.0,1.0,3.84,5.648974238161206,0.43,0.659,180,3,9.963467731743517
U0053,P0386,0.3333333333333333,0.0,0.6,1.0,1.0,4.42,4.8283137373023015,0.5,0.171,90,3,21.897764241125106
U0053,P0389,0.3333333333333333,0.0,0.2,1.0,1.0,3.77,5.204006687076795,0.55,0.96,150,3,6.434083402567103
U0053,P0398,0.0,1.0,1.0,0.0,1.0,3.61,6.763884908562435,0.637,0.085,180,3,13.422169450634447
U0053,P0402,0.0,0.0,1.0,1.0,1.0,4.14,4.948759890378168,0.452,0.6,45,3,11.769998346176013
U0053,P0412,0.0,0.0,1.0,0.0,1.0,5.0,5.0689042022202315,0.525,0.426,150,3,13.139908798322942
U0053,P0413,0.3333333333333333,0.0,1.0,1.0,1.0,3.9,7.24422751560335,0.905,0.439,30,3,20.837929878101544
U0053,P0418,0.3333333333333333,1.0,1.0,1.0,1.0,4.08,5.783825182329737,0.382,0.239,30,3,21.014966670004537
U0053,P0421,0.0,0.0,0.6,1.0,1.0,4.08,6.309918278226516,0.666,0.485,180,3,9.25156497882254
U0053,P0422,0.0,0.0,0.6,0.0,1.0,3.59,5.961005339623274,0.498,0.36,180,3,15.033897963459008
U0053,P0428,0.3333333333333333,0.0,0.6,1.0,1.0,4.74,4.820281565605037,0.53,0.979,180,3,18.301377926268078
U0053,P0435,0.0,0.0,0.6,0.0,1.0,4.4,7.912423121473705,1.0,0.783,30,3,11.801847715718196
U0053,P0454,0.0,0.0,0.2,1.0,1.0,3.49,6.396929655216146,0.507,0.172,120,3,3.88739103302992
U0053,P0464,0.3333333333333333,0.0,1.0,1.0,1.0,3.85,5.953243334287785,0.534,0.34,60,3,12.419937710884115
U0053,P0465,0.0,0.0,0.2,1.0,1.0,4.8,5.424950017481403,0.464,0.131,150,3,10.598444585529604
U0053,P0466,0.3333333333333333,0.0,1.0,1.0,1.0,3.85,7.757478766584179,1.0,0.847,90,3,23.089086370028227
U0053,P0468,0.0,0.0,0.6,0.0,1.0,4.3,4.897839799950911,0.313,0.275,30,3,6.540538472462216
U0053,P0470,0.3333333333333333,0.0,0.6,0.0,1.0,4.21,4.8283137373023015,0.28,0.411,45,3,18.618550518161506
U0053,P0474,0.3333333333333333,1.0,0.6,0.0,1.0,3.41,4.672828834461906,0.439,0.801,30,3,24.125600944064505
U0053,P0481,0.0,0.0,1.0,1.0,1.0,4.39,7.095064377287131,0.812,0.371,150,3,8.335358092693344
U0053,P0496,0.3333333333333333,0.0,1.0,1.0,1.0,4.19,3.091042453358316,0.52,0.853,90,3,13.778169119305629
U0054,P0001,0.0,0.0,0.0,1.0,1.0,4.32,5.337538079701318,0.32,0.667,30,7,18.22431526440656
U0054,P0010,0.0,0.0,0.6,1.0,1.0,3.69,3.8066624897703196,0.479,0.441,180,7,18.43388072173209
U0054,P0011,0.0,0.0,0.0,1.0,1.0,4.76,5.231108616854587,0.371,0.868,45,7,17.967611662905423
U0054,P0012,0.0,0.0,0.0,1.0,1.0,4.13,3.8066624897703196,0.301,0.795,90,7,7.914629067424726
U0054,P0017,0.0,0.0,0.0,0.0,1.0,4.09,4.23410650459726,0.428,0.568,90,7,17.29051485783492
U0054,P0019,0.25,0.0,0.0,1.0,1.0,4.19,3.1780538303479458,0.525,0.83,180,7,11.805259775673038
U0054,P0020,0.0,1.0,0.2,1.0,1.0,3.5,5.736572297479192,0.643,0.617,30,7,5.732991585249144
U0054,P0036,0.0,0.0,0.0,1.0,1.0,4.26,7.346010209913293,0.95,0.192,30,7,10.58020361808035
U0054,P0037,0.0,1.0,0.0,0.0,1.0,4.08,7.3777589082278725,1.0,0.144,120,7,10.818614641749493
U0054,P0046,0.25,0.0,1.0,1.0,1.0,4.14,6.663132695990803,0.812,0.708,90,7,6.57375871430778
U0054,P0050,0.0,1.0,1.0,0.0,1.0,4.1,5.220355825078324,0.486,0.787,150,7,7.466027003996264
U0054,P0053,0.0,0.0,0.2,1.0,1.0,4.03,5.986452005284438,0.418,0.63,45,7,18.36179311999915
U0054,P0058,0.25,0.0,0.0,1.0,1.0,4.01,5.863631175598097,0.535,0.485,120,7,4.035938657583193
U0054,P0064,0.25,0.0,0.0,1.0,1.0,3.65,4.8283137373023015,0.408,0.155,90,7,18.93917960861113
U0054,P0077,0.5,1.0,0.2,0.0,1.0,3.79,5.780743515792329,0.656,0.068,90,7,8.253810896619074
U0054,P0080,0.5,1.0,0.2,1.0,1.0,3.56,6.289715570908998,0.705,0.73,45,7,7.206128105625005
U0054,P0086,0.25,0.0,0.2,0.0,1.0,3.7,4.5217885770490405,0.474,0.656,120,7,2.8874447803628907
U0054,P0087,0.0,1.0,1.0,1.0,1.0,4.07,5.910796644040527,0.392,0.169,90,7,11.912601973604431
U0054,P0104,0.5,0.0,0.2,1.0,1.0,4.33,6.118097198041348,0.635,0.445,45,7,10.631581342366095
U0054,P0110,0.0,0.0,0.2,1.0,1.0,3.88,5.598421958998375,0.397,0.337,150,7,16.846197914414894
U0054,P0119,0.0,0.0,0.0,0.0,1.0,3.19,5.726847747587197,0.593,0.923,150,7,10.547946495507226
U0054,P0129,0.25,0.0,0.0,1.0,1.0,4.67,4.653960350157523,0.551,0.925,120,7,8.812155055129555
U0054,P0137,0.0,1.0,0.6,1.0,1.0,4.62,5.5134287461649825,0.627,0.357,180,7,8.847468927295255
U0054,P0140,0.0,0.0,0.2,1.0,1.0,4.13,5.043425116919247,0.467,0.645,45,7,8.934124391140601
U0054,P0141,0.25,0.0,0.2,1.0,1.0,4.15,6.295266001439646,0.507,0.666,60,7,3.023713008155254
U0054,P0143,0.0,1.0,0.2,1.0,1.0,5.0,3.1780538303479458,0.308,0.058,180,7,11.187247247280501
U0054,P0156,0.25,0.0,1.0,0.0,1.0,4.0,6.818924065275521,0.86,0.215,60,7,14.117129838270408
U0054,P0158,0.0,0.0,1.0,1.0,1.0,4.69,5.5254529391317835,0.362,0.521,90,7,10.36114240186158
U0054,P0166,0.25,0.0,1.0,1.0,1.0,4.09,4.430816798843313,0.377,0.569,150,7,19.576661613585284
U0054,P0169,0.0,0.0,1.0,1.0,1.0,3.73,5.117993812416755,0.411,0.978,60,7,1.8831960131739327
U0054,P0172,0.5,0.0,1.0,0.0,1.0,4.21,4.897839799950911,0.419,0.295,150,7,18.044431561933088
U0054,P0184,0.0,0.0,1.0,1.0,1.0,4.2,5.517452896464707,0.367,0.557,90,7,7.652212102529011
U0054,P0187,0.5,1.0,1.0,1.0,1.0,4.75,6.651571873589727,0.602,0.195,30,7,7.582693214917389
U0054,P0193,0.0,1.0,0.2,0.0,1.0,3.76,5.683579767338681,0.552,0.102,150,7,5.243567254293724
U0054,P0196,0.25,0.0,1.0,1.0,1.0,3.7,6.091309882077698,0.697,0.236,90,7,17.628559262812935
U0054,P0206,0.25,0.0,1.0,1.0,1.0,4.42,4.1588830833596715,0.469,0.718,45,7,18.751202338997416
U0054,P0212,0.5,1.0,0.2,1.0,1.0,3.99,6.666956792429207,0.86,0.663,90,7,6.484525581186176
U0054,P0238,0.25,0.0,0.2,1.0,1.0,4.84,5.204006687076795,0.479,0.867,45,7,10.994546347678304
U0054,P0248,0.25,0.0,0.6,1.0,1.0,4.79,6.148468295917647,0.759,0.562,120,7,15.379689263187354
U0054,P0251,0.25,0.0,1.0,1.0,1.0,4.52,7.791522819150732,1.0,0.95,45,7,3.992355499676571
U0054,P0252,0.5,1.0,0.0,1.0,1.0,3.47,6.175867270105761,0.566,0.349,150,7,10.930991135588222
U0054,P0254,0.25,0.0,1.0,1.0,1.0,3.83,4.465908118654584,0.391,0.821,45,7,15.267267328018198
U0054,P0260,0.5,1.0,0.6,1.0,1.0,4.14,6.401917196727186,0.669,0.714,180,7,11.408113545928982
U0054,P0263,0.25,0.0,0.6,1.0,1.0,3.76,3.367295829986474,0.32,0.879,90,7,7.3370331066479215
U0054,P0272,0.25,0.0,0.0,1.0,1.0,4.34,7.2305631534092925,1.0,0.47,30,7,13.247288668057738
U0054,P0275,0.25,0.0,0.2,0.0,1.0,4.27,4.77912349311153,0.591,0.889,120,7,7.558556147057044
U0054,P0280,0.0,1.0,0.0,0.0,1.0,4.28,4.997212273764115,0.537,0.941,120,7,19.29297323032972
U0054,P0281,0.5,0.0,1.0,1.0,1.0,4.23,7.990576881743923,1.0,0.771,30,7,9.080453728418595
U0054,P0291,0.0,0.0,0.0,1.0,1.0,4.25,5.003946305945459,0.58,0.478,180,7,9.846302906931449
U0054,P0296,0.25,0.0,0.6,1.0,1.0,4.13,4.927253685157205,0.342,0.209,150,7,6.851328424134837
U0054,P0302,0.25,0.0,0.6,1.0,1.0,4.49,7.126890808898808,1.0,0.434,90,7,15.418737885674968
U0054,P0303,0.0,0.0,0.0,1.0,1.0,4.29,7.752335163302292,1.0,0.487,150,7,13.129750438638833
U0054,P0307,0.5,0.0,0.6,1.0,1.0,4.23,4.1588830833596715,0.352,0.184,180,7,19.131572155301548
U0054,P0317,0.25,0.0,0.2,1.0,1.0,4.03,4.990432586778736,0.512,0.102,120,7,14.38046853199628
U0054,P0318,0.0,0.0,0.6,0.0,1.0,3.64,3.5263605246161616,0.245,0.601,60,7,18.890837029871967
U0054,P0320,0.0,1.0,1.0,0.0,1.0,3.52,3.9512437185814275,0.257,0.072,30,7,15.755100377015223
U0054,P0324,0.0,0.0,0.2,0.0,1.0,2.89,5.438079308923196,0.474,0.684,60,7,8.534543169678214
U0054,P0326,0.25,0.0,1.0,1.0,1.0,4.93,6.852242569051878,0.99,0.062,60,7,2.270206434785879
U0054,P0328,0.0,0.0,0.6,0.0,1.0,5.0,5.572154032177765,0.438,0.843,180,7,14.116503962886352
U0054,P0330,0.5,1.0,1.0,1.0,1.0,4.19,5.327876168789581,0.598,0.205,45,7,1.3091700144540999
U0054,P0332,0.5,1.0,0.6,1.0,1.0,4.09,4.852030263919617,0.297,0.955,45,7,15.275437784220573
U0054,P0335,0.25,0.0,0.6,0.0,1.0,2.91,6.810142450115136,0.759,0.945,45,7,12.658411555034856
U0054,P0338,0.5,1.0,0.0,0.0,1.0,3.47,4.574710978503383,0.318,0.942,180,7,17.063324970845816
U0054,P0339,0.5,0.0,0.0,1.0,1.0,3.6,7.602900462204755,1.0,0.852,30,7,9.476016004822425
U0054,P0345,0.25,0.0,0.0,1.0,1.0,4.42,6.035481432524756,0.502,0.356,150,7,19.90529337558803
U0054,P0346,0.0,1.0,0.0,1.0,1.0,3.94,6.891625897052253,0.71,0.595,150,7,3.074268673600367
U0054,P0351,0.5,1.0,0.0,0.0,1.0,3.86,6.759255270663693,0.911,0.546,150,7,6.443304595139226
U0054,P0358,0.5,0.0,0.0,1.0,1.0,4.08,6.824373670043086,0.828,0.55,45,7,7.232395640293138
U0054,P0359,0.0,1.0,0.0,1.0,1.0,4.15,5.683579767338681,0.385,0.23,180,7,8.74652266319777
U0054,P0361,0.25,0.0,1.0,1.0,1.0,4.24,3.4657359027997265,0.315,0.898,120,7,11.71047274209354
U0054,P0367,0.0,0.0,0.6,1.0,1.0,4.28,3.4657359027997265,0.364,0.516,90,7,8.94317856743827
U0054,P0369,0.5,1.0,0.0,0.0,1.0,4.22,6.679599185844383,0.722,0.849,180,7,6.315373180658649
U0054,P0371,0.0,0.0,0.6,1.0,1.0,3.27,3.970291913552122,0.261,0.161,30,7,7.301245143761576
U0054,P0374,0.5,1.0,1.0,1.0,1.0,4.18,4.59511985013459,0.424,0.35,90,7,10.723974783649638
U0054,P0380,0.0,1.0,0.0,0.0,1.0,3.71,6.342121418721152,0.567,0.181,150,7,10.379480115440494
U0054,P0388,0.25,0.0,0.0,1.0,1.0,4.38,3.6375861597263857,0.236,0.587,120,7,11.622374068566305
U0054,P0390,0.25,0.0,0.6,1.0,1.0,4.07,6.246106765481563,0.77,0.068,120,7,2.802025046253748
U0054,P0391,0.25,0.0,1.0,1.0,1.0,4.18,3.912023005428146,0.403,0.413,30,7,8.78276924785642
U0054,P0392,0.25,0.0,0.0,1.0,1.0,4.27,6.234410725718371,0.68,0.354,30,7,17.176518000076616
U0054,P0395,0.5,0.0,0.2,0.0,1.0,4.07,3.5263605246161616,0.234,0.739,150,7,1.9322650071866743
U0054,P0399,0.0,1.0,1.0,1.0,1.0,4.08,6.318968113746434,0.659,0.547,150,7,17.23276641887118
U0054,P0400,0.25,0.0,0.2,0.0,1.0,4.11,5.537334267018537,0.362,0.263,120,7,16.62756605045269
U0054,P0403,0.0,0.0,1.0,1.0,1.0,3.9,5.1298987149230735,0.376,0.857,150,7,8.520702377853164
U0054,P0405,0.25,0.0,0.2,1.0,1.0,4.67,4.430816798843313,0.395,0.346,90,7,18.161991310180436
U0054,P0424,0.0,1.0,1.0,1.0,1.0,4.23,8.446556111816797,1.0,0.196,30,7,10.014888076264153
U0054,P0426,0.5,1.0,0.6,1.0,1.0,3.82,4.836281906951478,0.263,0.938,120,7,18.388066700986133
U0054,P0427,0.0,1.0,0.2,1.0,1.0,3.81,6.927557906278317,0.653,0.401,45,7,16.540813207678056
U0054,P0438,0.25,0.0,0.2,1.0,1.0,4.09,7.653494909661253,1.0,0.446,45,7,14.862810738923665
U0054,P0441,0.0,1.0,0.0,1.0,1.0,5.0,4.867534450455582,0.426,0.41,150,7,9.730319838516696
U0054,P0447,0.0,1.0,1.0,0.0,1.0,4.58,6.903747257584598,0.815,0.525,120,7,15.635799948537096
U0054,P0452,0.25,0.0,0.0,1.0,1.0,4.11,7.034387929915503,1.0,0.161,150,7,13.809374544884202
U0054,P0455,0.25,0.0,0.0,1.0,1.0,4.39,8.096208271650037,1.0,0.794,150,7,20.206638255250464
U0054,P0462,0.0,1.0,0.0,1.0,1.0,4.16,4.663439094112067,0.492,0.556,150,7,20.54970095850113
U0054,P0463,0.0,1.0,0.6,1.0,1.0,4.64,3.6888794541139363,0.486,0.955,180,7,5.6420571776694715
U0054,P0484,0.25,0.0,0.2,1.0,1.0,3.8,7.661527081358517,1.0,0.302,60,7,12.961391925134167
U0054,P0488,0.0,0.0,0.6,1.0,1.0,3.9,3.258096538021482,0.334,0.777,30,7,20.91007994114971
U0054,P0495,0.25,0.0,0.0,1.0,1.0,4.0,5.53338948872752,0.423,0.22,60,7,1.0979786917456507
U0054,P0497,0.0,0.0,1.0,1.0,1.0,3.99,4.68213122712422,0.302,0.419,30,7,7.113909572478282
U0054,P0499,0.25,0.0,0.2,1.0,1.0,4.91,6.269096283706261,0.682,0.5,120,7,20.25499044059854
U0054,P0500,0.0,0.0,0.0,1.0,1.0,3.84,6.18826412308259,0.439,0.839,180,7,17.45588341877222
U0055,P0003,0.0,1.0,0.2,1.0,0.0,3.99,5.220355825078324,0.514,0.481,180,7,34.509103299310375
U0055,P0007,0.5,0.0,0.6,1.0,1.0,4.21,3.2188758248682006,0.399,0.203,30,7,29.10860483900194
U0055,P0008,0.5,0.0,0.2,1.0,1.0,3.32,4.8283137373023015,0.252,0.572,90,7,27.012049844151715
U0055,P0014,0.0,1.0,0.6,1.0,0.0,3.58,5.953243334287785,0.582,0.426,120,7,15.163430350355032
U0055,P0016,0.5,0.0,0.6,0.0,0.0,3.83,7.723120092266331,1.0,0.53,120,7,32.58242061295597
U0055,P0026,0.0,1.0,0.6,1.0,0.0,4.25,5.043425116919247,0.424,0.781,120,7,29.72921676324746
U0055,P0031,0.0,0.0,0.6,1.0,0.0,3.88,5.278114659230517,0.57,0.464,30,7,11.224821657294676
U0055,P0032,0.5,0.0,1.0,1.0,1.0,3.6,4.07753744390572,0.515,0.858,45,7,12.744612592464014
U0055,P0039,0.0,0.0,0.2,1.0,1.0,4.14,5.14166355650266,0.304,0.168,180,7,36.182100032642644
U0055,P0047,0.0,1.0,0.6,0.0,0.0,3.78,5.111987788356544,0.484,0.719,60,7,7.439384588085471
U0055,P0052,0.5,0.0,0.2,0.0,0.0,3.95,4.543294782270004,0.403,0.969,30,7,26.312362964002553
U0055,P0060,0.0,0.0,0.2,1.0,0.0,4.61,6.403574197934815,0.611,0.137,60,7,30.114505566497208
U0055,P0065,0.5,0.0,1.0,1.0,1.0,4.14,4.897839799950911,0.598,0.459,180,7,21.569381455957455
U0055,P0066,0.0,0.0,0.6,1.0,1.0,3.4,5.583496308781699,0.612,0.325,180,7,24.67510047291114
U0055,P0068,0.0,0.0,1.0,1.0,0.0,3.69,7.360103972989152,0.96,0.491,120,7,17.096696755812015
U0055,P0069,0.5,0.0,1.0,1.0,1.0,3.75,5.117993812416755,0.44,0.662,60,7,41.708148154102076
U0055,P0072,0.0,1.0,0.6,0.0,0.0,3.38,5.723585101952381,0.515,0.687,30,7,25.005071311519377
U0055,P0076,0.0,1.0,0.6,1.0,1.0,4.21,5.916202062607435,0.663,0.995,60,7,39.285928450945235
U0055,P0078,0.0,1.0,0.6,1.0,0.0,4.23,4.6443908991413725,0.481,0.066,120,7,27.261619124573894
U0055,P0093,0.0,0.0,0.6,1.0,1.0,4.0,6.3578422665081,0.477,0.776,120,7,13.185473877939302
U0055,P0100,0.0,1.0,1.0,1.0,1.0,4.13,4.143134726391533,0.347,0.858,150,7,6.548563403454797
U0055,P0105,0.0,0.0,1.0,1.0,0.0,4.33,10.12330558042176,1.0,0.56,120,7,10.630676583022915
U0055,P0106,0.5,0.0,0.2,1.0,1.0,4.36,6.862757913051401,0.806,0.343,120,7,5.693712145960554
U0055,P0109,0.0,1.0,0.2,1.0,1.0,3.75,5.220355825078324,0.554,0.618,90,7,28.79377713205799
U0055,P0113,0.0,0.0,0.6,1.0,1.0,3.89,6.806829360392176,0.674,0.76,60,7,18.887953739284825
U0055,P0114,0.0,0.0,1.0,1.0,0.0,4.13,4.219507705176107,0.328,0.848,120,7,12.454202434186856
U0055,P0120,0.5,0.0,0.2,1.0,0.0,3.8,6.523562306149512,0.833,0.586,120,7,43.39586775082048
U0055,P0121,0.5,0.0,0.2,1.0,1.0,3.74,5.365976015021851,0.436,0.97,180,7,32.05288667418622
U0055,P0128,0.0,1.0,1.0,1.0,0.0,3.42,4.919980925828125,0.29,0.765,120,7,8.74005054922896
U0055,P0136,0.0,1.0,0.6,1.0,1.0,4.75,3.784189633918261,0.603,0.869,30,7,1.6644510712038776
U0055,P0138,0.5,0.0,0.6,1.0,0.0,3.66,6.056784013228625,0.462,0.599,150,7,22.46126276459977
U0055,P0145,0.5,0.0,0.6,1.0,1.0,4.23,4.7535901911063645,0.367,0.117,30,7,6.868285743132672
U0055,P0152,0.5,0.0,0.6,1.0,0.0,4.44,6.2324480165505225,0.8,0.056,180,7,28.611244241727487
U0055,P0154,0.0,1.0,0.2,1.0,1.0,4.67,4.795790545596741,0.495,0.349,30,7,11.815445403805361
U0055,P0157,0.0,0.0,0.2,1.0,1.0,4.47,6.476972362889683,0.806,0.662,45,7,11.464188617973536
U0055,P0160,0.0,0.0,1.0,1.0,0.0,4.25,5.3471075307174685,0.369,0.992,60,7,21.33384049506302
U0055,P0161,0.0,0.0,1.0,1.0,1.0,4.14,6.214608098422191,0.759,0.391,180,7,24.494736213785067
U0055,P0165,0.5,0.0,0.6,1.0,1.0,4.38,6.255750041753367,0.574,0.657,60,7,34.2137263067046
U0055,P0167,0.0,0.0,1.0,1.0,1.0,4.13,4.6913478822291435,0.346,0.57,30,7,11.81779349272263
U0055,P0168,0.5,0.0,1.0,1.0,0.0,4.54,5.327876168789581,0.391,0.678,45,7,14.291132068844249
U0055,P0186,0.5,0.0,0.6,1.0,0.0,4.11,6.09807428216624,0.737,0.747,180,7,10.097932666307171
U0055,P0198,0.0,1.0,0.6,1.0,1.0,4.63,4.941642422609304,0.637,0.815,150,7,32.67102077007508
U0055,P0199,0.5,0.0,1.0,1.0,1.0,3.33,7.1252830915107115,1.0,0.773,45,7,7.477812676286699
U0055,P0200,0.0,1.0,0.6,0.0,0.0,4.05,6.985641817639208,0.739,0.699,150,7,18.388076607301183
U0055,P0208,0.0,0.0,1.0,1.0,0.0,4.25,4.605170185988092,0.469,0.557,60,7,10.405090654835744
U0055,P0209,0.5,0.0,0.2,1.0,1.0,4.8,5.641907070938114,0.368,0.754,120,7,17.49826451862374
U0055,P0214,0.5,0.0,0.6,1.0,1.0,3.67,6.324358962381311,0.731,0.588,180,7,17.993460172037597
U0055,P0216,0.5,0.0,1.0,0.0,1.0,3.57,3.091042453358316,0.32,0.893,45,7,13.376494543326112
U0055,P0220,0.0,1.0,0.6,1.0,1.0,3.33,5.43372200355424,0.5,0.091,120,7,30.916974187052517
U0055,P0222,0.0,0.0,0.6,1.0,1.0,3.17,5.393627546352362,0.406,0.312,120,7,7.3047951846167845
U0055,P0225,0.0,0.0,0.2,1.0,1.0,3.87,4.23410650459726,0.498,0.05,120,7,18.27874584231679
U0055,P0227,0.0,0.0,0.2,0.0,0.0,3.66,6.1070228877422545,0.561,0.596,60,7,11.559962431061237
U0055,P0228,0.5,0.0,0.6,1.0,1.0,3.86,4.553876891600541,0.276,0.81,30,7,8.206336999627107
U0055,P0229,0.0,0.0,1.0,0.0,0.0,4.05,4.2626798770413155,0.358,0.524,120,7,39.03472413959377
U0055,P0232,0.5,0.0,0.2,1.0,1.0,3.79,5.75890177387728,0.446,0.632,120,7,38.458945076221724
U0055,P0249,0.5,0.0,0.2,1.0,1.0,3.63,5.272999558563747,0.561,0.592,45,7,23.981282867303108
U0055,P0250,0.5,0.0,0.6,1.0,1.0,3.71,3.8501476017100584,0.531,0.941,180,7,17.34505312518551
U0055,P0255,0.0,0.0,0.2,0.0,1.0,4.12,4.51085950651685,0.455,0.926,60,7,2.7384200228565927
U0055,P0257,0.0,1.0,0.2,1.0,1.0,3.99,4.418840607796598,0.403,0.785,150,7,12.471678066037517
U0055,P0261,0.0,0.0,0.2,1.0,0.0,3.35,6.152732694704104,0.515,0.27,60,7,32.77482269811222
U0055,P0269,0.0,0.0,0.6,1.0,1.0,3.71,5.043425116919247,0.358,0.158,30,7,25.92456356184166
U0055,P0271,0.0,1.0,0.6,1.0,1.0,4.48,4.1588830833596715,0.309,0.963,45,7,37.67902648142611
U0055,P0278,0.5,0.0,0.2,0.0,1.0,4.25,5.0106352940962555,0.352,0.372,150,7,18.6582906799623
U0055,P0279,0.0,1.0,1.0,1.0,0.0,3.88,4.983606621708336,0.404,0.337,90,7,7.7687817065539315
U0055,P0284,0.5,0.0,0.6,0.0,1.0,3.18,4.290459441148391,0.225,0.636,60,7,33.1835179189531
U0055,P0286,0.0,1.0,0.6,1.0,0.0,4.11,7.512071245835466,1.0,0.981,90,7,21.33046757984503
U0055,P0287,0.0,0.0,0.2,0.0,1.0,4.25,5.241747015059643,0.585,0.783,45,7,35.363832065942546
U0055,P0300,0.0,1.0,1.0,0.0,1.0,3.9,5.953243334287785,0.637,0.414,150,7,26.733980572507633
U0055,P0306,0.0,0.0,0.6,1.0,1.0,4.39,5.43372200355424,0.327,0.844,150,7,40.97627271825512
U0055,P0315,0.0,0.0,0.2,1.0,1.0,4.13,6.813444599510896,0.765,0.581,90,7,6.146959885812798
U0055,P0329,0.5,0.0,0.2,1.0,0.0,4.11,5.472270673671475,0.541,0.163,60,7,46.65634525870162
U0055,P0347,0.0,1.0,0.2,1.0,1.0,3.61,6.240275845170769,0.639,0.289,60,7,20.998572741473755
U0055,P0348,0.0,1.0,0.6,1.0,1.0,4.37,5.1298987149230735,0.388,0.489,150,7,14.890111420386196
U0055,P0365,0.0,0.0,1.0,1.0,0.0,3.86,4.574710978503383,0.475,0.357,150,7,37.427796503653354
U0055,P0368,0.0,1.0,0.6,1.0,0.0,4.56,6.068425588244111,0.516,0.462,120,7,4.986637835305477
U0055,P0379,0.0,1.0,0.6,1.0,1.0,4.32,5.723585101952381,0.62,0.856,90,7,6.8972556798169675
U0055,P0382,0.5,0.0,0.2,0.0,1.0,5.0,5.389071729816501,0.638,0.643,120,7,14.590623819213182
U0055,P0387,0.0,1.0,0.6,1.0,1.0,4.38,6.668228248417403,0.611,0.406,60,7,39.04845679466264
U0055,P0401,0.5,0.0,0.6,1.0,1.0,4.52,4.882801922586371,0.627,0.644,90,7,39.69554189470854
U0055,P0404,0.0,1.0,0.6,1.0,0.0,4.2,4.927253685157205,0.58,0.541,120,7,2.0157647666984593
U0055,P0411,0.0,0.0,0.6,1.0,1.0,3.87,7.191429330036379,0.864,0.888,30,7,22.858252793441704
U0055,P0434,0.0,1.0,0.2,1.0,1.0,4.23,5.902633333401366,0.492,0.526,150,7,24.453266744156405
U0055,P0440,0.0,1.0,1.0,1.0,1.0,4.09,6.926577033222725,0.673,0.764,45,7,42.30095412293353
U0055,P0446,0.0,1.0,1.0,0.0,0.0,4.47,6.1092475827643655,0.685,0.598,45,7,38.47519782246858
U0055,P0448,0.5,0.0,0.2,1.0,1.0,4.72,6.278521424165844,0.571,0.408,180,7,3.2343993812003404
U0055,P0451,0.0,1.0,0.6,0.0,1.0,4.27,5.030437921392435,0.345,0.646,30,7,16.958185494450454
U0055,P0453,0.0,0.0,0.6,1.0,1.0,4.19,5.556828061699537,0.46,0.913,150,7,11.83859320579135
U0055,P0458,0.0,1.0,0.2,1.0,1.0,4.06,5.8377304471659395,0.451,0.395,120,7,23.40921074021434
U0055,P0460,0.0,1.0,0.6,1.0,1.0,3.9,5.733341276897746,0.541,0.41,60,7,22.41005918521113
U0055,P0469,0.0,0.0,0.6,0.0,0.0,3.64,6.35088571671474,0.695,0.285,45,7,27.327519774727495
U0055,P0476,0.0,0.0,1.0,1.0,1.0,3.99,5.924255797414532,0.561,0.945,45,7,10.720052870437586
U0055,P0489,0.5,0.0,0.2,1.0,1.0,3.9,2.6390573296152584,0.509,0.951,30,7,25.965445442434405
U0055,P0490,0.5,0.0,0.6,1.0,0.0,3.39,6.413458957167357,0.584,0.85,30,7,33.70253123348799
U0056,P0001,0.3333333333333333,0.0,0.0,1.0,1.0,4.32,5.337538079701318,0.32,0.667,30,2,19.69897288291015
U0056,P0010,0.3333333333333333,0.0,0.6,1.0,1.0,3.69,3.8066624897703196,0.479,0.441,180,2,21.253220604559647
U0056,P0011,0.3333333333333333,0.0,0.0,1.0,1.0,4.76,5.231108616854587,0.371,0.868,45,2,15.06755400652885
U0056,P0012,0.3333333333333333,0.0,0.0,1.0,1.0,4.13,3.8066624897703196,0.301,0.795,90,2,1.7958441836888765
U0056,P0017,0.3333333333333333,0.0,0.0,0.0,1.0,4.09,4.23410650459726,0.428,0.568,90,2,20.666264225199555
U0056,P0019,0.0,0.0,0.0,1.0,1.0,4.19,3.1780538303479458,0.525,0.83,180,2,8.782081597284723
U0056,P0020,0.0,1.0,0.2,1.0,1.0,3.5,5.736572297479192,0.643,0.617,30,2,11.62731814350208
U0056,P0036,0.3333333333333333,0.0,0.0,1.0,1.0,4.26,7.346010209913293,0.95,0.192,30,2,11.67381520945608
U0056,P0037,0.0,1.0,0.0,0.0,1.0,4.08,7.3777589082278725,1.0,0.144,120,2,10.738638914576402
U0056,P0046,0.0,0.0,1.0,1.0,1.0,4.14,6.663132695990803,0.812,0.708,90,2,1.1810221084094885
U0056,P0050,0.0,1.0,1.0,0.0,1.0,4.1,5.220355825078324,0.486,0.787,150,2,8.083735851713717
U0056,P0053,0.3333333333333333,0.0,0.2,1.0,1.0,4.03,5.986452005284438,0.418,0.63,45,2,19.655095627288336
U0056,P0058,0.0,0.0,0.0,1.0,1.0,4.01,5.863631175598097,0.535,0.485,120,2,7.373359734904785
U0056,P0064,0.0,0.0,0.0,1.0,1.0,3.65,4.8283137373023015,0.408,0.155,90,2,16.419668582008878
U0056,P0077,0.3333333333333333,1.0,0.2,0.0,1.0,3.79,5.780743515792329,0.656,0.068,90,2,3.6400650194604
U0056,P0080,0.3333333333333333,1.0,0.2,1.0,1.0,3.56,6.289715570908998,0.705,0.73,45,2,4.8434900212577014
U0056,P0086,0.0,0.0,0.2,0.0,1.0,3.7,4.5217885770490405,0.474,0.656,120,2,8.985970052961495
U0056,P0087,0.0,1.0,1.0,1.0,1.0,4.07,5.910796644040527,0.392,0.169,90,2,15.285828988940962
U0056,P0104,0.3333333333333333,0.0,0.2,1.0,1.0,4.33,6.118097198041348,0.635,0.445,45,2,15.608426458931438
U0056,P0110,0.3333333333333333,0.0,0.2,1.0,1.0,3.88,5.598421958998375,0.397,0.337,150,2,18.706241026485305
U0056,P0119,0.3333333333333333,0.0,0.0,0.0,1.0,3.19,5.726847747587197,0.593,0.923,150,2,12.793503090065359
U0056,P0129,0.0,0.0,0.0,1.0,1.0,4.67,4.653960350157523,0.551,0.925,120,2,14.047046872895047
U0056,P0137,0.0,1.0,0.6,1.0,1.0,4.62,5.5134287461649825,0.627,0.357,180,2,5.015242793204003
U0056,P0140,0.3333333333333333,0.0,0.2,1.0,1.0,4.13,5.043425116919247,0.467,0.645,45,2,2.6370776723644473
U0056,P0141,0.0,0.0,0.2,1.0,1.0,4.15,6.295266001439646,0.507,0.666,60,2,9.443285069550381
U0056,P0143,0.0,1.0,0.2,1.0,1.0,5.0,3.1780538303479458,0.308,0.058,180,2,16.910602235325957
U0056,P0156,0.0,0.0,1.0,0.0,1.0,4.0,6.818924065275521,0.86,0.215,60,2,10.959349719049897
U0056,P0158,0.3333333333333333,0.0,1.0,1.0,1.0,4.69,5.5254529391317835,0.362,0.521,90,2,14.965110465392577
U0056,P0166,0.6666666666666666,0.0,1.0,1.0,1.0,4.09,4.430816798843313,0.377,0.569,150,2,20.763225879847518
U0056,P0169,0.3333333333333333,0.0,1.0,1.0,1.0,3.73,5.117993812416755,0.411,0.978,60,2,6.189134935281567
U0056,P0172,0.3333333333333333,0.0,1.0,0.0,1.0,4.21,4.897839799950911,0.419,0.295,150,2,13.982896971254691
U0056,P0184,0.3333333333333333,0.0,1.0,1.0,1.0,4.2,5.517452896464707,0.367,0.557,90,2,12.875327352853702
U0056,P0187,0.3333333333333333,1.0,1.0,1.0,1.0,4.75,6.651571873589727,0.602,0.195,30,2,11.22591141661902
U0056,P0193,0.0,1.0,0.2,0.0,1.0,3.76,5.683579767338681,0.552,0.102,150,2,7.874206784647566
U0056,P0196,0.0,0.0,1.0,1.0,1.0,3.7,6.091309882077698,0.697,0.236,90,2,21.264271799050455
U0056,P0206,0.6666666666666666,0.0,1.0,1.0,1.0,4.42,4.1588830833596715,0.469,0.718,45,2,19.542190984009917
U0056,P0212,0.3333333333333333,1.0,0.2,1.0,1.0,3.99,6.666956792429207,0.86,0.663,90,2,2.7217199599903634
U0056,P0238,0.6666666666666666,0.0,0.2,1.0,1.0,4.84,5.204006687076795,0.479,0.867,45,2,17.173924405572933
U0056,P0248,0.0,0.0,0.6,1.0,1.0,4.79,6.148468295917647,0.759,0.562,120,2,17.0472028138657
U0056,P0251,0.6666666666666666,0.0,1.0,1.0,1.0,4.52,7.791522819150732,1.0,0.95,45,2,2.576304777423997
U0056,P0252,0.3333333333333333,1.0,0.0,1.0,1.0,3.47,6.175867270105761,0.566,0.349,150,2,8.949376496945176
U0056,P0254,0.6666666666666666,0.0,1.0,1.0,1.0,3.83,4.465908118654584,0.391,0.821,45,2,17.71193885422004
U0056,P0260,0.3333333333333333,1.0,0.6,1.0,1.0,4.14,6.401917196727186,0.669,0.714,180,2,14.191740709327693
U0056,P0263,0.6666666666666666,0.0,0.6,1.0,1.0,3.76,3.367295829986474,0.32,0.879,90,2,0.9214539084959582
U0056,P0272,0.0,0.0,0.0,1.0,1.0,4.34,7.2305631534092925,1.0,0.47,30,2,18.853331136428285
U0056,P0275,0.0,0.0,0.2,0.0,1.0,4.27,4.77912349311153,0.591,0.889,120,2,5.367832152555033
U0056,P0280,0.0,1.0,0.0,0.0,1.0,4.28,4.997212273764115,0.537,0.941,120,2,19.07845419749548
U0056,P0281,0.3333333333333333,0.0,1.0,1.0,1.0,4.23,7.990576881743923,1.0,0.771,30,2,7.007876641697172
U0056,P0291,0.3333333333333333,0.0,0.0,1.0,1.0,4.25,5.003946305945459,0.58,0.478,180,2,7.627131639346733
U0056,P0296,0.0,0.0,0.6,1.0,1.0,4.13,4.927253685157205,0.342,0.209,150,2,1.4901238705133295
U0056,P0302,0.6666666666666666,0.0,0.6,1.0,1.0,4.49,7.126890808898808,1.0,0.434,90,2,19.70352305506881
U0056,P0303,0.3333333333333333,0.0,0.0,1.0,1.0,4.29,7.752335163302292,1.0,0.487,150,2,17.29173467467271
U0056,P0307,0.3333333333333333,0.0,0.6,1.0,1.0,4.23,4.1588830833596715,0.352,0.184,180,2,21.831757247703116
U0056,P0317,0.0,0.0,0.2,1.0,1.0,4.03,4.990432586778736,0.512,0.102,120,2,10.36035482888818
U0056,P0318,0.3333333333333333,0.0,0.6,0.0,1.0,3.64,3.5263605246161616,0.245,0.601,60,2,18.557087487735906
U0056,P0320,0.0,1.0,1.0,0.0,1.0,3.52,3.9512437185814275,0.257,0.072,30,2,19.24052390952684
U0056,P0324,0.3333333333333333,0.0,0.2,0.0,1.0,2.89,5.438079308923196,0.474,0.684,60,2,2.1378962034591744
U0056,P0326,0.0,0.0,1.0,1.0,1.0,4.93,6.852242569051878,0.99,0.062,60,2,4.78017606436024
U0056,P0328,0.3333333333333333,0.0,0.6,0.0,1.0,5.0,5.572154032177765,0.438,0.843,180,2,19.14169288338581
U0056,P0330,0.3333333333333333,1.0,1.0,1.0,1.0,4.19,5.327876168789581,0.598,0.205,45,2,6.389913293056745
U0056,P0332,0.3333333333333333,1.0,0.6,1.0,1.0,4.09,4.852030263919617,0.297,0.955,45,2,19.681044438312174
U0056,P0335,0.6666666666666666,0.0,0.6,0.0,1.0,2.91,6.810142450115136,0.759,0.945,45,2,17.72337576724571
U0056,P0338,0.3333333333333333,1.0,0.0,0.0,1.0,3.47,4.574710978503383,0.318,0.942,180,2,19.883604853171775
U0056,P0339,0.3333333333333333,0.0,0.0,1.0,1.0,3.6,7.602900462204755,1.0,0.852,30,2,11.894944879100748
U0056,P0345,0.6666666666666666,0.0,0.0,1.0,1.0,4.42,6.035481432524756,0.502,0.356,150,2,20.394459629668432
U0056,P0346,0.0,1.0,0.0,1.0,1.0,3.94,6.891625897052253,0.71,0.595,150,2,7.850262502544651
U0056,P0351,0.3333333333333333,1.0,0.0,0.0,1.0,3.86,6.759255270663693,0.911,0.546,150,2,1.6947817971802945
U0056,P0358,0.3333333333333333,0.0,0.0,1.0,1.0,4.08,6.824373670043086,0.828,0.55,45,2,13.086639624262803
U0056,P0359,0.0,1.0,0.0,1.0,1.0,4.15,5.683579767338681,0.385,0.23,180,2,14.679925062668493
U0056,P0361,0.0,0.0,1.0,1.0,1.0,4.24,3.4657359027997265,0.315,0.898,120,2,17.88227881330748
U0056,P0367,0.3333333333333333,0.0,0.6,1.0,1.0,4.28,3.4657359027997265,0.364,0.516,90,2,15.235026870334634
U0056,P0369,0.3333333333333333,1.0,0.0,0.0,1.0,4.22,6.679599185844383,0.722,0.849,180,2,5.327910162021706
U0056,P0371,0.3333333333333333,0.0,0.6,1.0,1.0,3.27,3.970291913552122,0.261,0.161,30,2,12.090550705836979
U0056,P0374,0.3333333333333333,1.0,1.0,1.0,1.0,4.18,4.59511985013459,0.424,0.35,90,2,16.619083591406945
U0056,P0380,0.0,1.0,0.0,0.0,1.0,3.71,6.342121418721152,0.567,0.181,150,2,13.134101814019703
U0056,P0388,0.0,0.0,0.0,1.0,1.0,4.38,3.6375861597263857,0.236,0.587,120,2,8.568225580786994
U0056,P0390,0.0,0.0,0.6,1.0,1.0,4.07,6.246106765481563,0.77,0.068,120,2,6.197694669123142
U0056,P0391,0.6666666666666666,0.0,1.0,1.0,1.0,4.18,3.912023005428146,0.403,0.413,30,2,13.662190525879353
U0056,P0392,0.0,0.0,0.0,1.0,1.0,4.27,6.234410725718371,0.68,0.354,30,2,19.722746625139834
U0056,P0395,0.3333333333333333,0.0,0.2,0.0,1.0,4.07,3.5263605246161616,0.234,0.739,150,2,5.609337442666542
U0056,P0399,0.0,1.0,1.0,1.0,1.0,4.08,6.318968113746434,0.659,0.547,150,2,20.046326778417118
U0056,P0400,0.6666666666666666,0.0,0.2,0.0,1.0,4.11,5.537334267018537,0.362,0.263,120,2,20.610040683664923
U0056,P0403,0.3333333333333333,0.0,1.0,1.0,1.0,3.9,5.1298987149230735,0.376,0.857,150,2,2.8632871548269034
U0056,P0405,0.0,0.0,0.2,1.0,1.0,4.67,4.430816798843313,0.395,0.346,90,2,16.88544513520974
U0056,P0424,0.0,1.0,1.0,1.0,1.0,4.23,8.446556111816797,1.0,0.196,30,2,15.774608205892141
U0056,P0426,0.3333333333333333,1.0,0.6,1.0,1.0,3.82,4.836281906951478,0.263,0.938,120,2,16.43945151926999
U0056,P0427,0.0,1.0,0.2,1.0,1.0,3.81,6.927557906278317,0.653,0.401,45,2,19.601247068529652
U0056,P0438,0.0,0.0,0.2,1.0,1.0,4.09,7.653494909661253,1.0,0.446,45,2,11.687679550040835
U0056,P0441,0.0,1.0,0.0,1.0,1.0,5.0,4.867534450455582,0.426,0.41,150,2,12.315678204706808
U0056,P0447,0.0,1.0,1.0,0.0,1.0,4.58,6.903747257584598,0.815,0.525,120,2,10.982281407707873
U0056,P0452,0.0,0.0,0.0,1.0,1.0,4.11,7.034387929915503,1.0,0.161,150,2,14.881394973925033
U0056,P0455,0.6666666666666666,0.0,0.0,1.0,1.0,4.39,8.096208271650037,1.0,0.794,150,2,22.489067736560962
U0056,P0462,0.0,1.0,0.0,1.0,1.0,4.16,4.663439094112067,0.492,0.556,150,2,22.17620052180005
U0056,P0463,0.0,1.0,0.6,1.0,1.0,4.64,3.6888794541139363,0.486,0.955,180,2,3.9291499088586845
U0056,P0484,0.0,0.0,0.2,1.0,1.0,3.8,7.661527081358517,1.0,0.302,60,2,13.900973548862918
U0056,P0488,0.3333333333333333,0.0,0.6,1.0,1.0,3.9,3.258096538021482,0.334,0.777,30,2,23.26116008113992
U0056,P0495,0.0,0.0,0.0,1.0,1.0,4.0,5.53338948872752,0.423,0.22,60,2,7.40198692647764
U0056,P0497,0.3333333333333333,0.0,1.0,1.0,1.0,3.99,4.68213122712422,0.302,0.419,30,2,13.09684606744302
U0056,P0499,0.6666666666666666,0.0,0.2,1.0,1.0,4.91,6.269096283706261,0.682,0.5,120,2,22.870748904712194
U0056,P0500,0.3333333333333333,0.0,0.0,1.0,1.0,3.84,6.18826412308259,0.439,0.839,180,2,19.03102282937251
U0057,P0003,0.3333333333333333,0.798,1.0,1.0,1.0,3.99,5.220355825078324,0.514,0.481,180,5,27.112633749757148
U0057,P0007,0.0,0.842,0.6,1.0,1.0,4.21,3.2188758248682006,0.399,0.203,30,5,23.781058827429945
U0057,P0008,0.3333333333333333,0.6639999999999999,1.0,1.0,1.0,3.32,4.8283137373023015,0.252,0.572,90,5,32.50490155944855
U0057,P0014,0.3333333333333333,0.716,0.0,1.0,1.0,3.58,5.953243334287785,0.582,0.426,120,5,23.86563557171325
U0057,P0016,0.0,0.766,0.6,0.0,1.0,3.83,7.723120092266331,1.0,0.53,120,5,20.170844474449645
U0057,P0026,0.3333333333333333,0.85,0.0,1.0,1.0,4.25,5.043425116919247,0.424,0.781,120,5,23.199745032456338
U0057,P0031,0.0,0.776,0.0,1.0,1.0,3.88,5.278114659230517,0.57,0.464,30,5,10.984140283940016
U0057,P0032,0.3333333333333333,0.72,0.2,1.0,1.0,3.6,4.07753744390572,0.515,0.858,45,5,15.590738929032469
U0057,P0039,0.3333333333333333,0.828,1.0,1.0,1.0,4.14,5.14166355650266,0.304,0.168,180,5,27.732603010753746
U0057,P0047,0.0,0.756,0.6,0.0,1.0,3.78,5.111987788356544,0.484,0.719,60,5,18.08099559772955
U0057,P0052,0.3333333333333333,0.79,1.0,0.0,1.0,3.95,4.543294782270004,0.403,0.969,30,5,13.734068667780212
U0057,P0060,0.3333333333333333,0.922,1.0,1.0,1.0,4.61,6.403574197934815,0.611,0.137,60,5,19.232322000351083
U0057,P0065,0.0,0.828,0.2,1.0,1.0,4.14,4.897839799950911,0.598,0.459,180,5,29.30588734279301
U0057,P0066,0.3333333333333333,0.6799999999999999,0.0,1.0,1.0,3.4,5.583496308781699,0.612,0.325,180,5,29.199034562103183
U0057,P0068,0.3333333333333333,0.738,0.2,1.0,1.0,3.69,7.360103972989152,0.96,0.491,120,5,25.548765000069622
U0057,P0069,0.3333333333333333,0.75,0.2,1.0,1.0,3.75,5.117993812416755,0.44,0.662,60,5,31.730876394418438
U0057,P0072,0.3333333333333333,0.6759999999999999,0.6,0.0,1.0,3.38,5.723585101952381,0.515,0.687,30,5,25.003102492348635
U0057,P0076,0.3333333333333333,0.842,0.6,1.0,1.0,4.21,5.916202062607435,0.663,0.995,60,5,30.399497262453256
U0057,P0078,0.0,0.8460000000000001,0.0,1.0,1.0,4.23,4.6443908991413725,0.481,0.066,120,5,14.696685117497164
U0057,P0093,0.0,0.8,0.0,1.0,1.0,4.0,6.3578422665081,0.477,0.776,120,5,20.99116533342295
U0057,P0100,0.3333333333333333,0.826,0.2,1.0,1.0,4.13,4.143134726391533,0.347,0.858,150,5,17.49134197531458
U0057,P0105,0.3333333333333333,0.866,0.2,1.0,1.0,4.33,10.12330558042176,1.0,0.56,120,5,5.1085273327744956
U0057,P0106,0.3333333333333333,0.8720000000000001,1.0,1.0,1.0,4.36,6.862757913051401,0.806,0.343,120,5,9.707108253385902
U0057,P0109,0.0,0.75,1.0,1.0,1.0,3.75,5.220355825078324,0.554,0.618,90,5,20.920372521879035
U0057,P0113,0.3333333333333333,0.778,0.0,1.0,1.0,3.89,6.806829360392176,0.674,0.76,60,5,19.18111634398653
U0057,P0114,0.3333333333333333,0.826,0.2,1.0,1.0,4.13,4.219507705176107,0.328,0.848,120,5,3.6308133029293015
U0057,P0120,0.3333333333333333,0.76,1.0,1.0,1.0,3.8,6.523562306149512,0.833,0.586,120,5,34.034401633863084
U0057,P0121,0.3333333333333333,0.748,1.0,1.0,1.0,3.74,5.365976015021851,0.436,0.97,180,5,19.50205867876971
U0057,P0128,0.0,0.6839999999999999,0.2,1.0,1.0,3.42,4.919980925828125,0.29,0.765,120,5,15.155981682185008
U0057,P0136,0.3333333333333333,0.95,0.6,1.0,1.0,4.75,3.784189633918261,0.603,0.869,30,5,13.949381852885983
U0057,P0138,0.0,0.732,0.6,1.0,1.0,3.66,6.056784013228625,0.462,0.599,150,5,24.70747636178335
U0057,P0145,0.0,0.8460000000000001,0.0,1.0,1.0,4.23,4.7535901911063645,0.367,0.117,30,5,6.011198947898562
U0057,P0152,0.3333333333333333,0.8880000000000001,0.0,1.0,1.0,4.44,6.2324480165505225,0.8,0.056,180,5,18.96126679479604
U0057,P0154,0.0,0.9339999999999999,1.0,1.0,1.0,4.67,4.795790545596741,0.495,0.349,30,5,15.519179340920509
U0057,P0157,0.3333333333333333,0.8939999999999999,1.0,1.0,1.0,4.47,6.476972362889683,0.806,0.662,45,5,17.362454841904775
U0057,P0160,0.0,0.85,0.2,1.0,1.0,4.25,5.3471075307174685,0.369,0.992,60,5,8.77709649219773
U0057,P0161,0.3333333333333333,0.828,0.2,1.0,1.0,4.14,6.214608098422191,0.759,0.391,180,5,24.32040953058422
U0057,P0165,0.3333333333333333,0.876,0.6,1.0,1.0,4.38,6.255750041753367,0.574,0.657,60,5,21.908383626588282
U0057,P0167,0.3333333333333333,0.826,0.2,1.0,1.0,4.13,4.6913478822291435,0.346,0.57,30,5,17.43497930712549
U0057,P0168,0.3333333333333333,0.908,0.2,1.0,1.0,4.54,5.327876168789581,0.391,0.678,45,5,13.776834716987759
U0057,P0186,0.3333333333333333,0.8220000000000001,0.6,1.0,1.0,4.11,6.09807428216624,0.737,0.747,180,5,22.458464615158366
U0057,P0198,0.3333333333333333,0.9259999999999999,0.0,1.0,1.0,4.63,4.941642422609304,0.637,0.815,150,5,20.155317359057154
U0057,P0199,0.0,0.666,0.2,1.0,1.0,3.33,7.1252830915107115,1.0,0.773,45,5,19.645757740916796
U0057,P0200,0.0,0.8099999999999999,0.0,0.0,1.0,4.05,6.985641817639208,0.739,0.699,150,5,6.101009482740275
U0057,P0208,0.0,0.85,0.2,1.0,1.0,4.25,4.605170185988092,0.469,0.557,60,5,2.8965190039609414
U0057,P0209,0.0,0.96,1.0,1.0,1.0,4.8,5.641907070938114,0.368,0.754,120,5,24.070973611410206
U0057,P0214,0.0,0.734,0.6,1.0,1.0,3.67,6.324358962381311,0.731,0.588,180,5,11.538420114436603
U0057,P0216,0.0,0.714,0.2,0.0,1.0,3.57,3.091042453358316,0.32,0.893,45,5,7.815498484122873
U0057,P0220,0.0,0.666,0.0,1.0,1.0,3.33,5.43372200355424,0.5,0.091,120,5,18.85325894427044
U0057,P0222,0.0,0.634,0.6,1.0,1.0,3.17,5.393627546352362,0.406,0.312,120,5,8.917633955794303
U0057,P0225,0.0,0.774,1.0,1.0,1.0,3.87,4.23410650459726,0.498,0.05,120,5,7.402136461426107
U0057,P0227,0.3333333333333333,0.732,1.0,0.0,1.0,3.66,6.1070228877422545,0.561,0.596,60,5,4.431631494693995
U0057,P0228,0.3333333333333333,0.772,0.0,1.0,1.0,3.86,4.553876891600541,0.276,0.81,30,5,20.70395304084927
U0057,P0229,0.0,0.8099999999999999,0.2,0.0,1.0,4.05,4.2626798770413155,0.358,0.524,120,5,28.653350368054134
U0057,P0232,0.3333333333333333,0.758,1.0,1.0,1.0,3.79,5.75890177387728,0.446,0.632,120,5,25.97989633083325
U0057,P0249,0.3333333333333333,0.726,1.0,1.0,1.0,3.63,5.272999558563747,0.561,0.592,45,5,12.368522494524676
U0057,P0250,0.0,0.742,0.0,1.0,1.0,3.71,3.8501476017100584,0.531,0.941,180,5,15.105954078319886
U0057,P0255,0.3333333333333333,0.8240000000000001,1.0,0.0,1.0,4.12,4.51085950651685,0.455,0.926,60,5,12.741559530606098
U0057,P0257,0.3333333333333333,0.798,1.0,1.0,1.0,3.99,4.418840607796598,0.403,0.785,150,5,17.44198450374764
U0057,P0261,0.0,0.67,1.0,1.0,1.0,3.35,6.152732694704104,0.515,0.27,60,5,24.631495812418805
U0057,P0269,0.0,0.742,0.0,1.0,1.0,3.71,5.043425116919247,0.358,0.158,30,5,18.553600448660287
U0057,P0271,0.3333333333333333,0.8960000000000001,0.6,1.0,1.0,4.48,4.1588830833596715,0.309,0.963,45,5,25.602713522098192
U0057,P0278,0.3333333333333333,0.85,1.0,0.0,1.0,4.25,5.0106352940962555,0.352,0.372,150,5,6.11199000515084
U0057,P0279,0.0,0.776,0.2,1.0,1.0,3.88,4.983606621708336,0.404,0.337,90,5,17.4380011839588
U0057,P0284,0.3333333333333333,0.636,0.0,0.0,1.0,3.18,4.290459441148391,0.225,0.636,60,5,22.964452627904492
U0057,P0286,0.3333333333333333,0.8220000000000001,0.6,1.0,1.0,4.11,7.512071245835466,1.0,0.981,90,5,11.372924993976676
U0057,P0287,0.3333333333333333,0.85,1.0,0.0,1.0,4.25,5.241747015059643,0.585,0.783,45,5,22.971952591029932
U0057,P0300,0.3333333333333333,0.78,0.2,0.0,1.0,3.9,5.953243334287785,0.637,0.414,150,5,14.392181974629015
U0057,P0306,0.3333333333333333,0.8779999999999999,0.6,1.0,1.0,4.39,5.43372200355424,0.327,0.844,150,5,32.201894856024566
U0057,P0315,0.3333333333333333,0.826,1.0,1.0,1.0,4.13,6.813444599510896,0.765,0.581,90,5,17.908233381092373
U0057,P0329,0.3333333333333333,0.8220000000000001,1.0,1.0,1.0,4.11,5.472270673671475,0.541,0.163,60,5,36.92646315124435
U0057,P0347,0.3333333333333333,0.722,1.0,1.0,1.0,3.61,6.240275845170769,0.639,0.289,60,5,17.894559903254724
U0057,P0348,0.3333333333333333,0.874,0.0,1.0,1.0,4.37,5.1298987149230735,0.388,0.489,150,5,6.110952616873461
U0057,P0365,0.0,0.772,0.2,1.0,1.0,3.86,4.574710978503383,0.475,0.357,150,5,26.03084512430047
U0057,P0368,0.3333333333333333,0.9119999999999999,0.0,1.0,1.0,4.56,6.068425588244111,0.516,0.462,120,5,15.105102847549485
U0057,P0379,0.3333333333333333,0.8640000000000001,0.0,1.0,1.0,4.32,5.723585101952381,0.62,0.856,90,5,17.2852452633193
U0057,P0382,0.0,1.0,1.0,0.0,1.0,5.0,5.389071729816501,0.638,0.643,120,5,15.234690552247597
U0057,P0387,0.3333333333333333,0.876,0.0,1.0,1.0,4.38,6.668228248417403,0.611,0.406,60,5,27.332125157108404
U0057,P0401,0.3333333333333333,0.9039999999999999,0.6,1.0,1.0,4.52,4.882801922586371,0.627,0.644,90,5,31.607109919584467
U0057,P0404,0.0,0.8400000000000001,0.0,1.0,1.0,4.2,4.927253685157205,0.58,0.541,120,5,12.3022591199042
U0057,P0411,0.3333333333333333,0.774,0.0,1.0,1.0,3.87,7.191429330036379,0.864,0.888,30,5,10.284857514704258
U0057,P0434,0.3333333333333333,0.8460000000000001,1.0,1.0,1.0,4.23,5.902633333401366,0.492,0.526,150,5,18.73389178552108
U0057,P0440,0.3333333333333333,0.818,0.2,1.0,1.0,4.09,6.926577033222725,0.673,0.764,45,5,32.8383316472306
U0057,P0446,0.0,0.8939999999999999,0.2,0.0,1.0,4.47,6.1092475827643655,0.685,0.598,45,5,28.38366022081243
U0057,P0448,0.0,0.944,1.0,1.0,1.0,4.72,6.278521424165844,0.571,0.408,180,5,15.303359877052737
U0057,P0451,0.3333333333333333,0.8539999999999999,0.0,0.0,1.0,4.27,5.030437921392435,0.345,0.646,30,5,26.037067362043487
U0057,P0453,0.3333333333333333,0.8380000000000001,0.6,1.0,1.0,4.19,5.556828061699537,0.46,0.913,150,5,23.12420745196968
U0057,P0458,0.3333333333333333,0.8119999999999999,1.0,1.0,1.0,4.06,5.8377304471659395,0.451,0.395,120,5,10.826885658861777
U0057,P0460,0.3333333333333333,0.78,0.0,1.0,1.0,3.9,5.733341276897746,0.541,0.41,60,5,29.146248443449878
U0057,P0469,0.0,0.728,0.6,0.0,1.0,3.64,6.35088571671474,0.695,0.285,45,5,16.603860556712352
U0057,P0476,0.0,0.798,0.2,1.0,1.0,3.99,5.924255797414532,0.561,0.945,45,5,13.502199485359679
U0057,P0489,0.0,0.78,1.0,1.0,1.0,3.9,2.6390573296152584,0.509,0.951,30,5,16.466594545296772
U0057,P0490,0.0,0.678,0.6,1.0,1.0,3.39,6.413458957167357,0.584,0.85,30,5,22.60247340222123
U0058,P0002,0.3333333333333333,1.0,0.6,0.0,1.0,4.39,7.3277805384216315,0.958,0.624,180,5,20.835117165600643
U0058,P0006,0.0,0.0,1.0,1.0,1.0,3.89,4.941642422609304,0.534,0.973,90,5,32.07335576034342
U0058,P0009,0.0,1.0,0.6,1.0,1.0,3.64,5.877735781779639,0.429,0.117,30,5,14.182607191396933
U0058,P0023,0.3333333333333333,1.0,1.0,0.0,1.0,3.43,4.6443908991413725,0.5,0.119,45,5,11.105281063709858
U0058,P0030,0.0,0.0,0.2,1.0,1.0,4.25,6.670766320845874,0.706,0.712,150,5,18.9084815972852
U0058,P0033,0.3333333333333333,0.0,0.6,1.0,1.0,4.47,7.1276936993473985,0.868,0.516,90,5,19.62549612553141
U0058,P0035,0.0,1.0,1.0,0.0,1.0,4.26,4.727387818712341,0.39,0.576,60,5,18.460627474520113
U0058,P0045,0.3333333333333333,1.0,1.0,0.0,1.0,3.86,6.118097198041348,0.597,0.412,45,5,15.789447086351306
U0058,P0048,0.3333333333333333,1.0,1.0,1.0,1.0,3.92,3.7612001156935624,0.3,0.699,90,5,28.653423387853575
U0058,P0049,0.3333333333333333,0.0,0.6,1.0,1.0,4.23,5.814130531825066,0.516,0.337,60,5,11.870059462935375
U0058,P0051,0.0,0.0,0.6,1.0,1.0,3.46,4.997212273764115,0.515,0.445,30,5,6.233707584146612
U0058,P0057,0.3333333333333333,0.0,1.0,1.0,1.0,4.13,8.455955881945048,1.0,0.358,180,5,1.768952390531747
U0058,P0062,0.3333333333333333,0.0,0.2,1.0,1.0,4.73,3.828641396489095,0.553,0.221,180,5,8.912318362095853
U0058,P0071,0.3333333333333333,1.0,0.2,1.0,1.0,4.2,7.069023426578259,1.0,0.694,150,5,8.93307368410213
U0058,P0079,0.3333333333333333,1.0,0.6,1.0,1.0,4.94,6.07073772800249,0.775,0.405,120,5,30.22025136159984
U0058,P0090,0.3333333333333333,1.0,0.2,1.0,1.0,3.98,8.764209507142004,1.0,0.626,30,5,10.048026967808868
U0058,P0094,0.0,1.0,0.6,0.0,1.0,4.31,5.41610040220442,0.332,0.183,45,5,21.229959144987184
U0058,P0095,0.3333333333333333,0.0,0.6,1.0,1.0,3.72,3.6888794541139363,0.332,0.704,150,5,6.5193951803133245
U0058,P0097,0.0,0.0,0.6,1.0,1.0,4.2,4.007333185232471,0.425,0.334,150,5,10.2074784328942
U0058,P0098,0.3333333333333333,0.0,0.2,1.0,1.0,4.18,5.963579343618446,0.67,0.928,180,5,10.539784016473297
U0058,P0099,0.0,1.0,1.0,1.0,1.0,3.7,5.68697535633982,0.402,0.499,150,5,8.48698239605233
U0058,P0112,0.0,1.0,0.2,1.0,1.0,4.41,3.58351893845611,0.431,0.477,45,5,16.185762858195194
U0058,P0117,0.0,0.0,0.2,1.0,1.0,4.12,4.718498871295094,0.261,0.322,120,5,20.682281683205574
U0058,P0118,0.0,0.0,0.6,1.0,1.0,5.0,6.261491684321042,0.616,0.837,90,5,14.955504566368152
U0058,P0130,0.3333333333333333,0.0,0.2,1.0,1.0,4.3,6.429719478039138,0.746,0.857,90,5,17.708499673423276
U0058,P0131,0.0,0.0,1.0,1.0,1.0,3.68,5.429345628954441,0.51,0.458,90,5,17.15739018874936
U0058,P0132,0.3333333333333333,1.0,0.2,1.0,1.0,2.64,4.276666119016055,0.204,0.423,150,5,10.802809941355903
U0058,P0149,0.3333333333333333,1.0,0.6,1.0,1.0,4.5,5.869296913133774,0.567,0.589,60,5,11.16133887605961
U0058,P0153,0.3333333333333333,0.0,1.0,1.0,1.0,4.09,5.641907070938114,0.516,0.316,45,5,22.300374387592644
U0058,P0159,0.3333333333333333,1.0,0.6,1.0,1.0,4.41,5.1298987149230735,0.471,0.661,120,5,12.45750520698058
U0058,P0163,0.3333333333333333,1.0,0.6,1.0,1.0,3.65,4.04305126783455,0.544,0.2,60,5,28.361076309487007
U0058,P0171,0.0,1.0,0.2,1.0,1.0,3.73,5.793013608384144,0.62,0.908,90,5,9.32981052902286
U0058,P0178,0.0,0.0,1.0,1.0,1.0,4.09,4.30406509320417,0.464,0.969,120,5,19.641277973231457
U0058,P0182,0.3333333333333333,0.0,0.2,1.0,1.0,4.05,5.983936280687191,0.679,0.895,90,5,9.662775549429583
U0058,P0192,0.6666666666666666,1.0,0.6,1.0,1.0,3.14,4.875197323201151,0.429,0.094,180,5,28.129716885379416
U0058,P0197,0.3333333333333333,0.0,0.2,1.0,1.0,3.51,7.698029170272805,1.0,0.461,120,5,17.038116546850944
U0058,P0203,0.0,1.0,0.6,1.0,1.0,3.9,6.248042874508429,0.636,0.722,180,5,29.236630369475044
U0058,P0204,0.0,0.0,1.0,1.0,1.0,3.62,5.332718793265369,0.506,0.997,60,5,13.07571859235633
U0058,P0207,0.6666666666666666,1.0,0.6,1.0,1.0,3.41,7.033506484287697,0.876,0.351,120,5,19.60029133668756
U0058,P0213,0.0,1.0,1.0,1.0,1.0,4.39,7.142827401161621,1.0,0.191,120,5,2.188608699515576
U0058,P0218,0.0,1.0,0.6,0.0,1.0,4.78,5.5909869805108565,0.417,0.742,45,5,34.32612305259087
U0058,P0219,0.3333333333333333,1.0,0.6,1.0,1.0,4.83,3.8501476017100584,0.321,0.176,150,5,15.364650786752156
U0058,P0221,0.3333333333333333,1.0,0.2,1.0,1.0,4.27,5.4638318050256105,0.587,0.055,180,5,17.800075150196022
U0058,P0230,0.3333333333333333,0.0,0.6,0.0,1.0,3.85,4.07753744390572,0.455,0.856,150,5,22.508454246829622
U0058,P0234,0.3333333333333333,1.0,0.6,0.0,1.0,4.38,6.410174881966167,0.632,0.141,150,5,22.482946623575973
U0058,P0242,0.3333333333333333,1.0,0.6,1.0,1.0,3.38,5.746203190540153,0.404,0.256,150,5,27.542557494083038
U0058,P0247,0.6666666666666666,1.0,0.2,1.0,1.0,4.13,4.477336814478207,0.441,0.495,120,5,22.117522615174266
U0058,P0264,0.0,0.0,1.0,1.0,1.0,3.37,5.560681631015528,0.513,0.178,120,5,15.145795313725317
U0058,P0266,0.0,1.0,1.0,0.0,1.0,4.39,3.5263605246161616,0.475,0.495,60,5,1.6174661770592091
U0058,P0273,0.3333333333333333,1.0,0.6,1.0,1.0,2.99,4.553876891600541,0.308,0.631,30,5,31.401140861372635
U0058,P0276,0.6666666666666666,1.0,0.2,1.0,1.0,4.14,5.313205979041787,0.443,0.706,60,5,28.347684008854184
U0058,P0282,0.0,1.0,1.0,1.0,1.0,4.49,5.111987788356544,0.395,0.946,30,5,20.617411309490354
U0058,P0283,0.0,1.0,0.2,1.0,1.0,4.64,5.0106352940962555,0.615,0.616,30,5,10.035908205470594
U0058,P0285,0.3333333333333333,1.0,0.2,1.0,1.0,3.26,5.081404364984463,0.531,0.729,60,5,22.96733832281956
U0058,P0292,0.3333333333333333,1.0,0.6,0.0,1.0,4.38,8.224967478914584,1.0,0.126,30,5,12.197870105796476
U0058,P0294,0.6666666666666666,1.0,1.0,1.0,1.0,3.89,4.48863636973214,0.435,0.53,150,5,0.9422624596727858
U0058,P0295,0.3333333333333333,1.0,1.0,1.0,1.0,4.47,4.477336814478207,0.493,0.551,60,5,20.847354052047596
U0058,P0304,0.6666666666666666,1.0,0.2,1.0,1.0,3.75,4.007333185232471,0.242,0.997,150,5,10.557031247890636
U0058,P0310,0.0,0.0,0.6,1.0,1.0,4.32,5.771441123130016,0.428,0.202,180,5,11.92361080329366
U0058,P0312,0.3333333333333333,1.0,0.2,0.0,1.0,4.95,7.114769448366463,1.0,0.188,90,5,9.027589689025529
U0058,P0313,0.3333333333333333,0.0,1.0,1.0,1.0,4.82,4.890349128221754,0.312,0.213,120,5,24.527059992785464
U0058,P0316,0.0,1.0,0.6,1.0,1.0,3.34,7.335633981927201,0.913,0.226,90,5,17.925370786585805
U0058,P0323,0.0,1.0,0.6,1.0,1.0,3.99,5.176149732573829,0.343,0.563,120,5,28.34503424558036
U0058,P0334,0.0,1.0,0.6,0.0,1.0,3.99,7.305188215393037,0.896,0.538,180,5,21.739991911012712
U0058,P0340,0.3333333333333333,0.0,0.2,1.0,1.0,4.52,7.026426808699636,0.966,0.288,90,5,19.11259006592816
U0058,P0341,0.6666666666666666,1.0,0.6,1.0,1.0,4.42,4.1588830833596715,0.303,0.493,120,5,9.587915858510813
U0058,P0360,0.6666666666666666,1.0,0.6,1.0,1.0,3.94,5.43372200355424,0.303,0.452,45,5,15.104236226937628
U0058,P0373,0.3333333333333333,0.0,0.6,1.0,1.0,4.33,4.634728988229636,0.303,0.241,45,5,26.88172858555453
U0058,P0376,0.3333333333333333,1.0,0.6,1.0,1.0,3.68,3.8918202981106265,0.447,0.804,30,5,12.647795901477457
U0058,P0377,0.0,1.0,1.0,1.0,1.0,3.66,6.7650389767805414,0.862,0.584,120,5,12.406277237031041
U0058,P0384,0.3333333333333333,0.0,0.6,1.0,1.0,4.08,7.6251071482389,1.0,0.984,180,5,19.229682670491115
U0058,P0394,0.0,1.0,1.0,0.0,1.0,4.48,6.052089168924417,0.603,0.325,90,5,8.428571370818132
U0058,P0396,0.3333333333333333,1.0,0.6,0.0,1.0,4.29,5.749392985908253,0.429,0.628,120,5,15.720629389085941
U0058,P0397,0.3333333333333333,1.0,0.6,0.0,1.0,4.22,3.970291913552122,0.358,0.712,180,5,1.2558515080679526
U0058,P0407,0.3333333333333333,1.0,0.6,1.0,1.0,4.75,5.736572297479192,0.433,0.269,90,5,10.556145696641247
U0058,P0408,0.3333333333333333,1.0,0.6,1.0,1.0,4.56,3.7376696182833684,0.272,0.777,30,5,7.463836589922896
U0058,P0409,0.0,0.0,1.0,1.0,1.0,4.22,6.568077911411976,0.538,0.798,180,5,25.254912077070703
U0058,P0410,0.3333333333333333,0.0,0.6,1.0,1.0,4.14,6.778784897685177,0.653,0.458,45,5,21.729135633843324
U0058,P0416,0.0,1.0,0.6,0.0,1.0,3.49,4.406719247264253,0.321,0.079,45,5,10.92511658150031
U0058,P0419,0.0,1.0,0.6,1.0,1.0,4.8,4.30406509320417,0.333,0.504,180,5,18.71529135470619
U0058,P0420,0.0,1.0,0.2,0.0,1.0,4.54,5.247024072160486,0.408,0.55,30,5,19.427323335894233
U0058,P0425,0.6666666666666666,1.0,0.6,1.0,1.0,3.81,4.867534450455582,0.458,0.137,30,5,22.642619855201303
U0058,P0432,0.0,1.0,0.6,1.0,1.0,4.8,7.655390644826152,1.0,0.287,90,5,11.405751073755825
U0058,P0433,0.3333333333333333,0.0,0.2,1.0,1.0,3.82,5.0369526024136295,0.408,0.412,120,5,30.005415627627453
U0058,P0437,0.0,0.0,0.2,1.0,1.0,3.48,4.624972813284271,0.277,0.414,90,5,30.280821817876095
U0058,P0439,0.0,1.0,0.2,0.0,1.0,3.87,5.771441123130016,0.536,0.296,45,5,27.176595934378813
U0058,P0444,0.3333333333333333,0.0,0.2,1.0,1.0,4.36,5.0689042022202315,0.521,0.15,45,5,17.886759669949654
U0058,P0449,0.0,1.0,0.6,1.0,1.0,4.02,5.676753802268282,0.524,0.118,60,5,10.129093848943878
U0058,P0450,0.3333333333333333,1.0,1.0,0.0,1.0,4.64,4.5217885770490405,0.475,0.236,90,5,25.029148050289216
U0058,P0456,0.3333333333333333,1.0,0.6,1.0,1.0,3.96,5.765191102784844,0.424,0.574,45,5,17.685726198577385
U0058,P0459,0.0,1.0,0.6,1.0,1.0,4.37,5.726847747587197,0.418,0.715,150,5,29.682403118574666
U0058,P0471,0.0,1.0,0.6,1.0,1.0,3.52,6.548219102762372,0.617,0.1,60,5,22.562680538146633
U0058,P0473,0.3333333333333333,0.0,0.6,1.0,1.0,4.93,4.219507705176107,0.291,0.569,150,5,18.88641210272403
U0058,P0475,0.3333333333333333,1.0,0.6,1.0,1.0,4.08,5.793013608384144,0.409,0.225,180,5,20.344680132348575
U0058,P0482,0.3333333333333333,1.0,0.6,1.0,1.0,4.19,6.35088571671474,0.687,0.845,30,5,9.973952915274053
U0058,P0483,0.6666666666666666,1.0,0.2,1.0,1.0,4.06,7.228388451573604,0.882,0.367,30,5,19.993158017155782
U0058,P0485,0.0,1.0,0.6,1.0,1.0,4.08,3.784189633918261,0.274,0.507,60,5,23.889382325935966
U0058,P0486,0.0,1.0,0.6,1.0,1.0,4.16,4.6913478822291435,0.46,0.858,90,5,13.187919916402485
U0058,P0487,0.0,1.0,1.0,1.0,1.0,4.48,4.718498871295094,0.566,0.161,120,5,9.910181367584038
U0058,P0492,0.0,0.0,0.6,1.0,1.0,3.66,5.44673737166631,0.397,0.349,60,5,26.68627694562957
U0058,P0493,0.0,0.0,0.2,1.0,1.0,4.1,4.110873864173311,0.399,0.645,180,5,14.772225059919561
U0058,P0494,0.0,1.0,0.6,1.0,1.0,4.78,6.553933404025811,0.866,0.195,180,5,19.981393197641903
U0059,P0004,0.25,1.0,0.6,1.0,1.0,4.81,6.421622267806518,0.679,0.831,60,7,20.17780009827846
U0059,P0005,0.25,0.0,0.0,1.0,1.0,3.89,6.152732694704104,0.456,0.903,45,7,13.185888106922045
U0059,P0015,0.25,1.0,0.6,1.0,1.0,3.83,5.153291594497779,0.446,0.842,45,7,38.356898530047026
U0059,P0022,0.0,0.0,0.0,1.0,1.0,4.05,5.14166355650266,0.471,0.356,30,7,13.435142225117941
U0059,P0034,0.25,0.0,0.2,1.0,1.0,4.07,6.704414354964107,0.693,0.164,90,7,5.058586494223724
U0059,P0038,0.25,0.0,0.0,1.0,1.0,2.92,6.48768401848461,0.682,0.481,90,7,27.286117330288363
U0059,P0040,0.25,1.0,1.0,1.0,1.0,4.14,3.1354942159291497,0.249,0.216,150,7,35.741603723712636
U0059,P0041,0.25,0.0,0.0,1.0,1.0,4.0,5.929589143389895,0.485,0.948,150,7,10.878950399860882
U0059,P0043,0.25,1.0,1.0,1.0,1.0,3.74,4.90527477843843,0.441,0.523,30,7,45.33500688019922
U0059,P0054,0.0,1.0,0.6,1.0,1.0,4.95,5.71042701737487,0.693,0.563,45,7,43.71644238968182
U0059,P0056,0.25,1.0,1.0,1.0,1.0,3.24,5.472270673671475,0.286,0.576,60,7,26.768447865118105
U0059,P0063,0.25,1.0,1.0,1.0,1.0,4.36,8.128585200374497,1.0,0.358,45,7,12.519149298586239
U0059,P0067,0.25,1.0,0.6,1.0,1.0,3.62,6.068425588244111,0.527,0.79,90,7,31.06910501681394
U0059,P0074,0.25,0.0,0.0,1.0,1.0,3.54,3.9318256327243257,0.327,0.272,150,7,29.873977601492168
U0059,P0081,0.25,0.0,0.0,1.0,1.0,3.66,6.4457198193855785,0.555,0.365,180,7,29.214733221144954
U0059,P0083,0.25,0.0,0.2,1.0,1.0,4.53,5.996452088619021,0.563,0.951,150,7,21.037527407755547
U0059,P0084,0.25,1.0,0.6,1.0,1.0,4.47,7.776535028185241,1.0,0.477,60,7,32.46498687155955
U0059,P0089,0.25,1.0,0.6,1.0,1.0,4.11,7.244941546337007,1.0,0.951,150,7,29.98613585389626
U0059,P0091,0.0,0.0,0.0,1.0,1.0,4.38,4.477336814478207,0.301,0.635,90,7,9.498677437898733
U0059,P0092,0.25,1.0,1.0,1.0,1.0,3.62,6.07993319509559,0.409,0.52,90,7,8.59823946017507
U0059,P0096,0.25,1.0,1.0,1.0,1.0,3.9,6.52795791762255,0.569,0.786,90,7,13.176570040947617
U0059,P0102,0.25,0.0,0.2,1.0,1.0,4.59,6.7650389767805414,0.896,0.456,120,7,29.498258260711214
U0059,P0107,0.25,1.0,1.0,1.0,1.0,4.53,6.282266746896006,0.812,0.979,90,7,18.577997949531596
U0059,P0115,0.0,0.0,0.0,1.0,1.0,3.78,6.317164686747284,0.541,0.672,45,7,12.256379698800986
U0059,P0122,0.25,1.0,1.0,1.0,1.0,4.33,6.539585955617669,0.798,0.795,60,7,27.78438285173909
U0059,P0123,0.25,1.0,0.6,1.0,1.0,3.56,5.099866427824199,0.282,0.386,90,7,45.05569062196244
U0059,P0125,0.25,1.0,1.0,1.0,1.0,4.89,5.986452005284438,0.755,0.668,60,7,11.937590126340535
U0059,P0126,0.25,1.0,0.6,1.0,1.0,3.53,6.602587892189336,0.622,0.568,60,7,16.64529928146578
U0059,P0133,0.25,0.0,0.2,1.0,1.0,3.99,4.007333185232471,0.265,0.617,60,7,19.595748658928894
U0059,P0142,0.25,1.0,1.0,1.0,1.0,4.81,4.02535169073515,0.312,0.867,45,7,20.46720882134178
U0059,P0144,0.25,1.0,0.6,1.0,1.0,4.03,6.206575926724928,0.688,0.313,120,7,15.732506789461707
U0059,P0146,0.25,1.0,1.0,1.0,1.0,4.01,4.912654885736052,0.467,0.531,30,7,12.529764991345171
U0059,P0150,0.25,1.0,1.0,1.0,1.0,4.47,6.255750041753367,0.623,0.918,90,7,26.88814693132485
U0059,P0151,0.25,1.0,1.0,1.0,1.0,3.73,4.8283137373023015,0.305,0.853,180,7,5.361892093419877
U0059,P0155,0.25,1.0,1.0,1.0,1.0,4.35,5.2574953720277815,0.361,0.479,90,7,40.92243751573034
U0059,P0162,0.25,1.0,1.0,1.0,1.0,3.73,8.01102337918644,1.0,0.241,45,7,25.23375207738325
U0059,P0164,0.25,0.0,0.2,1.0,1.0,4.62,6.450470422144176,0.56,0.967,150,7,28.820792102484432
U0059,P0170,0.0,0.0,0.2,1.0,1.0,4.29,4.8283137373023015,0.58,0.845,60,7,21.994458354467614
U0059,P0174,0.0,1.0,0.6,1.0,1.0,3.45,3.828641396489095,0.409,0.097,150,7,12.304959465143128
U0059,P0175,0.25,1.0,0.6,1.0,1.0,3.78,5.247024072160486,0.321,0.229,150,7,2.177958170568765
U0059,P0180,0.0,0.0,0.2,1.0,1.0,4.25,4.51085950651685,0.491,0.434,150,7,36.735922387063944
U0059,P0181,0.25,1.0,1.0,1.0,1.0,4.33,7.3395376954076745,1.0,0.696,150,7,18.400486961737254
U0059,P0185,0.25,0.0,0.2,1.0,1.0,4.14,4.574710978503383,0.359,0.333,30,7,16.255925590238334
U0059,P0189,0.25,1.0,1.0,1.0,1.0,4.49,5.720311776607412,0.596,0.737,30,7,32.49296277973093
U0059,P0191,0.25,1.0,1.0,1.0,1.0,3.72,4.787491742782046,0.38,0.892,90,7,7.987474329366416
U0059,P0201,0.25,0.0,0.2,1.0,1.0,3.38,4.787491742782046,0.465,0.968,30,7,20.43759353894141
U0059,P0202,0.25,0.0,0.2,1.0,1.0,4.1,5.556828061699537,0.478,0.089,150,7,30.62167350405136
U0059,P0205,0.25,1.0,1.0,1.0,1.0,4.15,6.118097198041348,0.546,0.813,120,7,15.388720955924311
U0059,P0211,0.25,0.0,0.0,1.0,1.0,5.0,7.60688453121963,1.0,0.351,120,7,7.987191682329208
U0059,P0215,0.25,1.0,0.6,1.0,1.0,4.58,3.4011973816621555,0.423,0.982,180,7,6.036563870376365
U0059,P0224,0.25,0.0,0.0,1.0,1.0,4.26,4.382026634673881,0.279,0.985,60,7,24.108625427078998
U0059,P0226,0.0,1.0,1.0,1.0,1.0,4.07,6.646390514847729,0.871,0.965,120,7,6.682983656269257
U0059,P0235,0.25,0.0,0.2,1.0,1.0,3.86,4.812184355372417,0.372,0.491,150,7,20.538984581166474
U0059,P0236,0.0,0.0,0.2,1.0,1.0,3.98,2.772588722239781,0.317,0.87,60,7,14.583879316526986
U0059,P0240,0.0,0.0,0.0,1.0,1.0,5.0,6.843749949006225,0.951,0.465,120,7,21.976721714997282
U0059,P0245,0.25,0.0,0.0,1.0,1.0,4.86,6.558197802812269,0.673,0.09,45,7,28.307714589915086
U0059,P0246,0.25,0.0,0.2,1.0,1.0,4.1,7.27655640271871,1.0,0.662,150,7,31.442356719340594
U0059,P0259,0.25,1.0,0.6,1.0,1.0,4.33,4.330733340286331,0.32,0.951,60,7,35.73391008462995
U0059,P0262,0.25,0.0,0.2,1.0,1.0,3.8,6.186208623900494,0.525,0.274,90,7,28.519215626164858
U0059,P0265,0.25,0.0,0.0,1.0,1.0,4.22,4.418840607796598,0.584,0.31,60,7,38.21887842031611
U0059,P0277,0.0,1.0,0.6,1.0,1.0,4.63,5.808142489980444,0.449,0.179,180,7,12.208335254479772
U0059,P0289,0.25,0.0,0.2,1.0,1.0,4.21,6.42648845745769,0.804,0.318,30,7,12.316812698219323
U0059,P0297,0.25,1.0,1.0,1.0,1.0,4.32,5.902633333401366,0.481,0.089,180,7,26.994937878294525
U0059,P0301,0.0,0.0,0.0,1.0,1.0,4.44,4.394449154672439,0.296,0.296,120,7,17.840288833627678
U0059,P0308,0.25,0.0,0.0,1.0,1.0,5.0,5.655991810819852,0.65,0.669,30,7,27.84342330553838
U0059,P0311,0.0,1.0,0.6,1.0,1.0,3.74,6.066108090103747,0.436,0.613,30,7,16.155865295037888
U0059,P0314,0.25,0.0,0.0,1.0,1.0,3.65,5.351858133476067,0.579,0.284,45,7,14.999280056181155
U0059,P0319,0.25,0.0,0.2,1.0,1.0,4.47,5.5909869805108565,0.502,0.328,120,7,13.816097649026835
U0059,P0325,0.25,1.0,0.6,1.0,1.0,4.0,6.336825731146441,0.61,0.792,30,7,11.682661501933545
U0059,P0327,0.25,0.0,0.0,1.0,1.0,3.98,4.174387269895637,0.483,0.989,90,7,39.12918992678588
U0059,P0336,0.25,0.0,0.2,1.0,1.0,4.66,3.044522437723423,0.302,0.722,180,7,19.546883840821195
U0059,P0344,0.25,0.0,0.2,1.0,1.0,3.99,5.056245805348308,0.403,0.273,90,7,14.635938745039013
U0059,P0349,0.0,0.0,0.2,1.0,1.0,4.25,4.007333185232471,0.525,0.192,150,7,33.81176124062928
U0059,P0350,0.25,1.0,0.6,1.0,1.0,4.52,5.2832037287379885,0.324,0.736,180,7,11.764323941113107
U0059,P0354,0.0,0.0,0.0,1.0,1.0,3.52,7.605890001053122,1.0,0.25,90,7,20.55171768743267
U0059,P0355,0.0,0.0,0.2,1.0,1.0,3.16,7.535830462798367,1.0,0.622,180,7,27.15199768057449
U0059,P0357,0.25,1.0,0.6,1.0,1.0,3.85,5.981414211254481,0.4,0.263,60,7,11.576447982272514
U0059,P0362,0.25,0.0,0.0,1.0,1.0,3.49,6.391917113392602,0.492,0.317,30,7,29.383536194267926
U0059,P0363,0.0,0.0,0.0,1.0,1.0,4.18,5.2832037287379885,0.564,0.497,45,7,13.497886454581034
U0059,P0370,0.25,0.0,0.2,1.0,1.0,4.85,6.717804695023691,0.739,0.797,120,7,10.683636054539361
U0059,P0378,0.25,1.0,1.0,1.0,1.0,3.67,8.658866349732383,1.0,0.865,90,7,11.670744178631278
U0059,P0383,0.0,1.0,0.6,1.0,1.0,4.62,4.663439094112067,0.311,0.896,120,7,14.202586438301706
U0059,P0385,0.0,1.0,1.0,1.0,1.0,3.82,7.675081857716334,1.0,0.441,120,7,26.087295551278807
U0059,P0393,0.0,0.0,0.2,1.0,1.0,4.35,6.79794041297493,0.641,0.892,90,7,33.614808141271354
U0059,P0406,0.25,1.0,1.0,1.0,1.0,4.02,4.976733742420574,0.349,0.241,180,7,20.291628621067378
U0059,P0414,0.0,1.0,1.0,1.0,1.0,4.81,4.875197323201151,0.574,0.237,45,7,28.085814990633054
U0059,P0415,0.0,0.0,0.2,1.0,1.0,3.91,5.1647859739235145,0.548,0.99,90,7,35.46348356044076
U0059,P0417,0.25,0.0,0.0,1.0,1.0,3.65,4.584967478670572,0.493,0.182,150,7,26.460816436961924
U0059,P0423,0.25,1.0,0.6,1.0,1.0,4.17,6.091309882077698,0.546,0.491,30,7,20.681684208501533
U0059,P0429,0.25,1.0,1.0,1.0,1.0,3.73,6.066108090103747,0.596,0.107,30,7,24.50037230758265
U0059,P0430,0.25,0.0,0.2,1.0,1.0,3.85,6.259581464064923,0.474,0.763,60,7,24.773924404649556
U0059,P0431,0.25,0.0,0.2,1.0,1.0,4.19,3.6888794541139363,0.291,0.653,150,7,32.442866383787084
U0059,P0436,0.25,0.0,0.2,1.0,1.0,4.02,4.543294782270004,0.464,0.947,150,7,21.930119370306592
U0059,P0442,0.25,1.0,0.6,1.0,1.0,3.88,6.75343791859778,0.708,0.96,120,7,24.44844522198882
U0059,P0443,0.25,0.0,0.2,1.0,1.0,4.41,7.716460800176355,1.0,0.876,90,7,7.820110172706824
U0059,P0445,0.0,0.0,0.0,1.0,1.0,4.37,6.8308742346461795,0.666,0.662,150,7,26.063756977194238
U0059,P0457,0.25,1.0,1.0,1.0,1.0,4.21,7.393263094763838,1.0,0.306,150,7,32.50224314773586
U0059,P0461,0.25,0.0,0.2,1.0,1.0,4.58,4.276666119016055,0.594,0.782,120,7,9.344788455458621
U0059,P0467,0.0,0.0,0.2,1.0,1.0,3.45,2.8903717578961645,0.194,0.951,90,7,34.46024927958628
U0059,P0472,0.25,0.0,0.2,1.0,1.0,4.39,5.384495062789089,0.434,0.365,30,7,13.741256298102913
U0059,P0477,0.25,0.0,0.2,1.0,1.0,3.54,7.232733136177615,1.0,0.177,60,7,11.019747566377731
U0059,P0478,0.25,1.0,1.0,1.0,1.0,4.06,6.841615476477592,0.877,0.246,150,7,6.58650176947337
U0059,P0479,0.0,0.0,0.0,1.0,1.0,4.25,6.049733455231958,0.532,0.229,90,7,26.820284404724383
U0059,P0480,0.25,1.0,1.0,1.0,1.0,4.36,6.037870919922137,0.555,0.061,90,7,29.553616020211887
U0059,P0491,0.0,1.0,1.0,1.0,1.0,4.45,6.0112671744041615,0.433,0.251,120,7,37.52801776864895
U0059,P0498,0.25,1.0,1.0,1.0,1.0,3.65,5.1647859739235145,0.582,0.624,90,7,30.771124083248797
U0060,P0013,0.5,0.0,0.2,1.0,1.0,3.86,5.634789603169249,0.339,0.532,120,5,12.207359139850235
U0060,P0018,0.0,1.0,0.6,1.0,0.0,4.47,4.04305126783455,0.482,0.204,60,5,22.940140039269238
U0060,P0021,0.0,1.0,0.6,1.0,0.0,4.43,5.707110264748875,0.484,0.335,30,5,11.601663475773192
U0060,P0024,0.5,1.0,0.6,1.0,0.0,3.89,6.769641976852503,0.648,0.177,150,5,17.041230607023433
U0060,P0025,0.25,0.0,0.2,1.0,1.0,4.25,3.4011973816621555,0.494,0.273,120,5,19.942038816994145
U0060,P0027,0.5,0.0,0.2,1.0,0.0,3.8,6.234410725718371,0.572,0.848,30,5,9.84465980931103
U0060,P0028,0.5,0.0,0.0,0.0,1.0,4.56,6.618738983517219,0.679,0.84,90,5,4.482805934392759
U0060,P0029,0.5,1.0,0.6,1.0,0.0,3.72,5.1298987149230735,0.331,0.257,30,5,15.257229463187615
U0060,P0042,0.0,0.0,0.0,0.0,1.0,4.77,4.882801922586371,0.316,0.243,120,5,10.879680732913538
U0060,P0044,0.5,1.0,1.0,0.0,1.0,4.51,5.8971538676367405,0.486,0.319,180,5,14.495188034865283
U0060,P0055,0.0,1.0,0.6,0.0,1.0,4.22,5.4116460518550396,0.467,0.663,45,5,22.798259552087433
U0060,P0059,0.25,1.0,0.6,1.0,1.0,4.08,4.110873864173311,0.254,0.625,60,5,9.222561738720877
U0060,P0061,0.0,0.0,0.2,1.0,1.0,4.46,4.418840607796598,0.566,0.148,180,5,13.369592150385227
U0060,P0070,0.5,0.0,0.0,0.0,0.0,4.47,4.02535169073515,0.424,0.13,30,5,15.977079822209815
U0060,P0073,0.5,1.0,0.6,1.0,0.0,4.22,6.439350371100098,0.572,0.563,45,5,6.714264041170972
U0060,P0075,0.0,0.0,0.0,1.0,1.0,4.33,5.857933154483459,0.712,0.88,180,5,11.487222011646512
U0060,P0082,0.25,0.0,0.0,1.0,1.0,4.62,4.5217885770490405,0.401,0.831,180,5,12.28154614414444
U0060,P0085,0.0,1.0,0.6,1.0,0.0,3.99,4.605170185988092,0.419,0.631,90,5,5.19715603825955
U0060,P0088,0.5,1.0,1.0,1.0,0.0,4.22,6.493753839851686,0.689,0.944,60,5,23.855034734920963
U0060,P0101,0.0,1.0,1.0,1.0,0.0,4.26,6.173786103901937,0.432,0.519,120,5,15.598391837491125
U0060,P0103,0.0,0.0,0.0,1.0,0.0,3.48,4.382026634673881,0.292,0.671,180,5,16.18010697641358
U0060,P0108,0.5,1.0,0.6,0.0,0.0,3.96,6.411818267709897,0.819,0.98,90,5,15.577587477713715
U0060,P0111,0.25,1.0,1.0,1.0,1.0,5.0,3.295836866004329,0.602,0.408,150,5,28.318116776545
U0060,P0116,0.5,0.0,0.0,0.0,0.0,3.77,5.762051382780177,0.396,0.685,120,5,22.175117692645923
U0060,P0124,0.5,1.0,0.6,1.0,1.0,3.89,4.718498871295094,0.293,0.335,60,5,18.13847752573446
U0060,P0127,0.0,0.0,0.0,0.0,0.0,5.0,6.739336627357174,0.679,0.12,60,5,20.838526039804485
U0060,P0134,0.0,0.0,0.2,1.0,1.0,4.83,3.784189633918261,0.31,0.18,60,5,14.967748648789062
U0060,P0135,0.5,1.0,1.0,1.0,1.0,3.9,5.659482215759621,0.602,0.484,45,5,8.394831385650662
U0060,P0139,0.5,0.0,0.2,0.0,1.0,4.19,4.787491742782046,0.506,0.746,60,5,20.95750601077071
U0060,P0147,0.25,0.0,0.2,0.0,1.0,3.83,6.520621127558696,0.524,0.667,45,5,10.074033754905468
U0060,P0148,0.0,1.0,1.0,1.0,1.0,4.26,4.672828834461906,0.369,0.522,150,5,24.540936390835178
U0060,P0173,0.25,0.0,0.0,1.0,1.0,3.89,5.780743515792329,0.392,0.559,120,5,13.54730993047933
U0060,P0176,0.5,1.0,0.6,0.0,1.0,4.24,7.271008538280992,0.926,0.719,180,5,2.960261438581818
U0060,P0177,0.25,0.0,0.2,1.0,1.0,4.49,5.308267697401205,0.435,0.097,180,5,4.2033840505606435
U0060,P0179,0.5,0.0,0.2,1.0,1.0,4.09,5.159055299214529,0.479,0.313,120,5,12.50738975747017
U0060,P0183,0.25,0.0,0.0,1.0,1.0,4.41,5.0238805208462765,0.634,0.366,90,5,26.03467789154822
U0060,P0188,0.0,0.0,0.2,0.0,0.0,5.0,4.584967478670572,0.334,0.974,30,5,15.132178311637244
U0060,P0190,0.25,0.0,0.2,0.0,0.0,5.0,4.532599493153256,0.572,0.059,60,5,5.482094206779557
U0060,P0194,0.0,0.0,0.0,1.0,1.0,4.25,7.751475318021456,1.0,0.524,45,5,7.047756672717028
U0060,P0195,0.5,0.0,0.0,0.0,1.0,4.53,4.812184355372417,0.614,0.62,60,5,8.35469304012757
U0060,P0210,0.0,1.0,1.0,1.0,1.0,4.63,5.583496308781699,0.649,0.143,120,5,17.411766309517336
U0060,P0217,0.0,1.0,0.6,1.0,0.0,3.98,6.361302477572996,0.586,0.507,150,5,20.643114221049885
U0060,P0223,0.5,0.0,0.0,0.0,0.0,3.51,6.304448802421981,0.679,0.145,180,5,11.942929340898527
U0060,P0231,0.25,1.0,1.0,0.0,1.0,4.98,5.545177444479562,0.548,0.787,90,5,21.07965540503328
U0060,P0233,0.25,1.0,0.6,1.0,0.0,4.05,5.236441962829949,0.487,0.863,120,5,17.24610713515908
U0060,P0237,0.0,1.0,1.0,1.0,0.0,3.42,7.140453043101158,0.812,0.075,90,5,10.655639256593513
U0060,P0239,0.25,0.0,0.2,1.0,1.0,4.36,5.87493073085203,0.696,0.338,90,5,26.9512774568287
U0060,P0241,0.25,0.0,0.2,1.0,1.0,4.04,4.356708826689592,0.381,0.48,180,5,11.400833653161278
U0060,P0243,0.5,0.0,0.2,0.0,0.0,3.76,3.8066624897703196,0.479,0.837,30,5,8.265170502076275
U0060,P0244,0.5,0.0,0.0,0.0,1.0,3.81,4.204692619390966,0.356,0.545,60,5,9.067037295210703
U0060,P0253,0.25,0.0,0.2,1.0,1.0,3.81,4.919980925828125,0.378,0.065,90,5,10.640979848520091
U0060,P0256,0.25,0.0,0.2,1.0,1.0,4.22,5.442417710521793,0.498,0.745,60,5,10.504220526163444
U0060,P0258,0.0,0.0,0.0,1.0,1.0,3.84,6.406879986069314,0.577,0.355,120,5,12.008192411210658
U0060,P0267,0.5,0.0,0.2,0.0,0.0,4.07,4.060443010546419,0.562,0.874,45,5,14.016369997774412
U0060,P0268,0.0,1.0,1.0,1.0,1.0,3.81,5.560681631015528,0.489,0.985,90,5,8.171262690037622
U0060,P0270,0.25,0.0,0.2,1.0,1.0,4.55,4.812184355372417,0.525,0.652,150,5,4.011434356553559
U0060,P0274,0.5,1.0,1.0,1.0,1.0,4.36,5.2574953720277815,0.406,0.249,45,5,15.532056001815263
U0060,P0288,0.5,0.0,0.2,1.0,0.0,4.47,2.8903717578961645,0.368,0.805,120,5,11.733207443071388
U0060,P0290,0.25,0.0,0.0,0.0,1.0,3.43,6.873163834212518,0.654,0.687,120,5,7.502643241984909
U0060,P0293,0.0,0.0,0.2,1.0,1.0,4.18,5.799092654460526,0.544,0.45,30,5,16.368000623311698
U0060,P0298,0.25,1.0,0.6,0.0,0.0,4.57,4.890349128221754,0.47,0.061,150,5,20.592123269312253
U0060,P0299,0.5,1.0,1.0,1.0,0.0,3.98,4.330733340286331,0.253,0.864,120,5,5.685840745921497
U0060,P0305,0.0,1.0,1.0,1.0,0.0,3.3,7.295735072749282,0.946,0.485,150,5,23.624868718510218
U0060,P0309,0.0,1.0,1.0,0.0,1.0,4.15,6.371611847231857,0.679,0.38,150,5,13.782705017169508
U0060,P0321,0.5,1.0,0.6,0.0,0.0,3.95,7.503289630675082,1.0,0.512,120,5,13.657624181410233
U0060,P0322,0.25,0.0,0.2,1.0,0.0,3.98,3.713572066704308,0.486,0.203,30,5,11.645751071145469
U0060,P0331,0.5,1.0,0.6,0.0,1.0,3.84,4.844187086458591,0.516,0.81,120,5,12.913797355365162
U0060,P0333,0.5,0.0,0.2,1.0,0.0,3.78,5.631211781821365,0.556,0.339,45,5,15.055048204277076
U0060,P0337,0.0,0.0,0.0,0.0,1.0,3.95,5.056245805348308,0.307,0.719,60,5,25.821578215412814
U0060,P0342,0.25,1.0,1.0,1.0,1.0,3.86,6.089044875446846,0.525,0.867,60,5,12.928115781983424
U0060,P0343,0.25,0.0,0.0,1.0,1.0,3.55,6.3561076606958915,0.603,0.409,180,5,9.43069080037982
U0060,P0352,0.0,1.0,0.6,1.0,0.0,3.78,3.828641396489095,0.537,0.292,45,5,17.382321317630662
U0060,P0353,0.5,0.0,0.0,1.0,0.0,3.4,6.2285110035911835,0.648,0.752,180,5,9.947848864159639
U0060,P0356,0.5,1.0,0.6,0.0,1.0,4.19,5.384495062789089,0.527,0.839,60,5,3.413144808665979
U0060,P0364,0.0,1.0,0.6,1.0,1.0,4.11,5.918893854273146,0.416,0.309,30,5,17.569973771488627
U0060,P0366,0.5,0.0,0.2,1.0,0.0,4.19,4.330733340286331,0.575,0.808,150,5,2.6167582726997978
U0060,P0372,0.25,1.0,1.0,1.0,0.0,3.82,5.53338948872752,0.348,0.075,30,5,20.434763354320115
U0060,P0375,0.5,1.0,1.0,1.0,1.0,3.82,3.828641396489095,0.268,0.914,150,5,22.79673495407159
U0060,P0381,0.5,0.0,0.2,1.0,0.0,3.84,5.648974238161206,0.43,0.659,180,5,14.532802595189297
U0060,P0386,0.0,0.0,0.0,1.0,0.0,4.42,4.8283137373023015,0.5,0.171,90,5,12.520210109390424
U0060,P0389,0.0,1.0,1.0,1.0,1.0,3.77,5.204006687076795,0.55,0.96,150,5,7.365015448176107
U0060,P0398,0.5,0.0,0.2,0.0,0.0,3.61,6.763884908562435,0.637,0.085,180,5,3.739727004707533
U0060,P0402,0.5,0.0,0.2,1.0,0.0,4.14,4.948759890378168,0.452,0.6,45,5,9.520761849344572
U0060,P0412,0.5,0.0,0.2,0.0,1.0,5.0,5.0689042022202315,0.525,0.426,150,5,8.913086343649136
U0060,P0413,0.0,0.0,0.2,1.0,1.0,3.9,7.24422751560335,0.905,0.439,30,5,11.231906708641649
U0060,P0418,0.0,0.0,0.2,1.0,1.0,4.08,5.783825182329737,0.382,0.239,30,5,17.068873202762234
U0060,P0421,0.5,0.0,0.0,1.0,0.0,4.08,6.309918278226516,0.666,0.485,180,5,6.268794439522169
U0060,P0422,0.5,0.0,0.0,0.0,1.0,3.59,5.961005339623274,0.498,0.36,180,5,11.34106346352636
U0060,P0428,0.25,0.0,0.0,1.0,0.0,4.74,4.820281565605037,0.53,0.979,180,5,14.96764605042296
U0060,P0435,0.25,0.0,0.0,0.0,0.0,4.4,7.912423121473705,1.0,0.783,30,5,14.510965181219445
U0060,P0454,0.5,1.0,1.0,1.0,0.0,3.49,6.396929655216146,0.507,0.172,120,5,9.623467963329713
U0060,P0464,0.0,0.0,0.2,1.0,1.0,3.85,5.953243334287785,0.534,0.34,60,5,14.18811120710166
U0060,P0465,0.5,1.0,1.0,1.0,1.0,4.8,5.424950017481403,0.464,0.131,150,5,13.89268182725593
U0060,P0466,0.0,0.0,0.2,1.0,1.0,3.85,7.757478766584179,1.0,0.847,90,5,25.108556618602435
U0060,P0468,0.5,1.0,0.6,0.0,1.0,4.3,4.897839799950911,0.313,0.275,30,5,17.431595087202613
U0060,P0470,0.0,0.0,0.0,0.0,1.0,4.21,4.8283137373023015,0.28,0.411,45,5,23.422266566567664
U0060,P0474,0.0,0.0,0.0,0.0,1.0,3.41,4.672828834461906,0.439,0.801,30,5,17.131484283222953
U0060,P0481,0.5,0.0,0.2,1.0,1.0,4.39,7.095064377287131,0.812,0.371,150,5,19.25973729193934
U0060,P0496,0.25,0.0,0.2,1.0,1.0,4.19,3.091042453358316,0.52,0.853,90,5,4.539130572443874
U0061,P0002,0.25,0.8779999999999999,1.0,0.0,1.0,4.39,7.3277805384216315,0.958,0.624,180,5,28.82400943690391
U0061,P0006,0.25,0.778,0.6,1.0,0.0,3.89,4.941642422609304,0.534,0.973,90,5,21.380062114861126
U0061,P0009,0.0,0.728,0.2,1.0,1.0,3.64,5.877735781779639,0.429,0.117,30,5,4.902731335050333
U0061,P0023,0.25,0.686,0.6,0.0,1.0,3.43,4.6443908991413725,0.5,0.119,45,5,17.559030539472204
U0061,P0030,0.25,0.85,0.6,1.0,0.0,4.25,6.670766320845874,0.706,0.712,150,5,30.982043922606053
U0061,P0033,0.25,0.8939999999999999,0.2,1.0,0.0,4.47,7.1276936993473985,0.868,0.516,90,5,11.073059372754374
U0061,P0035,0.0,0.852,0.6,0.0,1.0,4.26,4.727387818712341,0.39,0.576,60,5,1.1932703789737593
U0061,P0045,0.25,0.772,0.6,0.0,1.0,3.86,6.118097198041348,0.597,0.412,45,5,1.8663188787127682
U0061,P0048,0.5,0.784,0.6,1.0,1.0,3.92,3.7612001156935624,0.3,0.699,90,5,12.842885288445368
U0061,P0049,0.25,0.8460000000000001,0.2,1.0,0.0,4.23,5.814130531825066,0.516,0.337,60,5,6.743200519410618
U0061,P0051,0.0,0.692,1.0,1.0,0.0,3.46,4.997212273764115,0.515,0.445,30,5,15.342270676238016
U0061,P0057,0.25,0.826,0.6,1.0,0.0,4.13,8.455955881945048,1.0,0.358,180,5,18.783094208795852
U0061,P0062,0.25,0.9460000000000001,0.6,1.0,0.0,4.73,3.828641396489095,0.553,0.221,180,5,22.712487204090127
U0061,P0071,0.25,0.8400000000000001,0.6,1.0,1.0,4.2,7.069023426578259,1.0,0.694,150,5,8.54229578884593
U0061,P0079,0.5,0.9880000000000001,0.2,1.0,1.0,4.94,6.07073772800249,0.775,0.405,120,5,14.541381582806213
U0061,P0090,0.25,0.796,0.6,1.0,1.0,3.98,8.764209507142004,1.0,0.626,30,5,7.651964565388776
U0061,P0094,0.25,0.8619999999999999,0.2,0.0,1.0,4.31,5.41610040220442,0.332,0.183,45,5,15.136308764429197
U0061,P0095,0.25,0.744,0.2,1.0,0.0,3.72,3.6888794541139363,0.332,0.704,150,5,11.518198094372606
U0061,P0097,0.0,0.8400000000000001,1.0,1.0,0.0,4.2,4.007333185232471,0.425,0.334,150,5,27.194143910423712
U0061,P0098,0.25,0.836,0.6,1.0,0.0,4.18,5.963579343618446,0.67,0.928,180,5,6.800397778029795
U0061,P0099,0.0,0.74,0.6,1.0,1.0,3.7,5.68697535633982,0.402,0.499,150,5,24.75602289731354
U0061,P0112,0.0,0.882,0.6,1.0,1.0,4.41,3.58351893845611,0.431,0.477,45,5,26.81241754015047
U0061,P0117,0.0,0.8240000000000001,0.6,1.0,0.0,4.12,4.718498871295094,0.261,0.322,120,5,26.20625634507172
U0061,P0118,0.25,1.0,0.2,1.0,0.0,5.0,6.261491684321042,0.616,0.837,90,5,15.135602040249461
U0061,P0130,0.25,0.86,0.6,1.0,0.0,4.3,6.429719478039138,0.746,0.857,90,5,7.5955451078709
U0061,P0131,0.25,0.736,0.6,1.0,0.0,3.68,5.429345628954441,0.51,0.458,90,5,5.79099907951011
U0061,P0132,0.5,0.528,0.6,1.0,1.0,2.64,4.276666119016055,0.204,0.423,150,5,13.252623372795131
U0061,P0149,0.25,0.9,1.0,1.0,1.0,4.5,5.869296913133774,0.567,0.589,60,5,20.329139119018986
U0061,P0153,0.25,0.818,0.6,1.0,0.0,4.09,5.641907070938114,0.516,0.316,45,5,32.934826127866685
U0061,P0159,0.25,0.882,1.0,1.0,1.0,4.41,5.1298987149230735,0.471,0.661,120,5,26.003400939041484
U0061,P0163,0.25,0.73,1.0,1.0,1.0,3.65,4.04305126783455,0.544,0.2,60,5,11.06568149507095
U0061,P0171,0.25,0.746,0.6,1.0,1.0,3.73,5.793013608384144,0.62,0.908,90,5,16.367546848385498
U0061,P0178,0.0,0.818,0.6,1.0,0.0,4.09,4.30406509320417,0.464,0.969,120,5,6.4936555414597805
U0061,P0182,0.25,0.8099999999999999,0.6,1.0,0.0,4.05,5.983936280687191,0.679,0.895,90,5,19.81111830262612
U0061,P0192,0.25,0.628,1.0,1.0,1.0,3.14,4.875197323201151,0.429,0.094,180,5,14.467907124606025
U0061,P0197,0.25,0.702,0.6,1.0,0.0,3.51,7.698029170272805,1.0,0.461,120,5,23.643248266930616
U0061,P0203,0.25,0.78,1.0,1.0,1.0,3.9,6.248042874508429,0.636,0.722,180,5,12.442386544192843
U0061,P0204,0.25,0.724,0.6,1.0,0.0,3.62,5.332718793265369,0.506,0.997,60,5,4.5736595114968495
U0061,P0207,0.25,0.682,1.0,1.0,1.0,3.41,7.033506484287697,0.876,0.351,120,5,25.598560684851577
U0061,P0213,0.0,0.8779999999999999,0.6,1.0,1.0,4.39,7.142827401161621,1.0,0.191,120,5,16.713704756991778
U0061,P0218,0.25,0.9560000000000001,0.2,0.0,1.0,4.78,5.5909869805108565,0.417,0.742,45,5,22.686671294354966
U0061,P0219,0.25,0.966,1.0,1.0,1.0,4.83,3.8501476017100584,0.321,0.176,150,5,26.55711850849047
U0061,P0221,0.25,0.8539999999999999,0.6,1.0,1.0,4.27,5.4638318050256105,0.587,0.055,180,5,8.386829255890996
U0061,P0230,0.5,0.77,0.2,0.0,0.0,3.85,4.07753744390572,0.455,0.856,150,5,9.794095126535732
U0061,P0234,0.25,0.876,0.2,0.0,1.0,4.38,6.410174881966167,0.632,0.141,150,5,5.876722504852353
U0061,P0242,0.25,0.6759999999999999,1.0,1.0,1.0,3.38,5.746203190540153,0.404,0.256,150,5,15.492472413678701
U0061,P0247,0.25,0.826,0.6,1.0,1.0,4.13,4.477336814478207,0.441,0.495,120,5,16.564447865834367
U0061,P0264,0.25,0.674,0.6,1.0,0.0,3.37,5.560681631015528,0.513,0.178,120,5,28.532104435449785
U0061,P0266,0.25,0.8779999999999999,0.6,0.0,1.0,4.39,3.5263605246161616,0.475,0.495,60,5,17.791394391211444
U0061,P0273,0.5,0.5980000000000001,1.0,1.0,1.0,2.99,4.553876891600541,0.308,0.631,30,5,18.830891005297193
U0061,P0276,0.25,0.828,0.6,1.0,1.0,4.14,5.313205979041787,0.443,0.706,60,5,11.10175254115712
U0061,P0282,0.0,0.898,0.6,1.0,1.0,4.49,5.111987788356544,0.395,0.946,30,5,9.724141538179353
U0061,P0283,0.25,0.9279999999999999,0.6,1.0,1.0,4.64,5.0106352940962555,0.615,0.616,30,5,14.919182996673207
U0061,P0285,0.25,0.6519999999999999,0.6,1.0,1.0,3.26,5.081404364984463,0.531,0.729,60,5,21.074575800611708
U0061,P0292,0.25,0.876,1.0,0.0,1.0,4.38,8.224967478914584,1.0,0.126,30,5,14.389004237872536
U0061,P0294,0.25,0.778,0.6,1.0,1.0,3.89,4.48863636973214,0.435,0.53,150,5,16.388607682265256
U0061,P0295,0.5,0.8939999999999999,0.6,1.0,1.0,4.47,4.477336814478207,0.493,0.551,60,5,29.937415922783664
U0061,P0304,0.25,0.75,0.6,1.0,1.0,3.75,4.007333185232471,0.242,0.997,150,5,17.276823117082387
U0061,P0310,0.25,0.8640000000000001,0.2,1.0,0.0,4.32,5.771441123130016,0.428,0.202,180,5,15.97156349602951
U0061,P0312,0.25,0.99,0.6,0.0,1.0,4.95,7.114769448366463,1.0,0.188,90,5,20.65867072588609
U0061,P0313,0.25,0.9640000000000001,0.6,1.0,0.0,4.82,4.890349128221754,0.312,0.213,120,5,8.340469819114391
U0061,P0316,0.25,0.6679999999999999,1.0,1.0,1.0,3.34,7.335633981927201,0.913,0.226,90,5,2.4652829878702334
U0061,P0323,0.25,0.798,1.0,1.0,1.0,3.99,5.176149732573829,0.343,0.563,120,5,18.006054646707614
U0061,P0334,0.25,0.798,0.2,0.0,1.0,3.99,7.305188215393037,0.896,0.538,180,5,13.677781840520629
U0061,P0340,0.25,0.9039999999999999,0.6,1.0,0.0,4.52,7.026426808699636,0.966,0.288,90,5,4.9731968588600575
U0061,P0341,0.25,0.884,1.0,1.0,1.0,4.42,4.1588830833596715,0.303,0.493,120,5,19.126918828223587
U0061,P0360,0.25,0.788,0.2,1.0,1.0,3.94,5.43372200355424,0.303,0.452,45,5,29.011834475048598
U0061,P0373,0.25,0.866,0.2,1.0,0.0,4.33,4.634728988229636,0.303,0.241,45,5,11.015604321562863
U0061,P0376,0.5,0.736,1.0,1.0,1.0,3.68,3.8918202981106265,0.447,0.804,30,5,27.06609823913601
U0061,P0377,0.0,0.732,0.6,1.0,1.0,3.66,6.7650389767805414,0.862,0.584,120,5,28.188758192986242
U0061,P0384,0.5,0.8160000000000001,1.0,1.0,0.0,4.08,7.6251071482389,1.0,0.984,180,5,31.654109599380117
U0061,P0394,0.25,0.8960000000000001,0.6,0.0,1.0,4.48,6.052089168924417,0.603,0.325,90,5,11.352249478808824
U0061,P0396,0.25,0.858,1.0,0.0,1.0,4.29,5.749392985908253,0.429,0.628,120,5,19.45059181773238
U0061,P0397,0.25,0.844,0.2,0.0,1.0,4.22,3.970291913552122,0.358,0.712,180,5,17.828502135472956
U0061,P0407,0.25,0.95,1.0,1.0,1.0,4.75,5.736572297479192,0.433,0.269,90,5,14.675545576988213
U0061,P0408,0.25,0.9119999999999999,0.2,1.0,1.0,4.56,3.7376696182833684,0.272,0.777,30,5,20.91579191410562
U0061,P0409,0.0,0.844,0.6,1.0,0.0,4.22,6.568077911411976,0.538,0.798,180,5,12.305969940835224
U0061,P0410,0.5,0.828,0.2,1.0,0.0,4.14,6.778784897685177,0.653,0.458,45,5,8.772860437611481
U0061,P0416,0.0,0.6980000000000001,0.2,0.0,1.0,3.49,4.406719247264253,0.321,0.079,45,5,6.979550819961008
U0061,P0419,0.0,0.96,0.2,1.0,1.0,4.8,4.30406509320417,0.333,0.504,180,5,23.306765443782997
U0061,P0420,0.25,0.908,0.6,0.0,1.0,4.54,5.247024072160486,0.408,0.55,30,5,8.69761255459198
U0061,P0425,0.25,0.762,0.2,1.0,1.0,3.81,4.867534450455582,0.458,0.137,30,5,20.33819257148217
U0061,P0432,0.25,0.96,0.2,1.0,1.0,4.8,7.655390644826152,1.0,0.287,90,5,14.44318452987604
U0061,P0433,0.5,0.764,0.6,1.0,0.0,3.82,5.0369526024136295,0.408,0.412,120,5,16.869641782318293
U0061,P0437,0.25,0.696,0.6,1.0,0.0,3.48,4.624972813284271,0.277,0.414,90,5,19.457559430174758
U0061,P0439,0.25,0.774,0.6,0.0,1.0,3.87,5.771441123130016,0.536,0.296,45,5,17.105943329163786
U0061,P0444,0.25,0.8720000000000001,0.6,1.0,0.0,4.36,5.0689042022202315,0.521,0.15,45,5,3.3724975219451556
U0061,P0449,0.0,0.8039999999999999,0.2,1.0,1.0,4.02,5.676753802268282,0.524,0.118,60,5,25.053108447311175
U0061,P0450,0.25,0.9279999999999999,0.6,0.0,1.0,4.64,4.5217885770490405,0.475,0.236,90,5,9.27470376384472
U0061,P0456,0.25,0.792,0.2,1.0,1.0,3.96,5.765191102784844,0.424,0.574,45,5,17.09871229223194
U0061,P0459,0.0,0.874,0.2,1.0,1.0,4.37,5.726847747587197,0.418,0.715,150,5,13.77007098092688
U0061,P0471,0.0,0.704,1.0,1.0,1.0,3.52,6.548219102762372,0.617,0.1,60,5,19.699603067786413
U0061,P0473,0.5,0.986,0.2,1.0,0.0,4.93,4.219507705176107,0.291,0.569,150,5,21.16164577602859
U0061,P0475,0.5,0.8160000000000001,0.2,1.0,1.0,4.08,5.793013608384144,0.409,0.225,180,5,31.71462961166598
U0061,P0482,0.25,0.8380000000000001,1.0,1.0,1.0,4.19,6.35088571671474,0.687,0.845,30,5,22.236876482185767
U0061,P0483,0.25,0.8119999999999999,0.6,1.0,1.0,4.06,7.228388451573604,0.882,0.367,30,5,16.652954704638738
U0061,P0485,0.25,0.8160000000000001,1.0,1.0,1.0,4.08,3.784189633918261,0.274,0.507,60,5,7.9150705405535
U0061,P0486,0.0,0.8320000000000001,0.2,1.0,1.0,4.16,4.6913478822291435,0.46,0.858,90,5,5.367328636441308
U0061,P0487,0.25,0.8960000000000001,0.6,1.0,1.0,4.48,4.718498871295094,0.566,0.161,120,5,24.910712816302805
U0061,P0492,0.0,0.732,0.2,1.0,0.0,3.66,5.44673737166631,0.397,0.349,60,5,18.450133119265438
U0061,P0493,0.25,0.82,0.6,1.0,0.0,4.1,4.110873864173311,0.399,0.645,180,5,7.077068342132265
U0061,P0494,0.25,0.9560000000000001,0.2,1.0,1.0,4.78,6.553933404025811,0.866,0.195,180,5,17.45743302598949
U0062,P0004,0.3333333333333333,1.0,0.6,1.0,1.0,4.81,6.421622267806518,0.679,0.831,60,3,29.98876372359351
U0062,P0005,0.6666666666666666,0.0,0.0,1.0,1.0,3.89,6.152732694704104,0.456,0.903,45,3,32.450495819416304
U0062,P0015,0.6666666666666666,0.0,0.6,1.0,1.0,3.83,5.153291594497779,0.446,0.842,45,3,41.709760575389566
U0062,P0022,0.0,0.0,0.0,1.0,1.0,4.05,5.14166355650266,0.471,0.356,30,3,11.214651542362839
U0062,P0034,0.0,1.0,0.2,1.0,1.0,4.07,6.704414354964107,0.693,0.164,90,3,17.604711178149742
U0062,P0038,0.6666666666666666,0.0,0.0,1.0,1.0,2.92,6.48768401848461,0.682,0.481,90,3,17.487623806946374
U0062,P0040,0.3333333333333333,0.0,1.0,0.0,1.0,4.14,3.1354942159291497,0.249,0.216,150,3,14.343540188362192
U0062,P0041,0.6666666666666666,0.0,0.0,1.0,1.0,4.0,5.929589143389895,0.485,0.948,150,3,20.22303385565077
U0062,P0043,0.3333333333333333,0.0,1.0,0.0,1.0,3.74,4.90527477843843,0.441,0.523,30,3,40.66012850700961
U0062,P0054,0.0,0.0,0.6,1.0,1.0,4.95,5.71042701737487,0.693,0.563,45,3,39.085820711047546
U0062,P0056,0.0,1.0,1.0,0.0,1.0,3.24,5.472270673671475,0.286,0.576,60,3,42.754245104569776
U0062,P0063,0.0,0.0,1.0,1.0,1.0,4.36,8.128585200374497,1.0,0.358,45,3,30.84264013915834
U0062,P0067,0.6666666666666666,0.0,0.6,1.0,1.0,3.62,6.068425588244111,0.527,0.79,90,3,43.70257663867048
U0062,P0074,0.6666666666666666,0.0,0.0,0.0,1.0,3.54,3.9318256327243257,0.327,0.272,150,3,7.282008900865539
U0062,P0081,0.0,1.0,0.0,0.0,1.0,3.66,6.4457198193855785,0.555,0.365,180,3,41.195998292967474
U0062,P0083,0.6666666666666666,0.0,0.2,0.0,1.0,4.53,5.996452088619021,0.563,0.951,150,3,3.616209982365921
U0062,P0084,0.6666666666666666,0.0,0.6,1.0,1.0,4.47,7.776535028185241,1.0,0.477,60,3,21.488724843138808
U0062,P0089,0.0,1.0,0.6,1.0,1.0,4.11,7.244941546337007,1.0,0.951,150,3,8.953047799533696
U0062,P0091,0.0,0.0,0.0,1.0,1.0,4.38,4.477336814478207,0.301,0.635,90,3,25.301095179025634
U0062,P0092,0.3333333333333333,1.0,1.0,1.0,1.0,3.62,6.07993319509559,0.409,0.52,90,3,24.86104797985135
U0062,P0096,0.0,1.0,1.0,1.0,1.0,3.9,6.52795791762255,0.569,0.786,90,3,12.729176641610694
U0062,P0102,0.0,1.0,0.2,1.0,1.0,4.59,6.7650389767805414,0.896,0.456,120,3,26.8560630157542
U0062,P0107,0.0,0.0,1.0,0.0,1.0,4.53,6.282266746896006,0.812,0.979,90,3,15.63963601708261
U0062,P0115,0.0,0.0,0.0,1.0,1.0,3.78,6.317164686747284,0.541,0.672,45,3,11.392847976460034
U0062,P0122,0.3333333333333333,0.0,1.0,1.0,1.0,4.33,6.539585955617669,0.798,0.795,60,3,17.63886031596286
U0062,P0123,0.3333333333333333,1.0,0.6,1.0,1.0,3.56,5.099866427824199,0.282,0.386,90,3,39.37947310701209
U0062,P0125,0.0,1.0,1.0,0.0,1.0,4.89,5.986452005284438,0.755,0.668,60,3,12.910321897340078
U0062,P0126,0.3333333333333333,1.0,0.6,1.0,1.0,3.53,6.602587892189336,0.622,0.568,60,3,8.174917500553347
U0062,P0133,0.3333333333333333,0.0,0.2,1.0,1.0,3.99,4.007333185232471,0.265,0.617,60,3,34.02579280102032
U0062,P0142,0.0,1.0,1.0,1.0,1.0,4.81,4.02535169073515,0.312,0.867,45,3,29.72766929918322
U0062,P0144,0.0,1.0,0.6,1.0,1.0,4.03,6.206575926724928,0.688,0.313,120,3,34.215542732884835
U0062,P0146,0.6666666666666666,0.0,1.0,0.0,1.0,4.01,4.912654885736052,0.467,0.531,30,3,30.58191463339376
U0062,P0150,0.6666666666666666,0.0,1.0,1.0,1.0,4.47,6.255750041753367,0.623,0.918,90,3,15.319802702134087
U0062,P0151,0.0,1.0,1.0,1.0,1.0,3.73,4.8283137373023015,0.305,0.853,180,3,27.51747217486337
U0062,P0155,0.3333333333333333,0.0,1.0,0.0,1.0,4.35,5.2574953720277815,0.361,0.479,90,3,38.363941172510614
U0062,P0162,0.6666666666666666,0.0,1.0,0.0,1.0,3.73,8.01102337918644,1.0,0.241,45,3,39.00232033824804
U0062,P0164,0.6666666666666666,0.0,0.2,0.0,1.0,4.62,6.450470422144176,0.56,0.967,150,3,19.57004182345057
U0062,P0170,0.0,0.0,0.2,1.0,1.0,4.29,4.8283137373023015,0.58,0.845,60,3,24.460187248375203
U0062,P0174,0.0,0.0,0.6,1.0,1.0,3.45,3.828641396489095,0.409,0.097,150,3,17.55762836123724
U0062,P0175,0.0,0.0,0.6,1.0,1.0,3.78,5.247024072160486,0.321,0.229,150,3,23.047568710033147
U0062,P0180,0.0,0.0,0.2,0.0,1.0,4.25,4.51085950651685,0.491,0.434,150,3,29.515925168024655
U0062,P0181,0.0,1.0,1.0,1.0,1.0,4.33,7.3395376954076745,1.0,0.696,150,3,35.651886119025946
U0062,P0185,0.0,1.0,0.2,0.0,1.0,4.14,4.574710978503383,0.359,0.333,30,3,26.864326586182994
U0062,P0189,0.6666666666666666,0.0,1.0,1.0,1.0,4.49,5.720311776607412,0.596,0.737,30,3,37.98598125052255
U0062,P0191,0.3333333333333333,1.0,1.0,1.0,1.0,3.72,4.787491742782046,0.38,0.892,90,3,28.913421261407525
U0062,P0201,0.0,1.0,0.2,1.0,1.0,3.38,4.787491742782046,0.465,0.968,30,3,12.126572534256947
U0062,P0202,0.0,1.0,0.2,1.0,1.0,4.1,5.556828061699537,0.478,0.089,150,3,43.27927915009434
U0062,P0205,0.3333333333333333,0.0,1.0,1.0,1.0,4.15,6.118097198041348,0.546,0.813,120,3,33.59442305635152
U0062,P0211,0.3333333333333333,1.0,0.0,1.0,1.0,5.0,7.60688453121963,1.0,0.351,120,3,16.221304896470865
U0062,P0215,0.0,0.0,0.6,1.0,1.0,4.58,3.4011973816621555,0.423,0.982,180,3,20.230909196077903
U0062,P0224,0.0,0.0,0.0,1.0,1.0,4.26,4.382026634673881,0.279,0.985,60,3,22.03528381105641
U0062,P0226,0.0,0.0,1.0,1.0,1.0,4.07,6.646390514847729,0.871,0.965,120,3,18.670737435952613
U0062,P0235,0.3333333333333333,1.0,0.2,1.0,1.0,3.86,4.812184355372417,0.372,0.491,150,3,9.856929525091173
U0062,P0236,0.0,0.0,0.2,1.0,1.0,3.98,2.772588722239781,0.317,0.87,60,3,25.583210017432876
U0062,P0240,0.0,0.0,0.0,0.0,1.0,5.0,6.843749949006225,0.951,0.465,120,3,26.529545954018577
U0062,P0245,0.0,1.0,0.0,1.0,1.0,4.86,6.558197802812269,0.673,0.09,45,3,42.640633974939355
U0062,P0246,0.6666666666666666,0.0,0.2,1.0,1.0,4.1,7.27655640271871,1.0,0.662,150,3,9.976274545102124
U0062,P0259,0.6666666666666666,0.0,0.6,1.0,1.0,4.33,4.330733340286331,0.32,0.951,60,3,42.975769714893495
U0062,P0262,0.3333333333333333,0.0,0.2,1.0,1.0,3.8,6.186208623900494,0.525,0.274,90,3,15.437312412630861
U0062,P0265,0.6666666666666666,0.0,0.0,0.0,1.0,4.22,4.418840607796598,0.584,0.31,60,3,33.101829423540345
U0062,P0277,0.0,0.0,0.6,1.0,1.0,4.63,5.808142489980444,0.449,0.179,180,3,21.41163106243541
U0062,P0289,0.6666666666666666,0.0,0.2,1.0,1.0,4.21,6.42648845745769,0.804,0.318,30,3,20.22040740150821
U0062,P0297,0.3333333333333333,0.0,1.0,1.0,1.0,4.32,5.902633333401366,0.481,0.089,180,3,25.67305832997859
U0062,P0301,0.0,0.0,0.0,1.0,1.0,4.44,4.394449154672439,0.296,0.296,120,3,15.214867074942973
U0062,P0308,0.6666666666666666,0.0,0.0,1.0,1.0,5.0,5.655991810819852,0.65,0.669,30,3,19.0487444068611
U0062,P0311,0.0,0.0,0.6,1.0,1.0,3.74,6.066108090103747,0.436,0.613,30,3,7.960395350978832
U0062,P0314,0.6666666666666666,0.0,0.0,1.0,1.0,3.65,5.351858133476067,0.579,0.284,45,3,21.072356160638623
U0062,P0319,0.3333333333333333,1.0,0.2,1.0,1.0,4.47,5.5909869805108565,0.502,0.328,120,3,13.53015151571262
U0062,P0325,0.6666666666666666,0.0,0.6,1.0,1.0,4.0,6.336825731146441,0.61,0.792,30,3,26.847555974266395
U0062,P0327,0.3333333333333333,0.0,0.0,1.0,1.0,3.98,4.174387269895637,0.483,0.989,90,3,35.46930381486202
U0062,P0336,0.6666666666666666,0.0,0.2,1.0,1.0,4.66,3.044522437723423,0.302,0.722,180,3,12.383904899682486
U0062,P0344,0.0,0.0,0.2,1.0,1.0,3.99,5.056245805348308,0.403,0.273,90,3,13.764591203690994
U0062,P0349,0.0,0.0,0.2,1.0,1.0,4.25,4.007333185232471,0.525,0.192,150,3,32.151690204087146
U0062,P0350,0.3333333333333333,0.0,0.6,1.0,1.0,4.52,5.2832037287379885,0.324,0.736,180,3,15.75583803012544
U0062,P0354,0.0,0.0,0.0,1.0,1.0,3.52,7.605890001053122,1.0,0.25,90,3,29.208275034788944
U0062,P0355,0.0,0.0,0.2,1.0,1.0,3.16,7.535830462798367,1.0,0.622,180,3,8.19448385002812
U0062,P0357,0.3333333333333333,0.0,0.6,0.0,1.0,3.85,5.981414211254481,0.4,0.263,60,3,25.74414400000842
U0062,P0362,0.6666666666666666,0.0,0.0,0.0,1.0,3.49,6.391917113392602,0.492,0.317,30,3,44.412520239130075
U0062,P0363,0.0,0.0,0.0,1.0,1.0,4.18,5.2832037287379885,0.564,0.497,45,3,14.440872741139895
U0062,P0370,0.0,0.0,0.2,1.0,1.0,4.85,6.717804695023691,0.739,0.797,120,3,31.103937518837473
U0062,P0378,0.3333333333333333,1.0,1.0,1.0,1.0,3.67,8.658866349732383,1.0,0.865,90,3,27.0371094286635
U0062,P0383,0.0,0.0,0.6,1.0,1.0,4.62,4.663439094112067,0.311,0.896,120,3,26.72091715884868
U0062,P0385,0.0,0.0,1.0,1.0,1.0,3.82,7.675081857716334,1.0,0.441,120,3,35.186594837478715
U0062,P0393,0.0,0.0,0.2,1.0,1.0,4.35,6.79794041297493,0.641,0.892,90,3,11.341005871266002
U0062,P0406,0.6666666666666666,0.0,1.0,1.0,1.0,4.02,4.976733742420574,0.349,0.241,180,3,21.25472429704242
U0062,P0414,0.0,0.0,1.0,1.0,1.0,4.81,4.875197323201151,0.574,0.237,45,3,5.653948766528925
U0062,P0415,0.0,0.0,0.2,1.0,1.0,3.91,5.1647859739235145,0.548,0.99,90,3,44.792299251168686
U0062,P0417,0.0,0.0,0.0,1.0,1.0,3.65,4.584967478670572,0.493,0.182,150,3,39.35294923968943
U0062,P0423,0.0,1.0,0.6,1.0,1.0,4.17,6.091309882077698,0.546,0.491,30,3,10.9081824183469
U0062,P0429,0.0,0.0,1.0,1.0,1.0,3.73,6.066108090103747,0.596,0.107,30,3,22.237415397374054
U0062,P0430,0.0,1.0,0.2,0.0,1.0,3.85,6.259581464064923,0.474,0.763,60,3,22.27158783348814
U0062,P0431,0.0,1.0,0.2,1.0,1.0,4.19,3.6888794541139363,0.291,0.653,150,3,37.685160837919
U0062,P0436,0.0,0.0,0.2,1.0,1.0,4.02,4.543294782270004,0.464,0.947,150,3,38.63412256683757
U0062,P0442,0.6666666666666666,0.0,0.6,0.0,1.0,3.88,6.75343791859778,0.708,0.96,120,3,25.948605658033518
U0062,P0443,0.0,0.0,0.2,1.0,1.0,4.41,7.716460800176355,1.0,0.876,90,3,16.515797044519328
U0062,P0445,0.0,0.0,0.0,1.0,1.0,4.37,6.8308742346461795,0.666,0.662,150,3,4.101846478915455
U0062,P0457,0.6666666666666666,0.0,1.0,1.0,1.0,4.21,7.393263094763838,1.0,0.306,150,3,10.413285480781687
U0062,P0461,0.0,1.0,0.2,1.0,1.0,4.58,4.276666119016055,0.594,0.782,120,3,17.979118498571854
U0062,P0467,0.0,0.0,0.2,1.0,1.0,3.45,2.8903717578961645,0.194,0.951,90,3,34.38601572208242
U0062,P0472,0.3333333333333333,0.0,0.2,0.0,1.0,4.39,5.384495062789089,0.434,0.365,30,3,27.6577543951875
U0062,P0477,0.0,0.0,0.2,1.0,1.0,3.54,7.232733136177615,1.0,0.177,60,3,30.394649234622445
U0062,P0478,0.0,0.0,1.0,1.0,1.0,4.06,6.841615476477592,0.877,0.246,150,3,23.016804928134725
U0062,P0479,0.0,0.0,0.0,0.0,1.0,4.25,6.049733455231958,0.532,0.229,90,3,33.26528408990855
U0062,P0480,0.0,0.0,1.0,0.0,1.0,4.36,6.037870919922137,0.555,0.061,90,3,6.990648801246851
U0062,P0491,0.0,0.0,1.0,1.0,1.0,4.45,6.0112671744041615,0.433,0.251,120,3,31.35201760739745
U0062,P0498,0.3333333333333333,0.0,1.0,1.0,1.0,3.65,5.1647859739235145,0.582,0.624,90,3,38.86914106845878
U0063,P0001,0.5,0.33299999999999996,0.6,1.0,1.0,4.32,5.337538079701318,0.32,0.667,30,4,13.481804822103536
U0063,P0010,0.5,0.5589999999999999,0.6,1.0,1.0,3.69,3.8066624897703196,0.479,0.441,180,4,16.985549754672146
U0063,P0011,0.0,0.132,0.6,1.0,1.0,4.76,5.231108616854587,0.371,0.868,45,4,4.004521543355762
U0063,P0012,0.5,0.20499999999999996,0.6,1.0,1.0,4.13,3.8066624897703196,0.301,0.795,90,4,11.827589447183874
U0063,P0017,0.0,0.43200000000000005,0.6,0.0,1.0,4.09,4.23410650459726,0.428,0.568,90,4,17.5540771765448
U0063,P0019,0.0,0.17000000000000004,0.6,1.0,1.0,4.19,3.1780538303479458,0.525,0.83,180,4,2.67790963883283
U0063,P0020,0.5,0.383,1.0,1.0,1.0,3.5,5.736572297479192,0.643,0.617,30,4,16.408972907244443
U0063,P0036,0.5,0.808,0.6,1.0,1.0,4.26,7.346010209913293,0.95,0.192,30,4,8.631152782925657
U0063,P0037,0.5,0.856,0.6,0.0,1.0,4.08,7.3777589082278725,1.0,0.144,120,4,6.6084608609135005
U0063,P0046,0.0,0.29200000000000004,0.2,1.0,1.0,4.14,6.663132695990803,0.812,0.708,90,4,12.208001167759848
U0063,P0050,0.5,0.21299999999999997,0.2,0.0,1.0,4.1,5.220355825078324,0.486,0.787,150,4,8.251798821133137
U0063,P0053,0.0,0.37,1.0,1.0,1.0,4.03,5.986452005284438,0.418,0.63,45,4,13.149369714945314
U0063,P0058,0.0,0.515,0.6,1.0,1.0,4.01,5.863631175598097,0.535,0.485,120,4,11.671335934988214
U0063,P0064,0.0,0.845,0.6,1.0,1.0,3.65,4.8283137373023015,0.408,0.155,90,4,5.478326201618967
U0063,P0077,0.0,0.9319999999999999,1.0,0.0,1.0,3.79,5.780743515792329,0.656,0.068,90,4,7.456063418518054
U0063,P0080,0.0,0.27,1.0,1.0,1.0,3.56,6.289715570908998,0.705,0.73,45,4,7.340441494687669
U0063,P0086,0.0,0.344,1.0,0.0,1.0,3.7,4.5217885770490405,0.474,0.656,120,4,15.261401067272942
U0063,P0087,0.5,0.831,0.2,1.0,1.0,4.07,5.910796644040527,0.392,0.169,90,4,13.89258894385255
U0063,P0104,0.0,0.5549999999999999,1.0,1.0,1.0,4.33,6.118097198041348,0.635,0.445,45,4,17.073441872217096
U0063,P0110,0.0,0.663,1.0,1.0,1.0,3.88,5.598421958998375,0.397,0.337,150,4,13.40913617740975
U0063,P0119,0.0,0.07699999999999996,0.6,0.0,1.0,3.19,5.726847747587197,0.593,0.923,150,4,10.81464086060178
U0063,P0129,0.0,0.07499999999999996,0.6,1.0,1.0,4.67,4.653960350157523,0.551,0.925,120,4,16.572989117580263
U0063,P0137,0.5,0.643,0.6,1.0,1.0,4.62,5.5134287461649825,0.627,0.357,180,4,6.166647290366113
U0063,P0140,0.0,0.355,1.0,1.0,1.0,4.13,5.043425116919247,0.467,0.645,45,4,11.540032248188469
U0063,P0141,0.0,0.33399999999999996,1.0,1.0,1.0,4.15,6.295266001439646,0.507,0.666,60,4,16.881043625423427
U0063,P0143,0.5,0.942,1.0,1.0,1.0,5.0,3.1780538303479458,0.308,0.058,180,4,19.716664154456925
U0063,P0156,0.0,0.785,0.2,0.0,1.0,4.0,6.818924065275521,0.86,0.215,60,4,0.5815400780389921
U0063,P0158,0.5,0.479,0.2,1.0,1.0,4.69,5.5254529391317835,0.362,0.521,90,4,15.928565719511587
U0063,P0166,0.0,0.43100000000000005,0.2,1.0,1.0,4.09,4.430816798843313,0.377,0.569,150,4,13.832878164903297
U0063,P0169,0.5,0.02200000000000002,0.2,1.0,1.0,3.73,5.117993812416755,0.411,0.978,60,4,12.84338727509722
U0063,P0172,0.0,0.7050000000000001,0.2,0.0,1.0,4.21,4.897839799950911,0.419,0.295,150,4,3.755529387927389
U0063,P0184,0.5,0.44299999999999995,0.2,1.0,1.0,4.2,5.517452896464707,0.367,0.557,90,4,15.832971487831257
U0063,P0187,0.0,0.8049999999999999,0.2,1.0,1.0,4.75,6.651571873589727,0.602,0.195,30,4,12.494099387090538
U0063,P0193,0.5,0.898,1.0,0.0,1.0,3.76,5.683579767338681,0.552,0.102,150,4,10.811727826708559
U0063,P0196,0.0,0.764,0.2,1.0,1.0,3.7,6.091309882077698,0.697,0.236,90,4,18.50973685101318
U0063,P0206,0.0,0.28200000000000003,0.2,1.0,1.0,4.42,4.1588830833596715,0.469,0.718,45,4,12.253295301484151
U0063,P0212,0.0,0.33699999999999997,1.0,1.0,1.0,3.99,6.666956792429207,0.86,0.663,90,4,8.828655530607321
U0063,P0238,0.0,0.133,1.0,1.0,1.0,4.84,5.204006687076795,0.479,0.867,45,4,21.363634744193433
U0063,P0248,0.0,0.43799999999999994,0.6,1.0,1.0,4.79,6.148468295917647,0.759,0.562,120,4,11.961454686006526
U0063,P0251,0.0,0.050000000000000044,0.2,1.0,1.0,4.52,7.791522819150732,1.0,0.95,45,4,11.552478210751902
U0063,P0252,0.0,0.651,0.6,1.0,1.0,3.47,6.175867270105761,0.566,0.349,150,4,3.9965450765949426
U0063,P0254,0.0,0.17900000000000005,0.2,1.0,1.0,3.83,4.465908118654584,0.391,0.821,45,4,13.744987553185958
U0063,P0260,0.0,0.28600000000000003,0.6,1.0,1.0,4.14,6.401917196727186,0.669,0.714,180,4,12.29738581768504
U0063,P0263,0.0,0.121,0.6,1.0,1.0,3.76,3.367295829986474,0.32,0.879,90,4,11.004876907696907
U0063,P0272,0.0,0.53,0.6,1.0,1.0,4.34,7.2305631534092925,1.0,0.47,30,4,20.92429646490142
U0063,P0275,0.0,0.11099999999999999,1.0,0.0,1.0,4.27,4.77912349311153,0.591,0.889,120,4,6.936559678008323
U0063,P0280,0.5,0.05900000000000005,0.6,0.0,1.0,4.28,4.997212273764115,0.537,0.941,120,4,10.367900948894247
U0063,P0281,0.0,0.22899999999999998,0.2,1.0,1.0,4.23,7.990576881743923,1.0,0.771,30,4,5.450511004216621
U0063,P0291,0.5,0.522,0.6,1.0,1.0,4.25,5.003946305945459,0.58,0.478,180,4,4.715832207877633
U0063,P0296,0.0,0.791,0.6,1.0,1.0,4.13,4.927253685157205,0.342,0.209,150,4,9.621828781293022
U0063,P0302,0.0,0.5660000000000001,0.6,1.0,1.0,4.49,7.126890808898808,1.0,0.434,90,4,18.59130266727045
U0063,P0303,0.0,0.513,0.6,1.0,1.0,4.29,7.752335163302292,1.0,0.487,150,4,16.604853458135064
U0063,P0307,0.0,0.8160000000000001,0.6,1.0,1.0,4.23,4.1588830833596715,0.352,0.184,180,4,17.226776637885717
U0063,P0317,0.0,0.898,1.0,1.0,1.0,4.03,4.990432586778736,0.512,0.102,120,4,1.5573889298034913
U0063,P0318,0.0,0.399,0.6,0.0,1.0,3.64,3.5263605246161616,0.245,0.601,60,4,9.782224491439859
U0063,P0320,0.5,0.928,0.2,0.0,1.0,3.52,3.9512437185814275,0.257,0.072,30,4,16.694338301749884
U0063,P0324,0.5,0.31599999999999995,1.0,0.0,1.0,2.89,5.438079308923196,0.474,0.684,60,4,10.190713640286688
U0063,P0326,0.0,0.938,0.2,1.0,1.0,4.93,6.852242569051878,0.99,0.062,60,4,14.36297889752815
U0063,P0328,0.0,0.15700000000000003,0.6,0.0,1.0,5.0,5.572154032177765,0.438,0.843,180,4,19.73868911714997
U0063,P0330,0.0,0.795,0.2,1.0,1.0,4.19,5.327876168789581,0.598,0.205,45,4,13.442251184827482
U0063,P0332,0.0,0.04500000000000004,0.6,1.0,1.0,4.09,4.852030263919617,0.297,0.955,45,4,18.820954286671842
U0063,P0335,0.0,0.05500000000000005,0.6,0.0,1.0,2.91,6.810142450115136,0.759,0.945,45,4,18.756023511035394
U0063,P0338,0.0,0.05800000000000005,0.6,0.0,1.0,3.47,4.574710978503383,0.318,0.942,180,4,15.945465282824731
U0063,P0339,0.0,0.14800000000000002,0.6,1.0,1.0,3.6,7.602900462204755,1.0,0.852,30,4,10.812489881455193
U0063,P0345,0.0,0.644,0.6,1.0,1.0,4.42,6.035481432524756,0.502,0.356,150,4,12.457365354375353
U0063,P0346,0.5,0.405,0.6,1.0,1.0,3.94,6.891625897052253,0.71,0.595,150,4,13.18142017259713
U0063,P0351,0.0,0.45399999999999996,0.6,0.0,1.0,3.86,6.759255270663693,0.911,0.546,150,4,12.75935643915793
U0063,P0358,0.0,0.44999999999999996,0.6,1.0,1.0,4.08,6.824373670043086,0.828,0.55,45,4,17.27308628242794
U0063,P0359,0.5,0.77,0.6,1.0,1.0,4.15,5.683579767338681,0.385,0.23,180,4,18.604918336641646
U0063,P0361,0.0,0.10199999999999998,0.2,1.0,1.0,4.24,3.4657359027997265,0.315,0.898,120,4,21.91936254675103
U0063,P0367,0.0,0.484,0.6,1.0,1.0,4.28,3.4657359027997265,0.364,0.516,90,4,20.267414108985466
U0063,P0369,0.0,0.15100000000000002,0.6,0.0,1.0,4.22,6.679599185844383,0.722,0.849,180,4,8.179943592783744
U0063,P0371,0.0,0.839,0.6,1.0,1.0,3.27,3.970291913552122,0.261,0.161,30,4,14.642893910309242
U0063,P0374,0.0,0.65,0.2,1.0,1.0,4.18,4.59511985013459,0.424,0.35,90,4,19.96715387209799
U0063,P0380,0.5,0.819,0.6,0.0,1.0,3.71,6.342121418721152,0.567,0.181,150,4,11.779422671867282
U0063,P0388,0.0,0.41300000000000003,0.6,1.0,1.0,4.38,3.6375861597263857,0.236,0.587,120,4,2.8595109885629655
U0063,P0390,0.0,0.9319999999999999,0.6,1.0,1.0,4.07,6.246106765481563,0.77,0.068,120,4,12.026452120942235
U0063,P0391,0.0,0.587,0.2,1.0,1.0,4.18,3.912023005428146,0.403,0.413,30,4,15.655787235030864
U0063,P0392,0.0,0.646,0.6,1.0,1.0,4.27,6.234410725718371,0.68,0.354,30,4,15.337666023435483
U0063,P0395,0.0,0.261,1.0,0.0,1.0,4.07,3.5263605246161616,0.234,0.739,150,4,12.584700673773925
U0063,P0399,0.5,0.45299999999999996,0.2,1.0,1.0,4.08,6.318968113746434,0.659,0.547,150,4,16.05448582332634
U0063,P0400,0.0,0.737,1.0,0.0,1.0,4.11,5.537334267018537,0.362,0.263,120,4,18.678331597168675
U0063,P0403,0.0,0.14300000000000002,0.2,1.0,1.0,3.9,5.1298987149230735,0.376,0.857,150,4,8.466140566259194
U0063,P0405,0.0,0.654,1.0,1.0,1.0,4.67,4.430816798843313,0.395,0.346,90,4,7.1501512457281375
U0063,P0424,0.5,0.804,0.2,1.0,1.0,4.23,8.446556111816797,1.0,0.196,30,4,18.95339747988261
U0063,P0426,0.0,0.062000000000000055,0.6,1.0,1.0,3.82,4.836281906951478,0.263,0.938,120,4,5.971683595700454
U0063,P0427,0.5,0.599,1.0,1.0,1.0,3.81,6.927557906278317,0.653,0.401,45,4,16.172187109750006
U0063,P0438,0.0,0.554,1.0,1.0,1.0,4.09,7.653494909661253,1.0,0.446,45,4,0.7047476715552201
U0063,P0441,0.5,0.5900000000000001,0.6,1.0,1.0,5.0,4.867534450455582,0.426,0.41,150,4,11.204462662193446
U0063,P0447,0.5,0.475,0.2,0.0,1.0,4.58,6.903747257584598,0.815,0.525,120,4,3.310951134709989
U0063,P0452,0.0,0.839,0.6,1.0,1.0,4.11,7.034387929915503,1.0,0.161,150,4,9.69681589447413
U0063,P0455,0.0,0.20599999999999996,0.6,1.0,1.0,4.39,8.096208271650037,1.0,0.794,150,4,17.023811906771243
U0063,P0462,0.5,0.44399999999999995,0.6,1.0,1.0,4.16,4.663439094112067,0.492,0.556,150,4,15.675651877558638
U0063,P0463,0.5,0.04500000000000004,0.6,1.0,1.0,4.64,3.6888794541139363,0.486,0.955,180,4,8.96054867782084
U0063,P0484,0.0,0.698,1.0,1.0,1.0,3.8,7.661527081358517,1.0,0.302,60,4,9.021322006233564
U0063,P0488,0.0,0.22299999999999998,0.6,1.0,1.0,3.9,3.258096538021482,0.334,0.777,30,4,17.77259936463186
U0063,P0495,0.0,0.78,0.6,1.0,1.0,4.0,5.53338948872752,0.423,0.22,60,4,15.53632037115013
U0063,P0497,0.0,0.581,0.2,1.0,1.0,3.99,4.68213122712422,0.302,0.419,30,4,17.599142331048125
U0063,P0499,0.0,0.5,1.0,1.0,1.0,4.91,6.269096283706261,0.682,0.5,120,4,17.9122323559353
U0063,P0500,0.0,0.16100000000000003,0.6,1.0,1.0,3.84,6.18826412308259,0.439,0.839,180,4,13.157164147360511
U0064,P0001,0.5,0.8640000000000001,0.6,1.0,1.0,4.32,5.337538079701318,0.32,0.667,30,3,13.617558562992066
U0064,P0010,0.5,0.738,0.6,1.0,0.0,3.69,3.8066624897703196,0.479,0.441,180,3,14.45690166696161
U0064,P0011,0.25,0.952,0.6,1.0,0.0,4.76,5.231108616854587,0.371,0.868,45,3,13.562158718546995
U0064,P0012,0.5,0.826,0.6,1.0,0.0,4.13,3.8066624897703196,0.301,0.795,90,3,8.886988561485003
U0064,P0017,0.25,0.818,0.6,0.0,0.0,4.09,4.23410650459726,0.428,0.568,90,3,13.680352859071585
U0064,P0019,0.25,0.8380000000000001,0.6,1.0,0.0,4.19,3.1780538303479458,0.525,0.83,180,3,7.887381705880941
U0064,P0020,0.0,0.7,1.0,1.0,0.0,3.5,5.736572297479192,0.643,0.617,30,3,6.119637052566198
U0064,P0036,0.5,0.852,0.6,1.0,1.0,4.26,7.346010209913293,0.95,0.192,30,3,5.7300437607449055
U0064,P0037,0.0,0.8160000000000001,0.6,0.0,1.0,4.08,7.3777589082278725,1.0,0.144,120,3,5.930088801141331
U0064,P0046,0.25,0.828,0.2,1.0,0.0,4.14,6.663132695990803,0.812,0.708,90,3,7.960928375892303
U0064,P0050,0.0,0.82,0.2,0.0,0.0,4.1,5.220355825078324,0.486,0.787,150,3,2.6175299109384156
U0064,P0053,0.25,0.806,1.0,1.0,0.0,4.03,5.986452005284438,0.418,0.63,45,3,13.699578432664794
U0064,P0058,0.25,0.8019999999999999,0.6,1.0,0.0,4.01,5.863631175598097,0.535,0.485,120,3,1.184353807116928
U0064,P0064,0.25,0.73,0.6,1.0,1.0,3.65,4.8283137373023015,0.408,0.155,90,3,14.366103590243076
U0064,P0077,0.25,0.758,1.0,0.0,1.0,3.79,5.780743515792329,0.656,0.068,90,3,6.434462982994894
U0064,P0080,0.25,0.712,1.0,1.0,1.0,3.56,6.289715570908998,0.705,0.73,45,3,4.251460650303139
U0064,P0086,0.25,0.74,1.0,0.0,0.0,3.7,4.5217885770490405,0.474,0.656,120,3,4.804465201980591
U0064,P0087,0.0,0.8140000000000001,0.2,1.0,1.0,4.07,5.910796644040527,0.392,0.169,90,3,8.244730648486126
U0064,P0104,0.25,0.866,1.0,1.0,0.0,4.33,6.118097198041348,0.635,0.445,45,3,8.757530733897616
U0064,P0110,0.25,0.776,1.0,1.0,0.0,3.88,5.598421958998375,0.397,0.337,150,3,12.362796332431845
U0064,P0119,0.25,0.638,0.6,0.0,0.0,3.19,5.726847747587197,0.593,0.923,150,3,6.094757233599604
U0064,P0129,0.25,0.9339999999999999,0.6,1.0,1.0,4.67,4.653960350157523,0.551,0.925,120,3,7.4424868977931435
U0064,P0137,0.0,0.924,0.6,1.0,1.0,4.62,5.5134287461649825,0.627,0.357,180,3,6.170932596731053
U0064,P0140,0.25,0.826,1.0,1.0,0.0,4.13,5.043425116919247,0.467,0.645,45,3,9.607172576152525
U0064,P0141,0.25,0.8300000000000001,1.0,1.0,1.0,4.15,6.295266001439646,0.507,0.666,60,3,6.570475562855009
U0064,P0143,0.0,1.0,1.0,1.0,1.0,5.0,3.1780538303479458,0.308,0.058,180,3,10.570348399626182
U0064,P0156,0.25,0.8,0.2,0.0,1.0,4.0,6.818924065275521,0.86,0.215,60,3,10.033097115616435
U0064,P0158,0.5,0.9380000000000001,0.2,1.0,1.0,4.69,5.5254529391317835,0.362,0.521,90,3,7.982417586158465
U0064,P0166,0.25,0.818,0.2,1.0,1.0,4.09,4.430816798843313,0.377,0.569,150,3,14.896619186478661
U0064,P0169,0.5,0.746,0.2,1.0,1.0,3.73,5.117993812416755,0.411,0.978,60,3,3.030708055716158
U0064,P0172,0.25,0.842,0.2,0.0,1.0,4.21,4.897839799950911,0.419,0.295,150,3,14.224929010319975
U0064,P0184,0.5,0.8400000000000001,0.2,1.0,1.0,4.2,5.517452896464707,0.367,0.557,90,3,6.366790988007592
U0064,P0187,0.25,0.95,0.2,1.0,1.0,4.75,6.651571873589727,0.602,0.195,30,3,4.141154119922849
U0064,P0193,0.0,0.752,1.0,0.0,1.0,3.76,5.683579767338681,0.552,0.102,150,3,0.7860787836838199
U0064,P0196,0.25,0.74,0.2,1.0,1.0,3.7,6.091309882077698,0.697,0.236,90,3,14.22483466438434
U0064,P0206,0.25,0.884,0.2,1.0,1.0,4.42,4.1588830833596715,0.469,0.718,45,3,13.9660688607969
U0064,P0212,0.25,0.798,1.0,1.0,1.0,3.99,6.666956792429207,0.86,0.663,90,3,5.175508556794588
U0064,P0238,0.25,0.968,1.0,1.0,1.0,4.84,5.204006687076795,0.479,0.867,45,3,11.541083794692218
U0064,P0248,0.25,0.958,0.6,1.0,0.0,4.79,6.148468295917647,0.759,0.562,120,3,10.798511367769484
U0064,P0251,0.25,0.9039999999999999,0.2,1.0,0.0,4.52,7.791522819150732,1.0,0.95,45,3,4.953499738617802
U0064,P0252,0.25,0.6940000000000001,0.6,1.0,1.0,3.47,6.175867270105761,0.566,0.349,150,3,6.594337589754704
U0064,P0254,0.25,0.766,0.2,1.0,1.0,3.83,4.465908118654584,0.391,0.821,45,3,11.033481445839218
U0064,P0260,0.25,0.828,0.6,1.0,0.0,4.14,6.401917196727186,0.669,0.714,180,3,7.295908064064771
U0064,P0263,0.25,0.752,0.6,1.0,1.0,3.76,3.367295829986474,0.32,0.879,90,3,7.8936444770778165
U0064,P0272,0.25,0.868,0.6,1.0,0.0,4.34,7.2305631534092925,1.0,0.47,30,3,12.311307288258503
U0064,P0275,0.25,0.8539999999999999,1.0,0.0,1.0,4.27,4.77912349311153,0.591,0.889,120,3,4.269297624160379
U0064,P0280,0.0,0.8560000000000001,0.6,0.0,0.0,4.28,4.997212273764115,0.537,0.941,120,3,14.386239871168106
U0064,P0281,0.25,0.8460000000000001,0.2,1.0,0.0,4.23,7.990576881743923,1.0,0.771,30,3,5.131368411038497
U0064,P0291,0.5,0.85,0.6,1.0,1.0,4.25,5.003946305945459,0.58,0.478,180,3,5.8039713630309535
U0064,P0296,0.25,0.826,0.6,1.0,0.0,4.13,4.927253685157205,0.342,0.209,150,3,6.428286502637006
U0064,P0302,0.25,0.898,0.6,1.0,0.0,4.49,7.126890808898808,1.0,0.434,90,3,12.61283888860981
U0064,P0303,0.25,0.858,0.6,1.0,0.0,4.29,7.752335163302292,1.0,0.487,150,3,10.20056646450258
U0064,P0307,0.25,0.8460000000000001,0.6,1.0,1.0,4.23,4.1588830833596715,0.352,0.184,180,3,15.090918669540756
U0064,P0317,0.25,0.806,1.0,1.0,0.0,4.03,4.990432586778736,0.512,0.102,120,3,10.78094766513198
U0064,P0318,0.25,0.728,0.6,0.0,1.0,3.64,3.5263605246161616,0.245,0.601,60,3,13.97974427230983
U0064,P0320,0.0,0.704,0.2,0.0,1.0,3.52,3.9512437185814275,0.257,0.072,30,3,12.217270453738022
U0064,P0324,0.5,0.5780000000000001,1.0,0.0,0.0,2.89,5.438079308923196,0.474,0.684,60,3,8.532542039596079
U0064,P0326,0.25,0.986,0.2,1.0,1.0,4.93,6.852242569051878,0.99,0.062,60,3,6.136630926268479
U0064,P0328,0.25,1.0,0.6,0.0,1.0,5.0,5.572154032177765,0.438,0.843,180,3,12.221606023432924
U0064,P0330,0.25,0.8380000000000001,0.2,1.0,0.0,4.19,5.327876168789581,0.598,0.205,45,3,3.6137913149119396
U0064,P0332,0.25,0.818,0.6,1.0,1.0,4.09,4.852030263919617,0.297,0.955,45,3,12.59969015456969
U0064,P0335,0.25,0.5820000000000001,0.6,0.0,1.0,2.91,6.810142450115136,0.759,0.945,45,3,10.851192657361057
U0064,P0338,0.25,0.6940000000000001,0.6,0.0,0.0,3.47,4.574710978503383,0.318,0.942,180,3,13.07168556450987
U0064,P0339,0.25,0.72,0.6,1.0,1.0,3.6,7.602900462204755,1.0,0.852,30,3,5.075946053297955
U0064,P0345,0.25,0.884,0.6,1.0,1.0,4.42,6.035481432524756,0.502,0.356,150,3,15.073505379785782
U0064,P0346,0.0,0.788,0.6,1.0,1.0,3.94,6.891625897052253,0.71,0.595,150,3,2.7141740657039755
U0064,P0351,0.25,0.772,0.6,0.0,0.0,3.86,6.759255270663693,0.911,0.546,150,3,8.187908366696062
U0064,P0358,0.25,0.8160000000000001,0.6,1.0,1.0,4.08,6.824373670043086,0.828,0.55,45,3,7.255889621671324
U0064,P0359,0.0,0.8300000000000001,0.6,1.0,0.0,4.15,5.683579767338681,0.385,0.23,180,3,8.782835659749335
U0064,P0361,0.25,0.8480000000000001,0.2,1.0,0.0,4.24,3.4657359027997265,0.315,0.898,120,3,12.187619917894928
U0064,P0367,0.25,0.8560000000000001,0.6,1.0,0.0,4.28,3.4657359027997265,0.364,0.516,90,3,10.076174019423094
U0064,P0369,0.25,0.844,0.6,0.0,1.0,4.22,6.679599185844383,0.722,0.849,180,3,2.931632557070841
U0064,P0371,0.25,0.654,0.6,1.0,1.0,3.27,3.970291913552122,0.261,0.161,30,3,5.353983034147805
U0064,P0374,0.25,0.836,0.2,1.0,1.0,4.18,4.59511985013459,0.424,0.35,90,3,10.511655233684502
U0064,P0380,0.0,0.742,0.6,0.0,1.0,3.71,6.342121418721152,0.567,0.181,150,3,6.220275178885804
U0064,P0388,0.25,0.876,0.6,1.0,1.0,4.38,3.6375861597263857,0.236,0.587,120,3,7.747696263206899
U0064,P0390,0.25,0.8140000000000001,0.6,1.0,0.0,4.07,6.246106765481563,0.77,0.068,120,3,2.1225960495882594
U0064,P0391,0.25,0.836,0.2,1.0,1.0,4.18,3.912023005428146,0.403,0.413,30,3,6.85345953258709
U0064,P0392,0.25,0.8539999999999999,0.6,1.0,1.0,4.27,6.234410725718371,0.68,0.354,30,3,13.026227150867317
U0064,P0395,0.25,0.8140000000000001,1.0,0.0,0.0,4.07,3.5263605246161616,0.234,0.739,150,3,3.154513298451102
U0064,P0399,0.0,0.8160000000000001,0.2,1.0,1.0,4.08,6.318968113746434,0.659,0.547,150,3,13.23900229570071
U0064,P0400,0.25,0.8220000000000001,1.0,0.0,0.0,4.11,5.537334267018537,0.362,0.263,120,3,13.522861834510099
U0064,P0403,0.25,0.78,0.2,1.0,1.0,3.9,5.1298987149230735,0.376,0.857,150,3,7.488908897550616
U0064,P0405,0.25,0.9339999999999999,1.0,1.0,0.0,4.67,4.430816798843313,0.395,0.346,90,3,13.311286567943782
U0064,P0424,0.0,0.8460000000000001,0.2,1.0,0.0,4.23,8.446556111816797,1.0,0.196,30,3,9.546216239689782
U0064,P0426,0.25,0.764,0.6,1.0,1.0,3.82,4.836281906951478,0.263,0.938,120,3,13.66354946603197
U0064,P0427,0.0,0.762,1.0,1.0,0.0,3.81,6.927557906278317,0.653,0.401,45,3,12.698317920892261
U0064,P0438,0.25,0.818,1.0,1.0,0.0,4.09,7.653494909661253,1.0,0.446,45,3,10.733171208931719
U0064,P0441,0.0,1.0,0.6,1.0,0.0,5.0,4.867534450455582,0.426,0.41,150,3,5.4403484520069165
U0064,P0447,0.0,0.916,0.2,0.0,0.0,4.58,6.903747257584598,0.815,0.525,120,3,12.38374523508294
U0064,P0452,0.25,0.8220000000000001,0.6,1.0,1.0,4.11,7.034387929915503,1.0,0.161,150,3,9.022743230764085
U0064,P0455,0.25,0.8779999999999999,0.6,1.0,0.0,4.39,8.096208271650037,1.0,0.794,150,3,15.953924947516544
U0064,P0462,0.0,0.8320000000000001,0.6,1.0,0.0,4.16,4.663439094112067,0.492,0.556,150,3,16.02143107185196
U0064,P0463,0.0,0.9279999999999999,0.6,1.0,0.0,4.64,3.6888794541139363,0.486,0.955,180,3,3.5776924128874024
U0064,P0484,0.25,0.76,1.0,1.0,1.0,3.8,7.661527081358517,1.0,0.302,60,3,8.132069313179384
U0064,P0488,0.25,0.78,0.6,1.0,0.0,3.9,3.258096538021482,0.334,0.777,30,3,16.698223106280157
U0064,P0495,0.25,0.8,0.6,1.0,1.0,4.0,5.53338948872752,0.423,0.22,60,3,5.72616379435592
U0064,P0497,0.25,0.798,0.2,1.0,1.0,3.99,4.68213122712422,0.302,0.419,30,3,7.473505370110737
U0064,P0499,0.25,0.982,1.0,1.0,1.0,4.91,6.269096283706261,0.682,0.5,120,3,16.17723014194909
U0064,P0500,0.25,0.768,0.6,1.0,0.0,3.84,6.18826412308259,0.439,0.839,180,3,12.873485239215483
U0065,P0013,0.3333333333333333,0.46799999999999997,0.6,1.0,1.0,3.86,5.634789603169249,0.339,0.532,120,4,24.827914287283075
U0065,P0018,0.6666666666666666,0.796,1.0,1.0,1.0,4.47,4.04305126783455,0.482,0.204,60,4,2.418234508720274
U0065,P0021,0.6666666666666666,0.665,1.0,1.0,1.0,4.43,5.707110264748875,0.484,0.335,30,4,31.34511657379485
U0065,P0024,0.3333333333333333,0.823,1.0,1.0,1.0,3.89,6.769641976852503,0.648,0.177,150,4,10.565144415811972
U0065,P0025,0.0,0.727,0.6,1.0,1.0,4.25,3.4011973816621555,0.494,0.273,120,4,19.914799560650994
U0065,P0027,0.0,0.15200000000000002,0.6,1.0,1.0,3.8,6.234410725718371,0.572,0.848,30,4,18.76277624680311
U0065,P0028,0.0,0.16000000000000003,0.2,1.0,1.0,4.56,6.618738983517219,0.679,0.84,90,4,28.792100877274333
U0065,P0029,0.0,0.743,1.0,1.0,1.0,3.72,5.1298987149230735,0.331,0.257,30,4,29.726662125588177
U0065,P0042,0.6666666666666666,0.757,0.2,1.0,1.0,4.77,4.882801922586371,0.316,0.243,120,4,27.777630497477293
U0065,P0044,0.3333333333333333,0.681,0.6,1.0,1.0,4.51,5.8971538676367405,0.486,0.319,180,4,13.850391175804802
U0065,P0055,0.6666666666666666,0.33699999999999997,1.0,1.0,1.0,4.22,5.4116460518550396,0.467,0.663,45,4,9.211988854809547
U0065,P0059,0.0,0.375,1.0,1.0,1.0,4.08,4.110873864173311,0.254,0.625,60,4,19.27009931933298
U0065,P0061,0.6666666666666666,0.852,0.6,1.0,1.0,4.46,4.418840607796598,0.566,0.148,180,4,20.584795412994506
U0065,P0070,0.0,0.87,0.2,1.0,1.0,4.47,4.02535169073515,0.424,0.13,30,4,22.875025479700753
U0065,P0073,0.3333333333333333,0.43700000000000006,1.0,1.0,1.0,4.22,6.439350371100098,0.572,0.563,45,4,25.537843692710116
U0065,P0075,0.0,0.12,0.2,1.0,1.0,4.33,5.857933154483459,0.712,0.88,180,4,17.079979998557004
U0065,P0082,0.0,0.16900000000000004,0.2,1.0,1.0,4.62,4.5217885770490405,0.401,0.831,180,4,26.369304868642804
U0065,P0085,0.6666666666666666,0.369,1.0,1.0,1.0,3.99,4.605170185988092,0.419,0.631,90,4,19.491043947612965
U0065,P0088,0.3333333333333333,0.05600000000000005,0.6,1.0,1.0,4.22,6.493753839851686,0.689,0.944,60,4,8.358842587340598
U0065,P0101,0.6666666666666666,0.481,0.6,1.0,1.0,4.26,6.173786103901937,0.432,0.519,120,4,28.650717387998412
U0065,P0103,0.6666666666666666,0.32899999999999996,0.2,1.0,1.0,3.48,4.382026634673881,0.292,0.671,180,4,26.622075796951126
U0065,P0108,0.3333333333333333,0.020000000000000018,1.0,1.0,1.0,3.96,6.411818267709897,0.819,0.98,90,4,9.266077175985657
U0065,P0111,0.0,0.5920000000000001,0.6,1.0,1.0,5.0,3.295836866004329,0.602,0.408,150,4,9.348345660992084
U0065,P0116,0.3333333333333333,0.31499999999999995,0.2,1.0,1.0,3.77,5.762051382780177,0.396,0.685,120,4,7.9899701275546215
U0065,P0124,0.0,0.665,1.0,1.0,1.0,3.89,4.718498871295094,0.293,0.335,60,4,6.529633532708881
U0065,P0127,0.0,0.88,0.2,1.0,1.0,5.0,6.739336627357174,0.679,0.12,60,4,15.855967260205402
U0065,P0134,0.6666666666666666,0.8200000000000001,0.6,1.0,1.0,4.83,3.784189633918261,0.31,0.18,60,4,13.225196376943657
U0065,P0135,0.3333333333333333,0.516,0.6,1.0,1.0,3.9,5.659482215759621,0.602,0.484,45,4,20.96042388178456
U0065,P0139,0.3333333333333333,0.254,0.6,1.0,1.0,4.19,4.787491742782046,0.506,0.746,60,4,10.157729401029822
U0065,P0147,0.0,0.33299999999999996,0.6,1.0,1.0,3.83,6.520621127558696,0.524,0.667,45,4,17.12970879413591
U0065,P0148,0.0,0.478,0.6,1.0,1.0,4.26,4.672828834461906,0.369,0.522,150,4,3.4741211896458295
U0065,P0173,0.0,0.44099999999999995,0.2,1.0,1.0,3.89,5.780743515792329,0.392,0.559,120,4,22.496928896663253
U0065,P0176,0.3333333333333333,0.281,1.0,1.0,1.0,4.24,7.271008538280992,0.926,0.719,180,4,26.856027114351477
U0065,P0177,0.0,0.903,0.6,1.0,1.0,4.49,5.308267697401205,0.435,0.097,180,4,26.116741188931016
U0065,P0179,0.3333333333333333,0.687,0.6,1.0,1.0,4.09,5.159055299214529,0.479,0.313,120,4,16.48449789179334
U0065,P0183,0.0,0.634,0.2,1.0,1.0,4.41,5.0238805208462765,0.634,0.366,90,4,10.223415568514996
U0065,P0188,0.6666666666666666,0.026000000000000023,0.6,1.0,1.0,5.0,4.584967478670572,0.334,0.974,30,4,12.75207894118659
U0065,P0190,0.0,0.9410000000000001,0.6,1.0,1.0,5.0,4.532599493153256,0.572,0.059,60,4,28.441459897448997
U0065,P0194,0.6666666666666666,0.476,0.2,1.0,1.0,4.25,7.751475318021456,1.0,0.524,45,4,25.04008777753361
U0065,P0195,0.0,0.38,0.2,1.0,1.0,4.53,4.812184355372417,0.614,0.62,60,4,30.29434508750154
U0065,P0210,0.6666666666666666,0.857,0.6,1.0,1.0,4.63,5.583496308781699,0.649,0.143,120,4,12.48189359486428
U0065,P0217,0.6666666666666666,0.493,1.0,1.0,1.0,3.98,6.361302477572996,0.586,0.507,150,4,13.673479615640995
U0065,P0223,0.3333333333333333,0.855,0.2,1.0,1.0,3.51,6.304448802421981,0.679,0.145,180,4,13.384075382324246
U0065,P0231,0.0,0.21299999999999997,0.6,1.0,1.0,4.98,5.545177444479562,0.548,0.787,90,4,8.398068035390672
U0065,P0233,0.0,0.137,1.0,1.0,1.0,4.05,5.236441962829949,0.487,0.863,120,4,7.410659750047412
U0065,P0237,0.6666666666666666,0.925,0.6,1.0,1.0,3.42,7.140453043101158,0.812,0.075,90,4,32.24150840300324
U0065,P0239,0.0,0.6619999999999999,0.6,1.0,1.0,4.36,5.87493073085203,0.696,0.338,90,4,6.880544195664837
U0065,P0241,0.0,0.52,0.6,1.0,1.0,4.04,4.356708826689592,0.381,0.48,180,4,17.8512691813253
U0065,P0243,0.3333333333333333,0.16300000000000003,0.6,1.0,1.0,3.76,3.8066624897703196,0.479,0.837,30,4,32.59323060084665
U0065,P0244,0.3333333333333333,0.45499999999999996,0.2,1.0,1.0,3.81,4.204692619390966,0.356,0.545,60,4,33.05869094385821
U0065,P0253,0.0,0.935,0.6,1.0,1.0,3.81,4.919980925828125,0.378,0.065,90,4,15.836406741800024
U0065,P0256,0.0,0.255,0.6,1.0,1.0,4.22,5.442417710521793,0.498,0.745,60,4,29.798854517674663
U0065,P0258,0.0,0.645,0.2,1.0,1.0,3.84,6.406879986069314,0.577,0.355,120,4,12.942699312338341
U0065,P0267,0.3333333333333333,0.126,0.6,1.0,1.0,4.07,4.060443010546419,0.562,0.874,45,4,26.00712067805935
U0065,P0268,0.0,0.015000000000000013,0.6,1.0,1.0,3.81,5.560681631015528,0.489,0.985,90,4,30.103299593247275
U0065,P0270,0.0,0.348,0.6,1.0,1.0,4.55,4.812184355372417,0.525,0.652,150,4,25.83380539093632
U0065,P0274,0.3333333333333333,0.751,0.6,1.0,1.0,4.36,5.2574953720277815,0.406,0.249,45,4,23.182370827242778
U0065,P0288,0.0,0.19499999999999995,0.6,1.0,1.0,4.47,2.8903717578961645,0.368,0.805,120,4,27.185792363733086
U0065,P0290,0.0,0.31299999999999994,0.2,1.0,1.0,3.43,6.873163834212518,0.654,0.687,120,4,21.997178951739862
U0065,P0293,0.6666666666666666,0.55,0.6,1.0,1.0,4.18,5.799092654460526,0.544,0.45,30,4,11.342325939754582
U0065,P0298,0.0,0.9390000000000001,1.0,1.0,1.0,4.57,4.890349128221754,0.47,0.061,150,4,5.801448533035605
U0065,P0299,0.3333333333333333,0.136,0.6,1.0,1.0,3.98,4.330733340286331,0.253,0.864,120,4,26.504595713224514
U0065,P0305,0.6666666666666666,0.515,0.6,1.0,1.0,3.3,7.295735072749282,0.946,0.485,150,4,5.303249047194908
U0065,P0309,0.6666666666666666,0.62,0.6,1.0,1.0,4.15,6.371611847231857,0.679,0.38,150,4,23.52477683532696
U0065,P0321,0.3333333333333333,0.488,1.0,1.0,1.0,3.95,7.503289630675082,1.0,0.512,120,4,10.981938220030296
U0065,P0322,0.0,0.7969999999999999,0.6,1.0,1.0,3.98,3.713572066704308,0.486,0.203,30,4,28.36603023434097
U0065,P0331,0.3333333333333333,0.18999999999999995,1.0,1.0,1.0,3.84,4.844187086458591,0.516,0.81,120,4,14.27205422014091
U0065,P0333,0.3333333333333333,0.661,0.6,1.0,1.0,3.78,5.631211781821365,0.556,0.339,45,4,28.136975859265046
U0065,P0337,0.6666666666666666,0.281,0.2,1.0,1.0,3.95,5.056245805348308,0.307,0.719,60,4,16.488312644048133
U0065,P0342,0.0,0.133,0.6,1.0,1.0,3.86,6.089044875446846,0.525,0.867,60,4,20.863724519589102
U0065,P0343,0.0,0.591,0.2,1.0,1.0,3.55,6.3561076606958915,0.603,0.409,180,4,18.763154655914512
U0065,P0352,0.6666666666666666,0.708,1.0,1.0,1.0,3.78,3.828641396489095,0.537,0.292,45,4,10.66703246155433
U0065,P0353,0.3333333333333333,0.248,0.2,1.0,1.0,3.4,6.2285110035911835,0.648,0.752,180,4,17.62984762536153
U0065,P0356,0.0,0.16100000000000003,1.0,1.0,1.0,4.19,5.384495062789089,0.527,0.839,60,4,27.317938481479114
U0065,P0364,0.6666666666666666,0.6910000000000001,1.0,1.0,1.0,4.11,5.918893854273146,0.416,0.309,30,4,22.185183889400395
U0065,P0366,0.3333333333333333,0.19199999999999995,0.6,1.0,1.0,4.19,4.330733340286331,0.575,0.808,150,4,24.579024024179045
U0065,P0372,0.0,0.925,0.6,1.0,1.0,3.82,5.53338948872752,0.348,0.075,30,4,5.112261911683191
U0065,P0375,0.3333333333333333,0.08599999999999997,0.6,1.0,1.0,3.82,3.828641396489095,0.268,0.914,150,4,5.211849725660973
U0065,P0381,0.3333333333333333,0.34099999999999997,0.6,1.0,1.0,3.84,5.648974238161206,0.43,0.659,180,4,26.333437161538097
U0065,P0386,0.6666666666666666,0.829,0.2,1.0,1.0,4.42,4.8283137373023015,0.5,0.171,90,4,29.1562769876956
U0065,P0389,0.6666666666666666,0.040000000000000036,0.6,1.0,1.0,3.77,5.204006687076795,0.55,0.96,150,4,17.29044040288142
U0065,P0398,0.3333333333333333,0.915,0.6,1.0,1.0,3.61,6.763884908562435,0.637,0.085,180,4,24.431928580118317
U0065,P0402,0.0,0.4,0.6,1.0,1.0,4.14,4.948759890378168,0.452,0.6,45,4,28.68824077858522
U0065,P0412,0.3333333333333333,0.5740000000000001,0.6,1.0,1.0,5.0,5.0689042022202315,0.525,0.426,150,4,19.243840612002035
U0065,P0413,0.6666666666666666,0.5609999999999999,0.6,1.0,1.0,3.9,7.24422751560335,0.905,0.439,30,4,28.777954741460793
U0065,P0418,0.0,0.761,0.6,1.0,1.0,4.08,5.783825182329737,0.382,0.239,30,4,20.97349087364017
U0065,P0421,0.3333333333333333,0.515,0.2,1.0,1.0,4.08,6.309918278226516,0.666,0.485,180,4,25.690866695077464
U0065,P0422,0.0,0.64,0.2,1.0,1.0,3.59,5.961005339623274,0.498,0.36,180,4,31.923807068629635
U0065,P0428,0.0,0.02100000000000002,0.2,1.0,1.0,4.74,4.820281565605037,0.53,0.979,180,4,35.31269637525774
U0065,P0435,0.0,0.21699999999999997,0.2,1.0,1.0,4.4,7.912423121473705,1.0,0.783,30,4,28.494313759280075
U0065,P0454,0.0,0.8280000000000001,0.6,1.0,1.0,3.49,6.396929655216146,0.507,0.172,120,4,15.688843077765167
U0065,P0464,0.6666666666666666,0.6599999999999999,0.6,1.0,1.0,3.85,5.953243334287785,0.534,0.34,60,4,29.260616923598263
U0065,P0465,0.3333333333333333,0.869,0.6,1.0,1.0,4.8,5.424950017481403,0.464,0.131,150,4,11.388277624469247
U0065,P0466,0.6666666666666666,0.15300000000000002,0.6,1.0,1.0,3.85,7.757478766584179,1.0,0.847,90,4,12.830640590360947
U0065,P0468,0.3333333333333333,0.725,1.0,1.0,1.0,4.3,4.897839799950911,0.313,0.275,30,4,17.355131746619872
U0065,P0470,0.6666666666666666,0.589,0.2,1.0,1.0,4.21,4.8283137373023015,0.28,0.411,45,4,6.217577088428974
U0065,P0474,0.0,0.19899999999999995,0.2,1.0,1.0,3.41,4.672828834461906,0.439,0.801,30,4,27.039333228242118
U0065,P0481,0.0,0.629,0.6,1.0,1.0,4.39,7.095064377287131,0.812,0.371,150,4,17.487200425969068
U0065,P0496,0.0,0.14700000000000002,0.6,1.0,1.0,4.19,3.091042453358316,0.52,0.853,90,4,28.7369763434077
U0066,P0002,0.0,1.0,1.0,1.0,1.0,4.39,7.3277805384216315,0.958,0.624,180,4,32.84823624666711
U0066,P0006,1.0,0.0,0.6,1.0,1.0,3.89,4.941642422609304,0.534,0.973,90,4,19.11917708893658
U0066,P0009,0.0,1.0,0.2,1.0,1.0,3.64,5.877735781779639,0.429,0.117,30,4,10.514356678490138
U0066,P0023,0.0,1.0,0.6,1.0,1.0,3.43,4.6443908991413725,0.5,0.119,45,4,22.33411366991992
U0066,P0030,1.0,0.0,0.6,1.0,1.0,4.25,6.670766320845874,0.706,0.712,150,4,35.875249106306434
U0066,P0033,0.0,0.0,0.2,1.0,1.0,4.47,7.1276936993473985,0.868,0.516,90,4,13.850791402221612
U0066,P0035,0.0,1.0,0.6,1.0,1.0,4.26,4.727387818712341,0.39,0.576,60,4,5.051238459593276
U0066,P0045,0.0,1.0,0.6,1.0,1.0,3.86,6.118097198041348,0.597,0.412,45,4,7.63566888042224
U0066,P0048,0.0,1.0,0.6,1.0,1.0,3.92,3.7612001156935624,0.3,0.699,90,4,9.481263921756133
U0066,P0049,0.0,0.0,0.2,1.0,1.0,4.23,5.814130531825066,0.516,0.337,60,4,12.670915355321878
U0066,P0051,0.0,0.0,1.0,1.0,1.0,3.46,4.997212273764115,0.515,0.445,30,4,21.377255483258526
U0066,P0057,0.0,0.0,0.6,1.0,1.0,4.13,8.455955881945048,1.0,0.358,180,4,24.915934786283643
U0066,P0062,0.0,0.0,0.6,1.0,1.0,4.73,3.828641396489095,0.553,0.221,180,4,28.272184750880285
U0066,P0071,0.0,1.0,0.6,1.0,1.0,4.2,7.069023426578259,1.0,0.694,150,4,14.691314823172497
U0066,P0079,0.0,1.0,0.2,1.0,1.0,4.94,6.07073772800249,0.775,0.405,120,4,9.632876845438602
U0066,P0090,0.0,1.0,0.6,1.0,1.0,3.98,8.764209507142004,1.0,0.626,30,4,13.780988755335514
U0066,P0094,1.0,1.0,0.2,1.0,1.0,4.31,5.41610040220442,0.332,0.183,45,4,17.871655831341805
U0066,P0095,0.0,0.0,0.2,1.0,1.0,3.72,3.6888794541139363,0.332,0.704,150,4,17.420458266331387
U0066,P0097,0.0,0.0,1.0,1.0,1.0,4.2,4.007333185232471,0.425,0.334,150,4,33.18439435730522
U0066,P0098,0.0,0.0,0.6,1.0,1.0,4.18,5.963579343618446,0.67,0.928,180,4,12.86687826190373
U0066,P0099,0.0,1.0,0.6,1.0,1.0,3.7,5.68697535633982,0.402,0.499,150,4,30.896721520419536
U0066,P0112,0.0,1.0,0.6,1.0,1.0,4.41,3.58351893845611,0.431,0.477,45,4,31.573576644809858
U0066,P0117,0.0,0.0,0.6,1.0,1.0,4.12,4.718498871295094,0.261,0.322,120,4,29.77312625024033
U0066,P0118,1.0,0.0,0.2,1.0,1.0,5.0,6.261491684321042,0.616,0.837,90,4,18.800626082043575
U0066,P0130,0.0,0.0,0.6,1.0,1.0,4.3,6.429719478039138,0.746,0.857,90,4,11.105405362739122
U0066,P0131,1.0,0.0,0.6,1.0,1.0,3.68,5.429345628954441,0.51,0.458,90,4,8.676379267892843
U0066,P0132,0.0,1.0,0.6,1.0,1.0,2.64,4.276666119016055,0.204,0.423,150,4,18.80076062251542
U0066,P0149,0.0,1.0,1.0,1.0,1.0,4.5,5.869296913133774,0.567,0.589,60,4,26.016901795576906
U0066,P0153,0.0,0.0,0.6,1.0,1.0,4.09,5.641907070938114,0.516,0.316,45,4,37.41618375037373
U0066,P0159,0.0,1.0,1.0,1.0,1.0,4.41,5.1298987149230735,0.471,0.661,120,4,31.38277043681718
U0066,P0163,0.0,1.0,1.0,1.0,1.0,3.65,4.04305126783455,0.544,0.2,60,4,5.030308712042779
U0066,P0171,1.0,1.0,0.6,1.0,1.0,3.73,5.793013608384144,0.62,0.908,90,4,22.121355744702743
U0066,P0178,0.0,0.0,0.6,1.0,1.0,4.09,4.30406509320417,0.464,0.969,120,4,7.322201695392508
U0066,P0182,0.0,0.0,0.6,1.0,1.0,4.05,5.983936280687191,0.679,0.895,90,4,24.99495432695455
U0066,P0192,0.0,1.0,1.0,1.0,1.0,3.14,4.875197323201151,0.429,0.094,180,4,12.94573960784817
U0066,P0197,0.0,0.0,0.6,1.0,1.0,3.51,7.698029170272805,1.0,0.461,120,4,27.71641148798657
U0066,P0203,1.0,1.0,1.0,1.0,1.0,3.9,6.248042874508429,0.636,0.722,180,4,6.62078689023179
U0066,P0204,1.0,0.0,0.6,1.0,1.0,3.62,5.332718793265369,0.506,0.997,60,4,10.424157893482935
U0066,P0207,0.0,1.0,1.0,1.0,1.0,3.41,7.033506484287697,0.876,0.351,120,4,29.343023805857623
U0066,P0213,0.0,1.0,0.6,1.0,1.0,4.39,7.142827401161621,1.0,0.191,120,4,22.862513365363206
U0066,P0218,1.0,1.0,0.2,1.0,1.0,4.78,5.5909869805108565,0.417,0.742,45,4,19.757410827800744
U0066,P0219,0.0,1.0,1.0,1.0,1.0,4.83,3.8501476017100584,0.321,0.176,150,4,31.451975720254893
U0066,P0221,0.0,1.0,0.6,1.0,1.0,4.27,5.4638318050256105,0.587,0.055,180,4,11.855630381186858
U0066,P0230,0.0,0.0,0.2,1.0,1.0,3.85,4.07753744390572,0.455,0.856,150,4,10.48767909724412
U0066,P0234,0.0,1.0,0.2,1.0,1.0,4.38,6.410174881966167,0.632,0.141,150,4,2.5606146864843247
U0066,P0242,0.0,1.0,1.0,1.0,1.0,3.38,5.746203190540153,0.404,0.256,150,4,14.97691378923059
U0066,P0247,0.0,1.0,0.6,1.0,1.0,4.13,4.477336814478207,0.441,0.495,120,4,17.729874816604646
U0066,P0264,1.0,0.0,0.6,1.0,1.0,3.37,5.560681631015528,0.513,0.178,120,4,34.41690345107214
U0066,P0266,1.0,1.0,0.6,1.0,1.0,4.39,3.5263605246161616,0.475,0.495,60,4,23.935018208357068
U0066,P0273,0.0,1.0,1.0,1.0,1.0,2.99,4.553876891600541,0.308,0.631,30,4,15.752829625779205
U0066,P0276,0.0,1.0,0.6,1.0,1.0,4.14,5.313205979041787,0.443,0.706,60,4,5.390766243103501
U0066,P0282,0.0,1.0,0.6,1.0,1.0,4.49,5.111987788356544,0.395,0.946,30,4,10.248955869220104
U0066,P0283,1.0,1.0,0.6,1.0,1.0,4.64,5.0106352940962555,0.615,0.616,30,4,19.853504412832923
U0066,P0285,0.0,1.0,0.6,1.0,1.0,3.26,5.081404364984463,0.531,0.729,60,4,22.89323656659835
U0066,P0292,0.0,1.0,1.0,1.0,1.0,4.38,8.224967478914584,1.0,0.126,30,4,19.686711511175638
U0066,P0294,0.0,1.0,0.6,1.0,1.0,3.89,4.48863636973214,0.435,0.53,150,4,22.485971812440088
U0066,P0295,0.0,1.0,0.6,1.0,1.0,4.47,4.477336814478207,0.493,0.551,60,4,34.17386770044151
U0066,P0304,0.0,1.0,0.6,1.0,1.0,3.75,4.007333185232471,0.242,0.997,150,4,22.150339531972534
U0066,P0310,1.0,0.0,0.2,1.0,1.0,4.32,5.771441123130016,0.428,0.202,180,4,21.35218692637719
U0066,P0312,0.0,1.0,0.6,1.0,1.0,4.95,7.114769448366463,1.0,0.188,90,4,26.010464492023328
U0066,P0313,0.0,0.0,0.6,1.0,1.0,4.82,4.890349128221754,0.312,0.213,120,4,5.799674048578764
U0066,P0316,1.0,1.0,1.0,1.0,1.0,3.34,7.335633981927201,0.913,0.226,90,4,6.503003697455242
U0066,P0323,1.0,1.0,1.0,1.0,1.0,3.99,5.176149732573829,0.343,0.563,120,4,16.420230645739018
U0066,P0334,1.0,1.0,0.2,1.0,1.0,3.99,7.305188215393037,0.896,0.538,180,4,14.37685630815863
U0066,P0340,0.0,0.0,0.6,1.0,1.0,4.52,7.026426808699636,0.966,0.288,90,4,7.48817130958585
U0066,P0341,0.0,1.0,1.0,1.0,1.0,4.42,4.1588830833596715,0.303,0.493,120,4,24.930923608225488
U0066,P0360,0.0,1.0,0.2,1.0,1.0,3.94,5.43372200355424,0.303,0.452,45,4,34.360754743536376
U0066,P0373,0.0,0.0,0.2,1.0,1.0,4.33,4.634728988229636,0.303,0.241,45,4,8.001630612260783
U0066,P0376,0.0,1.0,1.0,1.0,1.0,3.68,3.8918202981106265,0.447,0.804,30,4,33.07582862366286
U0066,P0377,0.0,1.0,0.6,1.0,1.0,3.66,6.7650389767805414,0.862,0.584,120,4,33.923348707504026
U0066,P0384,0.0,0.0,1.0,1.0,1.0,4.08,7.6251071482389,1.0,0.984,180,4,36.603591133844176
U0066,P0394,1.0,1.0,0.6,1.0,1.0,4.48,6.052089168924417,0.603,0.325,90,4,16.86583642157554
U0066,P0396,0.0,1.0,1.0,1.0,1.0,4.29,5.749392985908253,0.429,0.628,120,4,24.3482272538276
U0066,P0397,0.0,1.0,0.2,1.0,1.0,4.22,3.970291913552122,0.358,0.712,180,4,23.884623525345145
U0066,P0407,0.0,1.0,1.0,1.0,1.0,4.75,5.736572297479192,0.433,0.269,90,4,19.497358452837435
U0066,P0408,0.0,1.0,0.2,1.0,1.0,4.56,3.7376696182833684,0.272,0.777,30,4,26.517992934081843
U0066,P0409,0.0,0.0,0.6,1.0,1.0,4.22,6.568077911411976,0.538,0.798,180,4,11.911632871303366
U0066,P0410,0.0,0.0,0.2,1.0,1.0,4.14,6.778784897685177,0.653,0.458,45,4,9.743576332740687
U0066,P0416,0.0,1.0,0.2,1.0,1.0,3.49,4.406719247264253,0.321,0.079,45,4,12.77543092055088
U0066,P0419,0.0,1.0,0.2,1.0,1.0,4.8,4.30406509320417,0.333,0.504,180,4,26.893984084196493
U0066,P0420,1.0,1.0,0.6,1.0,1.0,4.54,5.247024072160486,0.408,0.55,30,4,11.276350856000274
U0066,P0425,0.0,1.0,0.2,1.0,1.0,3.81,4.867534450455582,0.458,0.137,30,4,22.11657528675439
U0066,P0432,1.0,1.0,0.2,1.0,1.0,4.8,7.655390644826152,1.0,0.287,90,4,19.88275969593264
U0066,P0433,0.0,0.0,0.6,1.0,1.0,3.82,5.0369526024136295,0.408,0.412,120,4,15.320472480275464
U0066,P0437,1.0,0.0,0.6,1.0,1.0,3.48,4.624972813284271,0.277,0.414,90,4,17.366255528070404
U0066,P0439,1.0,1.0,0.6,1.0,1.0,3.87,5.771441123130016,0.536,0.296,45,4,15.8384407579158
U0066,P0444,0.0,0.0,0.6,1.0,1.0,4.36,5.0689042022202315,0.521,0.15,45,4,7.177659920659224
U0066,P0449,0.0,1.0,0.2,1.0,1.0,4.02,5.676753802268282,0.524,0.118,60,4,31.125028764304968
U0066,P0450,0.0,1.0,0.6,1.0,1.0,4.64,4.5217885770490405,0.475,0.236,90,4,7.0088698047961975
U0066,P0456,0.0,1.0,0.2,1.0,1.0,3.96,5.765191102784844,0.424,0.574,45,4,21.300200231990303
U0066,P0459,0.0,1.0,0.2,1.0,1.0,4.37,5.726847747587197,0.418,0.715,150,4,8.725354824026917
U0066,P0471,0.0,1.0,1.0,1.0,1.0,3.52,6.548219102762372,0.617,0.1,60,4,21.369518284027397
U0066,P0473,0.0,0.0,0.2,1.0,1.0,4.93,4.219507705176107,0.291,0.569,150,4,24.351035221489223
U0066,P0475,0.0,1.0,0.2,1.0,1.0,4.08,5.793013608384144,0.409,0.225,180,4,36.41907223906998
U0066,P0482,0.0,1.0,1.0,1.0,1.0,4.19,6.35088571671474,0.687,0.845,30,4,27.57996423528127
U0066,P0483,0.0,1.0,0.6,1.0,1.0,4.06,7.228388451573604,0.882,0.367,30,4,18.72776026661693
U0066,P0485,1.0,1.0,1.0,1.0,1.0,4.08,3.784189633918261,0.274,0.507,60,4,4.275506690616618
U0066,P0486,0.0,1.0,0.2,1.0,1.0,4.16,4.6913478822291435,0.46,0.858,90,4,10.76239068418457
U0066,P0487,1.0,1.0,0.6,1.0,1.0,4.48,4.718498871295094,0.566,0.161,120,4,30.57822727490839
U0066,P0492,0.0,0.0,0.2,1.0,1.0,3.66,5.44673737166631,0.397,0.349,60,4,17.939529056614365
U0066,P0493,1.0,0.0,0.6,1.0,1.0,4.1,4.110873864173311,0.399,0.645,180,4,12.003682404878365
U0066,P0494,1.0,1.0,0.2,1.0,1.0,4.78,6.553933404025811,0.866,0.195,180,4,19.673185582263617
U0067,P0003,0.0,0.0,1.0,1.0,1.0,3.99,5.220355825078324,0.514,0.481,180,4,31.6982030651917
U0067,P0007,0.25,1.0,0.6,1.0,1.0,4.21,3.2188758248682006,0.399,0.203,30,4,24.818358905807006
U0067,P0008,0.5,1.0,1.0,1.0,1.0,3.32,4.8283137373023015,0.252,0.572,90,4,12.081043508453755
U0067,P0014,0.0,0.0,0.0,1.0,1.0,3.58,5.953243334287785,0.582,0.426,120,4,1.7945056326495596
U0067,P0016,0.25,0.0,0.6,0.0,1.0,3.83,7.723120092266331,1.0,0.53,120,4,42.1201416431965
U0067,P0026,0.0,0.0,0.0,1.0,1.0,4.25,5.043425116919247,0.424,0.781,120,4,26.78500457903136
U0067,P0031,0.25,0.0,0.0,1.0,1.0,3.88,5.278114659230517,0.57,0.464,30,4,13.085122249514642
U0067,P0032,0.5,1.0,0.2,1.0,1.0,3.6,4.07753744390572,0.515,0.858,45,4,8.859077856899189
U0067,P0039,0.25,1.0,1.0,1.0,1.0,4.14,5.14166355650266,0.304,0.168,180,4,34.55283825691202
U0067,P0047,0.25,0.0,0.6,0.0,1.0,3.78,5.111987788356544,0.484,0.719,60,4,8.284373717547236
U0067,P0052,0.5,0.0,1.0,0.0,1.0,3.95,4.543294782270004,0.403,0.969,30,4,35.16110836131175
U0067,P0060,0.25,0.0,1.0,1.0,1.0,4.61,6.403574197934815,0.611,0.137,60,4,33.28649215605913
U0067,P0065,0.25,1.0,0.2,1.0,1.0,4.14,4.897839799950911,0.598,0.459,180,4,6.495681900108823
U0067,P0066,0.25,1.0,0.0,1.0,1.0,3.4,5.583496308781699,0.612,0.325,180,4,10.53484037499937
U0067,P0068,0.25,0.0,0.2,1.0,1.0,3.69,7.360103972989152,0.96,0.491,120,4,2.6170029209384373
U0067,P0069,0.5,1.0,0.2,1.0,1.0,3.75,5.117993812416755,0.44,0.662,60,4,41.74891682282519
U0067,P0072,0.0,0.0,0.6,0.0,1.0,3.38,5.723585101952381,0.515,0.687,30,4,15.573023327114068
U0067,P0076,0.0,1.0,0.6,1.0,1.0,4.21,5.916202062607435,0.663,0.995,60,4,37.86447146336585
U0067,P0078,0.25,0.0,0.0,1.0,1.0,4.23,4.6443908991413725,0.481,0.066,120,4,35.30196812994775
U0067,P0093,0.25,1.0,0.0,1.0,1.0,4.0,6.3578422665081,0.477,0.776,120,4,2.1121283504734762
U0067,P0100,0.0,1.0,0.2,1.0,1.0,4.13,4.143134726391533,0.347,0.858,150,4,9.191861964605401
U0067,P0105,0.25,0.0,0.2,1.0,1.0,4.33,10.12330558042176,1.0,0.56,120,4,18.25002991401505
U0067,P0106,0.5,1.0,1.0,1.0,1.0,4.36,6.862757913051401,0.806,0.343,120,4,13.694611045037227
U0067,P0109,0.25,1.0,1.0,1.0,1.0,3.75,5.220355825078324,0.554,0.618,90,4,27.81992884936481
U0067,P0113,0.25,1.0,0.0,1.0,1.0,3.89,6.806829360392176,0.674,0.76,60,4,12.06109792813239
U0067,P0114,0.25,0.0,0.2,1.0,1.0,4.13,4.219507705176107,0.328,0.848,120,4,24.912983683490484
U0067,P0120,0.5,0.0,1.0,1.0,1.0,3.8,6.523562306149512,0.833,0.586,120,4,42.24543571893327
U0067,P0121,0.5,1.0,1.0,1.0,1.0,3.74,5.365976015021851,0.436,0.97,180,4,39.5420709840416
U0067,P0128,0.25,0.0,0.2,1.0,1.0,3.42,4.919980925828125,0.29,0.765,120,4,7.920050314010195
U0067,P0136,0.0,1.0,0.6,1.0,1.0,4.75,3.784189633918261,0.603,0.869,30,4,13.809025960037662
U0067,P0138,0.25,0.0,0.6,1.0,1.0,3.66,6.056784013228625,0.462,0.599,150,4,11.249620053484064
U0067,P0145,0.25,1.0,0.0,1.0,1.0,4.23,4.7535901911063645,0.367,0.117,30,4,19.803199779456545
U0067,P0152,0.5,0.0,0.0,1.0,1.0,4.44,6.2324480165505225,0.8,0.056,180,4,30.126701990051675
U0067,P0154,0.25,1.0,1.0,1.0,1.0,4.67,4.795790545596741,0.495,0.349,30,4,8.26272889944548
U0067,P0157,0.25,1.0,1.0,1.0,1.0,4.47,6.476972362889683,0.806,0.662,45,4,5.788580166981848
U0067,P0160,0.25,0.0,0.2,1.0,1.0,4.25,5.3471075307174685,0.369,0.992,60,4,29.97133310249741
U0067,P0161,0.25,1.0,0.2,1.0,1.0,4.14,6.214608098422191,0.759,0.391,180,4,15.443484011246596
U0067,P0165,0.5,1.0,0.6,1.0,1.0,4.38,6.255750041753367,0.574,0.657,60,4,40.20551356660451
U0067,P0167,0.25,1.0,0.2,1.0,1.0,4.13,4.6913478822291435,0.346,0.57,30,4,5.83780587346819
U0067,P0168,0.5,0.0,0.2,1.0,1.0,4.54,5.327876168789581,0.391,0.678,45,4,12.559885746911476
U0067,P0186,0.5,0.0,0.6,1.0,1.0,4.11,6.09807428216624,0.737,0.747,180,4,17.456311213853994
U0067,P0198,0.0,1.0,0.0,1.0,1.0,4.63,4.941642422609304,0.637,0.815,150,4,39.82558441648913
U0067,P0199,0.25,1.0,0.2,1.0,1.0,3.33,7.1252830915107115,1.0,0.773,45,4,11.136513551382087
U0067,P0200,0.25,0.0,0.0,0.0,1.0,4.05,6.985641817639208,0.739,0.699,150,4,28.94197512229778
U0067,P0208,0.25,0.0,0.2,1.0,1.0,4.25,4.605170185988092,0.469,0.557,60,4,20.13226527314743
U0067,P0209,0.25,1.0,1.0,1.0,1.0,4.8,5.641907070938114,0.368,0.754,120,4,2.9404105065620114
U0067,P0214,0.25,1.0,0.6,1.0,1.0,3.67,6.324358962381311,0.731,0.588,180,4,19.639096005024474
U0067,P0216,0.25,1.0,0.2,0.0,1.0,3.57,3.091042453358316,0.32,0.893,45,4,17.79159480994281
U0067,P0220,0.25,1.0,0.0,1.0,1.0,3.33,5.43372200355424,0.5,0.091,120,4,36.469121381913915
U0067,P0222,0.25,1.0,0.6,1.0,1.0,3.17,5.393627546352362,0.406,0.312,120,4,14.132829087347762
U0067,P0225,0.25,1.0,1.0,1.0,1.0,3.87,4.23410650459726,0.498,0.05,120,4,24.50406552152215
U0067,P0227,0.25,0.0,1.0,0.0,1.0,3.66,6.1070228877422545,0.561,0.596,60,4,24.51008952643031
U0067,P0228,0.5,1.0,0.0,1.0,1.0,3.86,4.553876891600541,0.276,0.81,30,4,12.839943305777796
U0067,P0229,0.25,0.0,0.2,0.0,1.0,4.05,4.2626798770413155,0.358,0.524,120,4,40.071391838562334
U0067,P0232,0.5,1.0,1.0,1.0,1.0,3.79,5.75890177387728,0.446,0.632,120,4,44.9622016499593
U0067,P0249,0.5,1.0,1.0,1.0,1.0,3.63,5.272999558563747,0.561,0.592,45,4,29.634745223034813
U0067,P0250,0.25,1.0,0.0,1.0,1.0,3.71,3.8501476017100584,0.531,0.941,180,4,14.781301653002908
U0067,P0255,0.25,1.0,1.0,0.0,1.0,4.12,4.51085950651685,0.455,0.926,60,4,12.763464006433853
U0067,P0257,0.0,1.0,1.0,1.0,1.0,3.99,4.418840607796598,0.403,0.785,150,4,6.206575123062451
U0067,P0261,0.25,0.0,1.0,1.0,1.0,3.35,6.152732694704104,0.515,0.27,60,4,31.29763435610821
U0067,P0269,0.25,1.0,0.0,1.0,1.0,3.71,5.043425116919247,0.358,0.158,30,4,25.106208555201537
U0067,P0271,0.0,1.0,0.6,1.0,1.0,4.48,4.1588830833596715,0.309,0.963,45,4,42.587436152375126
U0067,P0278,0.5,1.0,1.0,0.0,1.0,4.25,5.0106352940962555,0.352,0.372,150,4,27.63657672669842
U0067,P0279,0.25,0.0,0.2,1.0,1.0,3.88,4.983606621708336,0.404,0.337,90,4,7.479669148185819
U0067,P0284,0.5,1.0,0.0,0.0,1.0,3.18,4.290459441148391,0.225,0.636,60,4,34.72625061555753
U0067,P0286,0.0,0.0,0.6,1.0,1.0,4.11,7.512071245835466,1.0,0.981,90,4,25.300973800305453
U0067,P0287,0.25,1.0,1.0,0.0,1.0,4.25,5.241747015059643,0.585,0.783,45,4,41.62141255377062
U0067,P0300,0.0,1.0,0.2,0.0,1.0,3.9,5.953243334287785,0.637,0.414,150,4,33.66273535968784
U0067,P0306,0.25,1.0,0.6,1.0,1.0,4.39,5.43372200355424,0.327,0.844,150,4,39.17997854979244
U0067,P0315,0.25,1.0,1.0,1.0,1.0,4.13,6.813444599510896,0.765,0.581,90,4,17.799664160629305
U0067,P0329,0.5,0.0,1.0,1.0,1.0,4.11,5.472270673671475,0.541,0.163,60,4,45.809418230592506
U0067,P0347,0.0,1.0,1.0,1.0,1.0,3.61,6.240275845170769,0.639,0.289,60,4,17.083356766424785
U0067,P0348,0.0,1.0,0.0,1.0,1.0,4.37,5.1298987149230735,0.388,0.489,150,4,20.852033920975035
U0067,P0365,0.25,0.0,0.2,1.0,1.0,3.86,4.574710978503383,0.475,0.357,150,4,40.626275603032596
U0067,P0368,0.0,0.0,0.0,1.0,1.0,4.56,6.068425588244111,0.516,0.462,120,4,10.217748783689416
U0067,P0379,0.0,1.0,0.0,1.0,1.0,4.32,5.723585101952381,0.62,0.856,90,4,8.524890692315374
U0067,P0382,0.25,1.0,1.0,0.0,1.0,5.0,5.389071729816501,0.638,0.643,120,4,11.138478271353918
U0067,P0387,0.0,1.0,0.0,1.0,1.0,4.38,6.668228248417403,0.611,0.406,60,4,42.83888284372403
U0067,P0401,0.5,1.0,0.6,1.0,1.0,4.52,4.882801922586371,0.627,0.644,90,4,37.056252680064475
U0067,P0404,0.25,0.0,0.0,1.0,1.0,4.2,4.927253685157205,0.58,0.541,120,4,17.19822452764038
U0067,P0411,0.25,1.0,0.0,1.0,1.0,3.87,7.191429330036379,0.864,0.888,30,4,31.460950654601596
U0067,P0434,0.0,1.0,1.0,1.0,1.0,4.23,5.902633333401366,0.492,0.526,150,4,22.110624321521936
U0067,P0440,0.0,1.0,0.2,1.0,1.0,4.09,6.926577033222725,0.673,0.764,45,4,41.426203325960174
U0067,P0446,0.25,0.0,0.2,0.0,1.0,4.47,6.1092475827643655,0.685,0.598,45,4,39.073765315538985
U0067,P0448,0.25,1.0,1.0,1.0,1.0,4.72,6.278521424165844,0.571,0.408,180,4,12.57056838194525
U0067,P0451,0.0,1.0,0.0,0.0,1.0,4.27,5.030437921392435,0.345,0.646,30,4,3.6252719163559255
U0067,P0453,0.25,1.0,0.6,1.0,1.0,4.19,5.556828061699537,0.46,0.913,150,4,7.890111649601912
U0067,P0458,0.0,1.0,1.0,1.0,1.0,4.06,5.8377304471659395,0.451,0.395,120,4,32.42840040987992
U0067,P0460,0.0,1.0,0.0,1.0,1.0,3.9,5.733341276897746,0.541,0.41,60,4,7.235149712691601
U0067,P0469,0.25,0.0,0.6,0.0,1.0,3.64,6.35088571671474,0.695,0.285,45,4,30.757834231860294
U0067,P0476,0.25,1.0,0.2,1.0,1.0,3.99,5.924255797414532,0.561,0.945,45,4,10.056460050443485
U0067,P0489,0.25,1.0,1.0,1.0,1.0,3.9,2.6390573296152584,0.509,0.951,30,4,27.908399457515753
U0067,P0490,0.25,0.0,0.6,1.0,1.0,3.39,6.413458957167357,0.584,0.85,30,4,36.73204310763503
U0068,P0004,0.0,0.16900000000000004,1.0,1.0,1.0,4.81,6.421622267806518,0.679,0.831,60,3,29.186786637306415
U0068,P0005,0.75,0.09699999999999998,0.2,1.0,1.0,3.89,6.152732694704104,0.456,0.903,45,3,24.67430351878262
U0068,P0015,0.75,0.15800000000000003,1.0,1.0,1.0,3.83,5.153291594497779,0.446,0.842,45,3,45.97161457959847
U0068,P0022,0.0,0.644,0.2,1.0,1.0,4.05,5.14166355650266,0.471,0.356,30,3,5.070214516800145
U0068,P0034,0.0,0.836,0.6,1.0,1.0,4.07,6.704414354964107,0.693,0.164,90,3,8.110710959047653
U0068,P0038,0.75,0.519,0.2,1.0,1.0,2.92,6.48768401848461,0.682,0.481,90,3,28.247132568309404
U0068,P0040,0.0,0.784,0.6,0.0,1.0,4.14,3.1354942159291497,0.249,0.216,150,3,26.550441499588153
U0068,P0041,0.75,0.052000000000000046,0.2,1.0,1.0,4.0,5.929589143389895,0.485,0.948,150,3,17.96542886867927
U0068,P0043,0.0,0.477,0.6,0.0,1.0,3.74,4.90527477843843,0.441,0.523,30,3,49.88085477768257
U0068,P0054,0.0,0.43700000000000006,1.0,1.0,1.0,4.95,5.71042701737487,0.693,0.563,45,3,48.22425693235465
U0068,P0056,0.0,0.42400000000000004,0.6,0.0,1.0,3.24,5.472270673671475,0.286,0.576,60,3,37.965101716328945
U0068,P0063,0.25,0.642,0.6,1.0,1.0,4.36,8.128585200374497,1.0,0.358,45,3,23.81770547574418
U0068,P0067,0.75,0.20999999999999996,1.0,1.0,1.0,3.62,6.068425588244111,0.527,0.79,90,3,41.55982686191781
U0068,P0074,0.75,0.728,0.2,0.0,1.0,3.54,3.9318256327243257,0.327,0.272,150,3,22.549710257548753
U0068,P0081,0.0,0.635,0.2,0.0,1.0,3.66,6.4457198193855785,0.555,0.365,180,3,39.4648683182817
U0068,P0083,0.75,0.049000000000000044,0.6,0.0,1.0,4.53,5.996452088619021,0.563,0.951,150,3,16.54915481259347
U0068,P0084,0.75,0.523,1.0,1.0,1.0,4.47,7.776535028185241,1.0,0.477,60,3,33.3642250335663
U0068,P0089,0.0,0.049000000000000044,1.0,1.0,1.0,4.11,7.244941546337007,1.0,0.951,150,3,25.05641011062202
U0068,P0091,0.0,0.365,0.2,1.0,1.0,4.38,4.477336814478207,0.301,0.635,90,3,19.684181177568547
U0068,P0092,0.0,0.48,0.6,1.0,1.0,3.62,6.07993319509559,0.409,0.52,90,3,18.839390219678425
U0068,P0096,0.0,0.21399999999999997,0.6,1.0,1.0,3.9,6.52795791762255,0.569,0.786,90,3,3.4957002106319472
U0068,P0102,0.0,0.544,0.6,1.0,1.0,4.59,6.7650389767805414,0.896,0.456,120,3,34.08048939157646
U0068,P0107,0.25,0.02100000000000002,0.6,0.0,1.0,4.53,6.282266746896006,0.812,0.979,90,3,7.014020039207964
U0068,P0115,0.0,0.32799999999999996,0.2,1.0,1.0,3.78,6.317164686747284,0.541,0.672,45,3,5.54965496861798
U0068,P0122,0.0,0.20499999999999996,0.6,1.0,1.0,4.33,6.539585955617669,0.798,0.795,60,3,28.63692331918424
U0068,P0123,0.0,0.614,1.0,1.0,1.0,3.56,5.099866427824199,0.282,0.386,90,3,49.14080646305965
U0068,P0125,0.0,0.33199999999999996,0.6,0.0,1.0,4.89,5.986452005284438,0.755,0.668,60,3,3.610039880850291
U0068,P0126,0.0,0.43200000000000005,1.0,1.0,1.0,3.53,6.602587892189336,0.622,0.568,60,3,8.144079749161763
U0068,P0133,0.0,0.383,0.6,1.0,1.0,3.99,4.007333185232471,0.265,0.617,60,3,30.183101455022637
U0068,P0142,0.0,0.133,0.6,1.0,1.0,4.81,4.02535169073515,0.312,0.867,45,3,29.285415133893416
U0068,P0144,0.0,0.687,1.0,1.0,1.0,4.03,6.206575926724928,0.688,0.313,120,3,27.15819661509295
U0068,P0146,0.75,0.469,0.6,0.0,1.0,4.01,4.912654885736052,0.467,0.531,30,3,23.76554368668534
U0068,P0150,0.75,0.08199999999999996,0.6,1.0,1.0,4.47,6.255750041753367,0.623,0.918,90,3,26.919403789904507
U0068,P0151,0.0,0.14700000000000002,0.6,1.0,1.0,3.73,4.8283137373023015,0.305,0.853,180,3,14.323731735161646
U0068,P0155,0.0,0.521,0.6,0.0,1.0,4.35,5.2574953720277815,0.361,0.479,90,3,46.22903888073936
U0068,P0162,0.75,0.759,0.6,0.0,1.0,3.73,8.01102337918644,1.0,0.241,45,3,35.862267409287604
U0068,P0164,0.75,0.03300000000000003,0.6,0.0,1.0,4.62,6.450470422144176,0.56,0.967,150,3,30.23082240551499
U0068,P0170,0.0,0.15500000000000003,0.6,1.0,1.0,4.29,4.8283137373023015,0.58,0.845,60,3,28.058304642875225
U0068,P0174,0.0,0.903,1.0,1.0,1.0,3.45,3.828641396489095,0.409,0.097,150,3,17.3801114631448
U0068,P0175,0.25,0.771,1.0,1.0,1.0,3.78,5.247024072160486,0.321,0.229,150,3,10.482839544633569
U0068,P0180,0.0,0.5660000000000001,0.6,0.0,1.0,4.25,4.51085950651685,0.491,0.434,150,3,39.736207279404944
U0068,P0181,0.0,0.30400000000000005,0.6,1.0,1.0,4.33,7.3395376954076745,1.0,0.696,150,3,29.665935316038244
U0068,P0185,0.0,0.667,0.6,0.0,1.0,4.14,4.574710978503383,0.359,0.333,30,3,25.1688558808856
U0068,P0189,0.75,0.263,0.6,1.0,1.0,4.49,5.720311776607412,0.596,0.737,30,3,40.66769654144507
U0068,P0191,0.0,0.10799999999999998,0.6,1.0,1.0,3.72,4.787491742782046,0.38,0.892,90,3,14.39679796760326
U0068,P0201,0.0,0.03200000000000003,0.6,1.0,1.0,3.38,4.787491742782046,0.465,0.968,30,3,20.758942536938417
U0068,P0202,0.0,0.911,0.6,1.0,1.0,4.1,5.556828061699537,0.478,0.089,150,3,41.10705525948333
U0068,P0205,0.0,0.18700000000000006,0.6,1.0,1.0,4.15,6.118097198041348,0.546,0.813,120,3,26.758400647249523
U0068,P0211,0.0,0.649,0.2,1.0,1.0,5.0,7.60688453121963,1.0,0.351,120,3,4.178424877047212
U0068,P0215,0.25,0.018000000000000016,1.0,1.0,1.0,4.58,3.4011973816621555,0.423,0.982,180,3,6.017177432354575
U0068,P0224,0.25,0.015000000000000013,0.2,1.0,1.0,4.26,4.382026634673881,0.279,0.985,60,3,28.354202906034228
U0068,P0226,0.0,0.03500000000000003,0.6,1.0,1.0,4.07,6.646390514847729,0.871,0.965,120,3,13.313008598509587
U0068,P0235,0.0,0.509,0.6,1.0,1.0,3.86,4.812184355372417,0.372,0.491,150,3,19.600991255892968
U0068,P0236,0.0,0.13,0.6,1.0,1.0,3.98,2.772588722239781,0.317,0.87,60,3,9.557715812020897
U0068,P0240,0.0,0.5349999999999999,0.2,0.0,1.0,5.0,6.843749949006225,0.951,0.465,120,3,28.9758504490044
U0068,P0245,0.0,0.91,0.2,1.0,1.0,4.86,6.558197802812269,0.673,0.09,45,3,39.1701336895665
U0068,P0246,0.75,0.33799999999999997,0.6,1.0,1.0,4.1,7.27655640271871,1.0,0.662,150,3,22.635622040539324
U0068,P0259,0.75,0.049000000000000044,1.0,1.0,1.0,4.33,4.330733340286331,0.32,0.951,60,3,44.6759115254354
U0068,P0262,0.0,0.726,0.6,1.0,1.0,3.8,6.186208623900494,0.525,0.274,90,3,27.99310563475024
U0068,P0265,0.75,0.69,0.2,0.0,1.0,4.22,4.418840607796598,0.584,0.31,60,3,42.26941204020883
U0068,P0277,0.0,0.821,1.0,1.0,1.0,4.63,5.808142489980444,0.449,0.179,180,3,5.276632601169829
U0068,P0289,0.75,0.6819999999999999,0.6,1.0,1.0,4.21,6.42648845745769,0.804,0.318,30,3,19.05604498603077
U0068,P0297,0.0,0.911,0.6,1.0,1.0,4.32,5.902633333401366,0.481,0.089,180,3,31.9350086896814
U0068,P0301,0.0,0.704,0.2,1.0,1.0,4.44,4.394449154672439,0.296,0.296,120,3,20.425223625613913
U0068,P0308,0.75,0.33099999999999996,0.2,1.0,1.0,5.0,5.655991810819852,0.65,0.669,30,3,29.364378330287956
U0068,P0311,0.0,0.387,1.0,1.0,1.0,3.74,6.066108090103747,0.436,0.613,30,3,13.820836460160107
U0068,P0314,0.75,0.716,0.2,1.0,1.0,3.65,5.351858133476067,0.579,0.284,45,3,21.513660676211465
U0068,P0319,0.0,0.6719999999999999,0.6,1.0,1.0,4.47,5.5909869805108565,0.502,0.328,120,3,15.862171796845601
U0068,P0325,0.75,0.20799999999999996,1.0,1.0,1.0,4.0,6.336825731146441,0.61,0.792,30,3,10.705226124709183
U0068,P0327,0.0,0.01100000000000001,0.2,1.0,1.0,3.98,4.174387269895637,0.483,0.989,90,3,43.87606323481985
U0068,P0336,0.75,0.278,0.6,1.0,1.0,4.66,3.044522437723423,0.302,0.722,180,3,8.39303387903229
U0068,P0344,0.25,0.727,0.6,1.0,1.0,3.99,5.056245805348308,0.403,0.273,90,3,3.4748549713709194
U0068,P0349,0.0,0.808,0.6,1.0,1.0,4.25,4.007333185232471,0.525,0.192,150,3,39.146141675637736
U0068,P0350,0.0,0.264,1.0,1.0,1.0,4.52,5.2832037287379885,0.324,0.736,180,3,15.607123858102737
U0068,P0354,0.0,0.75,0.2,1.0,1.0,3.52,7.605890001053122,1.0,0.25,90,3,29.135612261453268
U0068,P0355,0.0,0.378,0.6,1.0,1.0,3.16,7.535830462798367,1.0,0.622,180,3,17.673873417915427
U0068,P0357,0.0,0.737,1.0,0.0,1.0,3.85,5.981414211254481,0.4,0.263,60,3,9.560810655484977
U0068,P0362,0.75,0.683,0.2,0.0,1.0,3.49,6.391917113392602,0.492,0.317,30,3,40.42976134609939
U0068,P0363,0.0,0.503,0.2,1.0,1.0,4.18,5.2832037287379885,0.564,0.497,45,3,16.239479084270528
U0068,P0370,0.25,0.20299999999999996,0.6,1.0,1.0,4.85,6.717804695023691,0.739,0.797,120,3,22.244245942477303
U0068,P0378,0.0,0.135,0.6,1.0,1.0,3.67,8.658866349732383,1.0,0.865,90,3,21.972741025824668
U0068,P0383,0.0,0.10399999999999998,1.0,1.0,1.0,4.62,4.663439094112067,0.311,0.896,120,3,10.555608213529737
U0068,P0385,0.0,0.5589999999999999,0.6,1.0,1.0,3.82,7.675081857716334,1.0,0.441,120,3,35.25233682542392
U0068,P0393,0.0,0.10799999999999998,0.6,1.0,1.0,4.35,6.79794041297493,0.641,0.892,90,3,27.426501124641764
U0068,P0406,0.75,0.759,0.6,1.0,1.0,4.02,4.976733742420574,0.349,0.241,180,3,25.3747713687599
U0068,P0414,0.0,0.763,0.6,1.0,1.0,4.81,4.875197323201151,0.574,0.237,45,3,21.779594625877106
U0068,P0415,0.0,0.010000000000000009,0.6,1.0,1.0,3.91,5.1647859739235145,0.548,0.99,90,3,45.09339079387546
U0068,P0417,0.25,0.8180000000000001,0.2,1.0,1.0,3.65,4.584967478670572,0.493,0.182,150,3,36.883851635438866
U0068,P0423,0.0,0.509,1.0,1.0,1.0,4.17,6.091309882077698,0.546,0.491,30,3,9.89707959584023
U0068,P0429,0.25,0.893,0.6,1.0,1.0,3.73,6.066108090103747,0.596,0.107,30,3,28.710900219401864
U0068,P0430,0.0,0.237,0.6,0.0,1.0,3.85,6.259581464064923,0.474,0.763,60,3,28.908841778432848
U0068,P0431,0.0,0.347,0.6,1.0,1.0,4.19,3.6888794541139363,0.291,0.653,150,3,40.52035850825382
U0068,P0436,0.25,0.05300000000000005,0.6,1.0,1.0,4.02,4.543294782270004,0.464,0.947,150,3,33.17206562138205
U0068,P0442,0.75,0.040000000000000036,1.0,0.0,1.0,3.88,6.75343791859778,0.708,0.96,120,3,30.381129087559767
U0068,P0443,0.25,0.124,0.6,1.0,1.0,4.41,7.716460800176355,1.0,0.876,90,3,4.171451232421564
U0068,P0445,0.0,0.33799999999999997,0.2,1.0,1.0,4.37,6.8308742346461795,0.666,0.662,150,3,20.301241211618066
U0068,P0457,0.75,0.694,0.6,1.0,1.0,4.21,7.393263094763838,1.0,0.306,150,3,26.590160684012194
U0068,P0461,0.0,0.21799999999999997,0.6,1.0,1.0,4.58,4.276666119016055,0.594,0.782,120,3,2.4897003235773347
U0068,P0467,0.0,0.049000000000000044,0.6,1.0,1.0,3.45,2.8903717578961645,0.194,0.951,90,3,40.511258620378
U0068,P0472,0.0,0.635,0.6,0.0,1.0,4.39,5.384495062789089,0.434,0.365,30,3,11.437562245337865
U0068,P0477,0.25,0.823,0.6,1.0,1.0,3.54,7.232733136177615,1.0,0.177,60,3,14.909917550069576
U0068,P0478,0.25,0.754,0.6,1.0,1.0,4.06,6.841615476477592,0.877,0.246,150,3,7.999687882433992
U0068,P0479,0.0,0.771,0.2,0.0,1.0,4.25,6.049733455231958,0.532,0.229,90,3,35.03596821073942
U0068,P0480,0.25,0.9390000000000001,0.6,0.0,1.0,4.36,6.037870919922137,0.555,0.061,90,3,22.15596661963874
U0068,P0491,0.0,0.749,0.6,1.0,1.0,4.45,6.0112671744041615,0.433,0.251,120,3,41.05814517203183
U0068,P0498,0.0,0.376,0.6,1.0,1.0,3.65,5.1647859739235145,0.582,0.624,90,3,39.81612554242372
U0069,P0002,0.0,0.958,1.0,0.0,1.0,4.39,7.3277805384216315,0.958,0.624,180,5,22.690150482620513
U0069,P0006,0.5,0.534,0.6,1.0,1.0,3.89,4.941642422609304,0.534,0.973,90,5,11.579767670953416
U0069,P0009,0.5,0.429,0.2,1.0,1.0,3.64,5.877735781779639,0.429,0.117,30,5,14.947974410119006
U0069,P0023,0.0,0.5,0.6,0.0,1.0,3.43,4.6443908991413725,0.5,0.119,45,5,14.428818412752731
U0069,P0030,0.5,0.706,0.6,1.0,1.0,4.25,6.670766320845874,0.706,0.712,150,5,27.104159005183007
U0069,P0033,0.0,0.868,0.2,1.0,1.0,4.47,7.1276936993473985,0.868,0.516,90,5,22.082979761663672
U0069,P0035,0.5,0.39,0.6,0.0,1.0,4.26,4.727387818712341,0.39,0.576,60,5,11.301230667647989
U0069,P0045,0.0,0.597,0.6,0.0,1.0,3.86,6.118097198041348,0.597,0.412,45,5,10.150860905215756
U0069,P0048,0.0,0.3,0.6,1.0,1.0,3.92,3.7612001156935624,0.3,0.699,90,5,21.116568477767604
U0069,P0049,0.0,0.516,0.2,1.0,1.0,4.23,5.814130531825066,0.516,0.337,60,5,15.628579925996297
U0069,P0051,0.5,0.515,1.0,1.0,1.0,3.46,4.997212273764115,0.515,0.445,30,5,22.131002515036673
U0069,P0057,0.0,1.0,0.6,1.0,1.0,4.13,8.455955881945048,1.0,0.358,180,5,22.632126461463038
U0069,P0062,0.0,0.553,0.6,1.0,1.0,4.73,3.828641396489095,0.553,0.221,180,5,21.902544800624074
U0069,P0071,0.0,1.0,0.6,1.0,1.0,4.2,7.069023426578259,1.0,0.694,150,5,15.13698100697136
U0069,P0079,0.0,0.775,0.2,1.0,1.0,4.94,6.07073772800249,0.775,0.405,120,5,11.446254175854524
U0069,P0090,0.0,1.0,0.6,1.0,1.0,3.98,8.764209507142004,1.0,0.626,30,5,15.077514003550991
U0069,P0094,0.5,0.332,0.2,0.0,1.0,4.31,5.41610040220442,0.332,0.183,45,5,26.11670776406315
U0069,P0095,0.0,0.332,0.2,1.0,1.0,3.72,3.6888794541139363,0.332,0.704,150,5,14.482139246278146
U0069,P0097,0.5,0.425,1.0,1.0,1.0,4.2,4.007333185232471,0.425,0.334,150,5,28.55377190702886
U0069,P0098,0.0,0.67,0.6,1.0,1.0,4.18,5.963579343618446,0.67,0.928,180,5,12.652792740311392
U0069,P0099,0.5,0.402,0.6,1.0,1.0,3.7,5.68697535633982,0.402,0.499,150,5,29.34479852201923
U0069,P0112,0.5,0.431,0.6,1.0,1.0,4.41,3.58351893845611,0.431,0.477,45,5,22.738052405855285
U0069,P0117,0.5,0.261,0.6,1.0,1.0,4.12,4.718498871295094,0.261,0.322,120,5,19.163573274426252
U0069,P0118,0.5,0.616,0.2,1.0,1.0,5.0,6.261491684321042,0.616,0.837,90,5,9.32297804219739
U0069,P0130,0.0,0.746,0.6,1.0,1.0,4.3,6.429719478039138,0.746,0.857,90,5,18.57842038067268
U0069,P0131,0.5,0.51,0.6,1.0,1.0,3.68,5.429345628954441,0.51,0.458,90,5,5.543018924272843
U0069,P0132,0.0,0.204,0.6,1.0,1.0,2.64,4.276666119016055,0.204,0.423,150,5,22.09353191576201
U0069,P0149,0.0,0.567,1.0,1.0,1.0,4.5,5.869296913133774,0.567,0.589,60,5,28.19412375993062
U0069,P0153,0.0,0.516,0.6,1.0,1.0,4.09,5.641907070938114,0.516,0.316,45,5,27.794183341478558
U0069,P0159,0.0,0.471,1.0,1.0,1.0,4.41,5.1298987149230735,0.471,0.661,120,5,24.138647189681343
U0069,P0163,0.0,0.544,1.0,1.0,1.0,3.65,4.04305126783455,0.544,0.2,60,5,15.246042169553474
U0069,P0171,0.5,0.62,0.6,1.0,1.0,3.73,5.793013608384144,0.62,0.908,90,5,24.337762767937456
U0069,P0178,0.5,0.464,0.6,1.0,1.0,4.09,4.30406509320417,0.464,0.969,120,5,4.724100039134406
U0069,P0182,0.0,0.679,0.6,1.0,1.0,4.05,5.983936280687191,0.679,0.895,90,5,17.773326487755345
U0069,P0192,0.0,0.429,1.0,1.0,1.0,3.14,4.875197323201151,0.429,0.094,180,5,24.219712866870513
U0069,P0197,0.0,1.0,0.6,1.0,1.0,3.51,7.698029170272805,1.0,0.461,120,5,17.881545509720237
U0069,P0203,0.5,0.636,1.0,1.0,1.0,3.9,6.248042874508429,0.636,0.722,180,5,12.904305930398182
U0069,P0204,0.5,0.506,0.6,1.0,1.0,3.62,5.332718793265369,0.506,0.997,60,5,10.597364826991509
U0069,P0207,0.0,0.876,1.0,1.0,1.0,3.41,7.033506484287697,0.876,0.351,120,5,18.961502369375072
U0069,P0213,0.5,1.0,0.6,1.0,1.0,4.39,7.142827401161621,1.0,0.191,120,5,21.459781158383528
U0069,P0218,0.5,0.417,0.2,0.0,1.0,4.78,5.5909869805108565,0.417,0.742,45,5,13.588776642622806
U0069,P0219,0.0,0.321,1.0,1.0,1.0,4.83,3.8501476017100584,0.321,0.176,150,5,22.91553891043232
U0069,P0221,0.0,0.587,0.6,1.0,1.0,4.27,5.4638318050256105,0.587,0.055,180,5,19.356574130046564
U0069,P0230,0.0,0.455,0.2,0.0,1.0,3.85,4.07753744390572,0.455,0.856,150,5,20.4506615315888
U0069,P0234,0.0,0.632,0.2,0.0,1.0,4.38,6.410174881966167,0.632,0.141,150,5,9.08491053624837
U0069,P0242,0.0,0.404,1.0,1.0,1.0,3.38,5.746203190540153,0.404,0.256,150,5,25.83136645312936
U0069,P0247,0.0,0.441,0.6,1.0,1.0,4.13,4.477336814478207,0.441,0.495,120,5,6.089705304902917
U0069,P0264,0.5,0.513,0.6,1.0,1.0,3.37,5.560681631015528,0.513,0.178,120,5,35.17056017273887
U0069,P0266,0.5,0.475,0.6,0.0,1.0,4.39,3.5263605246161616,0.475,0.495,60,5,22.078250555031207
U0069,P0273,0.0,0.308,1.0,1.0,1.0,2.99,4.553876891600541,0.308,0.631,30,5,10.54252433234816
U0069,P0276,0.0,0.443,0.6,1.0,1.0,4.14,5.313205979041787,0.443,0.706,60,5,16.27311294595096
U0069,P0282,0.5,0.395,0.6,1.0,1.0,4.49,5.111987788356544,0.395,0.946,30,5,1.4128175839460897
U0069,P0283,0.5,0.615,0.6,1.0,1.0,4.64,5.0106352940962555,0.615,0.616,30,5,12.821243030098609
U0069,P0285,0.0,0.531,0.6,1.0,1.0,3.26,5.081404364984463,0.531,0.729,60,5,11.295734983124017
U0069,P0292,0.0,1.0,1.0,0.0,1.0,4.38,8.224967478914584,1.0,0.126,30,5,23.61831643919491
U0069,P0294,0.0,0.435,0.6,1.0,1.0,3.89,4.48863636973214,0.435,0.53,150,5,19.9632999766006
U0069,P0295,0.0,0.493,0.6,1.0,1.0,4.47,4.477336814478207,0.493,0.551,60,5,24.273126739841544
U0069,P0304,0.0,0.242,0.6,1.0,1.0,3.75,4.007333185232471,0.242,0.997,150,5,14.514210767053283
U0069,P0310,0.5,0.428,0.2,1.0,1.0,4.32,5.771441123130016,0.428,0.202,180,5,24.919323026606627
U0069,P0312,0.0,1.0,0.6,0.0,1.0,4.95,7.114769448366463,1.0,0.188,90,5,19.170345168568854
U0069,P0313,0.0,0.312,0.6,1.0,1.0,4.82,4.890349128221754,0.312,0.213,120,5,17.136101492139755
U0069,P0316,0.5,0.913,1.0,1.0,1.0,3.34,7.335633981927201,0.913,0.226,90,5,13.43155086306264
U0069,P0323,0.5,0.343,1.0,1.0,1.0,3.99,5.176149732573829,0.343,0.563,120,5,7.848897574382134
U0069,P0334,0.5,0.896,0.2,0.0,1.0,3.99,7.305188215393037,0.896,0.538,180,5,2.7851052406236376
U0069,P0340,0.0,0.966,0.6,1.0,1.0,4.52,7.026426808699636,0.966,0.288,90,5,15.856167420244926
U0069,P0341,0.0,0.303,1.0,1.0,1.0,4.42,4.1588830833596715,0.303,0.493,120,5,26.68216586470569
U0069,P0360,0.0,0.303,0.2,1.0,1.0,3.94,5.43372200355424,0.303,0.452,45,5,26.83289188147186
U0069,P0373,0.0,0.303,0.2,1.0,1.0,4.33,4.634728988229636,0.303,0.241,45,5,19.572783564597398
U0069,P0376,0.0,0.447,1.0,1.0,1.0,3.68,3.8918202981106265,0.447,0.804,30,5,33.0595084764956
U0069,P0377,0.5,0.862,0.6,1.0,1.0,3.66,6.7650389767805414,0.862,0.584,120,5,27.81783890896748
U0069,P0384,0.0,1.0,1.0,1.0,1.0,4.08,7.6251071482389,1.0,0.984,180,5,27.925895730205518
U0069,P0394,0.5,0.603,0.6,0.0,1.0,4.48,6.052089168924417,0.603,0.325,90,5,12.447411501427426
U0069,P0396,0.0,0.429,1.0,0.0,1.0,4.29,5.749392985908253,0.429,0.628,120,5,28.976448036349367
U0069,P0397,0.0,0.358,0.2,0.0,1.0,4.22,3.970291913552122,0.358,0.712,180,5,20.713864642675695
U0069,P0407,0.0,0.433,1.0,1.0,1.0,4.75,5.736572297479192,0.433,0.269,90,5,12.259272233512819
U0069,P0408,0.0,0.272,0.2,1.0,1.0,4.56,3.7376696182833684,0.272,0.777,30,5,20.493652875095155
U0069,P0409,0.5,0.538,0.6,1.0,1.0,4.22,6.568077911411976,0.538,0.798,180,5,22.61846853448662
U0069,P0410,0.0,0.653,0.2,1.0,1.0,4.14,6.778784897685177,0.653,0.458,45,5,19.4746061202063
U0069,P0416,0.5,0.321,0.2,0.0,1.0,3.49,4.406719247264253,0.321,0.079,45,5,11.231111120246318
U0069,P0419,0.5,0.333,0.2,1.0,1.0,4.8,4.30406509320417,0.333,0.504,180,5,16.43863813060415
U0069,P0420,0.5,0.408,0.6,0.0,1.0,4.54,5.247024072160486,0.408,0.55,30,5,19.710973144302674
U0069,P0425,0.0,0.458,0.2,1.0,1.0,3.81,4.867534450455582,0.458,0.137,30,5,10.51794723964813
U0069,P0432,0.5,1.0,0.2,1.0,1.0,4.8,7.655390644826152,1.0,0.287,90,5,23.40040274369112
U0069,P0433,0.0,0.408,0.6,1.0,1.0,3.82,5.0369526024136295,0.408,0.412,120,5,26.65024850848058
U0069,P0437,0.5,0.277,0.6,1.0,1.0,3.48,4.624972813284271,0.277,0.414,90,5,9.67444815670696
U0069,P0439,0.5,0.536,0.6,0.0,1.0,3.87,5.771441123130016,0.536,0.296,45,5,6.74449115777273
U0069,P0444,0.0,0.521,0.6,1.0,1.0,4.36,5.0689042022202315,0.521,0.15,45,5,14.372874920633647
U0069,P0449,0.5,0.524,0.2,1.0,1.0,4.02,5.676753802268282,0.524,0.118,60,5,30.65827892632421
U0069,P0450,0.0,0.475,0.6,0.0,1.0,4.64,4.5217885770490405,0.475,0.236,90,5,18.332233744897664
U0069,P0456,0.0,0.424,0.2,1.0,1.0,3.96,5.765191102784844,0.424,0.574,45,5,27.43670390038852
U0069,P0459,0.5,0.418,0.2,1.0,1.0,4.37,5.726847747587197,0.418,0.715,150,5,11.372996127365234
U0069,P0471,0.5,0.617,1.0,1.0,1.0,3.52,6.548219102762372,0.617,0.1,60,5,9.755427841371134
U0069,P0473,0.0,0.291,0.2,1.0,1.0,4.93,4.219507705176107,0.291,0.569,150,5,13.587445580710432
U0069,P0475,0.0,0.409,0.2,1.0,1.0,4.08,5.793013608384144,0.409,0.225,180,5,27.236821180873147
U0069,P0482,0.0,0.687,1.0,1.0,1.0,4.19,6.35088571671474,0.687,0.845,30,5,20.54395691931042
U0069,P0483,0.0,0.882,0.6,1.0,1.0,4.06,7.228388451573604,0.882,0.367,30,5,7.353320893015354
U0069,P0485,0.5,0.274,1.0,1.0,1.0,4.08,3.784189633918261,0.274,0.507,60,5,8.139085796114042
U0069,P0486,0.5,0.46,0.2,1.0,1.0,4.16,4.6913478822291435,0.46,0.858,90,5,9.382626627378347
U0069,P0487,0.5,0.566,0.6,1.0,1.0,4.48,4.718498871295094,0.566,0.161,120,5,24.425671021888274
U0069,P0492,0.5,0.397,0.2,1.0,1.0,3.66,5.44673737166631,0.397,0.349,60,5,7.508257212069827
U0069,P0493,0.5,0.399,0.6,1.0,1.0,4.1,4.110873864173311,0.399,0.645,180,5,17.50397531444583
U0069,P0494,0.5,0.866,0.2,1.0,1.0,4.78,6.553933404025811,0.866,0.195,180,5,8.339579063222152
U0070,P0003,0.5,0.0,1.0,1.0,0.0,3.99,5.220355825078324,0.514,0.481,180,4,8.565046328310691
U0070,P0007,0.0,0.0,0.6,1.0,1.0,4.21,3.2188758248682006,0.399,0.203,30,4,14.46505842649151
U0070,P0008,0.0,1.0,1.0,1.0,1.0,3.32,4.8283137373023015,0.252,0.572,90,4,38.731366630320906
U0070,P0014,0.5,0.0,0.0,1.0,0.0,3.58,5.953243334287785,0.582,0.426,120,4,39.168101578527306
U0070,P0016,0.0,0.0,0.6,1.0,0.0,3.83,7.723120092266331,1.0,0.53,120,4,23.832752947546144
U0070,P0026,0.5,0.0,0.0,1.0,0.0,4.25,5.043425116919247,0.424,0.781,120,4,11.698075849396144
U0070,P0031,0.5,0.0,0.0,1.0,0.0,3.88,5.278114659230517,0.57,0.464,30,4,27.05328589886897
U0070,P0032,0.0,0.0,0.2,1.0,1.0,3.6,4.07753744390572,0.515,0.858,45,4,29.28163645813177
U0070,P0039,0.0,1.0,1.0,1.0,1.0,4.14,5.14166355650266,0.304,0.168,180,4,5.215022231707149
U0070,P0047,0.0,0.0,0.6,1.0,0.0,3.78,5.111987788356544,0.484,0.719,60,4,38.4669718713183
U0070,P0052,0.0,1.0,1.0,1.0,0.0,3.95,4.543294782270004,0.403,0.969,30,4,20.88012946081572
U0070,P0060,0.0,1.0,1.0,1.0,0.0,4.61,6.403574197934815,0.611,0.137,60,4,8.502139833295514
U0070,P0065,0.0,0.0,0.2,1.0,1.0,4.14,4.897839799950911,0.598,0.459,180,4,40.814111990609646
U0070,P0066,0.0,1.0,0.0,1.0,1.0,3.4,5.583496308781699,0.612,0.325,180,4,35.198624305626055
U0070,P0068,0.0,1.0,0.2,1.0,0.0,3.69,7.360103972989152,0.96,0.491,120,4,39.749393026618435
U0070,P0069,0.0,1.0,0.2,1.0,1.0,3.75,5.117993812416755,0.44,0.662,60,4,4.649346995204167
U0070,P0072,0.5,0.0,0.6,1.0,0.0,3.38,5.723585101952381,0.515,0.687,30,4,25.595777686336852
U0070,P0076,0.5,0.0,0.6,1.0,1.0,4.21,5.916202062607435,0.663,0.995,60,4,4.73375830414281
U0070,P0078,0.0,0.0,0.0,1.0,0.0,4.23,4.6443908991413725,0.481,0.066,120,4,18.894839395447615
U0070,P0093,0.5,0.0,0.0,1.0,1.0,4.0,6.3578422665081,0.477,0.776,120,4,36.474622675326984
U0070,P0100,0.5,0.0,0.2,1.0,1.0,4.13,4.143134726391533,0.347,0.858,150,4,38.46973167117344
U0070,P0105,0.0,1.0,0.2,1.0,0.0,4.33,10.12330558042176,1.0,0.56,120,4,26.58510169943457
U0070,P0106,0.0,0.0,1.0,1.0,1.0,4.36,6.862757913051401,0.806,0.343,120,4,31.6167532444764
U0070,P0109,0.0,0.0,1.0,1.0,1.0,3.75,5.220355825078324,0.554,0.618,90,4,9.66155161666798
U0070,P0113,0.0,1.0,0.0,1.0,1.0,3.89,6.806829360392176,0.674,0.76,60,4,25.671456610820808
U0070,P0114,0.0,1.0,0.2,1.0,0.0,4.13,4.219507705176107,0.328,0.848,120,4,30.28671953169707
U0070,P0120,0.0,0.0,1.0,1.0,0.0,3.8,6.523562306149512,0.833,0.586,120,4,6.9755553294160295
U0070,P0121,0.0,1.0,1.0,1.0,1.0,3.74,5.365976015021851,0.436,0.97,180,4,17.712178162635436
U0070,P0128,0.0,0.0,0.2,1.0,0.0,3.42,4.919980925828125,0.29,0.765,120,4,33.09132838717291
U0070,P0136,0.5,0.0,0.6,1.0,1.0,4.75,3.784189633918261,0.603,0.869,30,4,37.68768055922838
U0070,P0138,0.0,0.0,0.6,1.0,0.0,3.66,6.056784013228625,0.462,0.599,150,4,29.519226011266188
U0070,P0145,0.0,0.0,0.0,1.0,1.0,4.23,4.7535901911063645,0.367,0.117,30,4,32.407270683313584
U0070,P0152,0.0,0.0,0.0,1.0,0.0,4.44,6.2324480165505225,0.8,0.056,180,4,8.463056880282926
U0070,P0154,0.0,0.0,1.0,1.0,1.0,4.67,4.795790545596741,0.495,0.349,30,4,30.268847012769175
U0070,P0157,0.0,1.0,1.0,1.0,1.0,4.47,6.476972362889683,0.806,0.662,45,4,32.9471412047103
U0070,P0160,0.5,0.0,0.2,1.0,0.0,4.25,5.3471075307174685,0.369,0.992,60,4,21.22672242460907
U0070,P0161,0.0,1.0,0.2,1.0,1.0,4.14,6.214608098422191,0.759,0.391,180,4,25.16112994811166
U0070,P0165,0.0,1.0,0.6,1.0,1.0,4.38,6.255750041753367,0.574,0.657,60,4,14.010722975021505
U0070,P0167,0.0,1.0,0.2,1.0,1.0,4.13,4.6913478822291435,0.346,0.57,30,4,32.639841646208055
U0070,P0168,0.0,0.0,0.2,1.0,0.0,4.54,5.327876168789581,0.391,0.678,45,4,25.590373673500622
U0070,P0186,0.0,1.0,0.6,1.0,0.0,4.11,6.09807428216624,0.737,0.747,180,4,46.863246055684115
U0070,P0198,0.5,0.0,0.0,1.0,1.0,4.63,4.941642422609304,0.637,0.815,150,4,16.898797831270723
U0070,P0199,0.0,0.0,0.2,1.0,1.0,3.33,7.1252830915107115,1.0,0.773,45,4,41.69259890387632
U0070,P0200,0.0,0.0,0.0,1.0,0.0,4.05,6.985641817639208,0.739,0.699,150,4,25.535606690182696
U0070,P0208,0.5,0.0,0.2,1.0,0.0,4.25,4.605170185988092,0.469,0.557,60,4,27.716500909104727
U0070,P0209,0.0,0.0,1.0,1.0,1.0,4.8,5.641907070938114,0.368,0.754,120,4,36.13107488456343
U0070,P0214,0.0,0.0,0.6,1.0,1.0,3.67,6.324358962381311,0.731,0.588,180,4,19.37949569969448
U0070,P0216,0.0,0.0,0.2,1.0,1.0,3.57,3.091042453358316,0.32,0.893,45,4,23.71098522115072
U0070,P0220,0.0,0.0,0.0,1.0,1.0,3.33,5.43372200355424,0.5,0.091,120,4,12.775220369607851
U0070,P0222,0.5,0.0,0.6,1.0,1.0,3.17,5.393627546352362,0.406,0.312,120,4,29.956792302471015
U0070,P0225,0.5,0.0,1.0,1.0,1.0,3.87,4.23410650459726,0.498,0.05,120,4,19.812535814609536
U0070,P0227,0.0,1.0,1.0,1.0,0.0,3.66,6.1070228877422545,0.561,0.596,60,4,31.384472722533133
U0070,P0228,0.0,0.0,0.0,1.0,1.0,3.86,4.553876891600541,0.276,0.81,30,4,43.44919635606046
U0070,P0229,0.5,0.0,0.2,1.0,0.0,4.05,4.2626798770413155,0.358,0.524,120,4,2.844293221622886
U0070,P0232,0.0,0.0,1.0,1.0,1.0,3.79,5.75890177387728,0.446,0.632,120,4,16.87709371133723
U0070,P0249,0.0,0.0,1.0,1.0,1.0,3.63,5.272999558563747,0.561,0.592,45,4,15.478150409111413
U0070,P0250,0.0,0.0,0.0,1.0,1.0,3.71,3.8501476017100584,0.531,0.941,180,4,22.81304553511383
U0070,P0255,0.0,1.0,1.0,1.0,1.0,4.12,4.51085950651685,0.455,0.926,60,4,35.56586121832042
U0070,P0257,0.5,0.0,1.0,1.0,1.0,3.99,4.418840607796598,0.403,0.785,150,4,31.885569421755196
U0070,P0261,0.5,0.0,1.0,1.0,0.0,3.35,6.152732694704104,0.515,0.27,60,4,6.842543910622577
U0070,P0269,0.5,0.0,0.0,1.0,1.0,3.71,5.043425116919247,0.358,0.158,30,4,12.36524563656931
U0070,P0271,0.5,0.0,0.6,1.0,1.0,4.48,4.1588830833596715,0.309,0.963,45,4,12.01064926357317
U0070,P0278,0.0,1.0,1.0,1.0,1.0,4.25,5.0106352940962555,0.352,0.372,150,4,22.69866124973255
U0070,P0279,0.0,0.0,0.2,1.0,0.0,3.88,4.983606621708336,0.404,0.337,90,4,37.06038643809952
U0070,P0284,0.0,1.0,0.0,1.0,1.0,3.18,4.290459441148391,0.225,0.636,60,4,4.316306190668348
U0070,P0286,0.5,0.0,0.6,1.0,0.0,4.11,7.512071245835466,1.0,0.981,90,4,16.02283143786167
U0070,P0287,0.0,1.0,1.0,1.0,1.0,4.25,5.241747015059643,0.585,0.783,45,4,15.011260815134344
U0070,P0300,0.5,0.0,0.2,1.0,1.0,3.9,5.953243334287785,0.637,0.414,150,4,16.512040800453423
U0070,P0306,0.0,1.0,0.6,1.0,1.0,4.39,5.43372200355424,0.327,0.844,150,4,6.279589730420339
U0070,P0315,0.0,1.0,1.0,1.0,1.0,4.13,6.813444599510896,0.765,0.581,90,4,43.189299932175054
U0070,P0329,0.0,0.0,1.0,1.0,0.0,4.11,5.472270673671475,0.541,0.163,60,4,9.741253741474663
U0070,P0347,0.5,0.0,1.0,1.0,1.0,3.61,6.240275845170769,0.639,0.289,60,4,20.4554614183981
U0070,P0348,0.5,0.0,0.0,1.0,1.0,4.37,5.1298987149230735,0.388,0.489,150,4,22.410574488894362
U0070,P0365,0.5,0.0,0.2,1.0,0.0,3.86,4.574710978503383,0.475,0.357,150,4,7.29884988417879
U0070,P0368,0.5,0.0,0.0,1.0,0.0,4.56,6.068425588244111,0.516,0.462,120,4,36.44469464017737
U0070,P0379,0.5,0.0,0.0,1.0,1.0,4.32,5.723585101952381,0.62,0.856,90,4,37.74692419082958
U0070,P0382,0.0,0.0,1.0,1.0,1.0,5.0,5.389071729816501,0.638,0.643,120,4,26.640814153927074
U0070,P0387,0.5,0.0,0.0,1.0,1.0,4.38,6.668228248417403,0.611,0.406,60,4,9.565014555505524
U0070,P0401,0.0,0.0,0.6,1.0,1.0,4.52,4.882801922586371,0.627,0.644,90,4,7.658795128907837
U0070,P0404,0.0,0.0,0.0,1.0,0.0,4.2,4.927253685157205,0.58,0.541,120,4,37.77021792473378
U0070,P0411,0.0,1.0,0.0,1.0,1.0,3.87,7.191429330036379,0.864,0.888,30,4,20.761211002673615
U0070,P0434,0.5,0.0,1.0,1.0,1.0,4.23,5.902633333401366,0.492,0.526,150,4,15.409279383926016
U0070,P0440,0.5,0.0,0.2,1.0,1.0,4.09,6.926577033222725,0.673,0.764,45,4,5.740849816640114
U0070,P0446,0.0,0.0,0.2,1.0,0.0,4.47,6.1092475827643655,0.685,0.598,45,4,1.6273148743158983
U0070,P0448,0.0,0.0,1.0,1.0,1.0,4.72,6.278521424165844,0.571,0.408,180,4,38.36165769212858
U0070,P0451,0.5,0.0,0.0,1.0,1.0,4.27,5.030437921392435,0.345,0.646,30,4,41.03295663212711
U0070,P0453,0.0,1.0,0.6,1.0,1.0,4.19,5.556828061699537,0.46,0.913,150,4,42.678775886228316
U0070,P0458,0.5,0.0,1.0,1.0,1.0,4.06,5.8377304471659395,0.451,0.395,120,4,21.51797749218584
U0070,P0460,0.5,0.0,0.0,1.0,1.0,3.9,5.733341276897746,0.541,0.41,60,4,39.00507941440294
U0070,P0469,0.5,0.0,0.6,1.0,0.0,3.64,6.35088571671474,0.695,0.285,45,4,10.719590032838793
U0070,P0476,0.5,0.0,0.2,1.0,1.0,3.99,5.924255797414532,0.561,0.945,45,4,29.423016602149975
U0070,P0489,0.0,0.0,1.0,1.0,1.0,3.9,2.6390573296152584,0.509,0.951,30,4,11.108935823259984
U0070,P0490,0.0,0.0,0.6,1.0,0.0,3.39,6.413458957167357,0.584,0.85,30,4,6.6446235716823905
U0071,P0013,0.3333333333333333,0.0,0.2,1.0,1.0,3.86,5.634789603169249,0.339,0.532,120,5,15.469997960168872
U0071,P0018,0.3333333333333333,1.0,0.6,1.0,1.0,4.47,4.04305126783455,0.482,0.204,60,5,9.186601356033444
U0071,P0021,0.3333333333333333,1.0,0.6,1.0,1.0,4.43,5.707110264748875,0.484,0.335,30,5,30.51651977366723
U0071,P0024,0.3333333333333333,0.0,0.6,1.0,1.0,3.89,6.769641976852503,0.648,0.177,150,5,4.129225161302889
U0071,P0025,0.3333333333333333,1.0,0.2,1.0,1.0,4.25,3.4011973816621555,0.494,0.273,120,5,25.843070036457934
U0071,P0027,0.3333333333333333,0.0,0.2,1.0,1.0,3.8,6.234410725718371,0.572,0.848,30,5,11.318634018200877
U0071,P0028,0.3333333333333333,0.0,0.0,0.0,1.0,4.56,6.618738983517219,0.679,0.84,90,5,24.943715095627574
U0071,P0029,0.3333333333333333,0.0,0.6,1.0,1.0,3.72,5.1298987149230735,0.331,0.257,30,5,31.21292013015561
U0071,P0042,0.3333333333333333,1.0,0.0,0.0,1.0,4.77,4.882801922586371,0.316,0.243,120,5,19.107148732038674
U0071,P0044,0.3333333333333333,0.0,1.0,0.0,1.0,4.51,5.8971538676367405,0.486,0.319,180,5,5.985080120988621
U0071,P0055,0.3333333333333333,1.0,0.6,0.0,1.0,4.22,5.4116460518550396,0.467,0.663,45,5,18.29889890946803
U0071,P0059,0.3333333333333333,1.0,0.6,1.0,1.0,4.08,4.110873864173311,0.254,0.625,60,5,19.817780310164178
U0071,P0061,0.3333333333333333,1.0,0.2,1.0,1.0,4.46,4.418840607796598,0.566,0.148,180,5,23.330962954532737
U0071,P0070,0.3333333333333333,0.0,0.0,0.0,1.0,4.47,4.02535169073515,0.424,0.13,30,5,26.45117074594894
U0071,P0073,0.3333333333333333,0.0,0.6,1.0,1.0,4.22,6.439350371100098,0.572,0.563,45,5,18.341572087094367
U0071,P0075,0.0,0.0,0.0,1.0,1.0,4.33,5.857933154483459,0.712,0.88,180,5,18.8746626437118
U0071,P0082,0.3333333333333333,1.0,0.0,1.0,1.0,4.62,4.5217885770490405,0.401,0.831,180,5,27.50693673547647
U0071,P0085,0.3333333333333333,1.0,0.6,1.0,1.0,3.99,4.605170185988092,0.419,0.631,90,5,16.48947761129953
U0071,P0088,0.3333333333333333,0.0,1.0,1.0,1.0,4.22,6.493753839851686,0.689,0.944,60,5,4.566715846543176
U0071,P0101,0.3333333333333333,1.0,1.0,1.0,1.0,4.26,6.173786103901937,0.432,0.519,120,5,30.620404964531527
U0071,P0103,0.3333333333333333,1.0,0.0,1.0,1.0,3.48,4.382026634673881,0.292,0.671,180,5,29.411747601128667
U0071,P0108,0.3333333333333333,0.0,0.6,0.0,1.0,3.96,6.411818267709897,0.819,0.98,90,5,8.384992561774041
U0071,P0111,0.3333333333333333,0.0,1.0,1.0,1.0,5.0,3.295836866004329,0.602,0.408,150,5,8.710581868493144
U0071,P0116,0.3333333333333333,0.0,0.0,0.0,1.0,3.77,5.762051382780177,0.396,0.685,120,5,3.753753112441629
U0071,P0124,0.3333333333333333,0.0,0.6,1.0,1.0,3.89,4.718498871295094,0.293,0.335,60,5,10.094131203000757
U0071,P0127,0.0,0.0,0.0,0.0,1.0,5.0,6.739336627357174,0.679,0.12,60,5,22.93470299956319
U0071,P0134,0.3333333333333333,1.0,0.2,1.0,1.0,4.83,3.784189633918261,0.31,0.18,60,5,17.051775964796533
U0071,P0135,0.3333333333333333,0.0,1.0,1.0,1.0,3.9,5.659482215759621,0.602,0.484,45,5,21.099511485876626
U0071,P0139,0.3333333333333333,0.0,0.2,0.0,1.0,4.19,4.787491742782046,0.506,0.746,60,5,18.09271769173271
U0071,P0147,0.3333333333333333,1.0,0.2,0.0,1.0,3.83,6.520621127558696,0.524,0.667,45,5,17.905279224363348
U0071,P0148,0.0,0.0,1.0,1.0,1.0,4.26,4.672828834461906,0.369,0.522,150,5,8.655597320313447
U0071,P0173,0.3333333333333333,1.0,0.0,1.0,1.0,3.89,5.780743515792329,0.392,0.559,120,5,25.037364654293103
U0071,P0176,0.3333333333333333,0.0,0.6,0.0,1.0,4.24,7.271008538280992,0.926,0.719,180,5,21.601223109482184
U0071,P0177,0.3333333333333333,1.0,0.2,1.0,1.0,4.49,5.308267697401205,0.435,0.097,180,5,23.577868175915647
U0071,P0179,0.3333333333333333,0.0,0.2,1.0,1.0,4.09,5.159055299214529,0.479,0.313,120,5,8.380249320328765
U0071,P0183,0.3333333333333333,0.0,0.0,1.0,1.0,4.41,5.0238805208462765,0.634,0.366,90,5,5.8724702388255565
U0071,P0188,0.3333333333333333,1.0,0.2,0.0,1.0,5.0,4.584967478670572,0.334,0.974,30,5,16.631924719635037
U0071,P0190,0.3333333333333333,0.0,0.2,0.0,1.0,5.0,4.532599493153256,0.572,0.059,60,5,22.251074316333536
U0071,P0194,0.3333333333333333,1.0,0.0,1.0,1.0,4.25,7.751475318021456,1.0,0.524,45,5,24.097794411034993
U0071,P0195,0.3333333333333333,0.0,0.0,0.0,1.0,4.53,4.812184355372417,0.614,0.62,60,5,23.17770617253769
U0071,P0210,0.3333333333333333,1.0,1.0,1.0,1.0,4.63,5.583496308781699,0.649,0.143,120,5,3.067251078940475
U0071,P0217,0.3333333333333333,1.0,0.6,1.0,1.0,3.98,6.361302477572996,0.586,0.507,150,5,2.1556026019035444
U0071,P0223,0.3333333333333333,0.0,0.0,0.0,1.0,3.51,6.304448802421981,0.679,0.145,180,5,9.28334400273602
U0071,P0231,0.3333333333333333,0.0,1.0,0.0,1.0,4.98,5.545177444479562,0.548,0.787,90,5,3.138773605918146
U0071,P0233,0.3333333333333333,1.0,0.6,1.0,1.0,4.05,5.236441962829949,0.487,0.863,120,5,10.04662956745726
U0071,P0237,0.3333333333333333,1.0,1.0,1.0,1.0,3.42,7.140453043101158,0.812,0.075,90,5,30.46988682213746
U0071,P0239,0.3333333333333333,0.0,0.2,1.0,1.0,4.36,5.87493073085203,0.696,0.338,90,5,8.456120140122227
U0071,P0241,0.3333333333333333,1.0,0.2,1.0,1.0,4.04,4.356708826689592,0.381,0.48,180,5,9.820283045271257
U0071,P0243,0.3333333333333333,0.0,0.2,0.0,1.0,3.76,3.8066624897703196,0.479,0.837,30,5,28.65078363726339
U0071,P0244,0.3333333333333333,0.0,0.0,0.0,1.0,3.81,4.204692619390966,0.356,0.545,60,5,29.530937995432605
U0071,P0253,0.3333333333333333,1.0,0.2,1.0,1.0,3.81,4.919980925828125,0.378,0.065,90,5,16.655206420445644
U0071,P0256,0.3333333333333333,1.0,0.2,1.0,1.0,4.22,5.442417710521793,0.498,0.745,60,5,29.04832045900771
U0071,P0258,0.0,0.0,0.0,1.0,1.0,3.84,6.406879986069314,0.577,0.355,120,5,9.811245480661478
U0071,P0267,0.3333333333333333,0.0,0.2,0.0,1.0,4.07,4.060443010546419,0.562,0.874,45,5,16.115910788555873
U0071,P0268,0.0,0.0,1.0,1.0,1.0,3.81,5.560681631015528,0.489,0.985,90,5,23.01867940327822
U0071,P0270,0.3333333333333333,1.0,0.2,1.0,1.0,4.55,4.812184355372417,0.525,0.652,150,5,19.83333754437394
U0071,P0274,0.3333333333333333,0.0,1.0,1.0,1.0,4.36,5.2574953720277815,0.406,0.249,45,5,12.705056275057434
U0071,P0288,0.3333333333333333,0.0,0.2,1.0,1.0,4.47,2.8903717578961645,0.368,0.805,120,5,18.1448921901219
U0071,P0290,0.3333333333333333,1.0,0.0,0.0,1.0,3.43,6.873163834212518,0.654,0.687,120,5,21.64247866215573
U0071,P0293,0.3333333333333333,1.0,0.2,1.0,1.0,4.18,5.799092654460526,0.544,0.45,30,5,4.4516804895534685
U0071,P0298,0.3333333333333333,0.0,0.6,0.0,1.0,4.57,4.890349128221754,0.47,0.061,150,5,6.112681980433433
U0071,P0299,0.3333333333333333,0.0,1.0,1.0,1.0,3.98,4.330733340286331,0.253,0.864,120,5,24.563993260688758
U0071,P0305,0.3333333333333333,1.0,1.0,1.0,1.0,3.3,7.295735072749282,0.946,0.485,150,5,15.409009343028895
U0071,P0309,0.3333333333333333,1.0,1.0,0.0,1.0,4.15,6.371611847231857,0.679,0.38,150,5,13.597933397985162
U0071,P0321,0.3333333333333333,0.0,0.6,0.0,1.0,3.95,7.503289630675082,1.0,0.512,120,5,10.753799724252426
U0071,P0322,0.3333333333333333,0.0,0.2,1.0,1.0,3.98,3.713572066704308,0.486,0.203,30,5,28.650136777659554
U0071,P0331,0.3333333333333333,0.0,0.6,0.0,1.0,3.84,4.844187086458591,0.516,0.81,120,5,7.5650334310434175
U0071,P0333,0.3333333333333333,0.0,0.2,1.0,1.0,3.78,5.631211781821365,0.556,0.339,45,5,18.128998418582558
U0071,P0337,0.3333333333333333,1.0,0.0,0.0,1.0,3.95,5.056245805348308,0.307,0.719,60,5,25.535108139912886
U0071,P0342,0.3333333333333333,0.0,1.0,1.0,1.0,3.86,6.089044875446846,0.525,0.867,60,5,23.356581472727395
U0071,P0343,0.3333333333333333,1.0,0.0,1.0,1.0,3.55,6.3561076606958915,0.603,0.409,180,5,11.58735823441554
U0071,P0352,0.3333333333333333,1.0,0.6,1.0,1.0,3.78,3.828641396489095,0.537,0.292,45,5,16.09704277972012
U0071,P0353,0.3333333333333333,0.0,0.0,1.0,1.0,3.4,6.2285110035911835,0.648,0.752,180,5,10.73608328559234
U0071,P0356,0.3333333333333333,0.0,0.6,0.0,1.0,4.19,5.384495062789089,0.527,0.839,60,5,23.809570507215085
U0071,P0364,0.3333333333333333,1.0,0.6,1.0,1.0,4.11,5.918893854273146,0.416,0.309,30,5,11.155537273284063
U0071,P0366,0.3333333333333333,0.0,0.2,1.0,1.0,4.19,4.330733340286331,0.575,0.808,150,5,21.64525866405041
U0071,P0372,0.3333333333333333,1.0,1.0,1.0,1.0,3.82,5.53338948872752,0.348,0.075,30,5,7.197938099731671
U0071,P0375,0.3333333333333333,0.0,1.0,1.0,1.0,3.82,3.828641396489095,0.268,0.914,150,5,14.79568272825043
U0071,P0381,0.3333333333333333,0.0,0.2,1.0,1.0,3.84,5.648974238161206,0.43,0.659,180,5,28.479790469270622
U0071,P0386,0.3333333333333333,1.0,0.0,1.0,1.0,4.42,4.8283137373023015,0.5,0.171,90,5,20.082500019974123
U0071,P0389,0.3333333333333333,1.0,1.0,1.0,1.0,3.77,5.204006687076795,0.55,0.96,150,5,14.691928846917293
U0071,P0398,0.3333333333333333,0.0,0.2,0.0,1.0,3.61,6.763884908562435,0.637,0.085,180,5,18.568499590856387
U0071,P0402,0.3333333333333333,0.0,0.2,1.0,1.0,4.14,4.948759890378168,0.452,0.6,45,5,27.86903426593163
U0071,P0412,0.3333333333333333,0.0,0.2,0.0,1.0,5.0,5.0689042022202315,0.525,0.426,150,5,12.17193814031027
U0071,P0413,0.3333333333333333,1.0,0.2,1.0,1.0,3.9,7.24422751560335,0.905,0.439,30,5,20.1111705576468
U0071,P0418,0.0,0.0,0.2,1.0,1.0,4.08,5.783825182329737,0.382,0.239,30,5,10.034791431786736
U0071,P0421,0.3333333333333333,0.0,0.0,1.0,1.0,4.08,6.309918278226516,0.666,0.485,180,5,24.244076355098084
U0071,P0422,0.3333333333333333,0.0,0.0,0.0,1.0,3.59,5.961005339623274,0.498,0.36,180,5,30.697790374087877
U0071,P0428,0.3333333333333333,0.0,0.0,1.0,1.0,4.74,4.820281565605037,0.53,0.979,180,5,34.41568300160531
U0071,P0435,0.3333333333333333,1.0,0.0,0.0,1.0,4.4,7.912423121473705,1.0,0.783,30,5,30.031247738033368
U0071,P0454,0.3333333333333333,0.0,1.0,1.0,1.0,3.49,6.396929655216146,0.507,0.172,120,5,15.228029996224036
U0071,P0464,0.3333333333333333,1.0,0.2,1.0,1.0,3.85,5.953243334287785,0.534,0.34,60,5,30.417117445320088
U0071,P0465,0.3333333333333333,0.0,1.0,1.0,1.0,4.8,5.424950017481403,0.464,0.131,150,5,8.076899866674612
U0071,P0466,0.3333333333333333,1.0,0.2,1.0,1.0,3.85,7.757478766584179,1.0,0.847,90,5,4.71678496009228
U0071,P0468,0.3333333333333333,0.0,0.6,0.0,1.0,4.3,4.897839799950911,0.313,0.275,30,5,22.54795196698337
U0071,P0470,0.3333333333333333,1.0,0.0,0.0,1.0,4.21,4.8283137373023015,0.28,0.411,45,5,5.814521489643172
U0071,P0474,0.0,0.0,0.0,0.0,1.0,3.41,4.672828834461906,0.439,0.801,30,5,16.38316481178761
U0071,P0481,0.3333333333333333,0.0,0.2,1.0,1.0,4.39,7.095064377287131,0.812,0.371,150,5,23.550396697048296
U0071,P0496,0.3333333333333333,0.0,0.2,1.0,1.0,4.19,3.091042453358316,0.52,0.853,90,5,25.008568636562746
U0072,P0003,0.0,0.798,1.0,1.0,1.0,3.99,5.220355825078324,0.514,0.481,180,7,11.402845159769162
U0072,P0007,0.25,0.842,0.6,1.0,1.0,4.21,3.2188758248682006,0.399,0.203,30,7,17.40700992107561
U0072,P0008,0.25,0.6639999999999999,1.0,1.0,1.0,3.32,4.8283137373023015,0.252,0.572,90,7,41.65546904361378
U0072,P0014,0.0,0.716,0.0,1.0,1.0,3.58,5.953243334287785,0.582,0.426,120,7,41.839361564026895
U0072,P0016,0.25,0.766,0.6,1.0,1.0,3.83,7.723120092266331,1.0,0.53,120,7,23.064927191225603
U0072,P0026,0.0,0.85,0.0,1.0,1.0,4.25,5.043425116919247,0.424,0.781,120,7,14.633263100208108
U0072,P0031,0.5,0.776,0.0,1.0,1.0,3.88,5.278114659230517,0.57,0.464,30,7,29.39226713137049
U0072,P0032,0.25,0.72,0.2,1.0,1.0,3.6,4.07753744390572,0.515,0.858,45,7,31.84511267285862
U0072,P0039,0.25,0.828,1.0,1.0,1.0,4.14,5.14166355650266,0.304,0.168,180,7,7.936700923744968
U0072,P0047,0.25,0.756,0.6,1.0,1.0,3.78,5.111987788356544,0.484,0.719,60,7,40.846023574335135
U0072,P0052,0.25,0.79,1.0,1.0,1.0,3.95,4.543294782270004,0.403,0.969,30,7,20.97242728236272
U0072,P0060,0.25,0.922,1.0,1.0,1.0,4.61,6.403574197934815,0.611,0.137,60,7,9.482160985072957
U0072,P0065,0.25,0.828,0.2,1.0,1.0,4.14,4.897839799950911,0.598,0.459,180,7,43.64064372385755
U0072,P0066,0.25,0.6799999999999999,0.0,1.0,1.0,3.4,5.583496308781699,0.612,0.325,180,7,38.11109830741219
U0072,P0068,0.25,0.738,0.2,1.0,1.0,3.69,7.360103972989152,0.96,0.491,120,7,42.47359461673549
U0072,P0069,0.25,0.75,0.2,1.0,1.0,3.75,5.117993812416755,0.44,0.662,60,7,3.5019982766565567
U0072,P0072,0.0,0.6759999999999999,0.6,1.0,1.0,3.38,5.723585101952381,0.515,0.687,30,7,28.523697648624175
U0072,P0076,0.0,0.842,0.6,1.0,1.0,4.21,5.916202062607435,0.663,0.995,60,7,6.49665875278
U0072,P0078,0.25,0.8460000000000001,0.0,1.0,1.0,4.23,4.6443908991413725,0.481,0.066,120,7,18.9383570964867
U0072,P0093,0.5,0.8,0.0,1.0,1.0,4.0,6.3578422665081,0.477,0.776,120,7,39.10214392110608
U0072,P0100,0.0,0.826,0.2,1.0,1.0,4.13,4.143134726391533,0.347,0.858,150,7,40.80741896610485
U0072,P0105,0.25,0.866,0.2,1.0,1.0,4.33,10.12330558042176,1.0,0.56,120,7,28.500628223488782
U0072,P0106,0.25,0.8720000000000001,1.0,1.0,1.0,4.36,6.862757913051401,0.806,0.343,120,7,33.74025005715251
U0072,P0109,0.25,0.75,1.0,1.0,1.0,3.75,5.220355825078324,0.554,0.618,90,7,12.448639669849248
U0072,P0113,0.25,0.778,0.0,1.0,1.0,3.89,6.806829360392176,0.674,0.76,60,7,28.452316670848866
U0072,P0114,0.25,0.826,0.2,1.0,1.0,4.13,4.219507705176107,0.328,0.848,120,7,31.58094006261123
U0072,P0120,0.25,0.76,1.0,1.0,1.0,3.8,6.523562306149512,0.833,0.586,120,7,6.84899677136292
U0072,P0121,0.25,0.748,1.0,1.0,1.0,3.74,5.365976015021851,0.436,0.97,180,7,17.020452133021333
U0072,P0128,0.25,0.6839999999999999,0.2,1.0,1.0,3.42,4.919980925828125,0.29,0.765,120,7,35.52372427172532
U0072,P0136,0.0,0.95,0.6,1.0,1.0,4.75,3.784189633918261,0.603,0.869,30,7,39.78583703249901
U0072,P0138,0.25,0.732,0.6,1.0,1.0,3.66,6.056784013228625,0.462,0.599,150,7,32.41192529466416
U0072,P0145,0.25,0.8460000000000001,0.0,1.0,1.0,4.23,4.7535901911063645,0.367,0.117,30,7,34.107796696421396
U0072,P0152,0.25,0.8880000000000001,0.0,1.0,1.0,4.44,6.2324480165505225,0.8,0.056,180,7,10.550460829200544
U0072,P0154,0.25,0.9339999999999999,1.0,1.0,1.0,4.67,4.795790545596741,0.495,0.349,30,7,32.80586677251345
U0072,P0157,0.25,0.8939999999999999,1.0,1.0,1.0,4.47,6.476972362889683,0.806,0.662,45,7,35.50659415405765
U0072,P0160,0.5,0.85,0.2,1.0,1.0,4.25,5.3471075307174685,0.369,0.992,60,7,22.0287096819868
U0072,P0161,0.25,0.828,0.2,1.0,1.0,4.14,6.214608098422191,0.759,0.391,180,7,28.082304121077666
U0072,P0165,0.25,0.876,0.6,1.0,1.0,4.38,6.255750041753367,0.574,0.657,60,7,13.000778353329395
U0072,P0167,0.25,0.826,0.2,1.0,1.0,4.13,4.6913478822291435,0.346,0.57,30,7,35.21205513468025
U0072,P0168,0.25,0.908,0.2,1.0,1.0,4.54,5.327876168789581,0.391,0.678,45,7,28.11648136219371
U0072,P0186,0.25,0.8220000000000001,0.6,1.0,1.0,4.11,6.09807428216624,0.737,0.747,180,7,48.98455950987071
U0072,P0198,0.0,0.9259999999999999,0.0,1.0,1.0,4.63,4.941642422609304,0.637,0.815,150,7,16.118119306773938
U0072,P0199,0.25,0.666,0.2,1.0,1.0,3.33,7.1252830915107115,1.0,0.773,45,7,43.9917240795827
U0072,P0200,0.25,0.8099999999999999,0.0,1.0,1.0,4.05,6.985641817639208,0.739,0.699,150,7,26.43256093311394
U0072,P0208,0.5,0.85,0.2,1.0,1.0,4.25,4.605170185988092,0.469,0.557,60,7,29.437907732165023
U0072,P0209,0.25,0.96,1.0,1.0,1.0,4.8,5.641907070938114,0.368,0.754,120,7,38.8961955126933
U0072,P0214,0.25,0.734,0.6,1.0,1.0,3.67,6.324358962381311,0.731,0.588,180,7,21.678409084732557
U0072,P0216,0.25,0.714,0.2,1.0,1.0,3.57,3.091042453358316,0.32,0.893,45,7,25.81671902151615
U0072,P0220,0.25,0.666,0.0,1.0,1.0,3.33,5.43372200355424,0.5,0.091,120,7,12.57067903668331
U0072,P0222,0.5,0.634,0.6,1.0,1.0,3.17,5.393627546352362,0.406,0.312,120,7,32.088377315210074
U0072,P0225,0.5,0.774,1.0,1.0,1.0,3.87,4.23410650459726,0.498,0.05,120,7,21.383507040094223
U0072,P0227,0.25,0.732,1.0,1.0,1.0,3.66,6.1070228877422545,0.561,0.596,60,7,32.71829697078917
U0072,P0228,0.25,0.772,0.0,1.0,1.0,3.86,4.553876891600541,0.276,0.81,30,7,45.7085434826907
U0072,P0229,0.5,0.8099999999999999,0.2,1.0,1.0,4.05,4.2626798770413155,0.358,0.524,120,7,0.10826402925759919
U0072,P0232,0.25,0.758,1.0,1.0,1.0,3.79,5.75890177387728,0.446,0.632,120,7,15.144938011181836
U0072,P0249,0.25,0.726,1.0,1.0,1.0,3.63,5.272999558563747,0.561,0.592,45,7,16.5488847808812
U0072,P0250,0.25,0.742,0.0,1.0,1.0,3.71,3.8501476017100584,0.531,0.941,180,7,25.43064179446838
U0072,P0255,0.25,0.8240000000000001,1.0,1.0,1.0,4.12,4.51085950651685,0.455,0.926,60,7,37.710743023777454
U0072,P0257,0.0,0.798,1.0,1.0,1.0,3.99,4.418840607796598,0.403,0.785,150,7,34.479053053013686
U0072,P0261,0.5,0.67,1.0,1.0,1.0,3.35,6.152732694704104,0.515,0.27,60,7,9.784957241286685
U0072,P0269,0.5,0.742,0.0,1.0,1.0,3.71,5.043425116919247,0.358,0.158,30,7,15.043343454156847
U0072,P0271,0.0,0.8960000000000001,0.6,1.0,1.0,4.48,4.1588830833596715,0.309,0.963,45,7,10.271253489415264
U0072,P0278,0.25,0.85,1.0,1.0,1.0,4.25,5.0106352940962555,0.352,0.372,150,7,23.766904934583895
U0072,P0279,0.25,0.776,0.2,1.0,1.0,3.88,4.983606621708336,0.404,0.337,90,7,39.467761906806885
U0072,P0284,0.25,0.636,0.0,1.0,1.0,3.18,4.290459441148391,0.225,0.636,60,7,5.890527779427149
U0072,P0286,0.0,0.8220000000000001,0.6,1.0,1.0,4.11,7.512071245835466,1.0,0.981,90,7,17.80742977629566
U0072,P0287,0.25,0.85,1.0,1.0,1.0,4.25,5.241747015059643,0.585,0.783,45,7,13.767546753155404
U0072,P0300,0.0,0.78,0.2,1.0,1.0,3.9,5.953243334287785,0.637,0.414,150,7,16.82838599106407
U0072,P0306,0.25,0.8779999999999999,0.6,1.0,1.0,4.39,5.43372200355424,0.327,0.844,150,7,7.533316762737595
U0072,P0315,0.25,0.826,1.0,1.0,1.0,4.13,6.813444599510896,0.765,0.581,90,7,45.1716547227336
U0072,P0329,0.25,0.8220000000000001,1.0,1.0,1.0,4.11,5.472270673671475,0.541,0.163,60,7,8.629100786952327
U0072,P0347,0.0,0.722,1.0,1.0,1.0,3.61,6.240275845170769,0.639,0.289,60,7,23.219871227090096
U0072,P0348,0.0,0.874,0.0,1.0,1.0,4.37,5.1298987149230735,0.388,0.489,150,7,24.267057846821675
U0072,P0365,0.5,0.772,0.2,1.0,1.0,3.86,4.574710978503383,0.475,0.357,150,7,5.584304501549825
U0072,P0368,0.0,0.9119999999999999,0.0,1.0,1.0,4.56,6.068425588244111,0.516,0.462,120,7,38.722988576942456
U0072,P0379,0.0,0.8640000000000001,0.0,1.0,1.0,4.32,5.723585101952381,0.62,0.856,90,7,40.1097252653318
U0072,P0382,0.25,1.0,1.0,1.0,1.0,5.0,5.389071729816501,0.638,0.643,120,7,29.233005718244147
U0072,P0387,0.0,0.876,0.0,1.0,1.0,4.38,6.668228248417403,0.611,0.406,60,7,7.4173820944623365
U0072,P0401,0.25,0.9039999999999999,0.6,1.0,1.0,4.52,4.882801922586371,0.627,0.644,90,7,9.61140991875974
U0072,P0404,0.25,0.8400000000000001,0.0,1.0,1.0,4.2,4.927253685157205,0.58,0.541,120,7,39.6758613651571
U0072,P0411,0.25,0.774,0.0,1.0,1.0,3.87,7.191429330036379,0.864,0.888,30,7,21.36927922747442
U0072,P0434,0.0,0.8460000000000001,1.0,1.0,1.0,4.23,5.902633333401366,0.492,0.526,150,7,18.18880528384296
U0072,P0440,0.0,0.818,0.2,1.0,1.0,4.09,6.926577033222725,0.673,0.764,45,7,5.696128660554856
U0072,P0446,0.25,0.8939999999999999,0.2,1.0,1.0,4.47,6.1092475827643655,0.685,0.598,45,7,1.48888840500979
U0072,P0448,0.25,0.944,1.0,1.0,1.0,4.72,6.278521424165844,0.571,0.408,180,7,40.532404315449085
U0072,P0451,0.0,0.8539999999999999,0.0,1.0,1.0,4.27,5.030437921392435,0.345,0.646,30,7,43.73736406134096
U0072,P0453,0.25,0.8380000000000001,0.6,1.0,1.0,4.19,5.556828061699537,0.46,0.913,150,7,45.165308004277605
U0072,P0458,0.0,0.8119999999999999,1.0,1.0,1.0,4.06,5.8377304471659395,0.451,0.395,120,7,21.993361963854525
U0072,P0460,0.0,0.78,0.0,1.0,1.0,3.9,5.733341276897746,0.541,0.41,60,7,41.86339401089603
U0072,P0469,0.5,0.728,0.6,1.0,1.0,3.64,6.35088571671474,0.695,0.285,45,7,12.069695520367393
U0072,P0476,0.5,0.798,0.2,1.0,1.0,3.99,5.924255797414532,0.561,0.945,45,7,31.868889819962355
U0072,P0489,0.25,0.78,1.0,1.0,1.0,3.9,2.6390573296152584,0.509,0.951,30,7,13.162342726024075
U0072,P0490,0.25,0.678,0.6,1.0,1.0,3.39,6.413458957167357,0.584,0.85,30,7,6.606480963797208
U0073,P0004,0.0,0.679,1.0,1.0,0.0,4.81,6.421622267806518,0.679,0.831,60,5,22.614627857572877
U0073,P0005,0.0,0.456,0.2,1.0,1.0,3.89,6.152732694704104,0.456,0.903,45,5,32.55661402791767
U0073,P0015,0.0,0.446,1.0,1.0,1.0,3.83,5.153291594497779,0.446,0.842,45,5,25.33824199809565
U0073,P0022,0.5,0.471,0.2,1.0,0.0,4.05,5.14166355650266,0.471,0.356,30,5,26.832605618613897
U0073,P0034,0.0,0.693,0.6,1.0,1.0,4.07,6.704414354964107,0.693,0.164,90,5,27.183519011522026
U0073,P0038,0.0,0.682,0.2,1.0,0.0,2.92,6.48768401848461,0.682,0.481,90,5,3.152227257181012
U0073,P0040,0.0,0.249,0.6,0.0,1.0,4.14,3.1354942159291497,0.249,0.216,150,5,29.594812652838282
U0073,P0041,0.0,0.485,0.2,1.0,0.0,4.0,5.929589143389895,0.485,0.948,150,5,20.776471847995495
U0073,P0043,0.0,0.441,0.6,0.0,1.0,3.74,4.90527477843843,0.441,0.523,30,5,20.967232773401296
U0073,P0054,0.5,0.693,1.0,1.0,0.0,4.95,5.71042701737487,0.693,0.563,45,5,19.44308178833085
U0073,P0056,0.0,0.286,0.6,0.0,1.0,3.24,5.472270673671475,0.286,0.576,60,5,36.45803949461402
U0073,P0063,0.5,1.0,0.6,1.0,1.0,4.36,8.128585200374497,1.0,0.358,45,5,30.63434942376265
U0073,P0067,0.0,0.527,1.0,1.0,0.0,3.62,6.068425588244111,0.527,0.79,90,5,34.03521922658483
U0073,P0074,0.0,0.327,0.2,0.0,0.0,3.54,3.9318256327243257,0.327,0.272,150,5,21.72327070633072
U0073,P0081,0.0,0.555,0.2,0.0,0.0,3.66,6.4457198193855785,0.555,0.365,180,5,31.535143553963
U0073,P0083,0.0,0.563,0.6,0.0,1.0,4.53,5.996452088619021,0.563,0.951,150,5,16.841624734132555
U0073,P0084,0.0,1.0,1.0,1.0,1.0,4.47,7.776535028185241,1.0,0.477,60,5,2.0944918188416937
U0073,P0089,0.0,1.0,1.0,1.0,0.0,4.11,7.244941546337007,1.0,0.951,150,5,15.35482536889644
U0073,P0091,0.5,0.301,0.2,1.0,1.0,4.38,4.477336814478207,0.301,0.635,90,5,26.03495441899395
U0073,P0092,0.0,0.409,0.6,1.0,1.0,3.62,6.07993319509559,0.409,0.52,90,5,26.287231486430407
U0073,P0096,0.0,0.569,0.6,1.0,0.0,3.9,6.52795791762255,0.569,0.786,90,5,28.532812782975842
U0073,P0102,0.0,0.896,0.6,1.0,1.0,4.59,6.7650389767805414,0.896,0.456,120,5,10.253280900110257
U0073,P0107,0.5,0.812,0.6,0.0,0.0,4.53,6.282266746896006,0.812,0.979,90,5,33.90309113426086
U0073,P0115,0.5,0.541,0.2,1.0,0.0,3.78,6.317164686747284,0.541,0.672,45,5,25.846046354803434
U0073,P0122,0.0,0.798,0.6,1.0,1.0,4.33,6.539585955617669,0.798,0.795,60,5,2.7023473362619925
U0073,P0123,0.0,0.282,1.0,1.0,1.0,3.56,5.099866427824199,0.282,0.386,90,5,19.591226070358793
U0073,P0125,0.0,0.755,0.6,0.0,1.0,4.89,5.986452005284438,0.755,0.668,60,5,27.799429783569213
U0073,P0126,0.0,0.622,1.0,1.0,1.0,3.53,6.602587892189336,0.622,0.568,60,5,25.548806654524864
U0073,P0133,0.0,0.265,0.6,1.0,1.0,3.99,4.007333185232471,0.265,0.617,60,5,28.854863678514413
U0073,P0142,0.0,0.312,0.6,1.0,1.0,4.81,4.02535169073515,0.312,0.867,45,5,22.016198195086865
U0073,P0144,0.0,0.688,1.0,1.0,1.0,4.03,6.206575926724928,0.688,0.313,120,5,32.88405015197417
U0073,P0146,0.0,0.467,0.6,0.0,1.0,4.01,4.912654885736052,0.467,0.531,30,5,30.22864617551768
U0073,P0150,0.0,0.623,0.6,1.0,0.0,4.47,6.255750041753367,0.623,0.918,90,5,4.60238349587096
U0073,P0151,0.0,0.305,0.6,1.0,1.0,3.73,4.8283137373023015,0.305,0.853,180,5,35.624476376705985
U0073,P0155,0.0,0.361,0.6,0.0,1.0,4.35,5.2574953720277815,0.361,0.479,90,5,19.34681479150659
U0073,P0162,0.0,1.0,0.6,0.0,1.0,3.73,8.01102337918644,1.0,0.241,45,5,31.53952583295489
U0073,P0164,0.0,0.56,0.6,0.0,1.0,4.62,6.450470422144176,0.56,0.967,150,5,1.8669614538168413
U0073,P0170,0.5,0.58,0.6,1.0,1.0,4.29,4.8283137373023015,0.58,0.845,60,5,14.271004953939103
U0073,P0174,0.5,0.409,1.0,1.0,0.0,3.45,3.828641396489095,0.409,0.097,150,5,18.383225252285364
U0073,P0175,0.5,0.321,1.0,1.0,1.0,3.78,5.247024072160486,0.321,0.229,150,5,32.074341951958445
U0073,P0180,1.0,0.491,0.6,0.0,1.0,4.25,4.51085950651685,0.491,0.434,150,5,9.761279786700234
U0073,P0181,0.0,1.0,0.6,1.0,0.0,4.33,7.3395376954076745,1.0,0.696,150,5,32.579874526604236
U0073,P0185,0.0,0.359,0.6,0.0,1.0,4.14,4.574710978503383,0.359,0.333,30,5,22.139281870699058
U0073,P0189,0.0,0.596,0.6,1.0,0.0,4.49,5.720311776607412,0.596,0.737,30,5,23.86371274796614
U0073,P0191,0.0,0.38,0.6,1.0,1.0,3.72,4.787491742782046,0.38,0.892,90,5,38.37259700013512
U0073,P0201,0.0,0.465,0.6,1.0,0.0,3.38,4.787491742782046,0.465,0.968,30,5,10.618556193064252
U0073,P0202,0.0,0.478,0.6,1.0,0.0,4.1,5.556828061699537,0.478,0.089,150,5,33.72586227285554
U0073,P0205,0.0,0.546,0.6,1.0,0.0,4.15,6.118097198041348,0.546,0.813,120,5,32.193822314830555
U0073,P0211,0.0,1.0,0.2,1.0,1.0,5.0,7.60688453121963,1.0,0.351,120,5,28.77672545532846
U0073,P0215,0.5,0.423,1.0,1.0,1.0,4.58,3.4011973816621555,0.423,0.982,180,5,32.008021332851555
U0073,P0224,0.5,0.279,0.2,1.0,1.0,4.26,4.382026634673881,0.279,0.985,60,5,9.62357121319502
U0073,P0226,0.5,0.871,0.6,1.0,0.0,4.07,6.646390514847729,0.871,0.965,120,5,23.757040687877335
U0073,P0235,0.0,0.372,0.6,1.0,1.0,3.86,4.812184355372417,0.372,0.491,150,5,11.786832103419782
U0073,P0236,0.5,0.317,0.6,1.0,1.0,3.98,2.772588722239781,0.317,0.87,60,5,40.49455380702039
U0073,P0240,1.0,0.951,0.2,0.0,1.0,5.0,6.843749949006225,0.951,0.465,120,5,16.658855668422902
U0073,P0245,0.0,0.673,0.2,1.0,0.0,4.86,6.558197802812269,0.673,0.09,45,5,34.76443416773706
U0073,P0246,0.0,1.0,0.6,1.0,1.0,4.1,7.27655640271871,1.0,0.662,150,5,26.50672416162863
U0073,P0259,0.0,0.32,1.0,1.0,1.0,4.33,4.330733340286331,0.32,0.951,60,5,29.063680306585972
U0073,P0262,0.0,0.525,0.6,1.0,1.0,3.8,6.186208623900494,0.525,0.274,90,5,4.545904287981087
U0073,P0265,0.0,0.584,0.2,0.0,0.0,4.22,4.418840607796598,0.584,0.31,60,5,13.630541853827578
U0073,P0277,1.0,0.449,1.0,1.0,1.0,4.63,5.808142489980444,0.449,0.179,180,5,36.28690098358545
U0073,P0289,0.0,0.804,0.6,1.0,0.0,4.21,6.42648845745769,0.804,0.318,30,5,19.54239299386915
U0073,P0297,0.0,0.481,0.6,1.0,0.0,4.32,5.902633333401366,0.481,0.089,180,5,10.926090860123072
U0073,P0301,1.0,0.296,0.2,1.0,1.0,4.44,4.394449154672439,0.296,0.296,120,5,12.568784137409112
U0073,P0308,0.0,0.65,0.2,1.0,1.0,5.0,5.655991810819852,0.65,0.669,30,5,2.7703365282350627
U0073,P0311,1.0,0.436,1.0,1.0,0.0,3.74,6.066108090103747,0.436,0.613,30,5,17.547574996015953
U0073,P0314,0.0,0.579,0.2,1.0,0.0,3.65,5.351858133476067,0.579,0.284,45,5,17.72759949709603
U0073,P0319,0.0,0.502,0.6,1.0,0.0,4.47,5.5909869805108565,0.502,0.328,120,5,16.762944435759493
U0073,P0325,0.0,0.61,1.0,1.0,1.0,4.0,6.336825731146441,0.61,0.792,30,5,39.908644500040786
U0073,P0327,0.0,0.483,0.2,1.0,1.0,3.98,4.174387269895637,0.483,0.989,90,5,16.289673881360795
U0073,P0336,0.0,0.302,0.6,1.0,1.0,4.66,3.044522437723423,0.302,0.722,180,5,31.22413176487514
U0073,P0344,0.5,0.403,0.6,1.0,1.0,3.99,5.056245805348308,0.403,0.273,90,5,30.516382391208715
U0073,P0349,0.5,0.525,0.6,1.0,1.0,4.25,4.007333185232471,0.525,0.192,150,5,14.47741534300975
U0073,P0350,0.0,0.324,1.0,1.0,1.0,4.52,5.2832037287379885,0.324,0.736,180,5,18.631249384039407
U0073,P0354,0.5,1.0,0.2,1.0,0.0,3.52,7.605890001053122,1.0,0.25,90,5,21.264447463990155
U0073,P0355,0.5,1.0,0.6,1.0,1.0,3.16,7.535830462798367,1.0,0.622,180,5,27.399901954504738
U0073,P0357,0.0,0.4,1.0,0.0,0.0,3.85,5.981414211254481,0.4,0.263,60,5,39.160492658812906
U0073,P0362,0.0,0.492,0.2,0.0,1.0,3.49,6.391917113392602,0.492,0.317,30,5,36.811561945084875
U0073,P0363,1.0,0.564,0.2,1.0,1.0,4.18,5.2832037287379885,0.564,0.497,45,5,16.938733456780728
U0073,P0370,0.5,0.739,0.6,1.0,0.0,4.85,6.717804695023691,0.739,0.797,120,5,32.95352997142124
U0073,P0378,0.0,1.0,0.6,1.0,0.0,3.67,8.658866349732383,1.0,0.865,90,5,26.22387325595349
U0073,P0383,0.5,0.311,1.0,1.0,1.0,4.62,4.663439094112067,0.311,0.896,120,5,41.09493688469768
U0073,P0385,1.0,1.0,0.6,1.0,1.0,3.82,7.675081857716334,1.0,0.441,120,5,24.85560592266166
U0073,P0393,0.5,0.641,0.6,1.0,1.0,4.35,6.79794041297493,0.641,0.892,90,5,19.41518138767507
U0073,P0406,0.0,0.349,0.6,1.0,0.0,4.02,4.976733742420574,0.349,0.241,180,5,12.847498570127176
U0073,P0414,0.5,0.574,0.6,1.0,1.0,4.81,4.875197323201151,0.574,0.237,45,5,18.850209742168158
U0073,P0415,1.0,0.548,0.6,1.0,1.0,3.91,5.1647859739235145,0.548,0.99,90,5,32.13480848759814
U0073,P0417,0.5,0.493,0.2,1.0,1.0,3.65,4.584967478670572,0.493,0.182,150,5,30.991619898608395
U0073,P0423,0.0,0.546,1.0,1.0,1.0,4.17,6.091309882077698,0.546,0.491,30,5,30.15894403090133
U0073,P0429,0.5,0.596,0.6,1.0,0.0,3.73,6.066108090103747,0.596,0.107,30,5,9.41322045953304
U0073,P0430,0.0,0.474,0.6,0.0,1.0,3.85,6.259581464064923,0.474,0.763,60,5,9.159443753591104
U0073,P0431,0.0,0.291,0.6,1.0,1.0,4.19,3.6888794541139363,0.291,0.653,150,5,23.45025625377124
U0073,P0436,0.5,0.464,0.6,1.0,1.0,4.02,4.543294782270004,0.464,0.947,150,5,34.102443207944916
U0073,P0442,0.0,0.708,1.0,0.0,1.0,3.88,6.75343791859778,0.708,0.96,120,5,13.66588888294026
U0073,P0443,0.5,1.0,0.6,1.0,1.0,4.41,7.716460800176355,1.0,0.876,90,5,29.034573476600524
U0073,P0445,0.5,0.666,0.2,1.0,0.0,4.37,6.8308742346461795,0.666,0.662,150,5,17.6560193854443
U0073,P0457,0.0,1.0,0.6,1.0,1.0,4.21,7.393263094763838,1.0,0.306,150,5,18.345801545039656
U0073,P0461,0.0,0.594,0.6,1.0,1.0,4.58,4.276666119016055,0.594,0.782,120,5,31.789711440969036
U0073,P0467,0.5,0.194,0.6,1.0,1.0,3.45,2.8903717578961645,0.194,0.951,90,5,17.21234652206974
U0073,P0472,0.0,0.434,0.6,0.0,1.0,4.39,5.384495062789089,0.434,0.365,30,5,41.46973092290931
U0073,P0477,0.5,1.0,0.6,1.0,0.0,3.54,7.232733136177615,1.0,0.177,60,5,41.184669238688855
U0073,P0478,0.5,0.877,0.6,1.0,1.0,4.06,6.841615476477592,0.877,0.246,150,5,34.65959525480573
U0073,P0479,1.0,0.532,0.2,0.0,1.0,4.25,6.049733455231958,0.532,0.229,90,5,21.422198255208684
U0073,P0480,0.5,0.555,0.6,0.0,1.0,4.36,6.037870919922137,0.555,0.061,90,5,21.871761259901664
U0073,P0491,0.5,0.433,0.6,1.0,1.0,4.45,6.0112671744041615,0.433,0.251,120,5,11.71360986387032
U0073,P0498,0.0,0.582,0.6,1.0,1.0,3.65,5.1647859739235145,0.582,0.624,90,5,26.553566718431448
U0074,P0002,0.25,0.958,0.6,0.0,1.0,4.39,7.3277805384216315,0.958,0.624,180,4,31.41775286245904
U0074,P0006,0.25,0.534,1.0,1.0,0.0,3.89,4.941642422609304,0.534,0.973,90,4,25.54753336361761
U0074,P0009,0.0,0.429,0.6,1.0,1.0,3.64,5.877735781779639,0.429,0.117,30,4,2.811599813598732
U0074,P0023,0.25,0.5,1.0,0.0,1.0,3.43,4.6443908991413725,0.5,0.119,45,4,19.78108427084613
U0074,P0030,0.25,0.706,0.2,1.0,0.0,4.25,6.670766320845874,0.706,0.712,150,4,32.7746825712231
U0074,P0033,0.25,0.868,0.6,1.0,0.0,4.47,7.1276936993473985,0.868,0.516,90,4,6.879690871268653
U0074,P0035,0.0,0.39,1.0,0.0,1.0,4.26,4.727387818712341,0.39,0.576,60,4,4.355803597877146
U0074,P0045,0.25,0.597,1.0,0.0,1.0,3.86,6.118097198041348,0.597,0.412,45,4,5.249764969698338
U0074,P0048,0.25,0.3,1.0,1.0,1.0,3.92,3.7612001156935624,0.3,0.699,90,4,11.671553308732985
U0074,P0049,0.25,0.516,0.6,1.0,0.0,4.23,5.814130531825066,0.516,0.337,60,4,5.145946096131318
U0074,P0051,0.0,0.515,0.6,1.0,0.0,3.46,4.997212273764115,0.515,0.445,30,4,13.579148105550022
U0074,P0057,0.25,1.0,1.0,1.0,0.0,4.13,8.455955881945048,1.0,0.358,180,4,18.215073754830087
U0074,P0062,0.25,0.553,0.2,1.0,0.0,4.73,3.828641396489095,0.553,0.221,180,4,23.77404625402856
U0074,P0071,0.25,1.0,0.2,1.0,1.0,4.2,7.069023426578259,1.0,0.694,150,4,8.165763597519494
U0074,P0079,0.25,0.775,0.6,1.0,1.0,4.94,6.07073772800249,0.775,0.405,120,4,17.904951801539685
U0074,P0090,0.25,1.0,0.2,1.0,1.0,3.98,8.764209507142004,1.0,0.626,30,4,6.9896430502798985
U0074,P0094,0.25,0.332,0.6,0.0,1.0,4.31,5.41610040220442,0.332,0.183,45,4,10.915930322659243
U0074,P0095,0.25,0.332,0.6,1.0,0.0,3.72,3.6888794541139363,0.332,0.704,150,4,12.348862950105456
U0074,P0097,0.0,0.425,0.6,1.0,0.0,4.2,4.007333185232471,0.425,0.334,150,4,27.187863499434147
U0074,P0098,0.25,0.67,0.2,1.0,0.0,4.18,5.963579343618446,0.67,0.928,180,4,7.621446621724197
U0074,P0099,0.0,0.402,1.0,1.0,1.0,3.7,5.68697535633982,0.402,0.499,150,4,23.47643084947842
U0074,P0112,0.0,0.431,0.2,1.0,1.0,4.41,3.58351893845611,0.431,0.477,45,4,28.808082183669175
U0074,P0117,0.0,0.261,0.2,1.0,0.0,4.12,4.718498871295094,0.261,0.322,120,4,29.147374830471268
U0074,P0118,0.25,0.616,0.6,1.0,0.0,5.0,6.261491684321042,0.616,0.837,90,4,18.294588409767165
U0074,P0130,0.25,0.746,0.2,1.0,0.0,4.3,6.429719478039138,0.746,0.857,90,4,3.3730516186912096
U0074,P0131,0.25,0.51,1.0,1.0,0.0,3.68,5.429345628954441,0.51,0.458,90,4,9.835473358733763
U0074,P0132,0.25,0.204,0.2,1.0,1.0,2.64,4.276666119016055,0.204,0.423,150,4,10.390829059818028
U0074,P0149,0.25,0.567,0.6,1.0,1.0,4.5,5.869296913133774,0.567,0.589,60,4,17.631471075919652
U0074,P0153,0.25,0.516,1.0,1.0,0.0,4.09,5.641907070938114,0.516,0.316,45,4,35.104199134624146
U0074,P0159,0.25,0.471,0.6,1.0,1.0,4.41,5.1298987149230735,0.471,0.661,120,4,27.27506971992993
U0074,P0163,0.25,0.544,0.6,1.0,1.0,3.65,4.04305126783455,0.544,0.2,60,4,12.61383682673908
U0074,P0171,0.25,0.62,0.2,1.0,1.0,3.73,5.793013608384144,0.62,0.908,90,4,13.824643320875245
U0074,P0178,0.0,0.464,1.0,1.0,0.0,4.09,4.30406509320417,0.464,0.969,120,4,10.720103609169012
U0074,P0182,0.25,0.679,0.2,1.0,0.0,4.05,5.983936280687191,0.679,0.895,90,4,21.50034560422455
U0074,P0192,0.5,0.429,0.6,1.0,1.0,3.14,4.875197323201151,0.429,0.094,180,4,11.896528006882658
U0074,P0197,0.25,1.0,0.2,1.0,0.0,3.51,7.698029170272805,1.0,0.461,120,4,26.290765471051653
U0074,P0203,0.25,0.636,0.6,1.0,1.0,3.9,6.248042874508429,0.636,0.722,180,4,15.138499531506483
U0074,P0204,0.25,0.506,1.0,1.0,0.0,3.62,5.332718793265369,0.506,0.997,60,4,6.666804105032553
U0074,P0207,0.5,0.876,0.6,1.0,1.0,3.41,7.033506484287697,0.876,0.351,120,4,28.437194575707906
U0074,P0213,0.0,1.0,1.0,1.0,1.0,4.39,7.142827401161621,1.0,0.191,120,4,15.905313152798927
U0074,P0218,0.25,0.417,0.6,0.0,1.0,4.78,5.5909869805108565,0.417,0.742,45,4,26.76528011482457
U0074,P0219,0.25,0.321,0.6,1.0,1.0,4.83,3.8501476017100584,0.321,0.176,150,4,28.4188625030149
U0074,P0221,0.25,0.587,0.2,1.0,1.0,4.27,5.4638318050256105,0.587,0.055,180,4,4.160944082314589
U0074,P0230,0.25,0.455,0.6,0.0,0.0,3.85,4.07753744390572,0.455,0.856,150,4,6.507663432541637
U0074,P0234,0.25,0.632,0.6,0.0,1.0,4.38,6.410174881966167,0.632,0.141,150,4,9.303542946892724
U0074,P0242,0.25,0.404,0.6,1.0,1.0,3.38,5.746203190540153,0.404,0.256,150,4,12.288348803053593
U0074,P0247,0.5,0.441,0.2,1.0,1.0,4.13,4.477336814478207,0.441,0.495,120,4,20.59501059029922
U0074,P0264,0.25,0.513,1.0,1.0,0.0,3.37,5.560681631015528,0.513,0.178,120,4,26.171169729643207
U0074,P0266,0.25,0.475,1.0,0.0,1.0,4.39,3.5263605246161616,0.475,0.495,60,4,17.10374692635128
U0074,P0273,0.25,0.308,0.6,1.0,1.0,2.99,4.553876891600541,0.308,0.631,30,4,22.857669956080862
U0074,P0276,0.5,0.443,0.2,1.0,1.0,4.14,5.313205979041787,0.443,0.706,60,4,12.163797576101095
U0074,P0282,0.0,0.395,1.0,1.0,1.0,4.49,5.111987788356544,0.395,0.946,30,4,13.9356498465853
U0074,P0283,0.25,0.615,0.2,1.0,1.0,4.64,5.0106352940962555,0.615,0.616,30,4,17.09244292753563
U0074,P0285,0.25,0.531,0.2,1.0,1.0,3.26,5.081404364984463,0.531,0.729,60,4,24.875317441533088
U0074,P0292,0.25,1.0,0.6,0.0,1.0,4.38,8.224967478914584,1.0,0.126,30,4,11.17967766784672
U0074,P0294,0.5,0.435,1.0,1.0,1.0,3.89,4.48863636973214,0.435,0.53,150,4,16.179350381311394
U0074,P0295,0.25,0.493,1.0,1.0,1.0,4.47,4.477336814478207,0.493,0.551,60,4,32.35249722200622
U0074,P0304,0.5,0.242,0.2,1.0,1.0,3.75,4.007333185232471,0.242,0.997,150,4,19.41003218188318
U0074,P0310,0.25,0.428,0.6,1.0,0.0,4.32,5.771441123130016,0.428,0.202,180,4,12.855942738523684
U0074,P0312,0.25,1.0,0.2,0.0,1.0,4.95,7.114769448366463,1.0,0.188,90,4,22.09743927866053
U0074,P0313,0.25,0.312,1.0,1.0,0.0,4.82,4.890349128221754,0.312,0.213,120,4,7.587929082392015
U0074,P0316,0.25,0.913,0.6,1.0,1.0,3.34,7.335633981927201,0.913,0.226,90,4,2.149715944602097
U0074,P0323,0.25,0.343,0.6,1.0,1.0,3.99,5.176149732573829,0.343,0.563,120,4,22.21574929574214
U0074,P0334,0.25,0.896,0.6,0.0,1.0,3.99,7.305188215393037,0.896,0.538,180,4,17.824137056805384
U0074,P0340,0.25,0.966,0.2,1.0,0.0,4.52,7.026426808699636,0.966,0.288,90,4,2.1250175547166377
U0074,P0341,0.5,0.303,0.6,1.0,1.0,4.42,4.1588830833596715,0.303,0.493,120,4,16.654667141386057
U0074,P0360,0.5,0.303,0.6,1.0,1.0,3.94,5.43372200355424,0.303,0.452,45,4,30.27453624522164
U0074,P0373,0.25,0.303,0.6,1.0,0.0,4.33,4.634728988229636,0.303,0.241,45,4,9.889023984299396
U0074,P0376,0.25,0.447,0.6,1.0,1.0,3.68,3.8918202981106265,0.447,0.804,30,4,25.04857796072664
U0074,P0377,0.0,0.862,1.0,1.0,1.0,3.66,6.7650389767805414,0.862,0.584,120,4,28.817242021108495
U0074,P0384,0.25,1.0,0.6,1.0,0.0,4.08,7.6251071482389,1.0,0.984,180,4,33.37616485580939
U0074,P0394,0.25,0.603,1.0,0.0,1.0,4.48,6.052089168924417,0.603,0.325,90,4,13.005060016301682
U0074,P0396,0.25,0.429,0.6,0.0,1.0,4.29,5.749392985908253,0.429,0.628,120,4,15.870626213281394
U0074,P0397,0.25,0.358,0.6,0.0,1.0,4.22,3.970291913552122,0.358,0.712,180,4,17.78365175974409
U0074,P0407,0.25,0.433,0.6,1.0,1.0,4.75,5.736572297479192,0.433,0.269,90,4,16.97682982945904
U0074,P0408,0.25,0.272,0.6,1.0,1.0,4.56,3.7376696182833684,0.272,0.777,30,4,21.951366265801624
U0074,P0409,0.0,0.538,1.0,1.0,0.0,4.22,6.568077911411976,0.538,0.798,180,4,9.298967767561109
U0074,P0410,0.25,0.653,0.6,1.0,0.0,4.14,6.778784897685177,0.653,0.458,45,4,5.507881134184612
U0074,P0416,0.0,0.321,0.6,0.0,1.0,3.49,4.406719247264253,0.321,0.079,45,4,8.630962470491102
U0074,P0419,0.0,0.333,0.6,1.0,1.0,4.8,4.30406509320417,0.333,0.504,180,4,26.28643691849161
U0074,P0420,0.25,0.408,0.2,0.0,1.0,4.54,5.247024072160486,0.408,0.55,30,4,4.636912406488563
U0074,P0425,0.5,0.458,0.6,1.0,1.0,3.81,4.867534450455582,0.458,0.137,30,4,24.161624581832207
U0074,P0432,0.25,1.0,0.6,1.0,1.0,4.8,7.655390644826152,1.0,0.287,90,4,11.411728498779036
U0074,P0433,0.25,0.408,0.2,1.0,0.0,3.82,5.0369526024136295,0.408,0.412,120,4,14.136850175635201
U0074,P0437,0.25,0.277,0.2,1.0,0.0,3.48,4.624972813284271,0.277,0.414,90,4,23.634485165061857
U0074,P0439,0.25,0.536,0.2,0.0,1.0,3.87,5.771441123130016,0.536,0.296,45,4,21.32701982364924
U0074,P0444,0.25,0.521,0.2,1.0,0.0,4.36,5.0689042022202315,0.521,0.15,45,4,1.3421991358089167
U0074,P0449,0.0,0.524,0.6,1.0,1.0,4.02,5.676753802268282,0.524,0.118,60,4,23.29006543200205
U0074,P0450,0.25,0.475,1.0,0.0,1.0,4.64,4.5217885770490405,0.475,0.236,90,4,8.035660685739307
U0074,P0456,0.25,0.424,0.6,1.0,1.0,3.96,5.765191102784844,0.424,0.574,45,4,13.11480235164614
U0074,P0459,0.0,0.418,0.6,1.0,1.0,4.37,5.726847747587197,0.418,0.715,150,4,17.051753193003336
U0074,P0471,0.0,0.617,0.6,1.0,1.0,3.52,6.548219102762372,0.617,0.1,60,4,23.56353885264402
U0074,P0473,0.25,0.291,0.6,1.0,0.0,4.93,4.219507705176107,0.291,0.569,150,4,24.408177200963557
U0074,P0475,0.25,0.409,0.6,1.0,1.0,4.08,5.793013608384144,0.409,0.225,180,4,33.69109723975729
U0074,P0482,0.25,0.687,0.6,1.0,1.0,4.19,6.35088571671474,0.687,0.845,30,4,23.644522307338914
U0074,P0483,0.5,0.882,0.2,1.0,1.0,4.06,7.228388451573604,0.882,0.367,30,4,20.45250482933357
U0074,P0485,0.25,0.274,0.6,1.0,1.0,4.08,3.784189633918261,0.274,0.507,60,4,11.523778491836488
U0074,P0486,0.0,0.46,0.6,1.0,1.0,4.16,4.6913478822291435,0.46,0.858,90,4,8.016339685975472
U0074,P0487,0.25,0.566,1.0,1.0,1.0,4.48,4.718498871295094,0.566,0.161,120,4,25.730172375701
U0074,P0492,0.0,0.397,0.6,1.0,0.0,3.66,5.44673737166631,0.397,0.349,60,4,22.665546678620775
U0074,P0493,0.25,0.399,0.2,1.0,0.0,4.1,4.110873864173311,0.399,0.645,180,4,3.490421851955417
U0074,P0494,0.25,0.866,0.6,1.0,1.0,4.78,6.553933404025811,0.866,0.195,180,4,21.194223106424865
U0075,P0013,0.25,0.772,0.2,1.0,1.0,3.86,5.634789603169249,0.339,0.532,120,2,29.942556553132953
U0075,P0018,0.25,0.8939999999999999,0.6,1.0,0.0,4.47,4.04305126783455,0.482,0.204,60,2,18.724316713470312
U0075,P0021,0.25,0.8859999999999999,0.6,1.0,0.0,4.43,5.707110264748875,0.484,0.335,30,2,20.65742210333982
U0075,P0024,0.25,0.778,0.6,1.0,0.0,3.89,6.769641976852503,0.648,0.177,150,2,21.42799587090739
U0075,P0025,0.25,0.85,0.2,1.0,1.0,4.25,3.4011973816621555,0.494,0.273,120,2,2.8516843479925216
U0075,P0027,0.5,0.76,0.2,1.0,0.0,3.8,6.234410725718371,0.572,0.848,30,2,23.594051344872206
U0075,P0028,0.5,0.9119999999999999,0.0,1.0,1.0,4.56,6.618738983517219,0.679,0.84,90,2,23.589722174052675
U0075,P0029,0.5,0.744,0.6,1.0,0.0,3.72,5.1298987149230735,0.331,0.257,30,2,16.073691220132446
U0075,P0042,0.25,0.954,0.0,1.0,1.0,4.77,4.882801922586371,0.316,0.243,120,2,30.79753796142142
U0075,P0044,0.25,0.9019999999999999,1.0,1.0,1.0,4.51,5.8971538676367405,0.486,0.319,180,2,22.54982100176454
U0075,P0055,0.25,0.844,0.6,1.0,1.0,4.22,5.4116460518550396,0.467,0.663,45,2,9.104327387838719
U0075,P0059,0.25,0.8160000000000001,0.6,1.0,1.0,4.08,4.110873864173311,0.254,0.625,60,2,12.402490406768727
U0075,P0061,0.25,0.892,0.2,1.0,1.0,4.46,4.418840607796598,0.566,0.148,180,2,8.90369622593258
U0075,P0070,0.5,0.8939999999999999,0.0,1.0,0.0,4.47,4.02535169073515,0.424,0.13,30,2,8.359001971938966
U0075,P0073,0.25,0.844,0.6,1.0,0.0,4.22,6.439350371100098,0.572,0.563,45,2,26.827568274793542
U0075,P0075,0.0,0.866,0.0,1.0,1.0,4.33,5.857933154483459,0.712,0.88,180,2,10.350604257422294
U0075,P0082,0.25,0.924,0.0,1.0,1.0,4.62,4.5217885770490405,0.401,0.831,180,2,14.273662821364336
U0075,P0085,0.25,0.798,0.6,1.0,0.0,3.99,4.605170185988092,0.419,0.631,90,2,17.822924033354926
U0075,P0088,0.25,0.844,1.0,1.0,0.0,4.22,6.493753839851686,0.689,0.944,60,2,24.571442629540485
U0075,P0101,0.25,0.852,1.0,1.0,0.0,4.26,6.173786103901937,0.432,0.519,120,2,14.58539049265149
U0075,P0103,0.25,0.696,0.0,1.0,0.0,3.48,4.382026634673881,0.292,0.671,180,2,11.94154176893563
U0075,P0108,0.25,0.792,0.6,1.0,0.0,3.96,6.411818267709897,0.819,0.98,90,2,16.962702842811943
U0075,P0111,0.25,1.0,1.0,1.0,1.0,5.0,3.295836866004329,0.602,0.408,150,2,27.117889768799714
U0075,P0116,0.25,0.754,0.0,1.0,0.0,3.77,5.762051382780177,0.396,0.685,120,2,23.260452032190567
U0075,P0124,0.5,0.778,0.6,1.0,1.0,3.89,4.718498871295094,0.293,0.335,60,2,15.121301475622952
U0075,P0127,0.0,1.0,0.0,1.0,0.0,5.0,6.739336627357174,0.679,0.12,60,2,2.251958728889203
U0075,P0134,0.25,0.966,0.2,1.0,1.0,4.83,3.784189633918261,0.31,0.18,60,2,8.764747928031541
U0075,P0135,0.25,0.78,1.0,1.0,1.0,3.9,5.659482215759621,0.602,0.484,45,2,13.415129881262652
U0075,P0139,0.25,0.8380000000000001,0.2,1.0,1.0,4.19,4.787491742782046,0.506,0.746,60,2,7.9210113442049135
U0075,P0147,0.25,0.766,0.2,1.0,1.0,3.83,6.520621127558696,0.524,0.667,45,2,11.964652870537746
U0075,P0148,0.0,0.852,1.0,1.0,1.0,4.26,4.672828834461906,0.369,0.522,150,2,20.948731589561643
U0075,P0173,0.25,0.778,0.0,1.0,1.0,3.89,5.780743515792329,0.392,0.559,120,2,9.92087648179376
U0075,P0176,0.25,0.8480000000000001,0.6,1.0,1.0,4.24,7.271008538280992,0.926,0.719,180,2,24.58376810766043
U0075,P0177,0.25,0.898,0.2,1.0,1.0,4.49,5.308267697401205,0.435,0.097,180,2,19.909842805459842
U0075,P0179,0.25,0.818,0.2,1.0,1.0,4.09,5.159055299214529,0.479,0.313,120,2,23.528400057928028
U0075,P0183,0.25,0.882,0.0,1.0,1.0,4.41,5.0238805208462765,0.634,0.366,90,2,27.06538801678563
U0075,P0188,0.25,1.0,0.2,1.0,0.0,5.0,4.584967478670572,0.334,0.974,30,2,9.028708802448605
U0075,P0190,0.25,1.0,0.2,1.0,0.0,5.0,4.532599493153256,0.572,0.059,60,2,27.090191026326888
U0075,P0194,0.25,0.85,0.0,1.0,1.0,4.25,7.751475318021456,1.0,0.524,45,2,16.816777610822243
U0075,P0195,0.5,0.906,0.0,1.0,1.0,4.53,4.812184355372417,0.614,0.62,60,2,29.90976950322865
U0075,P0210,0.25,0.9259999999999999,1.0,1.0,1.0,4.63,5.583496308781699,0.649,0.143,120,2,23.699475589831486
U0075,P0217,0.25,0.796,0.6,1.0,0.0,3.98,6.361302477572996,0.586,0.507,150,2,26.934276118558287
U0075,P0223,0.25,0.702,0.0,1.0,0.0,3.51,6.304448802421981,0.679,0.145,180,2,18.69041424175638
U0075,P0231,0.25,0.9960000000000001,1.0,1.0,1.0,4.98,5.545177444479562,0.548,0.787,90,2,22.836981789181227
U0075,P0233,0.25,0.8099999999999999,0.6,1.0,0.0,4.05,5.236441962829949,0.487,0.863,120,2,15.058415711582164
U0075,P0237,0.25,0.6839999999999999,1.0,1.0,0.0,3.42,7.140453043101158,0.812,0.075,90,2,22.741638811227283
U0075,P0239,0.25,0.8720000000000001,0.2,1.0,1.0,4.36,5.87493073085203,0.696,0.338,90,2,24.673948799415083
U0075,P0241,0.25,0.808,0.2,1.0,1.0,4.04,4.356708826689592,0.381,0.48,180,2,23.96816985272588
U0075,P0243,0.25,0.752,0.2,1.0,0.0,3.76,3.8066624897703196,0.479,0.837,30,2,26.37478029007674
U0075,P0244,0.25,0.762,0.0,1.0,1.0,3.81,4.204692619390966,0.356,0.545,60,2,26.06264001717721
U0075,P0253,0.25,0.762,0.2,1.0,1.0,3.81,4.919980925828125,0.378,0.065,90,2,12.065253433099256
U0075,P0256,0.25,0.844,0.2,1.0,1.0,4.22,5.442417710521793,0.498,0.745,60,2,19.435930345244643
U0075,P0258,0.0,0.768,0.0,1.0,1.0,3.84,6.406879986069314,0.577,0.355,120,2,17.700513445341805
U0075,P0267,0.25,0.8140000000000001,0.2,1.0,0.0,4.07,4.060443010546419,0.562,0.874,45,2,31.78550636259143
U0075,P0268,0.0,0.762,1.0,1.0,1.0,3.81,5.560681631015528,0.489,0.985,90,2,29.71832113045079
U0075,P0270,0.25,0.9099999999999999,0.2,1.0,1.0,4.55,4.812184355372417,0.525,0.652,150,2,25.130237157246057
U0075,P0274,0.25,0.8720000000000001,1.0,1.0,1.0,4.36,5.2574953720277815,0.406,0.249,45,2,30.898877561870993
U0075,P0288,0.5,0.8939999999999999,0.2,1.0,0.0,4.47,2.8903717578961645,0.368,0.805,120,2,31.038505711236994
U0075,P0290,0.25,0.686,0.0,1.0,1.0,3.43,6.873163834212518,0.654,0.687,120,2,14.537813428453784
U0075,P0293,0.25,0.836,0.2,1.0,1.0,4.18,5.799092654460526,0.544,0.45,30,2,21.614313452813384
U0075,P0298,0.25,0.914,0.6,1.0,0.0,4.57,4.890349128221754,0.47,0.061,150,2,19.848002970478923
U0075,P0299,0.25,0.796,1.0,1.0,0.0,3.98,4.330733340286331,0.253,0.864,120,2,19.192840232475962
U0075,P0305,0.25,0.6599999999999999,1.0,1.0,0.0,3.3,7.295735072749282,0.946,0.485,150,2,13.00542469519196
U0075,P0309,0.25,0.8300000000000001,1.0,1.0,1.0,4.15,6.371611847231857,0.679,0.38,150,2,30.06682151534002
U0075,P0321,0.25,0.79,0.6,1.0,0.0,3.95,7.503289630675082,1.0,0.512,120,2,15.218020788439793
U0075,P0322,0.25,0.796,0.2,1.0,0.0,3.98,3.713572066704308,0.486,0.203,30,2,16.87973650952968
U0075,P0331,0.25,0.768,0.6,1.0,1.0,3.84,4.844187086458591,0.516,0.81,120,2,21.449984881673384
U0075,P0333,0.25,0.756,0.2,1.0,0.0,3.78,5.631211781821365,0.556,0.339,45,2,33.63896162324256
U0075,P0337,0.25,0.79,0.0,1.0,1.0,3.95,5.056245805348308,0.307,0.719,60,2,5.179226115434321
U0075,P0342,0.25,0.772,1.0,1.0,1.0,3.86,6.089044875446846,0.525,0.867,60,2,9.423299386566512
U0075,P0343,0.25,0.71,0.0,1.0,1.0,3.55,6.3561076606958915,0.603,0.409,180,2,23.243746192883307
U0075,P0352,0.25,0.756,0.6,1.0,0.0,3.78,3.828641396489095,0.537,0.292,45,2,9.001382807910002
U0075,P0353,0.25,0.6799999999999999,0.0,1.0,0.0,3.4,6.2285110035911835,0.648,0.752,180,2,22.464564146025467
U0075,P0356,0.5,0.8380000000000001,0.6,1.0,1.0,4.19,5.384495062789089,0.527,0.839,60,2,22.128654425616954
U0075,P0364,0.25,0.8220000000000001,0.6,1.0,1.0,4.11,5.918893854273146,0.416,0.309,30,2,31.425986242213455
U0075,P0366,0.25,0.8380000000000001,0.2,1.0,0.0,4.19,4.330733340286331,0.575,0.808,150,2,19.70297260827915
U0075,P0372,0.25,0.764,1.0,1.0,0.0,3.82,5.53338948872752,0.348,0.075,30,2,18.755050961200062
U0075,P0375,0.25,0.764,1.0,1.0,1.0,3.82,3.828641396489095,0.268,0.914,150,2,12.890785203108424
U0075,P0381,0.25,0.768,0.2,1.0,0.0,3.84,5.648974238161206,0.43,0.659,180,2,12.696802972896203
U0075,P0386,0.25,0.884,0.0,1.0,0.0,4.42,4.8283137373023015,0.5,0.171,90,2,32.55105667905789
U0075,P0389,0.25,0.754,1.0,1.0,1.0,3.77,5.204006687076795,0.55,0.96,150,2,16.859523023693907
U0075,P0398,0.25,0.722,0.2,1.0,0.0,3.61,6.763884908562435,0.637,0.085,180,2,24.106560822208017
U0075,P0402,0.5,0.828,0.2,1.0,0.0,4.14,4.948759890378168,0.452,0.6,45,2,18.789260676340206
U0075,P0412,0.25,1.0,0.2,1.0,1.0,5.0,5.0689042022202315,0.525,0.426,150,2,23.304367348893262
U0075,P0413,0.25,0.78,0.2,1.0,1.0,3.9,7.24422751560335,0.905,0.439,30,2,31.516472721845712
U0075,P0418,0.0,0.8160000000000001,0.2,1.0,1.0,4.08,5.783825182329737,0.382,0.239,30,2,30.289856502056672
U0075,P0421,0.25,0.8160000000000001,0.0,1.0,0.0,4.08,6.309918278226516,0.666,0.485,180,2,17.96028505439822
U0075,P0422,0.5,0.718,0.0,1.0,1.0,3.59,5.961005339623274,0.498,0.36,180,2,21.68067190867435
U0075,P0428,0.25,0.9480000000000001,0.0,1.0,0.0,4.74,4.820281565605037,0.53,0.979,180,2,23.820180907665094
U0075,P0435,0.25,0.8800000000000001,0.0,1.0,0.0,4.4,7.912423121473705,1.0,0.783,30,2,15.093779157614458
U0075,P0454,0.5,0.6980000000000001,1.0,1.0,0.0,3.49,6.396929655216146,0.507,0.172,120,2,13.929867927523933
U0075,P0464,0.25,0.77,0.2,1.0,1.0,3.85,5.953243334287785,0.534,0.34,60,2,16.20191347546635
U0075,P0465,0.25,0.96,1.0,1.0,1.0,4.8,5.424950017481403,0.464,0.131,150,2,18.29759578207651
U0075,P0466,0.25,0.77,0.2,1.0,1.0,3.85,7.757478766584179,1.0,0.847,90,2,28.678334549967584
U0075,P0468,0.25,0.86,0.6,1.0,1.0,4.3,4.897839799950911,0.313,0.275,30,2,4.198679378000477
U0075,P0470,0.25,0.842,0.0,1.0,1.0,4.21,4.8283137373023015,0.28,0.411,45,2,22.579326052590062
U0075,P0474,0.0,0.682,0.0,1.0,1.0,3.41,4.672828834461906,0.439,0.801,30,2,34.26232226948423
U0075,P0481,0.5,0.8779999999999999,0.2,1.0,1.0,4.39,7.095064377287131,0.812,0.371,150,2,2.3719679242463445
U0075,P0496,0.25,0.8380000000000001,0.2,1.0,1.0,4.19,3.091042453358316,0.52,0.853,90,2,23.36492128194924
U0076,P0013,0.0,0.46799999999999997,1.0,1.0,1.0,3.86,5.634789603169249,0.339,0.532,120,7,19.023001683202725
U0076,P0018,0.0,0.796,0.6,1.0,1.0,4.47,4.04305126783455,0.482,0.204,60,7,27.16541974690488
U0076,P0021,0.0,0.665,0.6,1.0,1.0,4.43,5.707110264748875,0.484,0.335,30,7,4.67450511053666
U0076,P0024,0.0,0.823,0.6,1.0,1.0,3.89,6.769641976852503,0.648,0.177,150,7,22.640966420370628
U0076,P0025,0.5,0.727,1.0,1.0,1.0,4.25,3.4011973816621555,0.494,0.273,120,7,18.135305648136942
U0076,P0027,0.5,0.15200000000000002,1.0,1.0,1.0,3.8,6.234410725718371,0.572,0.848,30,7,16.540674481537135
U0076,P0028,0.5,0.16000000000000003,0.6,0.0,1.0,4.56,6.618738983517219,0.679,0.84,90,7,4.489735017692244
U0076,P0029,0.5,0.743,0.6,1.0,1.0,3.72,5.1298987149230735,0.331,0.257,30,7,9.309977106610754
U0076,P0042,0.0,0.757,0.6,0.0,1.0,4.77,4.882801922586371,0.316,0.243,120,7,17.170352286720853
U0076,P0044,0.0,0.681,0.2,0.0,1.0,4.51,5.8971538676367405,0.486,0.319,180,7,20.598907953737566
U0076,P0055,0.0,0.33699999999999997,0.6,0.0,1.0,4.22,5.4116460518550396,0.467,0.663,45,7,24.380933797532478
U0076,P0059,0.5,0.375,0.6,1.0,1.0,4.08,4.110873864173311,0.254,0.625,60,7,9.637239384277958
U0076,P0061,0.0,0.852,1.0,1.0,1.0,4.46,4.418840607796598,0.566,0.148,180,7,11.593094102775234
U0076,P0070,0.5,0.87,0.6,0.0,1.0,4.47,4.02535169073515,0.424,0.13,30,7,12.952177727735453
U0076,P0073,0.0,0.43700000000000006,0.6,1.0,1.0,4.22,6.439350371100098,0.572,0.563,45,7,13.278036505904156
U0076,P0075,0.5,0.12,0.6,1.0,1.0,4.33,5.857933154483459,0.712,0.88,180,7,12.228620179798709
U0076,P0082,0.5,0.16900000000000004,0.6,1.0,1.0,4.62,4.5217885770490405,0.401,0.831,180,7,7.453879320691721
U0076,P0085,0.0,0.369,0.6,1.0,1.0,3.99,4.605170185988092,0.419,0.631,90,7,9.953959792916653
U0076,P0088,0.0,0.05600000000000005,0.2,1.0,1.0,4.22,6.493753839851686,0.689,0.944,60,7,29.281214507985723
U0076,P0101,0.0,0.481,0.2,1.0,1.0,4.26,6.173786103901937,0.432,0.519,120,7,10.104237077143281
U0076,P0103,0.0,0.32899999999999996,0.6,1.0,1.0,3.48,4.382026634673881,0.292,0.671,180,7,11.570558794626361
U0076,P0108,0.0,0.020000000000000018,0.6,0.0,1.0,3.96,6.411818267709897,0.819,0.98,90,7,20.17215107062939
U0076,P0111,0.5,0.5920000000000001,0.2,1.0,1.0,5.0,3.295836866004329,0.602,0.408,150,7,33.61846215668575
U0076,P0116,0.0,0.31499999999999995,0.6,0.0,1.0,3.77,5.762051382780177,0.396,0.685,120,7,27.554229239822742
U0076,P0124,0.5,0.665,0.6,1.0,1.0,3.89,4.718498871295094,0.293,0.335,60,7,21.98469784038731
U0076,P0127,0.5,0.88,0.6,0.0,1.0,5.0,6.739336627357174,0.679,0.12,60,7,20.43514343468985
U0076,P0134,0.0,0.8200000000000001,1.0,1.0,1.0,4.83,3.784189633918261,0.31,0.18,60,7,16.451651894855008
U0076,P0135,0.0,0.516,0.2,1.0,1.0,3.9,5.659482215759621,0.602,0.484,45,7,7.98334675290794
U0076,P0139,0.0,0.254,1.0,0.0,1.0,4.19,4.787491742782046,0.506,0.746,60,7,22.386099857538742
U0076,P0147,0.5,0.33299999999999996,1.0,0.0,1.0,3.83,6.520621127558696,0.524,0.667,45,7,11.564958433511046
U0076,P0148,0.5,0.478,0.2,1.0,1.0,4.26,4.672828834461906,0.369,0.522,150,7,29.06936037999894
U0076,P0173,0.5,0.44099999999999995,0.6,1.0,1.0,3.89,5.780743515792329,0.392,0.559,120,7,10.76544031112164
U0076,P0176,0.0,0.281,0.6,0.0,1.0,4.24,7.271008538280992,0.926,0.719,180,7,8.291064367327483
U0076,P0177,0.5,0.903,1.0,1.0,1.0,4.49,5.308267697401205,0.435,0.097,180,7,2.9099998906302953
U0076,P0179,0.0,0.687,1.0,1.0,1.0,4.09,5.159055299214529,0.479,0.313,120,7,18.98187143058401
U0076,P0183,0.5,0.634,0.6,1.0,1.0,4.41,5.0238805208462765,0.634,0.366,90,7,31.653420804156912
U0076,P0188,0.0,0.026000000000000023,1.0,0.0,1.0,5.0,4.584967478670572,0.334,0.974,30,7,16.79171973555247
U0076,P0190,0.5,0.9410000000000001,1.0,0.0,1.0,5.0,4.532599493153256,0.572,0.059,60,7,10.424847905333143
U0076,P0194,0.0,0.476,0.6,1.0,1.0,4.25,7.751475318021456,1.0,0.524,45,7,3.8149237400840152
U0076,P0195,0.5,0.38,0.6,0.0,1.0,4.53,4.812184355372417,0.614,0.62,60,7,13.083593578150193
U0076,P0210,0.0,0.857,0.2,1.0,1.0,4.63,5.583496308781699,0.649,0.143,120,7,23.445504250868247
U0076,P0217,0.0,0.493,0.6,1.0,1.0,3.98,6.361302477572996,0.586,0.507,150,7,26.897139975863475
U0076,P0223,0.0,0.855,0.6,0.0,1.0,3.51,6.304448802421981,0.679,0.145,180,7,17.304969236393024
U0076,P0231,0.5,0.21299999999999997,0.2,0.0,1.0,4.98,5.545177444479562,0.548,0.787,90,7,26.510374698344656
U0076,P0233,0.5,0.137,0.6,1.0,1.0,4.05,5.236441962829949,0.487,0.863,120,7,21.14839563484243
U0076,P0237,0.0,0.925,0.2,1.0,1.0,3.42,7.140453043101158,0.812,0.075,90,7,4.048155810047063
U0076,P0239,0.5,0.6619999999999999,1.0,1.0,1.0,4.36,5.87493073085203,0.696,0.338,90,7,31.950685121359623
U0076,P0241,0.5,0.52,1.0,1.0,1.0,4.04,4.356708826689592,0.381,0.48,180,7,18.038890960840675
U0076,P0243,0.0,0.16300000000000003,1.0,0.0,1.0,3.76,3.8066624897703196,0.479,0.837,30,7,5.966304319313002
U0076,P0244,0.0,0.45499999999999996,0.6,0.0,1.0,3.81,4.204692619390966,0.356,0.545,60,7,5.575607812340947
U0076,P0253,0.5,0.935,1.0,1.0,1.0,3.81,4.919980925828125,0.378,0.065,90,7,12.732288041952229
U0076,P0256,0.5,0.255,1.0,1.0,1.0,4.22,5.442417710521793,0.498,0.745,60,7,3.7391508751207008
U0076,P0258,0.5,0.645,0.6,1.0,1.0,3.84,6.406879986069314,0.577,0.355,120,7,17.054400413141476
U0076,P0267,0.0,0.126,1.0,0.0,1.0,4.07,4.060443010546419,0.562,0.874,45,7,20.767571425524466
U0076,P0268,0.5,0.015000000000000013,0.2,1.0,1.0,3.81,5.560681631015528,0.489,0.985,90,7,12.960127686579092
U0076,P0270,0.5,0.348,1.0,1.0,1.0,4.55,4.812184355372417,0.525,0.652,150,7,10.342357354149774
U0076,P0274,0.0,0.751,0.2,1.0,1.0,4.36,5.2574953720277815,0.406,0.249,45,7,22.462172016604647
U0076,P0288,0.5,0.19499999999999995,1.0,1.0,1.0,4.47,2.8903717578961645,0.368,0.805,120,7,18.214445215905148
U0076,P0290,0.5,0.31299999999999994,0.6,0.0,1.0,3.43,6.873163834212518,0.654,0.687,120,7,6.773071906125942
U0076,P0293,0.0,0.55,1.0,1.0,1.0,4.18,5.799092654460526,0.544,0.45,30,7,22.08134066222547
U0076,P0298,0.5,0.9390000000000001,0.6,0.0,1.0,4.57,4.890349128221754,0.47,0.061,150,7,25.40788850196698
U0076,P0299,0.0,0.136,0.2,1.0,1.0,3.98,4.330733340286331,0.253,0.864,120,7,1.9519902894704027
U0076,P0305,0.0,0.515,0.2,1.0,1.0,3.3,7.295735072749282,0.946,0.485,150,7,26.223572414041417
U0076,P0309,0.0,0.62,0.2,0.0,1.0,4.15,6.371611847231857,0.679,0.38,150,7,20.695225857422017
U0076,P0321,0.0,0.488,0.6,0.0,1.0,3.95,7.503289630675082,1.0,0.512,120,7,17.797250208895722
U0076,P0322,0.5,0.7969999999999999,1.0,1.0,1.0,3.98,3.713572066704308,0.486,0.203,30,7,5.698096144271556
U0076,P0331,0.0,0.18999999999999995,0.6,0.0,1.0,3.84,4.844187086458591,0.516,0.81,120,7,18.927883947930464
U0076,P0333,0.0,0.661,1.0,1.0,1.0,3.78,5.631211781821365,0.556,0.339,45,7,21.591989604430815
U0076,P0337,0.0,0.281,0.6,0.0,1.0,3.95,5.056245805348308,0.307,0.719,60,7,25.39300191668494
U0076,P0342,0.5,0.133,0.2,1.0,1.0,3.86,6.089044875446846,0.525,0.867,60,7,11.072795272443091
U0076,P0343,0.5,0.591,0.6,1.0,1.0,3.55,6.3561076606958915,0.603,0.409,180,7,16.100690778583854
U0076,P0352,0.0,0.708,0.6,1.0,1.0,3.78,3.828641396489095,0.537,0.292,45,7,19.26672371314546
U0076,P0353,0.0,0.248,0.6,1.0,1.0,3.4,6.2285110035911835,0.648,0.752,180,7,16.435005582733048
U0076,P0356,0.5,0.16100000000000003,0.6,0.0,1.0,4.19,5.384495062789089,0.527,0.839,60,7,4.008928675058468
U0076,P0364,0.0,0.6910000000000001,0.6,1.0,1.0,4.11,5.918893854273146,0.416,0.309,30,7,24.501181972949755
U0076,P0366,0.0,0.19199999999999995,1.0,1.0,1.0,4.19,4.330733340286331,0.575,0.808,150,7,4.8835000465959
U0076,P0372,0.5,0.925,0.2,1.0,1.0,3.82,5.53338948872752,0.348,0.075,30,7,25.002756074392455
U0076,P0375,0.0,0.08599999999999997,0.2,1.0,1.0,3.82,3.828641396489095,0.268,0.914,150,7,25.4843985651155
U0076,P0381,0.0,0.34099999999999997,1.0,1.0,1.0,3.84,5.648974238161206,0.43,0.659,180,7,9.89340911740704
U0076,P0386,0.0,0.829,0.6,1.0,1.0,4.42,4.8283137373023015,0.5,0.171,90,7,18.63900360729086
U0076,P0389,0.0,0.040000000000000036,0.2,1.0,1.0,3.77,5.204006687076795,0.55,0.96,150,7,11.935287726484695
U0076,P0398,0.0,0.915,1.0,0.0,1.0,3.61,6.763884908562435,0.637,0.085,180,7,10.537892385803119
U0076,P0402,0.5,0.4,1.0,1.0,1.0,4.14,4.948759890378168,0.452,0.6,45,7,3.036557829703029
U0076,P0412,0.0,0.5740000000000001,1.0,0.0,1.0,5.0,5.0689042022202315,0.525,0.426,150,7,15.629767062044762
U0076,P0413,0.0,0.5609999999999999,1.0,1.0,1.0,3.9,7.24422751560335,0.905,0.439,30,7,17.297844833106094
U0076,P0418,0.5,0.761,1.0,1.0,1.0,4.08,5.783825182329737,0.382,0.239,30,7,23.97553607384088
U0076,P0421,0.0,0.515,0.6,1.0,1.0,4.08,6.309918278226516,0.666,0.485,180,7,2.8437338512261006
U0076,P0422,0.5,0.64,0.6,0.0,1.0,3.59,5.961005339623274,0.498,0.36,180,7,4.4428497460502765
U0076,P0428,0.5,0.02100000000000002,0.6,1.0,1.0,4.74,4.820281565605037,0.53,0.979,180,7,8.143744889926733
U0076,P0435,0.5,0.21699999999999997,0.6,0.0,1.0,4.4,7.912423121473705,1.0,0.783,30,7,8.925606681770148
U0076,P0454,0.5,0.8280000000000001,0.2,1.0,1.0,3.49,6.396929655216146,0.507,0.172,120,7,12.7783593710507
U0076,P0464,0.0,0.6599999999999999,1.0,1.0,1.0,3.85,5.953243334287785,0.534,0.34,60,7,8.24742943861895
U0076,P0465,0.0,0.869,0.2,1.0,1.0,4.8,5.424950017481403,0.464,0.131,150,7,19.003394908484708
U0076,P0466,0.0,0.15300000000000002,1.0,1.0,1.0,3.85,7.757478766584179,1.0,0.847,90,7,31.13690779225168
U0076,P0468,0.0,0.725,0.6,0.0,1.0,4.3,4.897839799950911,0.313,0.275,30,7,16.649063305455417
U0076,P0470,0.0,0.589,0.6,0.0,1.0,4.21,4.8283137373023015,0.28,0.411,45,7,28.485446825855696
U0076,P0474,0.5,0.19899999999999995,0.6,0.0,1.0,3.41,4.672828834461906,0.439,0.801,30,7,23.893780134451312
U0076,P0481,0.5,0.629,1.0,1.0,1.0,4.39,7.095064377287131,0.812,0.371,150,7,18.326962695280272
U0076,P0496,0.5,0.14700000000000002,1.0,1.0,1.0,4.19,3.091042453358316,0.52,0.853,90,7,4.194794579935497
U0077,P0003,0.25,0.519,1.0,1.0,1.0,3.99,5.220355825078324,0.514,0.481,180,4,31.48628227858415
U0077,P0007,0.0,0.7969999999999999,0.6,1.0,1.0,4.21,3.2188758248682006,0.399,0.203,30,4,26.582466895540172
U0077,P0008,0.5,0.42800000000000005,1.0,1.0,1.0,3.32,4.8283137373023015,0.252,0.572,90,4,28.131935139336914
U0077,P0014,0.25,0.5740000000000001,0.0,1.0,1.0,3.58,5.953243334287785,0.582,0.426,120,4,17.38002189726065
U0077,P0016,0.0,0.47,0.6,0.0,1.0,3.83,7.723120092266331,1.0,0.53,120,4,28.445955008437682
U0077,P0026,0.25,0.21899999999999997,0.0,1.0,1.0,4.25,5.043425116919247,0.424,0.781,120,4,26.8772902345933
U0077,P0031,0.25,0.536,0.0,1.0,1.0,3.88,5.278114659230517,0.57,0.464,30,4,9.198724334713956
U0077,P0032,0.5,0.14200000000000002,0.2,1.0,1.0,3.6,4.07753744390572,0.515,0.858,45,4,12.178015143586238
U0077,P0039,0.0,0.832,1.0,1.0,1.0,4.14,5.14166355650266,0.304,0.168,180,4,32.89377351659519
U0077,P0047,0.0,0.281,0.6,0.0,1.0,3.78,5.111987788356544,0.484,0.719,60,4,10.403370814368726
U0077,P0052,0.5,0.031000000000000028,1.0,0.0,1.0,3.95,4.543294782270004,0.403,0.969,30,4,22.107942118397084
U0077,P0060,0.0,0.863,1.0,1.0,1.0,4.61,6.403574197934815,0.611,0.137,60,4,26.19392641726105
U0077,P0065,0.0,0.5409999999999999,0.2,1.0,1.0,4.14,4.897839799950911,0.598,0.459,180,4,23.50600731130025
U0077,P0066,0.0,0.675,0.0,1.0,1.0,3.4,5.583496308781699,0.612,0.325,180,4,25.368923966097498
U0077,P0068,0.0,0.509,0.2,1.0,1.0,3.69,7.360103972989152,0.96,0.491,120,4,19.250018150400845
U0077,P0069,0.5,0.33799999999999997,0.2,1.0,1.0,3.75,5.117993812416755,0.44,0.662,60,4,38.058720242835996
U0077,P0072,0.25,0.31299999999999994,0.6,0.0,1.0,3.38,5.723585101952381,0.515,0.687,30,4,24.050912026029405
U0077,P0076,0.25,0.0050000000000000044,0.6,1.0,1.0,4.21,5.916202062607435,0.663,0.995,60,4,35.90567586740923
U0077,P0078,0.0,0.9339999999999999,0.0,1.0,1.0,4.23,4.6443908991413725,0.481,0.066,120,4,23.04093554032585
U0077,P0093,0.25,0.22399999999999998,0.0,1.0,1.0,4.0,6.3578422665081,0.477,0.776,120,4,14.900124624854687
U0077,P0100,0.25,0.14200000000000002,0.2,1.0,1.0,4.13,4.143134726391533,0.347,0.858,150,4,9.66086964170589
U0077,P0105,0.0,0.43999999999999995,0.2,1.0,1.0,4.33,10.12330558042176,1.0,0.56,120,4,6.830587826087665
U0077,P0106,0.5,0.657,1.0,1.0,1.0,4.36,6.862757913051401,0.806,0.343,120,4,3.9854455624242147
U0077,P0109,0.0,0.382,1.0,1.0,1.0,3.75,5.220355825078324,0.554,0.618,90,4,25.570194887059774
U0077,P0113,0.0,0.24,0.0,1.0,1.0,3.89,6.806829360392176,0.674,0.76,60,4,17.79595161891112
U0077,P0114,0.0,0.15200000000000002,0.2,1.0,1.0,4.13,4.219507705176107,0.328,0.848,120,4,8.606033599289074
U0077,P0120,0.5,0.41400000000000003,1.0,1.0,1.0,3.8,6.523562306149512,0.833,0.586,120,4,39.913262082832624
U0077,P0121,0.5,0.030000000000000027,1.0,1.0,1.0,3.74,5.365976015021851,0.436,0.97,180,4,27.83170732462904
U0077,P0128,0.0,0.235,0.2,1.0,1.0,3.42,4.919980925828125,0.29,0.765,120,4,9.398511635802185
U0077,P0136,0.25,0.131,0.6,1.0,1.0,4.75,3.784189633918261,0.603,0.869,30,4,5.594349674167854
U0077,P0138,0.0,0.401,0.6,1.0,1.0,3.66,6.056784013228625,0.462,0.599,150,4,22.228087728512897
U0077,P0145,0.0,0.883,0.0,1.0,1.0,4.23,4.7535901911063645,0.367,0.117,30,4,2.983935489628986
U0077,P0152,0.5,0.944,0.0,1.0,1.0,4.44,6.2324480165505225,0.8,0.056,180,4,24.95251889053955
U0077,P0154,0.0,0.651,1.0,1.0,1.0,4.67,4.795790545596741,0.495,0.349,30,4,11.52158509949659
U0077,P0157,0.0,0.33799999999999997,1.0,1.0,1.0,4.47,6.476972362889683,0.806,0.662,45,4,12.151967066154075
U0077,P0160,0.25,0.008000000000000007,0.2,1.0,1.0,4.25,5.3471075307174685,0.369,0.992,60,4,17.113094348648758
U0077,P0161,0.0,0.609,0.2,1.0,1.0,4.14,6.214608098422191,0.759,0.391,180,4,23.466227246457834
U0077,P0165,0.5,0.34299999999999997,0.6,1.0,1.0,4.38,6.255750041753367,0.574,0.657,60,4,30.022725814618795
U0077,P0167,0.0,0.43000000000000005,0.2,1.0,1.0,4.13,4.6913478822291435,0.346,0.57,30,4,12.402385426958663
U0077,P0168,0.5,0.32199999999999995,0.2,1.0,1.0,4.54,5.327876168789581,0.391,0.678,45,4,12.577616960403152
U0077,P0186,0.5,0.253,0.6,1.0,1.0,4.11,6.09807428216624,0.737,0.747,180,4,14.24232816624903
U0077,P0198,0.25,0.18500000000000005,0.0,1.0,1.0,4.63,4.941642422609304,0.637,0.815,150,4,28.451517220711995
U0077,P0199,0.0,0.22699999999999998,0.2,1.0,1.0,3.33,7.1252830915107115,1.0,0.773,45,4,11.390456822027508
U0077,P0200,0.0,0.30100000000000005,0.0,0.0,1.0,4.05,6.985641817639208,0.739,0.699,150,4,14.25574461298654
U0077,P0208,0.25,0.44299999999999995,0.2,1.0,1.0,4.25,4.605170185988092,0.469,0.557,60,4,6.226842645692345
U0077,P0209,0.0,0.246,1.0,1.0,1.0,4.8,5.641907070938114,0.368,0.754,120,4,18.825289177986882
U0077,P0214,0.0,0.41200000000000003,0.6,1.0,1.0,3.67,6.324358962381311,0.731,0.588,180,4,14.806564258587455
U0077,P0216,0.0,0.10699999999999998,0.2,0.0,1.0,3.57,3.091042453358316,0.32,0.893,45,4,10.029672072873009
U0077,P0220,0.0,0.909,0.0,1.0,1.0,3.33,5.43372200355424,0.5,0.091,120,4,26.76394617497652
U0077,P0222,0.25,0.688,0.6,1.0,1.0,3.17,5.393627546352362,0.406,0.312,120,4,4.94717817752651
U0077,P0225,0.25,0.95,1.0,1.0,1.0,3.87,4.23410650459726,0.498,0.05,120,4,14.236182029403448
U0077,P0227,0.0,0.404,1.0,0.0,1.0,3.66,6.1070228877422545,0.561,0.596,60,4,7.88529935716206
U0077,P0228,0.5,0.18999999999999995,0.0,1.0,1.0,3.86,4.553876891600541,0.276,0.81,30,4,12.343871112937716
U0077,P0229,0.25,0.476,0.2,0.0,1.0,4.05,4.2626798770413155,0.358,0.524,120,4,35.27339454033239
U0077,P0232,0.5,0.368,1.0,1.0,1.0,3.79,5.75890177387728,0.446,0.632,120,4,34.24379846642637
U0077,P0249,0.5,0.40800000000000003,1.0,1.0,1.0,3.63,5.272999558563747,0.561,0.592,45,4,19.884445417855588
U0077,P0250,0.0,0.05900000000000005,0.0,1.0,1.0,3.71,3.8501476017100584,0.531,0.941,180,4,15.305935691222741
U0077,P0255,0.0,0.07399999999999995,1.0,0.0,1.0,4.12,4.51085950651685,0.455,0.926,60,4,4.777136713916995
U0077,P0257,0.25,0.21499999999999997,1.0,1.0,1.0,3.99,4.418840607796598,0.403,0.785,150,4,12.812291853835639
U0077,P0261,0.25,0.73,1.0,1.0,1.0,3.35,6.152732694704104,0.515,0.27,60,4,29.533651408611007
U0077,P0269,0.25,0.842,0.0,1.0,1.0,3.71,5.043425116919247,0.358,0.158,30,4,22.777754612090227
U0077,P0271,0.25,0.03700000000000003,0.6,1.0,1.0,4.48,4.1588830833596715,0.309,0.963,45,4,33.53233934871971
U0077,P0278,0.5,0.628,1.0,0.0,1.0,4.25,5.0106352940962555,0.352,0.372,150,4,14.437448449532283
U0077,P0279,0.0,0.663,0.2,1.0,1.0,3.88,4.983606621708336,0.404,0.337,90,4,10.16893227910419
U0077,P0284,0.5,0.364,0.0,0.0,1.0,3.18,4.290459441148391,0.225,0.636,60,4,29.430714240762086
U0077,P0286,0.25,0.019000000000000017,0.6,1.0,1.0,4.11,7.512071245835466,1.0,0.981,90,4,17.501874876025898
U0077,P0287,0.0,0.21699999999999997,1.0,0.0,1.0,4.25,5.241747015059643,0.585,0.783,45,4,31.159855879794456
U0077,P0300,0.25,0.5860000000000001,0.2,0.0,1.0,3.9,5.953243334287785,0.637,0.414,150,4,22.53194356436413
U0077,P0306,0.0,0.15600000000000003,0.6,1.0,1.0,4.39,5.43372200355424,0.327,0.844,150,4,37.63629128509034
U0077,P0315,0.0,0.41900000000000004,1.0,1.0,1.0,4.13,6.813444599510896,0.765,0.581,90,4,9.951852691253297
U0077,P0329,0.5,0.837,1.0,1.0,1.0,4.11,5.472270673671475,0.541,0.163,60,4,43.09016722566556
U0077,P0347,0.25,0.7110000000000001,1.0,1.0,1.0,3.61,6.240275845170769,0.639,0.289,60,4,18.88861569628005
U0077,P0348,0.25,0.511,0.0,1.0,1.0,4.37,5.1298987149230735,0.388,0.489,150,4,11.039880621237483
U0077,P0365,0.25,0.643,0.2,1.0,1.0,3.86,4.574710978503383,0.475,0.357,150,4,33.423651327575136
U0077,P0368,0.25,0.538,0.0,1.0,1.0,4.56,6.068425588244111,0.516,0.462,120,4,7.449471546391307
U0077,P0379,0.25,0.14400000000000002,0.0,1.0,1.0,4.32,5.723585101952381,0.62,0.856,90,4,9.67902005783535
U0077,P0382,0.0,0.357,1.0,0.0,1.0,5.0,5.389071729816501,0.638,0.643,120,4,13.328542344053117
U0077,P0387,0.25,0.594,0.0,1.0,1.0,4.38,6.668228248417403,0.611,0.406,60,4,34.9778339213371
U0077,P0401,0.5,0.356,0.6,1.0,1.0,4.52,4.882801922586371,0.627,0.644,90,4,36.53164184127565
U0077,P0404,0.0,0.45899999999999996,0.0,1.0,1.0,4.2,4.927253685157205,0.58,0.541,120,4,4.3698846752891125
U0077,P0411,0.0,0.11199999999999999,0.0,1.0,1.0,3.87,7.191429330036379,0.864,0.888,30,4,18.638906095818136
U0077,P0434,0.25,0.474,1.0,1.0,1.0,4.23,5.902633333401366,0.492,0.526,150,4,21.7081972804901
U0077,P0440,0.25,0.236,0.2,1.0,1.0,4.09,6.926577033222725,0.673,0.764,45,4,38.78665831217423
U0077,P0446,0.0,0.402,0.2,0.0,1.0,4.47,6.1092475827643655,0.685,0.598,45,4,34.78252483278113
U0077,P0448,0.0,0.5920000000000001,1.0,1.0,1.0,4.72,6.278521424165844,0.571,0.408,180,4,7.016631335351503
U0077,P0451,0.25,0.354,0.0,0.0,1.0,4.27,5.030437921392435,0.345,0.646,30,4,19.397694719005873
U0077,P0453,0.0,0.08699999999999997,0.6,1.0,1.0,4.19,5.556828061699537,0.46,0.913,150,4,15.284225814589009
U0077,P0458,0.25,0.605,1.0,1.0,1.0,4.06,5.8377304471659395,0.451,0.395,120,4,19.201662220334573
U0077,P0460,0.25,0.5900000000000001,0.0,1.0,1.0,3.9,5.733341276897746,0.541,0.41,60,4,23.94159827557092
U0077,P0469,0.25,0.7150000000000001,0.6,0.0,1.0,3.64,6.35088571671474,0.695,0.285,45,4,23.42135567250555
U0077,P0476,0.25,0.05500000000000005,0.2,1.0,1.0,3.99,5.924255797414532,0.561,0.945,45,4,9.871389042541006
U0077,P0489,0.0,0.049000000000000044,1.0,1.0,1.0,3.9,2.6390573296152584,0.509,0.951,30,4,22.30854934852583
U0077,P0490,0.0,0.15000000000000002,0.6,1.0,1.0,3.39,6.413458957167357,0.584,0.85,30,4,29.752034403790937
U0078,P0013,0.3333333333333333,1.0,0.6,1.0,1.0,3.86,5.634789603169249,0.339,0.532,120,4,24.89418944072213
U0078,P0018,0.3333333333333333,0.0,1.0,1.0,1.0,4.47,4.04305126783455,0.482,0.204,60,4,28.69037243185757
U0078,P0021,0.3333333333333333,0.0,1.0,1.0,1.0,4.43,5.707110264748875,0.484,0.335,30,4,3.486551242405508
U0078,P0024,0.3333333333333333,0.0,1.0,1.0,1.0,3.89,6.769641976852503,0.648,0.177,150,4,25.842952369507987
U0078,P0025,0.3333333333333333,1.0,0.6,1.0,1.0,4.25,3.4011973816621555,0.494,0.273,120,4,14.725126321288256
U0078,P0027,0.3333333333333333,0.0,0.6,1.0,1.0,3.8,6.234410725718371,0.572,0.848,30,4,21.389672191378004
U0078,P0028,0.3333333333333333,1.0,0.2,0.0,1.0,4.56,6.618738983517219,0.679,0.84,90,4,10.921003676363291
U0078,P0029,0.3333333333333333,0.0,1.0,1.0,1.0,3.72,5.1298987149230735,0.331,0.257,30,4,2.931785909034225
U0078,P0042,0.3333333333333333,1.0,0.2,0.0,1.0,4.77,4.882801922586371,0.316,0.243,120,4,23.401547817744362
U0078,P0044,0.3333333333333333,1.0,0.6,0.0,1.0,4.51,5.8971538676367405,0.486,0.319,180,4,24.479038853140835
U0078,P0055,0.3333333333333333,1.0,1.0,0.0,1.0,4.22,5.4116460518550396,0.467,0.663,45,4,23.538140449401805
U0078,P0059,0.3333333333333333,1.0,1.0,1.0,1.0,4.08,4.110873864173311,0.254,0.625,60,4,10.450130962802952
U0078,P0061,0.3333333333333333,1.0,0.6,1.0,1.0,4.46,4.418840607796598,0.566,0.148,180,4,9.492690481010632
U0078,P0070,0.3333333333333333,0.0,0.2,0.0,1.0,4.47,4.02535169073515,0.424,0.13,30,4,9.123761027215325
U0078,P0073,0.3333333333333333,0.0,1.0,1.0,1.0,4.22,6.439350371100098,0.572,0.563,45,4,19.35895638326171
U0078,P0075,0.0,1.0,0.2,1.0,1.0,4.33,5.857933154483459,0.712,0.88,180,4,12.40588875398223
U0078,P0082,0.3333333333333333,1.0,0.2,1.0,1.0,4.62,4.5217885770490405,0.401,0.831,180,4,3.3301667787790112
U0078,P0085,0.3333333333333333,0.0,1.0,1.0,1.0,3.99,4.605170185988092,0.419,0.631,90,4,13.88535203466484
U0078,P0088,0.3333333333333333,0.0,0.6,1.0,1.0,4.22,6.493753839851686,0.689,0.944,60,4,32.01169335075757
U0078,P0101,0.3333333333333333,0.0,0.6,1.0,1.0,4.26,6.173786103901937,0.432,0.519,120,4,4.036882901858885
U0078,P0103,0.3333333333333333,0.0,0.2,1.0,1.0,3.48,4.382026634673881,0.292,0.671,180,4,6.247021185790154
U0078,P0108,0.3333333333333333,0.0,1.0,0.0,1.0,3.96,6.411818267709897,0.819,0.98,90,4,22.507715010202176
U0078,P0111,0.3333333333333333,1.0,0.6,1.0,1.0,5.0,3.295836866004329,0.602,0.408,150,4,36.070984063327195
U0078,P0116,0.3333333333333333,0.0,0.2,0.0,1.0,3.77,5.762051382780177,0.396,0.685,120,4,30.29246753919788
U0078,P0124,0.3333333333333333,1.0,1.0,1.0,1.0,3.89,4.718498871295094,0.293,0.335,60,4,23.459287293793526
U0078,P0127,0.0,0.0,0.2,0.0,1.0,5.0,6.739336627357174,0.679,0.12,60,4,18.094455659145947
U0078,P0134,0.3333333333333333,1.0,0.6,1.0,1.0,4.83,3.784189633918261,0.31,0.18,60,4,16.386295699878396
U0078,P0135,0.3333333333333333,1.0,0.6,1.0,1.0,3.9,5.659482215759621,0.602,0.484,45,4,8.915301518693143
U0078,P0139,0.3333333333333333,1.0,0.6,0.0,1.0,4.19,4.787491742782046,0.506,0.746,60,4,21.560454149036854
U0078,P0147,0.3333333333333333,1.0,0.6,0.0,1.0,3.83,6.520621127558696,0.524,0.667,45,4,12.599221140003245
U0078,P0148,0.0,1.0,0.6,1.0,1.0,4.26,4.672828834461906,0.369,0.522,150,4,30.820654286794536
U0078,P0173,0.3333333333333333,1.0,0.2,1.0,1.0,3.89,5.780743515792329,0.392,0.559,120,4,7.824094831019003
U0078,P0176,0.3333333333333333,1.0,1.0,0.0,1.0,4.24,7.271008538280992,0.926,0.719,180,4,14.577502769201468
U0078,P0177,0.3333333333333333,1.0,0.6,1.0,1.0,4.49,5.308267697401205,0.435,0.097,180,4,8.54437206835858
U0078,P0179,0.3333333333333333,1.0,0.6,1.0,1.0,4.09,5.159055299214529,0.479,0.313,120,4,23.40575626681017
U0078,P0183,0.3333333333333333,1.0,0.2,1.0,1.0,4.41,5.0238805208462765,0.634,0.366,90,4,34.541597863035264
U0078,P0188,0.3333333333333333,0.0,0.6,0.0,1.0,5.0,4.584967478670572,0.334,0.974,30,4,16.832543198024307
U0078,P0190,0.3333333333333333,0.0,0.6,0.0,1.0,5.0,4.532599493153256,0.572,0.059,60,4,16.824603813560838
U0078,P0194,0.3333333333333333,1.0,0.2,1.0,1.0,4.25,7.751475318021456,1.0,0.524,45,4,6.117189465980255
U0078,P0195,0.3333333333333333,1.0,0.2,0.0,1.0,4.53,4.812184355372417,0.614,0.62,60,4,19.516107284519826
U0078,P0210,0.3333333333333333,1.0,0.6,1.0,1.0,4.63,5.583496308781699,0.649,0.143,120,4,27.116399792222026
U0078,P0217,0.3333333333333333,0.0,1.0,1.0,1.0,3.98,6.361302477572996,0.586,0.507,150,4,30.743610699053757
U0078,P0223,0.3333333333333333,0.0,0.2,0.0,1.0,3.51,6.304448802421981,0.679,0.145,180,4,20.61781773845524
U0078,P0231,0.3333333333333333,1.0,0.6,0.0,1.0,4.98,5.545177444479562,0.548,0.787,90,4,29.348109879377493
U0078,P0233,0.3333333333333333,0.0,1.0,1.0,1.0,4.05,5.236441962829949,0.487,0.863,120,4,22.743647848635803
U0078,P0237,0.3333333333333333,0.0,0.6,1.0,1.0,3.42,7.140453043101158,0.812,0.075,90,4,6.018250590635964
U0078,P0239,0.3333333333333333,1.0,0.6,1.0,1.0,4.36,5.87493073085203,0.696,0.338,90,4,34.10692665633327
U0078,P0241,0.3333333333333333,1.0,0.6,1.0,1.0,4.04,4.356708826689592,0.381,0.48,180,4,22.7375967063482
U0078,P0243,0.3333333333333333,0.0,0.6,0.0,1.0,3.76,3.8066624897703196,0.479,0.837,30,4,11.543912971330384
U0078,P0244,0.3333333333333333,1.0,0.2,0.0,1.0,3.81,4.204692619390966,0.356,0.545,60,4,10.620037435062152
U0078,P0253,0.3333333333333333,1.0,0.6,1.0,1.0,3.81,4.919980925828125,0.378,0.065,90,4,13.953108653496905
U0078,P0256,0.3333333333333333,1.0,0.6,1.0,1.0,4.22,5.442417710521793,0.498,0.745,60,4,2.9794191790127935
U0078,P0258,0.0,1.0,0.2,1.0,1.0,3.84,6.406879986069314,0.577,0.355,120,4,20.094124214429353
U0078,P0267,0.3333333333333333,0.0,0.6,0.0,1.0,4.07,4.060443010546419,0.562,0.874,45,4,26.717554962251576
U0078,P0268,0.0,1.0,0.6,1.0,1.0,3.81,5.560681631015528,0.489,0.985,90,4,19.390649403547126
U0078,P0270,0.3333333333333333,1.0,0.6,1.0,1.0,4.55,4.812184355372417,0.525,0.652,150,4,16.48503091710479
U0078,P0274,0.3333333333333333,1.0,0.6,1.0,1.0,4.36,5.2574953720277815,0.406,0.249,45,4,28.00637399482195
U0078,P0288,0.3333333333333333,0.0,0.6,1.0,1.0,4.47,2.8903717578961645,0.368,0.805,120,4,24.365076847406623
U0078,P0290,0.3333333333333333,1.0,0.2,0.0,1.0,3.43,6.873163834212518,0.654,0.687,120,4,8.249343944089004
U0078,P0293,0.3333333333333333,1.0,0.6,1.0,1.0,4.18,5.799092654460526,0.544,0.45,30,4,25.43802888557586
U0078,P0298,0.3333333333333333,0.0,1.0,0.0,1.0,4.57,4.890349128221754,0.47,0.061,150,4,27.629120801921825
U0078,P0299,0.3333333333333333,0.0,0.6,1.0,1.0,3.98,4.330733340286331,0.253,0.864,120,4,7.039443841245786
U0078,P0305,0.3333333333333333,0.0,0.6,1.0,1.0,3.3,7.295735072749282,0.946,0.485,150,4,26.210641410150316
U0078,P0309,0.3333333333333333,1.0,0.6,0.0,1.0,4.15,6.371611847231857,0.679,0.38,150,4,26.34750886216976
U0078,P0321,0.3333333333333333,0.0,1.0,0.0,1.0,3.95,7.503289630675082,1.0,0.512,120,4,19.932911151879686
U0078,P0322,0.3333333333333333,0.0,0.6,1.0,1.0,3.98,3.713572066704308,0.486,0.203,30,4,1.241223613996501
U0078,P0331,0.3333333333333333,1.0,1.0,0.0,1.0,3.84,4.844187086458591,0.516,0.81,120,4,22.79239275688695
U0078,P0333,0.3333333333333333,0.0,0.6,1.0,1.0,3.78,5.631211781821365,0.556,0.339,45,4,27.719495581658634
U0078,P0337,0.3333333333333333,1.0,0.2,0.0,1.0,3.95,5.056245805348308,0.307,0.719,60,4,22.6356510954066
U0078,P0342,0.3333333333333333,1.0,0.6,1.0,1.0,3.86,6.089044875446846,0.525,0.867,60,4,9.06383885172454
U0078,P0343,0.3333333333333333,1.0,0.2,1.0,1.0,3.55,6.3561076606958915,0.603,0.409,180,4,20.928571597803614
U0078,P0352,0.3333333333333333,0.0,1.0,1.0,1.0,3.78,3.828641396489095,0.537,0.292,45,4,19.180136215508686
U0078,P0353,0.3333333333333333,0.0,0.2,1.0,1.0,3.4,6.2285110035911835,0.648,0.752,180,4,20.996624818333835
U0078,P0356,0.3333333333333333,1.0,1.0,0.0,1.0,4.19,5.384495062789089,0.527,0.839,60,4,10.33223054703108
U0078,P0364,0.3333333333333333,1.0,1.0,1.0,1.0,4.11,5.918893854273146,0.416,0.309,30,4,29.825235330052223
U0078,P0366,0.3333333333333333,0.0,0.6,1.0,1.0,4.19,4.330733340286331,0.575,0.808,150,4,10.17725974763766
U0078,P0372,0.3333333333333333,0.0,0.6,1.0,1.0,3.82,5.53338948872752,0.348,0.075,30,4,26.9898160448828
U0078,P0375,0.3333333333333333,1.0,0.6,1.0,1.0,3.82,3.828641396489095,0.268,0.914,150,4,25.60295858814042
U0078,P0381,0.3333333333333333,0.0,0.6,1.0,1.0,3.84,5.648974238161206,0.43,0.659,180,4,4.910267508667008
U0078,P0386,0.3333333333333333,0.0,0.2,1.0,1.0,4.42,4.8283137373023015,0.5,0.171,90,4,24.934686469211307
U0078,P0389,0.3333333333333333,1.0,0.6,1.0,1.0,3.77,5.204006687076795,0.55,0.96,150,4,15.294627173389427
U0078,P0398,0.3333333333333333,0.0,0.6,0.0,1.0,3.61,6.763884908562435,0.637,0.085,180,4,16.441162683836154
U0078,P0402,0.3333333333333333,0.0,0.6,1.0,1.0,4.14,4.948759890378168,0.452,0.6,45,4,3.3997467408271502
U0078,P0412,0.3333333333333333,1.0,0.6,0.0,1.0,5.0,5.0689042022202315,0.525,0.426,150,4,20.549964376075174
U0078,P0413,0.3333333333333333,1.0,0.6,1.0,1.0,3.9,7.24422751560335,0.905,0.439,30,4,23.60125896908932
U0078,P0418,0.0,1.0,0.6,1.0,1.0,4.08,5.783825182329737,0.382,0.239,30,4,29.149165154766482
U0078,P0421,0.3333333333333333,0.0,0.2,1.0,1.0,4.08,6.309918278226516,0.666,0.485,180,4,6.518284838052542
U0078,P0422,0.3333333333333333,1.0,0.2,0.0,1.0,3.59,5.961005339623274,0.498,0.36,180,4,4.626034963951329
U0078,P0428,0.3333333333333333,0.0,0.2,1.0,1.0,4.74,4.820281565605037,0.53,0.979,180,4,6.399015860642969
U0078,P0435,0.3333333333333333,0.0,0.2,0.0,1.0,4.4,7.912423121473705,1.0,0.783,30,4,2.9267443645827407
U0078,P0454,0.3333333333333333,0.0,0.6,1.0,1.0,3.49,6.396929655216146,0.507,0.172,120,4,14.86495052201961
U0078,P0464,0.3333333333333333,1.0,0.6,1.0,1.0,3.85,5.953243334287785,0.534,0.34,60,4,1.9422931006275124
U0078,P0465,0.3333333333333333,1.0,0.6,1.0,1.0,4.8,5.424950017481403,0.464,0.131,150,4,21.93180572820856
U0078,P0466,0.3333333333333333,1.0,0.6,1.0,1.0,3.85,7.757478766584179,1.0,0.847,90,4,34.56368278921659
U0078,P0468,0.3333333333333333,1.0,1.0,0.0,1.0,4.3,4.897839799950911,0.313,0.275,30,4,14.422875776545382
U0078,P0470,0.3333333333333333,1.0,0.2,0.0,1.0,4.21,4.8283137373023015,0.28,0.411,45,4,30.834680679642982
U0078,P0474,0.0,1.0,0.2,0.0,1.0,3.41,4.672828834461906,0.439,0.801,30,4,29.828632277767696
U0078,P0481,0.3333333333333333,1.0,0.6,1.0,1.0,4.39,7.095064377287131,0.812,0.371,150,4,15.724575741676041
U0078,P0496,0.3333333333333333,1.0,0.6,1.0,1.0,4.19,3.091042453358316,0.52,0.853,90,4,10.626529056208764
U0079,P0003,0.0,0.0,0.2,1.0,0.0,3.99,5.220355825078324,0.514,0.481,180,2,32.01295665001612
U0079,P0007,0.3333333333333333,0.0,0.6,1.0,1.0,4.21,3.2188758248682006,0.399,0.203,30,2,25.427041532176137
U0079,P0008,0.6666666666666666,1.0,0.2,1.0,1.0,3.32,4.8283137373023015,0.252,0.572,90,2,16.484664284081123
U0079,P0014,0.0,0.0,0.6,1.0,0.0,3.58,5.953243334287785,0.582,0.426,120,2,4.624395586555696
U0079,P0016,0.3333333333333333,0.0,0.6,0.0,0.0,3.83,7.723120092266331,1.0,0.53,120,2,39.081213618408086
U0079,P0026,0.0,0.0,0.6,1.0,0.0,4.25,5.043425116919247,0.424,0.781,120,2,27.01120605477554
U0079,P0031,0.0,0.0,0.6,1.0,0.0,3.88,5.278114659230517,0.57,0.464,30,2,10.662566104399463
U0079,P0032,0.6666666666666666,0.0,1.0,1.0,1.0,3.6,4.07753744390572,0.515,0.858,45,2,7.634685213373613
U0079,P0039,0.0,1.0,0.2,1.0,1.0,4.14,5.14166355650266,0.304,0.168,180,2,34.55616800328946
U0079,P0047,0.0,0.0,0.6,0.0,0.0,3.78,5.111987788356544,0.484,0.719,60,2,3.974746851682087
U0079,P0052,0.6666666666666666,1.0,0.2,0.0,0.0,3.95,4.543294782270004,0.403,0.969,30,2,32.21122352292361
U0079,P0060,0.0,1.0,0.2,1.0,0.0,4.61,6.403574197934815,0.611,0.137,60,2,31.827507567449267
U0079,P0065,0.3333333333333333,0.0,1.0,1.0,1.0,4.14,4.897839799950911,0.598,0.459,180,2,10.884401617589575
U0079,P0066,0.0,1.0,0.6,1.0,1.0,3.4,5.583496308781699,0.612,0.325,180,2,14.575008084735511
U0079,P0068,0.0,1.0,1.0,1.0,0.0,3.69,7.360103972989152,0.96,0.491,120,2,6.50511321130458
U0079,P0069,0.6666666666666666,1.0,1.0,1.0,1.0,3.75,5.117993812416755,0.44,0.662,60,2,41.36330648378152
U0079,P0072,0.0,0.0,0.6,0.0,0.0,3.38,5.723585101952381,0.515,0.687,30,2,17.71014827409252
U0079,P0076,0.0,0.0,0.6,1.0,1.0,4.21,5.916202062607435,0.663,0.995,60,2,37.8638915060739
U0079,P0078,0.0,0.0,0.6,1.0,0.0,4.23,4.6443908991413725,0.481,0.066,120,2,32.56100219613155
U0079,P0093,0.0,0.0,0.6,1.0,1.0,4.0,6.3578422665081,0.477,0.776,120,2,2.5835775912042864
U0079,P0100,0.0,0.0,1.0,1.0,1.0,4.13,4.143134726391533,0.347,0.858,150,2,4.825846318400531
U0079,P0105,0.0,1.0,1.0,1.0,0.0,4.33,10.12330558042176,1.0,0.56,120,2,14.97938277922782
U0079,P0106,0.6666666666666666,0.0,0.2,1.0,1.0,4.36,6.862757913051401,0.806,0.343,120,2,9.785569366233085
U0079,P0109,0.0,0.0,0.2,1.0,1.0,3.75,5.220355825078324,0.554,0.618,90,2,27.449182983002967
U0079,P0113,0.0,1.0,0.6,1.0,1.0,3.89,6.806829360392176,0.674,0.76,60,2,12.83819185623571
U0079,P0114,0.0,1.0,1.0,1.0,0.0,4.13,4.219507705176107,0.328,0.848,120,2,20.95450928109201
U0079,P0120,0.6666666666666666,0.0,0.2,1.0,0.0,3.8,6.523562306149512,0.833,0.586,120,2,42.22740548560421
U0079,P0121,0.6666666666666666,1.0,0.2,1.0,1.0,3.74,5.365976015021851,0.436,0.97,180,2,37.00967390663758
U0079,P0128,0.0,0.0,1.0,1.0,0.0,3.42,4.919980925828125,0.29,0.765,120,2,4.483239758200451
U0079,P0136,0.0,0.0,0.6,1.0,1.0,4.75,3.784189633918261,0.603,0.869,30,2,9.313020523053282
U0079,P0138,0.3333333333333333,0.0,0.6,1.0,0.0,3.66,6.056784013228625,0.462,0.599,150,2,13.941503440473468
U0079,P0145,0.3333333333333333,0.0,0.6,1.0,1.0,4.23,4.7535901911063645,0.367,0.117,30,2,15.638106603244148
U0079,P0152,0.6666666666666666,0.0,0.6,1.0,0.0,4.44,6.2324480165505225,0.8,0.056,180,2,29.06818608416655
U0079,P0154,0.0,0.0,0.2,1.0,1.0,4.67,4.795790545596741,0.495,0.349,30,2,6.627135067545019
U0079,P0157,0.0,1.0,0.2,1.0,1.0,4.47,6.476972362889683,0.806,0.662,45,2,3.991640957927208
U0079,P0160,0.0,0.0,1.0,1.0,0.0,4.25,5.3471075307174685,0.369,0.992,60,2,26.974862786370462
U0079,P0161,0.0,1.0,1.0,1.0,1.0,4.14,6.214608098422191,0.759,0.391,180,2,17.418076807028253
U0079,P0165,0.6666666666666666,1.0,0.6,1.0,1.0,4.38,6.255750041753367,0.574,0.657,60,2,38.08619714613906
U0079,P0167,0.0,1.0,1.0,1.0,1.0,4.13,4.6913478822291435,0.346,0.57,30,2,4.348723079325283
U0079,P0168,0.6666666666666666,0.0,1.0,1.0,0.0,4.54,5.327876168789581,0.391,0.678,45,2,11.312519367090214
U0079,P0186,0.6666666666666666,1.0,0.6,1.0,0.0,4.11,6.09807428216624,0.737,0.747,180,2,13.876889481417408
U0079,P0198,0.0,0.0,0.6,1.0,1.0,4.63,4.941642422609304,0.637,0.815,150,2,37.38629004773879
U0079,P0199,0.3333333333333333,0.0,1.0,1.0,1.0,3.33,7.1252830915107115,1.0,0.773,45,2,7.325354718509711
U0079,P0200,0.0,0.0,0.6,0.0,0.0,4.05,6.985641817639208,0.739,0.699,150,2,25.469052352285303
U0079,P0208,0.0,0.0,1.0,1.0,0.0,4.25,4.605170185988092,0.469,0.557,60,2,16.54368384746502
U0079,P0209,0.3333333333333333,0.0,0.2,1.0,1.0,4.8,5.641907070938114,0.368,0.754,120,2,7.021343956082584
U0079,P0214,0.3333333333333333,0.0,0.6,1.0,1.0,3.67,6.324358962381311,0.731,0.588,180,2,18.06719899821098
U0079,P0216,0.3333333333333333,0.0,1.0,0.0,1.0,3.57,3.091042453358316,0.32,0.893,45,2,15.271242420352907
U0079,P0220,0.0,0.0,0.6,1.0,1.0,3.33,5.43372200355424,0.5,0.091,120,2,34.41023000197304
U0079,P0222,0.0,0.0,0.6,1.0,1.0,3.17,5.393627546352362,0.406,0.312,120,2,10.545880244250057
U0079,P0225,0.0,0.0,0.2,1.0,1.0,3.87,4.23410650459726,0.498,0.05,120,2,21.9375170256411
U0079,P0227,0.0,1.0,0.2,0.0,0.0,3.66,6.1070228877422545,0.561,0.596,60,2,20.45027884347948
U0079,P0228,0.6666666666666666,0.0,0.6,1.0,1.0,3.86,4.553876891600541,0.276,0.81,30,2,9.224889060787655
U0079,P0229,0.0,0.0,1.0,0.0,0.0,4.05,4.2626798770413155,0.358,0.524,120,2,39.36351736480471
U0079,P0232,0.6666666666666666,0.0,0.2,1.0,1.0,3.79,5.75890177387728,0.446,0.632,120,2,42.762413194125386
U0079,P0249,0.6666666666666666,0.0,0.2,1.0,1.0,3.63,5.272999558563747,0.561,0.592,45,2,27.395083415278293
U0079,P0250,0.3333333333333333,0.0,0.6,1.0,1.0,3.71,3.8501476017100584,0.531,0.941,180,2,14.161070923924873
U0079,P0255,0.0,1.0,0.2,0.0,1.0,4.12,4.51085950651685,0.455,0.926,60,2,8.329826127458452
U0079,P0257,0.0,0.0,0.2,1.0,1.0,3.99,4.418840607796598,0.403,0.785,150,2,5.203110325777813
U0079,P0261,0.0,0.0,0.2,1.0,0.0,3.35,6.152732694704104,0.515,0.27,60,2,31.181531385259717
U0079,P0269,0.0,0.0,0.6,1.0,1.0,3.71,5.043425116919247,0.358,0.158,30,2,24.590252973634087
U0079,P0271,0.0,0.0,0.6,1.0,1.0,4.48,4.1588830833596715,0.309,0.963,45,2,40.80063309024762
U0079,P0278,0.6666666666666666,1.0,0.2,0.0,1.0,4.25,5.0106352940962555,0.352,0.372,150,2,24.499435504203635
U0079,P0279,0.0,0.0,1.0,1.0,0.0,3.88,4.983606621708336,0.404,0.337,90,2,2.9884182381945177
U0079,P0284,0.6666666666666666,1.0,0.6,0.0,1.0,3.18,4.290459441148391,0.225,0.636,60,2,33.77201400607228
U0079,P0286,0.0,0.0,0.6,1.0,0.0,4.11,7.512071245835466,1.0,0.981,90,2,23.37074022340463
U0079,P0287,0.0,1.0,0.2,0.0,1.0,4.25,5.241747015059643,0.585,0.783,45,2,39.44880082106527
U0079,P0300,0.0,0.0,1.0,0.0,1.0,3.9,5.953243334287785,0.637,0.414,150,2,31.181108666069573
U0079,P0306,0.0,1.0,0.6,1.0,1.0,4.39,5.43372200355424,0.327,0.844,150,2,39.316111643704154
U0079,P0315,0.0,1.0,0.2,1.0,1.0,4.13,6.813444599510896,0.765,0.581,90,2,13.558779968919769
U0079,P0329,0.6666666666666666,0.0,0.2,1.0,0.0,4.11,5.472270673671475,0.541,0.163,60,2,45.74348202751674
U0079,P0347,0.0,0.0,0.2,1.0,1.0,3.61,6.240275845170769,0.639,0.289,60,2,17.17032385984688
U0079,P0348,0.0,0.0,0.6,1.0,1.0,4.37,5.1298987149230735,0.388,0.489,150,2,18.16446925211075
U0079,P0365,0.0,0.0,1.0,1.0,0.0,3.86,4.574710978503383,0.475,0.357,150,2,39.296194676101166
U0079,P0368,0.0,0.0,0.6,1.0,0.0,4.56,6.068425588244111,0.516,0.462,120,2,5.731446778330228
U0079,P0379,0.0,0.0,0.6,1.0,1.0,4.32,5.723585101952381,0.62,0.856,90,2,4.080205938904401
U0079,P0382,0.3333333333333333,0.0,0.2,0.0,1.0,5.0,5.389071729816501,0.638,0.643,120,2,10.316399552178478
U0079,P0387,0.0,0.0,0.6,1.0,1.0,4.38,6.668228248417403,0.611,0.406,60,2,41.37101696433116
U0079,P0401,0.6666666666666666,0.0,0.6,1.0,1.0,4.52,4.882801922586371,0.627,0.644,90,2,37.42082942283515
U0079,P0404,0.0,0.0,0.6,1.0,0.0,4.2,4.927253685157205,0.58,0.541,120,2,12.703699181154882
U0079,P0411,0.0,1.0,0.6,1.0,1.0,3.87,7.191429330036379,0.864,0.888,30,2,28.50570236195107
U0079,P0434,0.0,0.0,0.2,1.0,1.0,4.23,5.902633333401366,0.492,0.526,150,2,21.95583870891919
U0079,P0440,0.0,0.0,1.0,1.0,1.0,4.09,6.926577033222725,0.673,0.764,45,2,41.31288964201084
U0079,P0446,0.0,0.0,1.0,0.0,0.0,4.47,6.1092475827643655,0.685,0.598,45,2,38.480382757025346
U0079,P0448,0.3333333333333333,0.0,0.2,1.0,1.0,4.72,6.278521424165844,0.571,0.408,180,2,8.101800241976457
U0079,P0451,0.0,0.0,0.6,0.0,1.0,4.27,5.030437921392435,0.345,0.646,30,2,6.690843837935671
U0079,P0453,0.0,1.0,0.6,1.0,1.0,4.19,5.556828061699537,0.46,0.913,150,2,5.888458490293555
U0079,P0458,0.0,0.0,0.2,1.0,1.0,4.06,5.8377304471659395,0.451,0.395,120,2,29.38889886173284
U0079,P0460,0.0,0.0,0.6,1.0,1.0,3.9,5.733341276897746,0.541,0.41,60,2,11.726612360953448
U0079,P0469,0.0,0.0,0.6,0.0,0.0,3.64,6.35088571671474,0.695,0.285,45,2,29.162199397775094
U0079,P0476,0.0,0.0,1.0,1.0,1.0,3.99,5.924255797414532,0.561,0.945,45,2,7.750239187850179
U0079,P0489,0.3333333333333333,0.0,0.2,1.0,1.0,3.9,2.6390573296152584,0.509,0.951,30,2,26.655494245193506
U0079,P0490,0.3333333333333333,0.0,0.6,1.0,0.0,3.39,6.413458957167357,0.584,0.85,30,2,35.385165649303964
U0080,P0004,0.5,1.0,1.0,1.0,0.0,4.81,6.421622267806518,0.679,0.831,60,5,9.899430212122791
U0080,P0005,0.0,0.0,0.2,1.0,1.0,3.89,6.152732694704104,0.456,0.903,45,5,3.4337017765453437
U0080,P0015,0.0,1.0,1.0,1.0,1.0,3.83,5.153291594497779,0.446,0.842,45,5,28.05691923891859
U0080,P0022,0.5,0.0,0.2,1.0,0.0,4.05,5.14166355650266,0.471,0.356,30,5,24.304062036634406
U0080,P0034,0.0,0.0,0.6,1.0,1.0,4.07,6.704414354964107,0.693,0.164,90,5,16.028772461185714
U0080,P0038,0.0,0.0,0.2,1.0,0.0,2.92,6.48768401848461,0.682,0.481,90,5,26.62258591303549
U0080,P0040,0.5,1.0,0.6,1.0,1.0,4.14,3.1354942159291497,0.249,0.216,150,5,44.40128495434274
U0080,P0041,0.0,0.0,0.2,1.0,0.0,4.0,5.929589143389895,0.485,0.948,150,5,10.178057515282216
U0080,P0043,0.5,1.0,0.6,1.0,1.0,3.74,4.90527477843843,0.441,0.523,30,5,38.18890016601936
U0080,P0054,0.5,1.0,1.0,1.0,0.0,4.95,5.71042701737487,0.693,0.563,45,5,36.7206387689174
U0080,P0056,0.0,1.0,0.6,1.0,1.0,3.24,5.472270673671475,0.286,0.576,60,5,13.989096228094287
U0080,P0063,0.5,1.0,0.6,1.0,1.0,4.36,8.128585200374497,1.0,0.358,45,5,1.614220358599172
U0080,P0067,0.0,1.0,1.0,1.0,0.0,3.62,6.068425588244111,0.527,0.79,90,5,18.201588662284635
U0080,P0074,0.0,0.0,0.2,1.0,0.0,3.54,3.9318256327243257,0.327,0.272,150,5,37.15933497767566
U0080,P0081,0.0,0.0,0.2,1.0,0.0,3.66,6.4457198193855785,0.555,0.365,180,5,16.510173917168775
U0080,P0083,0.0,0.0,0.6,1.0,1.0,4.53,5.996452088619021,0.563,0.951,150,5,27.30687546932109
U0080,P0084,0.0,1.0,1.0,1.0,1.0,4.47,7.776535028185241,1.0,0.477,60,5,30.934126839116725
U0080,P0089,0.0,1.0,1.0,1.0,0.0,4.11,7.244941546337007,1.0,0.951,150,5,34.98942111187256
U0080,P0091,0.5,0.0,0.2,1.0,1.0,4.38,4.477336814478207,0.301,0.635,90,5,4.875399902285175
U0080,P0092,0.5,1.0,0.6,1.0,1.0,3.62,6.07993319509559,0.409,0.52,90,5,5.482969661510564
U0080,P0096,0.0,1.0,0.6,1.0,0.0,3.9,6.52795791762255,0.569,0.786,90,5,24.668655378686733
U0080,P0102,0.0,0.0,0.6,1.0,1.0,4.59,6.7650389767805414,0.896,0.456,120,5,23.952512368309826
U0080,P0107,0.5,1.0,0.6,1.0,0.0,4.53,6.282266746896006,0.812,0.979,90,5,30.871397375015444
U0080,P0115,0.5,0.0,0.2,1.0,0.0,3.78,6.317164686747284,0.541,0.672,45,5,22.774011879461867
U0080,P0122,0.5,1.0,0.6,1.0,1.0,4.33,6.539585955617669,0.798,0.795,60,5,27.140360124626188
U0080,P0123,0.5,1.0,1.0,1.0,1.0,3.56,5.099866427824199,0.282,0.386,90,5,38.462261332734265
U0080,P0125,0.0,1.0,0.6,1.0,1.0,4.89,5.986452005284438,0.755,0.668,60,5,23.26768910914552
U0080,P0126,0.5,1.0,1.0,1.0,1.0,3.53,6.602587892189336,0.622,0.568,60,5,26.80784645439397
U0080,P0133,0.5,0.0,0.6,1.0,1.0,3.99,4.007333185232471,0.265,0.617,60,5,6.833356666024294
U0080,P0142,0.0,1.0,0.6,1.0,1.0,4.81,4.02535169073515,0.312,0.867,45,5,10.462998160512715
U0080,P0144,0.0,1.0,1.0,1.0,1.0,4.03,6.206575926724928,0.688,0.313,120,5,4.145643283479661
U0080,P0146,0.0,1.0,0.6,1.0,1.0,4.01,4.912654885736052,0.467,0.531,30,5,1.2082476402162077
U0080,P0150,0.0,1.0,0.6,1.0,0.0,4.47,6.255750041753367,0.623,0.918,90,5,27.356791444276563
U0080,P0151,0.0,1.0,0.6,1.0,1.0,3.73,4.8283137373023015,0.305,0.853,180,5,14.351998587957075
U0080,P0155,0.5,1.0,0.6,1.0,1.0,4.35,5.2574953720277815,0.361,0.479,90,5,33.1821274290736
U0080,P0162,0.0,1.0,0.6,1.0,1.0,3.73,8.01102337918644,1.0,0.241,45,5,12.34291753124934
U0080,P0164,0.0,0.0,0.6,1.0,1.0,4.62,6.450470422144176,0.56,0.967,150,5,27.324318395899027
U0080,P0170,0.5,0.0,0.6,1.0,1.0,4.29,4.8283137373023015,0.58,0.845,60,5,16.092925101928255
U0080,P0174,0.5,1.0,1.0,1.0,0.0,3.45,3.828641396489095,0.409,0.097,150,5,13.121644620548263
U0080,P0175,0.5,1.0,1.0,1.0,1.0,3.78,5.247024072160486,0.321,0.229,150,5,14.854494974235148
U0080,P0180,0.5,0.0,0.6,1.0,1.0,4.25,4.51085950651685,0.491,0.434,150,5,32.1565739296667
U0080,P0181,0.0,1.0,0.6,1.0,0.0,4.33,7.3395376954076745,1.0,0.696,150,5,5.802978581212461
U0080,P0185,0.0,0.0,0.6,1.0,1.0,4.14,4.574710978503383,0.359,0.333,30,5,7.5748987769467595
U0080,P0189,0.0,1.0,0.6,1.0,0.0,4.49,5.720311776607412,0.596,0.737,30,5,21.884395840433776
U0080,P0191,0.5,1.0,0.6,1.0,1.0,3.72,4.787491742782046,0.38,0.892,90,5,17.486865078118353
U0080,P0201,0.0,0.0,0.6,1.0,0.0,3.38,4.787491742782046,0.465,0.968,30,5,22.36177093975464
U0080,P0202,0.0,0.0,0.6,1.0,0.0,4.1,5.556828061699537,0.478,0.089,150,5,17.759498754742967
U0080,P0205,0.5,1.0,0.6,1.0,0.0,4.15,6.118097198041348,0.546,0.813,120,5,3.486873459905529
U0080,P0211,0.5,0.0,0.2,1.0,1.0,5.0,7.60688453121963,1.0,0.351,120,5,19.921780497353733
U0080,P0215,0.5,1.0,1.0,1.0,1.0,4.58,3.4011973816621555,0.423,0.982,180,5,18.951180326131205
U0080,P0224,0.5,0.0,0.2,1.0,1.0,4.26,4.382026634673881,0.279,0.985,60,5,20.166743686371458
U0080,P0226,0.5,1.0,0.6,1.0,0.0,4.07,6.646390514847729,0.871,0.965,120,5,11.960065457415041
U0080,P0235,0.5,0.0,0.6,1.0,1.0,3.86,4.812184355372417,0.372,0.491,150,5,23.72037034935697
U0080,P0236,0.5,0.0,0.6,1.0,1.0,3.98,2.772588722239781,0.317,0.87,60,5,27.240578204708076
U0080,P0240,0.5,0.0,0.2,1.0,1.0,5.0,6.843749949006225,0.951,0.465,120,5,14.637363852467837
U0080,P0245,0.0,0.0,0.2,1.0,0.0,4.86,6.558197802812269,0.673,0.09,45,5,15.35633248245544
U0080,P0246,0.0,0.0,0.6,1.0,1.0,4.1,7.27655640271871,1.0,0.662,150,5,39.993901867449935
U0080,P0259,0.0,1.0,1.0,1.0,1.0,4.33,4.330733340286331,0.32,0.951,60,5,24.077189071147174
U0080,P0262,0.5,0.0,0.6,1.0,1.0,3.8,6.186208623900494,0.525,0.274,90,5,29.267650370457396
U0080,P0265,0.0,0.0,0.2,1.0,0.0,4.22,4.418840607796598,0.584,0.31,60,5,32.217365805725294
U0080,P0277,0.5,1.0,1.0,1.0,1.0,4.63,5.808142489980444,0.449,0.179,180,5,25.158124645501005
U0080,P0289,0.0,0.0,0.6,1.0,0.0,4.21,6.42648845745769,0.804,0.318,30,5,10.718617228516704
U0080,P0297,0.5,1.0,0.6,1.0,0.0,4.32,5.902633333401366,0.481,0.089,180,5,21.441293829548453
U0080,P0301,0.5,0.0,0.2,1.0,1.0,4.44,4.394449154672439,0.296,0.296,120,5,18.27479020395953
U0080,P0308,0.0,0.0,0.2,1.0,1.0,5.0,5.655991810819852,0.65,0.669,30,5,26.41258442129185
U0080,P0311,0.5,1.0,1.0,1.0,0.0,3.74,6.066108090103747,0.436,0.613,30,5,22.22944226198859
U0080,P0314,0.0,0.0,0.2,1.0,0.0,3.65,5.351858133476067,0.579,0.284,45,5,11.626910216059768
U0080,P0319,0.5,0.0,0.6,1.0,0.0,4.47,5.5909869805108565,0.502,0.328,120,5,17.06762693195814
U0080,P0325,0.0,1.0,1.0,1.0,1.0,4.0,6.336825731146441,0.61,0.792,30,5,23.753069431940673
U0080,P0327,0.5,0.0,0.2,1.0,1.0,3.98,4.174387269895637,0.483,0.989,90,5,32.20261989806756
U0080,P0336,0.0,0.0,0.6,1.0,1.0,4.66,3.044522437723423,0.302,0.722,180,5,31.142974640758602
U0080,P0344,0.5,0.0,0.6,1.0,1.0,3.99,5.056245805348308,0.403,0.273,90,5,26.574640023305687
U0080,P0349,0.5,0.0,0.6,1.0,1.0,4.25,4.007333185232471,0.525,0.192,150,5,26.68995768590328
U0080,P0350,0.5,1.0,1.0,1.0,1.0,4.52,5.2832037287379885,0.324,0.736,180,5,14.55457613180034
U0080,P0354,0.5,0.0,0.2,1.0,0.0,3.52,7.605890001053122,1.0,0.25,90,5,10.943541294376347
U0080,P0355,0.5,0.0,0.6,1.0,1.0,3.16,7.535830462798367,1.0,0.622,180,5,36.67854451880858
U0080,P0357,0.5,1.0,1.0,1.0,0.0,3.85,5.981414211254481,0.4,0.263,60,5,23.959760354726654
U0080,P0362,0.0,0.0,0.2,1.0,1.0,3.49,6.391917113392602,0.492,0.317,30,5,16.48175088651314
U0080,P0363,0.5,0.0,0.2,1.0,1.0,4.18,5.2832037287379885,0.564,0.497,45,5,16.212432152804123
U0080,P0370,0.5,0.0,0.6,1.0,0.0,4.85,6.717804695023691,0.739,0.797,120,5,5.029033471140132
U0080,P0378,0.5,1.0,0.6,1.0,0.0,3.67,8.658866349732383,1.0,0.865,90,5,3.2382107348941225
U0080,P0383,0.5,1.0,1.0,1.0,1.0,4.62,4.663439094112067,0.311,0.896,120,5,26.61267559862807
U0080,P0385,0.5,1.0,0.6,1.0,1.0,3.82,7.675081857716334,1.0,0.441,120,5,14.703423797766076
U0080,P0393,0.5,0.0,0.6,1.0,1.0,4.35,6.79794041297493,0.641,0.892,90,5,39.41519950032668
U0080,P0406,0.0,1.0,0.6,1.0,0.0,4.02,4.976733742420574,0.349,0.241,180,5,16.41363573463468
U0080,P0414,0.5,1.0,0.6,1.0,1.0,4.81,4.875197323201151,0.574,0.237,45,5,34.64589596821817
U0080,P0415,0.5,0.0,0.6,1.0,1.0,3.91,5.1647859739235145,0.548,0.99,90,5,23.147016478692787
U0080,P0417,0.5,0.0,0.2,1.0,1.0,3.65,4.584967478670572,0.493,0.182,150,5,13.67604152869771
U0080,P0423,0.0,1.0,1.0,1.0,1.0,4.17,6.091309882077698,0.546,0.491,30,5,31.86855124743554
U0080,P0429,0.5,1.0,0.6,1.0,0.0,3.73,6.066108090103747,0.596,0.107,30,5,20.501344993047812
U0080,P0430,0.0,0.0,0.6,1.0,1.0,3.85,6.259581464064923,0.474,0.763,60,5,20.804592112499325
U0080,P0431,0.0,0.0,0.6,1.0,1.0,4.19,3.6888794541139363,0.291,0.653,150,5,21.958354133201702
U0080,P0436,0.5,0.0,0.6,1.0,1.0,4.02,4.543294782270004,0.464,0.947,150,5,9.232332381294164
U0080,P0442,0.0,1.0,1.0,1.0,1.0,3.88,6.75343791859778,0.708,0.96,120,5,18.075496196710056
U0080,P0443,0.5,0.0,0.6,1.0,1.0,4.41,7.716460800176355,1.0,0.876,90,5,19.862790035632248
U0080,P0445,0.5,0.0,0.2,1.0,0.0,4.37,6.8308742346461795,0.666,0.662,150,5,32.42871676012877
U0080,P0457,0.0,1.0,0.6,1.0,1.0,4.21,7.393263094763838,1.0,0.306,150,5,38.148909842370315
U0080,P0461,0.0,0.0,0.6,1.0,1.0,4.58,4.276666119016055,0.594,0.782,120,5,22.03425673617211
U0080,P0467,0.5,0.0,0.6,1.0,1.0,3.45,2.8903717578961645,0.194,0.951,90,5,26.360179933264778
U0080,P0472,0.5,0.0,0.6,1.0,1.0,4.39,5.384495062789089,0.434,0.365,30,5,25.85257441609941
U0080,P0477,0.5,0.0,0.6,1.0,0.0,3.54,7.232733136177615,1.0,0.177,60,5,20.93201051564838
U0080,P0478,0.5,1.0,0.6,1.0,1.0,4.06,6.841615476477592,0.877,0.246,150,5,19.323324496901925
U0080,P0479,0.5,0.0,0.2,1.0,1.0,4.25,6.049733455231958,0.532,0.229,90,5,16.684354844447537
U0080,P0480,0.5,1.0,0.6,1.0,1.0,4.36,6.037870919922137,0.555,0.061,90,5,36.94177005462661
U0080,P0491,0.5,1.0,0.6,1.0,1.0,4.45,6.0112671744041615,0.433,0.251,120,5,32.22472366929517
U0080,P0498,0.5,1.0,0.6,1.0,1.0,3.65,5.1647859739235145,0.582,0.624,90,5,19.219206555199115
U0081,P0013,0.5,0.772,0.2,1.0,1.0,3.86,5.634789603169249,0.339,0.532,120,3,32.60604627276489
U0081,P0018,0.25,0.8939999999999999,0.6,1.0,0.0,4.47,4.04305126783455,0.482,0.204,60,3,20.85734430548381
U0081,P0021,0.25,0.8859999999999999,0.6,1.0,0.0,4.43,5.707110264748875,0.484,0.335,30,3,22.103738157789643
U0081,P0024,0.5,0.778,0.6,1.0,0.0,3.89,6.769641976852503,0.648,0.177,150,3,24.004829637339412
U0081,P0025,0.25,0.85,0.2,1.0,1.0,4.25,3.4011973816621555,0.494,0.273,120,3,4.260933698132508
U0081,P0027,0.25,0.76,0.2,1.0,0.0,3.8,6.234410725718371,0.572,0.848,30,3,26.279003400745957
U0081,P0028,0.25,0.9119999999999999,0.0,1.0,1.0,4.56,6.618738983517219,0.679,0.84,90,3,25.73496900234756
U0081,P0029,0.25,0.744,0.6,1.0,0.0,3.72,5.1298987149230735,0.331,0.257,30,3,17.028205640263096
U0081,P0042,0.25,0.954,0.0,1.0,1.0,4.77,4.882801922586371,0.316,0.243,120,3,33.39497350458157
U0081,P0044,0.5,0.9019999999999999,1.0,1.0,1.0,4.51,5.8971538676367405,0.486,0.319,180,3,25.208958053583867
U0081,P0055,0.25,0.844,0.6,1.0,1.0,4.22,5.4116460518550396,0.467,0.663,45,3,10.81926181220636
U0081,P0059,0.25,0.8160000000000001,0.6,1.0,1.0,4.08,4.110873864173311,0.254,0.625,60,3,14.821025722564482
U0081,P0061,0.25,0.892,0.2,1.0,1.0,4.46,4.418840607796598,0.566,0.148,180,3,10.948859852723848
U0081,P0070,0.25,0.8939999999999999,0.0,1.0,0.0,4.47,4.02535169073515,0.424,0.13,30,3,9.711873600378139
U0081,P0073,0.5,0.844,0.6,1.0,0.0,4.22,6.439350371100098,0.572,0.563,45,3,29.389074647054066
U0081,P0075,0.0,0.866,0.0,1.0,1.0,4.33,5.857933154483459,0.712,0.88,180,3,12.907281107330439
U0081,P0082,0.25,0.924,0.0,1.0,1.0,4.62,4.5217885770490405,0.401,0.831,180,3,15.741710290918787
U0081,P0085,0.25,0.798,0.6,1.0,0.0,3.99,4.605170185988092,0.419,0.631,90,3,20.393275648487645
U0081,P0088,0.5,0.844,1.0,1.0,0.0,4.22,6.493753839851686,0.689,0.944,60,3,26.869905281757966
U0081,P0101,0.25,0.852,1.0,1.0,0.0,4.26,6.173786103901937,0.432,0.519,120,3,15.50200390174605
U0081,P0103,0.25,0.696,0.0,1.0,0.0,3.48,4.382026634673881,0.292,0.671,180,3,12.842897423787088
U0081,P0108,0.5,0.792,0.6,1.0,0.0,3.96,6.411818267709897,0.819,0.98,90,3,19.554481473860367
U0081,P0111,0.25,1.0,1.0,1.0,1.0,5.0,3.295836866004329,0.602,0.408,150,3,29.198036140262754
U0081,P0116,0.5,0.754,0.0,1.0,0.0,3.77,5.762051382780177,0.396,0.685,120,3,25.621622070689483
U0081,P0124,0.25,0.778,0.6,1.0,1.0,3.89,4.718498871295094,0.293,0.335,60,3,17.56212394544124
U0081,P0127,0.0,1.0,0.0,1.0,0.0,5.0,6.739336627357174,0.679,0.12,60,3,4.67767556499324
U0081,P0134,0.25,0.966,0.2,1.0,1.0,4.83,3.784189633918261,0.31,0.18,60,3,11.452410709943251
U0081,P0135,0.5,0.78,1.0,1.0,1.0,3.9,5.659482215759621,0.602,0.484,45,3,15.70175117106183
U0081,P0139,0.5,0.8380000000000001,0.2,1.0,1.0,4.19,4.787491742782046,0.506,0.746,60,3,9.987600874496975
U0081,P0147,0.25,0.766,0.2,1.0,1.0,3.83,6.520621127558696,0.524,0.667,45,3,14.540202317051682
U0081,P0148,0.0,0.852,1.0,1.0,1.0,4.26,4.672828834461906,0.369,0.522,150,3,23.032612035981074
U0081,P0173,0.25,0.778,0.0,1.0,1.0,3.89,5.780743515792329,0.392,0.559,120,3,11.649006073209147
U0081,P0176,0.5,0.8480000000000001,0.6,1.0,1.0,4.24,7.271008538280992,0.926,0.719,180,3,26.967931102111837
U0081,P0177,0.25,0.898,0.2,1.0,1.0,4.49,5.308267697401205,0.435,0.097,180,3,22.05431446443743
U0081,P0179,0.5,0.818,0.2,1.0,1.0,4.09,5.159055299214529,0.479,0.313,120,3,26.21657632661064
U0081,P0183,0.25,0.882,0.0,1.0,1.0,4.41,5.0238805208462765,0.634,0.366,90,3,29.319349768001626
U0081,P0188,0.25,1.0,0.2,1.0,0.0,5.0,4.584967478670572,0.334,0.974,30,3,11.70844819946378
U0081,P0190,0.25,1.0,0.2,1.0,0.0,5.0,4.532599493153256,0.572,0.059,60,3,29.497052758293833
U0081,P0194,0.25,0.85,0.0,1.0,1.0,4.25,7.751475318021456,1.0,0.524,45,3,18.83483569732958
U0081,P0195,0.25,0.906,0.0,1.0,1.0,4.53,4.812184355372417,0.614,0.62,60,3,32.342309196089566
U0081,P0210,0.25,0.9259999999999999,1.0,1.0,1.0,4.63,5.583496308781699,0.649,0.143,120,3,26.296515009661203
U0081,P0217,0.25,0.796,0.6,1.0,0.0,3.98,6.361302477572996,0.586,0.507,150,3,29.478056401304052
U0081,P0223,0.5,0.702,0.0,1.0,0.0,3.51,6.304448802421981,0.679,0.145,180,3,21.374163943331126
U0081,P0231,0.25,0.9960000000000001,1.0,1.0,1.0,4.98,5.545177444479562,0.548,0.787,90,3,25.25136549950293
U0081,P0233,0.25,0.8099999999999999,0.6,1.0,0.0,4.05,5.236441962829949,0.487,0.863,120,3,17.55779838435396
U0081,P0237,0.25,0.6839999999999999,1.0,1.0,0.0,3.42,7.140453043101158,0.812,0.075,90,3,24.331182929936812
U0081,P0239,0.25,0.8720000000000001,0.2,1.0,1.0,4.36,5.87493073085203,0.696,0.338,90,3,26.734615432684357
U0081,P0241,0.25,0.808,0.2,1.0,1.0,4.04,4.356708826689592,0.381,0.48,180,3,26.659489614242016
U0081,P0243,0.5,0.752,0.2,1.0,0.0,3.76,3.8066624897703196,0.479,0.837,30,3,28.337927828218145
U0081,P0244,0.5,0.762,0.0,1.0,1.0,3.81,4.204692619390966,0.356,0.545,60,3,27.934693911085134
U0081,P0253,0.25,0.762,0.2,1.0,1.0,3.81,4.919980925828125,0.378,0.065,90,3,14.706814079060038
U0081,P0256,0.25,0.844,0.2,1.0,1.0,4.22,5.442417710521793,0.498,0.745,60,3,20.99157385595013
U0081,P0258,0.0,0.768,0.0,1.0,1.0,3.84,6.406879986069314,0.577,0.355,120,3,20.383461512831275
U0081,P0267,0.5,0.8140000000000001,0.2,1.0,0.0,4.07,4.060443010546419,0.562,0.874,45,3,34.45497174261404
U0081,P0268,0.0,0.762,1.0,1.0,1.0,3.81,5.560681631015528,0.489,0.985,90,3,32.15320644131052
U0081,P0270,0.25,0.9099999999999999,0.2,1.0,1.0,4.55,4.812184355372417,0.525,0.652,150,3,27.609801306202513
U0081,P0274,0.5,0.8720000000000001,1.0,1.0,1.0,4.36,5.2574953720277815,0.406,0.249,45,3,33.58993819671021
U0081,P0288,0.25,0.8939999999999999,0.2,1.0,0.0,4.47,2.8903717578961645,0.368,0.805,120,3,33.663335673967886
U0081,P0290,0.25,0.686,0.0,1.0,1.0,3.43,6.873163834212518,0.654,0.687,120,3,16.770375959719868
U0081,P0293,0.25,0.836,0.2,1.0,1.0,4.18,5.799092654460526,0.544,0.45,30,3,24.216908303903313
U0081,P0298,0.25,0.914,0.6,1.0,0.0,4.57,4.890349128221754,0.47,0.061,150,3,22.208803826162058
U0081,P0299,0.5,0.796,1.0,1.0,0.0,3.98,4.330733340286331,0.253,0.864,120,3,21.230863370046244
U0081,P0305,0.25,0.6599999999999999,1.0,1.0,0.0,3.3,7.295735072749282,0.946,0.485,150,3,14.77834340609129
U0081,P0309,0.25,0.8300000000000001,1.0,1.0,1.0,4.15,6.371611847231857,0.679,0.38,150,3,32.75167220199603
U0081,P0321,0.5,0.79,0.6,1.0,0.0,3.95,7.503289630675082,1.0,0.512,120,3,17.87471595967538
U0081,P0322,0.25,0.796,0.2,1.0,0.0,3.98,3.713572066704308,0.486,0.203,30,3,18.330012612555453
U0081,P0331,0.5,0.768,0.6,1.0,1.0,3.84,4.844187086458591,0.516,0.81,120,3,24.128094003402357
U0081,P0333,0.5,0.756,0.2,1.0,0.0,3.78,5.631211781821365,0.556,0.339,45,3,36.29632431878184
U0081,P0337,0.25,0.79,0.0,1.0,1.0,3.95,5.056245805348308,0.307,0.719,60,3,4.886686971796789
U0081,P0342,0.25,0.772,1.0,1.0,1.0,3.86,6.089044875446846,0.525,0.867,60,3,11.455995416167266
U0081,P0343,0.25,0.71,0.0,1.0,1.0,3.55,6.3561076606958915,0.603,0.409,180,3,25.92623135134027
U0081,P0352,0.25,0.756,0.6,1.0,0.0,3.78,3.828641396489095,0.537,0.292,45,3,11.542739531961345
U0081,P0353,0.5,0.6799999999999999,0.0,1.0,0.0,3.4,6.2285110035911835,0.648,0.752,180,3,25.152984499145596
U0081,P0356,0.25,0.8380000000000001,0.6,1.0,1.0,4.19,5.384495062789089,0.527,0.839,60,3,24.31405035160187
U0081,P0364,0.25,0.8220000000000001,0.6,1.0,1.0,4.11,5.918893854273146,0.416,0.309,30,3,34.11239191173705
U0081,P0366,0.5,0.8380000000000001,0.2,1.0,0.0,4.19,4.330733340286331,0.575,0.808,150,3,21.9910851243913
U0081,P0372,0.25,0.764,1.0,1.0,0.0,3.82,5.53338948872752,0.348,0.075,30,3,21.097591261462355
U0081,P0375,0.5,0.764,1.0,1.0,1.0,3.82,3.828641396489095,0.268,0.914,150,3,14.78591661958762
U0081,P0381,0.5,0.768,0.2,1.0,0.0,3.84,5.648974238161206,0.43,0.659,180,3,13.877116192607922
U0081,P0386,0.25,0.884,0.0,1.0,0.0,4.42,4.8283137373023015,0.5,0.171,90,3,35.150615229573084
U0081,P0389,0.25,0.754,1.0,1.0,1.0,3.77,5.204006687076795,0.55,0.96,150,3,19.500711550561952
U0081,P0398,0.5,0.722,0.2,1.0,0.0,3.61,6.763884908562435,0.637,0.085,180,3,26.62394611675714
U0081,P0402,0.25,0.828,0.2,1.0,0.0,4.14,4.948759890378168,0.452,0.6,45,3,20.4555961145196
U0081,P0412,0.5,1.0,0.2,1.0,1.0,5.0,5.0689042022202315,0.525,0.426,150,3,25.980919561454183
U0081,P0413,0.25,0.78,0.2,1.0,1.0,3.9,7.24422751560335,0.905,0.439,30,3,34.097486594772406
U0081,P0418,0.0,0.8160000000000001,0.2,1.0,1.0,4.08,5.783825182329737,0.382,0.239,30,3,32.97347480313114
U0081,P0421,0.5,0.8160000000000001,0.0,1.0,0.0,4.08,6.309918278226516,0.666,0.485,180,3,19.993527611110164
U0081,P0422,0.25,0.718,0.0,1.0,1.0,3.59,5.961005339623274,0.498,0.36,180,3,23.17407260103041
U0081,P0428,0.25,0.9480000000000001,0.0,1.0,0.0,4.74,4.820281565605037,0.53,0.979,180,3,24.998239918503522
U0081,P0435,0.25,0.8800000000000001,0.0,1.0,0.0,4.4,7.912423121473705,1.0,0.783,30,3,16.176636166628207
U0081,P0454,0.25,0.6980000000000001,1.0,1.0,0.0,3.49,6.396929655216146,0.507,0.172,120,3,16.58914361346708
U0081,P0464,0.25,0.77,0.2,1.0,1.0,3.85,5.953243334287785,0.534,0.34,60,3,17.314549446981182
U0081,P0465,0.5,0.96,1.0,1.0,1.0,4.8,5.424950017481403,0.464,0.131,150,3,20.94745500623047
U0081,P0466,0.25,0.77,0.2,1.0,1.0,3.85,7.757478766584179,1.0,0.847,90,3,31.059151992738453
U0081,P0468,0.5,0.86,0.6,1.0,1.0,4.3,4.897839799950911,0.313,0.275,30,3,6.719083144493162
U0081,P0470,0.25,0.842,0.0,1.0,1.0,4.21,4.8283137373023015,0.28,0.411,45,3,24.829439124795915
U0081,P0474,0.0,0.682,0.0,1.0,1.0,3.41,4.672828834461906,0.439,0.801,30,3,36.94666446203713
U0081,P0481,0.25,0.8779999999999999,0.2,1.0,1.0,4.39,7.095064377287131,0.812,0.371,150,3,4.946364136313834
U0081,P0496,0.25,0.8380000000000001,0.2,1.0,1.0,4.19,3.091042453358316,0.52,0.853,90,3,25.49793556826929
U0082,P0013,0.0,0.772,1.0,1.0,1.0,3.86,5.634789603169249,0.339,0.532,120,3,15.90840041183805
U0082,P0018,0.3333333333333333,0.8939999999999999,0.6,1.0,0.0,4.47,4.04305126783455,0.482,0.204,60,3,8.077662486989533
U0082,P0021,0.3333333333333333,0.8859999999999999,0.6,1.0,0.0,4.43,5.707110264748875,0.484,0.335,30,3,23.02666883135605
U0082,P0024,0.0,0.778,0.6,1.0,0.0,3.89,6.769641976852503,0.648,0.177,150,3,4.7466203279242185
U0082,P0025,0.0,0.85,1.0,1.0,1.0,4.25,3.4011973816621555,0.494,0.273,120,3,17.24731583270308
U0082,P0027,0.3333333333333333,0.76,1.0,1.0,0.0,3.8,6.234410725718371,0.572,0.848,30,3,9.36417968619376
U0082,P0028,0.3333333333333333,0.9119999999999999,0.6,0.0,1.0,4.56,6.618738983517219,0.679,0.84,90,3,19.178568637977
U0082,P0029,0.3333333333333333,0.744,0.6,1.0,0.0,3.72,5.1298987149230735,0.331,0.257,30,3,22.873926346726524
U0082,P0042,0.3333333333333333,0.954,0.6,0.0,1.0,4.77,4.882801922586371,0.316,0.243,120,3,18.358168461498682
U0082,P0044,0.0,0.9019999999999999,0.2,0.0,1.0,4.51,5.8971538676367405,0.486,0.319,180,3,5.992311398744929
U0082,P0055,0.3333333333333333,0.844,0.6,0.0,1.0,4.22,5.4116460518550396,0.467,0.663,45,3,11.779452028710248
U0082,P0059,0.0,0.8160000000000001,0.6,1.0,1.0,4.08,4.110873864173311,0.254,0.625,60,3,11.486178907214022
U0082,P0061,0.3333333333333333,0.892,1.0,1.0,1.0,4.46,4.418840607796598,0.566,0.148,180,3,14.62243726903804
U0082,P0070,0.3333333333333333,0.8939999999999999,0.6,0.0,0.0,4.47,4.02535169073515,0.424,0.13,30,3,17.700005344304596
U0082,P0073,0.0,0.844,0.6,1.0,0.0,4.22,6.439350371100098,0.572,0.563,45,3,15.734955214981225
U0082,P0075,0.3333333333333333,0.866,0.6,1.0,1.0,4.33,5.857933154483459,0.712,0.88,180,3,10.20872236241641
U0082,P0082,0.0,0.924,0.6,1.0,1.0,4.62,4.5217885770490405,0.401,0.831,180,3,19.20579132757953
U0082,P0085,0.3333333333333333,0.798,0.6,1.0,0.0,3.99,4.605170185988092,0.419,0.631,90,3,9.871342091116983
U0082,P0088,0.0,0.844,0.2,1.0,0.0,4.22,6.493753839851686,0.689,0.944,60,3,10.14063882328921
U0082,P0101,0.3333333333333333,0.852,0.2,1.0,0.0,4.26,6.173786103901937,0.432,0.519,120,3,22.15092145769922
U0082,P0103,0.3333333333333333,0.696,0.6,1.0,0.0,3.48,4.382026634673881,0.292,0.671,180,3,20.769814034467466
U0082,P0108,0.0,0.792,0.6,0.0,0.0,3.96,6.411818267709897,0.819,0.98,90,3,0.710097227433599
U0082,P0111,0.0,1.0,0.2,1.0,1.0,5.0,3.295836866004329,0.602,0.408,150,3,14.261648452499813
U0082,P0116,0.0,0.754,0.6,0.0,0.0,3.77,5.762051382780177,0.396,0.685,120,3,8.427882614973061
U0082,P0124,0.3333333333333333,0.778,0.6,1.0,1.0,3.89,4.718498871295094,0.293,0.335,60,3,3.8662490366466664
U0082,P0127,0.3333333333333333,1.0,0.6,0.0,0.0,5.0,6.739336627357174,0.679,0.12,60,3,14.771453453065968
U0082,P0134,0.3333333333333333,0.966,1.0,1.0,1.0,4.83,3.784189633918261,0.31,0.18,60,3,8.376247631659451
U0082,P0135,0.0,0.78,0.2,1.0,1.0,3.9,5.659482215759621,0.602,0.484,45,3,12.958139422697728
U0082,P0139,0.0,0.8380000000000001,1.0,0.0,1.0,4.19,4.787491742782046,0.506,0.746,60,3,10.848053329956182
U0082,P0147,0.0,0.766,1.0,0.0,1.0,3.83,6.520621127558696,0.524,0.667,45,3,9.425072425778637
U0082,P0148,0.3333333333333333,0.852,0.2,1.0,1.0,4.26,4.672828834461906,0.369,0.522,150,3,9.709658709940985
U0082,P0173,0.0,0.778,0.6,1.0,1.0,3.89,5.780743515792329,0.392,0.559,120,3,16.379414943590742
U0082,P0176,0.0,0.8480000000000001,0.6,0.0,1.0,4.24,7.271008538280992,0.926,0.719,180,3,16.962621391949142
U0082,P0177,0.0,0.898,1.0,1.0,1.0,4.49,5.308267697401205,0.435,0.097,180,3,16.876262195266303
U0082,P0179,0.0,0.818,1.0,1.0,1.0,4.09,5.159055299214529,0.479,0.313,120,3,7.811597398413458
U0082,P0183,0.0,0.882,0.6,1.0,1.0,4.41,5.0238805208462765,0.634,0.366,90,3,12.690709364197783
U0082,P0188,0.3333333333333333,1.0,1.0,0.0,0.0,5.0,4.584967478670572,0.334,0.974,30,3,7.9877408732505915
U0082,P0190,0.0,1.0,1.0,0.0,0.0,5.0,4.532599493153256,0.572,0.059,60,3,18.51441099204569
U0082,P0194,0.3333333333333333,0.85,0.6,1.0,1.0,4.25,7.751475318021456,1.0,0.524,45,3,16.518157487588656
U0082,P0195,0.3333333333333333,0.906,0.6,0.0,1.0,4.53,4.812184355372417,0.614,0.62,60,3,20.418347142329633
U0082,P0210,0.3333333333333333,0.9259999999999999,0.2,1.0,1.0,4.63,5.583496308781699,0.649,0.143,120,3,6.9109314384899525
U0082,P0217,0.3333333333333333,0.796,0.6,1.0,0.0,3.98,6.361302477572996,0.586,0.507,150,3,10.328478357118493
U0082,P0223,0.0,0.702,0.6,0.0,0.0,3.51,6.304448802421981,0.679,0.145,180,3,3.575642220153762
U0082,P0231,0.0,0.9960000000000001,0.2,0.0,1.0,4.98,5.545177444479562,0.548,0.787,90,3,7.526096039711895
U0082,P0233,0.0,0.8099999999999999,0.6,1.0,0.0,4.05,5.236441962829949,0.487,0.863,120,3,3.080681176861417
U0082,P0237,0.3333333333333333,0.6839999999999999,0.2,1.0,0.0,3.42,7.140453043101158,0.812,0.075,90,3,23.458629820137553
U0082,P0239,0.0,0.8720000000000001,1.0,1.0,1.0,4.36,5.87493073085203,0.696,0.338,90,3,12.483092214351982
U0082,P0241,0.0,0.808,1.0,1.0,1.0,4.04,4.356708826689592,0.381,0.48,180,3,8.858864237177126
U0082,P0243,0.0,0.752,1.0,0.0,0.0,3.76,3.8066624897703196,0.479,0.837,30,3,23.00882907335843
U0082,P0244,0.0,0.762,0.6,0.0,1.0,3.81,4.204692619390966,0.356,0.545,60,3,23.601090124124614
U0082,P0253,0.0,0.762,1.0,1.0,1.0,3.81,4.919980925828125,0.378,0.065,90,3,8.104821590822498
U0082,P0256,0.0,0.844,1.0,1.0,1.0,4.22,5.442417710521793,0.498,0.745,60,3,21.494851778828917
U0082,P0258,0.3333333333333333,0.768,0.6,1.0,1.0,3.84,6.406879986069314,0.577,0.355,120,3,3.0181999237239543
U0082,P0267,0.0,0.8140000000000001,1.0,0.0,0.0,4.07,4.060443010546419,0.562,0.874,45,3,17.398029716976094
U0082,P0268,0.3333333333333333,0.762,0.2,1.0,1.0,3.81,5.560681631015528,0.489,0.985,90,3,20.22499855785396
U0082,P0270,0.0,0.9099999999999999,1.0,1.0,1.0,4.55,4.812184355372417,0.525,0.652,150,3,15.90716117310744
U0082,P0274,0.0,0.8720000000000001,0.2,1.0,1.0,4.36,5.2574953720277815,0.406,0.249,45,3,15.358178968661248
U0082,P0288,0.3333333333333333,0.8939999999999999,1.0,1.0,0.0,4.47,2.8903717578961645,0.368,0.805,120,3,17.962777578959063
U0082,P0290,0.0,0.686,0.6,0.0,1.0,3.43,6.873163834212518,0.654,0.687,120,3,13.717444625966975
U0082,P0293,0.3333333333333333,0.836,1.0,1.0,1.0,4.18,5.799092654460526,0.544,0.45,30,3,4.819664951515522
U0082,P0298,0.0,0.914,0.6,0.0,0.0,4.57,4.890349128221754,0.47,0.061,150,3,5.934743703210514
U0082,P0299,0.0,0.796,0.2,1.0,0.0,3.98,4.330733340286331,0.253,0.864,120,3,17.525344636884824
U0082,P0305,0.3333333333333333,0.6599999999999999,0.2,1.0,0.0,3.3,7.295735072749282,0.946,0.485,150,3,10.50047822002711
U0082,P0309,0.3333333333333333,0.8300000000000001,0.2,0.0,1.0,4.15,6.371611847231857,0.679,0.38,150,3,15.124615346433957
U0082,P0321,0.0,0.79,0.6,0.0,0.0,3.95,7.503289630675082,1.0,0.512,120,3,2.024057565852791
U0082,P0322,0.0,0.796,1.0,1.0,0.0,3.98,3.713572066704308,0.486,0.203,30,3,20.656448189629995
U0082,P0331,0.0,0.768,0.6,0.0,1.0,3.84,4.844187086458591,0.516,0.81,120,3,5.413176438253969
U0082,P0333,0.0,0.756,1.0,1.0,0.0,3.78,5.631211781821365,0.556,0.339,45,3,19.507221502845002
U0082,P0337,0.3333333333333333,0.79,0.6,0.0,1.0,3.95,5.056245805348308,0.307,0.719,60,3,18.18097094280519
U0082,P0342,0.0,0.772,0.2,1.0,1.0,3.86,6.089044875446846,0.525,0.867,60,3,14.680192776487713
U0082,P0343,0.0,0.71,0.6,1.0,1.0,3.55,6.3561076606958915,0.603,0.409,180,3,9.25904197673791
U0082,P0352,0.3333333333333333,0.756,0.6,1.0,0.0,3.78,3.828641396489095,0.537,0.292,45,3,7.9690107019189815
U0082,P0353,0.0,0.6799999999999999,0.6,1.0,0.0,3.4,6.2285110035911835,0.648,0.752,180,3,8.13746173014075
U0082,P0356,0.3333333333333333,0.8380000000000001,0.6,0.0,1.0,4.19,5.384495062789089,0.527,0.839,60,3,17.772991645374606
U0082,P0364,0.3333333333333333,0.8220000000000001,0.6,1.0,1.0,4.11,5.918893854273146,0.416,0.309,30,3,15.245356142588342
U0082,P0366,0.0,0.8380000000000001,1.0,1.0,0.0,4.19,4.330733340286331,0.575,0.808,150,3,15.153450317262728
U0082,P0372,0.0,0.764,0.2,1.0,0.0,3.82,5.53338948872752,0.348,0.075,30,3,5.596544290573945
U0082,P0375,0.0,0.764,0.2,1.0,1.0,3.82,3.828641396489095,0.268,0.914,150,3,9.654911813698327
U0082,P0381,0.0,0.768,1.0,1.0,0.0,3.84,5.648974238161206,0.43,0.659,180,3,19.9421704987571
U0082,P0386,0.3333333333333333,0.884,0.6,1.0,0.0,4.42,4.8283137373023015,0.5,0.171,90,3,19.87818280366336
U0082,P0389,0.3333333333333333,0.754,0.2,1.0,1.0,3.77,5.204006687076795,0.55,0.96,150,3,7.688355567333995
U0082,P0398,0.0,0.722,1.0,0.0,0.0,3.61,6.763884908562435,0.637,0.085,180,3,14.505397067097485
U0082,P0402,0.3333333333333333,0.828,1.0,1.0,0.0,4.14,4.948759890378168,0.452,0.6,45,3,20.32353782057919
U0082,P0412,0.0,1.0,1.0,0.0,1.0,5.0,5.0689042022202315,0.525,0.426,150,3,9.66226051019741
U0082,P0413,0.3333333333333333,0.78,1.0,1.0,1.0,3.9,7.24422751560335,0.905,0.439,30,3,19.326141488025748
U0082,P0418,0.3333333333333333,0.8160000000000001,1.0,1.0,1.0,4.08,5.783825182329737,0.382,0.239,30,3,14.03247038360826
U0082,P0421,0.0,0.8160000000000001,0.6,1.0,0.0,4.08,6.309918278226516,0.666,0.485,180,3,16.92399452278212
U0082,P0422,0.3333333333333333,0.718,0.6,0.0,1.0,3.59,5.961005339623274,0.498,0.36,180,3,23.404001967928284
U0082,P0428,0.0,0.9480000000000001,0.6,1.0,0.0,4.74,4.820281565605037,0.53,0.979,180,3,27.018972974431087
U0082,P0435,0.0,0.8800000000000001,0.6,0.0,0.0,4.4,7.912423121473705,1.0,0.783,30,3,21.661184670673478
U0082,P0454,0.3333333333333333,0.6980000000000001,0.2,1.0,0.0,3.49,6.396929655216146,0.507,0.172,120,3,7.0190140626350175
U0082,P0464,0.3333333333333333,0.77,1.0,1.0,1.0,3.85,5.953243334287785,0.534,0.34,60,3,22.16105095331672
U0082,P0465,0.0,0.96,0.2,1.0,1.0,4.8,5.424950017481403,0.464,0.131,150,3,1.8642039729016926
U0082,P0466,0.3333333333333333,0.77,1.0,1.0,1.0,3.85,7.757478766584179,1.0,0.847,90,3,13.107638913074638
U0082,P0468,0.0,0.86,0.6,0.0,1.0,4.3,4.897839799950911,0.313,0.275,30,3,13.899478287953485
U0082,P0470,0.3333333333333333,0.842,0.6,0.0,1.0,4.21,4.8283137373023015,0.28,0.411,45,3,9.055458307868907
U0082,P0474,0.3333333333333333,0.682,0.6,0.0,1.0,3.41,4.672828834461906,0.439,0.801,30,3,19.127808290973476
U0082,P0481,0.3333333333333333,0.8779999999999999,1.0,1.0,1.0,4.39,7.095064377287131,0.812,0.371,150,3,15.047260417775327
U0082,P0496,0.0,0.8380000000000001,1.0,1.0,1.0,4.19,3.091042453358316,0.52,0.853,90,3,19.15504455935709
U0083,P0001,0.0,0.0,0.2,1.0,1.0,4.32,5.337538079701318,0.32,0.667,30,3,9.157496819249856
U0083,P0010,0.0,1.0,1.0,1.0,0.0,3.69,3.8066624897703196,0.479,0.441,180,3,11.124144388850944
U0083,P0011,0.0,0.0,0.2,1.0,0.0,4.76,5.231108616854587,0.371,0.868,45,3,9.54005802795149
U0083,P0012,0.0,0.0,0.2,1.0,0.0,4.13,3.8066624897703196,0.301,0.795,90,3,12.1443065562567
U0083,P0017,0.0,0.0,0.2,1.0,0.0,4.09,4.23410650459726,0.428,0.568,90,3,11.027523754898972
U0083,P0019,1.0,0.0,0.2,1.0,0.0,4.19,3.1780538303479458,0.525,0.83,180,3,5.781953645374376
U0083,P0020,0.0,0.0,0.6,1.0,0.0,3.5,5.736572297479192,0.643,0.617,30,3,9.65033304856231
U0083,P0036,0.0,0.0,0.2,1.0,1.0,4.26,7.346010209913293,0.95,0.192,30,3,1.30472556142359
U0083,P0037,0.0,0.0,0.2,1.0,1.0,4.08,7.3777589082278725,1.0,0.144,120,3,1.1174365786764846
U0083,P0046,1.0,1.0,0.6,1.0,0.0,4.14,6.663132695990803,0.812,0.708,90,3,11.653237589396147
U0083,P0050,0.0,1.0,0.6,1.0,0.0,4.1,5.220355825078324,0.486,0.787,150,3,2.6872946902378563
U0083,P0053,0.0,0.0,0.6,1.0,0.0,4.03,5.986452005284438,0.418,0.63,45,3,9.122628162597703
U0083,P0058,1.0,0.0,0.2,1.0,0.0,4.01,5.863631175598097,0.535,0.485,120,3,6.087385479379902
U0083,P0064,1.0,0.0,0.2,1.0,1.0,3.65,4.8283137373023015,0.408,0.155,90,3,9.9744961334266
U0083,P0077,0.0,0.0,0.6,1.0,1.0,3.79,5.780743515792329,0.656,0.068,90,3,8.067115573743948
U0083,P0080,0.0,0.0,0.6,1.0,1.0,3.56,6.289715570908998,0.705,0.73,45,3,5.850942429312933
U0083,P0086,1.0,0.0,0.6,1.0,0.0,3.7,4.5217885770490405,0.474,0.656,120,3,9.457701629441283
U0083,P0087,0.0,1.0,0.6,1.0,1.0,4.07,5.910796644040527,0.392,0.169,90,3,6.479224432509296
U0083,P0104,0.0,0.0,0.6,1.0,0.0,4.33,6.118097198041348,0.635,0.445,45,3,9.470222919343428
U0083,P0110,0.0,0.0,0.6,1.0,0.0,3.88,5.598421958998375,0.397,0.337,150,3,8.221651249067927
U0083,P0119,0.0,0.0,0.2,1.0,0.0,3.19,5.726847747587197,0.593,0.923,150,3,3.333070922051465
U0083,P0129,1.0,0.0,0.2,1.0,1.0,4.67,4.653960350157523,0.551,0.925,120,3,9.11411022153771
U0083,P0137,0.0,1.0,1.0,1.0,1.0,4.62,5.5134287461649825,0.627,0.357,180,3,6.908501085180208
U0083,P0140,0.0,0.0,0.6,1.0,0.0,4.13,5.043425116919247,0.467,0.645,45,3,12.52348555502402
U0083,P0141,1.0,0.0,0.6,1.0,1.0,4.15,6.295266001439646,0.507,0.666,60,3,11.383145365803808
U0083,P0143,0.0,0.0,0.6,1.0,1.0,5.0,3.1780538303479458,0.308,0.058,180,3,12.184361067112144
U0083,P0156,1.0,1.0,0.6,1.0,1.0,4.0,6.818924065275521,0.86,0.215,60,3,7.042325707554115
U0083,P0158,0.0,1.0,0.6,1.0,1.0,4.69,5.5254529391317835,0.362,0.521,90,3,8.31660930075677
U0083,P0166,0.0,1.0,0.6,1.0,1.0,4.09,4.430816798843313,0.377,0.569,150,3,10.25260061119621
U0083,P0169,0.0,1.0,0.6,1.0,1.0,3.73,5.117993812416755,0.411,0.978,60,3,8.13702699508232
U0083,P0172,0.0,1.0,0.6,1.0,1.0,4.21,4.897839799950911,0.419,0.295,150,3,11.217930718547187
U0083,P0184,0.0,1.0,0.6,1.0,1.0,4.2,5.517452896464707,0.367,0.557,90,3,8.524902989826868
U0083,P0187,0.0,1.0,0.6,1.0,1.0,4.75,6.651571873589727,0.602,0.195,30,3,5.1178738137060975
U0083,P0193,0.0,0.0,0.6,1.0,1.0,3.76,5.683579767338681,0.552,0.102,150,3,4.879095207197411
U0083,P0196,1.0,1.0,0.6,1.0,1.0,3.7,6.091309882077698,0.697,0.236,90,3,11.84394586810522
U0083,P0206,0.0,1.0,0.6,1.0,1.0,4.42,4.1588830833596715,0.469,0.718,45,3,9.126698369107565
U0083,P0212,0.0,0.0,0.6,1.0,1.0,3.99,6.666956792429207,0.86,0.663,90,3,7.893920804772134
U0083,P0238,0.0,0.0,0.6,1.0,1.0,4.84,5.204006687076795,0.479,0.867,45,3,14.023579067436547
U0083,P0248,1.0,1.0,1.0,1.0,0.0,4.79,6.148468295917647,0.759,0.562,120,3,6.548776400032437
U0083,P0251,0.0,1.0,0.6,1.0,0.0,4.52,7.791522819150732,1.0,0.95,45,3,9.208956167665004
U0083,P0252,0.0,0.0,0.2,1.0,1.0,3.47,6.175867270105761,0.566,0.349,150,3,3.977513097586698
U0083,P0254,0.0,1.0,0.6,1.0,1.0,3.83,4.465908118654584,0.391,0.821,45,3,7.539438751678983
U0083,P0260,0.0,1.0,1.0,1.0,0.0,4.14,6.401917196727186,0.669,0.714,180,3,4.920231248932714
U0083,P0263,0.0,1.0,1.0,1.0,1.0,3.76,3.367295829986474,0.32,0.879,90,3,11.073033999569674
U0083,P0272,1.0,0.0,0.2,1.0,0.0,4.34,7.2305631534092925,1.0,0.47,30,3,13.315287240040627
U0083,P0275,1.0,0.0,0.6,1.0,1.0,4.27,4.77912349311153,0.591,0.889,120,3,5.397022382802609
U0083,P0280,0.0,0.0,0.2,1.0,0.0,4.28,4.997212273764115,0.537,0.941,120,3,9.289694082200306
U0083,P0281,0.0,1.0,0.6,1.0,0.0,4.23,7.990576881743923,1.0,0.771,30,3,4.396666859518069
U0083,P0291,0.0,0.0,0.2,1.0,1.0,4.25,5.003946305945459,0.58,0.478,180,3,4.390359753473389
U0083,P0296,1.0,1.0,1.0,1.0,0.0,4.13,4.927253685157205,0.342,0.209,150,3,9.323405539617099
U0083,P0302,0.0,1.0,1.0,1.0,0.0,4.49,7.126890808898808,1.0,0.434,90,3,11.31200335277603
U0083,P0303,0.0,0.0,0.2,1.0,0.0,4.29,7.752335163302292,1.0,0.487,150,3,9.151599161460021
U0083,P0307,0.0,1.0,1.0,1.0,1.0,4.23,4.1588830833596715,0.352,0.184,180,3,11.606273657876084
U0083,P0317,1.0,0.0,0.6,1.0,0.0,4.03,4.990432586778736,0.512,0.102,120,3,8.580439865367934
U0083,P0318,0.0,1.0,1.0,1.0,1.0,3.64,3.5263605246161616,0.245,0.601,60,3,8.874882444805028
U0083,P0320,0.0,1.0,0.6,1.0,1.0,3.52,3.9512437185814275,0.257,0.072,30,3,9.854432731825298
U0083,P0324,0.0,0.0,0.6,1.0,0.0,2.89,5.438079308923196,0.474,0.684,60,3,11.149200734701814
U0083,P0326,1.0,1.0,0.6,1.0,1.0,4.93,6.852242569051878,0.99,0.062,60,3,11.077274287046635
U0083,P0328,0.0,1.0,1.0,1.0,1.0,5.0,5.572154032177765,0.438,0.843,180,3,12.169635315648746
U0083,P0330,0.0,1.0,0.6,1.0,0.0,4.19,5.327876168789581,0.598,0.205,45,3,8.718289876350104
U0083,P0332,0.0,1.0,1.0,1.0,1.0,4.09,4.852030263919617,0.297,0.955,45,3,11.482573987518151
U0083,P0335,0.0,1.0,1.0,1.0,1.0,2.91,6.810142450115136,0.759,0.945,45,3,11.146859160996254
U0083,P0338,0.0,0.0,0.2,1.0,0.0,3.47,4.574710978503383,0.318,0.942,180,3,9.82790603899527
U0083,P0339,0.0,0.0,0.2,1.0,1.0,3.6,7.602900462204755,1.0,0.852,30,3,3.197661407099114
U0083,P0345,0.0,0.0,0.2,1.0,1.0,4.42,6.035481432524756,0.502,0.356,150,3,10.125928339753317
U0083,P0346,0.0,0.0,0.2,1.0,1.0,3.94,6.891625897052253,0.71,0.595,150,3,7.502754323754559
U0083,P0351,0.0,0.0,0.2,1.0,0.0,3.86,6.759255270663693,0.911,0.546,150,3,12.042991761554584
U0083,P0358,0.0,0.0,0.2,1.0,1.0,4.08,6.824373670043086,0.828,0.55,45,3,10.190721956905819
U0083,P0359,0.0,0.0,0.2,1.0,0.0,4.15,5.683579767338681,0.385,0.23,180,3,11.339122091288768
U0083,P0361,1.0,1.0,0.6,1.0,0.0,4.24,3.4657359027997265,0.315,0.898,120,3,14.526523796982028
U0083,P0367,0.0,1.0,1.0,1.0,0.0,4.28,3.4657359027997265,0.364,0.516,90,3,13.216733126841458
U0083,P0369,0.0,0.0,0.2,1.0,1.0,4.22,6.679599185844383,0.722,0.849,180,3,5.230585783355306
U0083,P0371,0.0,1.0,1.0,1.0,1.0,3.27,3.970291913552122,0.261,0.161,30,3,7.345982891518639
U0083,P0374,0.0,1.0,0.6,1.0,1.0,4.18,4.59511985013459,0.424,0.35,90,3,12.50984391042252
U0083,P0380,0.0,0.0,0.2,1.0,1.0,3.71,6.342121418721152,0.567,0.181,150,3,4.229360491543185
U0083,P0388,1.0,0.0,0.2,1.0,1.0,4.38,3.6375861597263857,0.236,0.587,120,3,5.781952199643654
U0083,P0390,1.0,1.0,1.0,1.0,0.0,4.07,6.246106765481563,0.77,0.068,120,3,7.224711773990724
U0083,P0391,0.0,1.0,0.6,1.0,1.0,4.18,3.912023005428146,0.403,0.413,30,3,8.152190048358003
U0083,P0392,1.0,0.0,0.2,1.0,1.0,4.27,6.234410725718371,0.68,0.354,30,3,9.495834547438776
U0083,P0395,0.0,0.0,0.6,1.0,0.0,4.07,3.5263605246161616,0.234,0.739,150,3,8.222217541882264
U0083,P0399,0.0,1.0,0.6,1.0,1.0,4.08,6.318968113746434,0.659,0.547,150,3,9.976027627009943
U0083,P0400,0.0,0.0,0.6,1.0,0.0,4.11,5.537334267018537,0.362,0.263,120,3,11.670068711403639
U0083,P0403,0.0,1.0,0.6,1.0,1.0,3.9,5.1298987149230735,0.376,0.857,150,3,9.508658016567002
U0083,P0405,1.0,0.0,0.6,1.0,0.0,4.67,4.430816798843313,0.395,0.346,90,3,8.352158930753102
U0083,P0424,0.0,1.0,0.6,1.0,0.0,4.23,8.446556111816797,1.0,0.196,30,3,11.503450063632664
U0083,P0426,0.0,1.0,1.0,1.0,1.0,3.82,4.836281906951478,0.263,0.938,120,3,8.979715308972338
U0083,P0427,0.0,0.0,0.6,1.0,0.0,3.81,6.927557906278317,0.653,0.401,45,3,9.757173430335694
U0083,P0438,1.0,0.0,0.6,1.0,0.0,4.09,7.653494909661253,1.0,0.446,45,3,7.536004113061319
U0083,P0441,0.0,0.0,0.2,1.0,0.0,5.0,4.867534450455582,0.426,0.41,150,3,3.597614833797036
U0083,P0447,0.0,1.0,0.6,1.0,0.0,4.58,6.903747257584598,0.815,0.525,120,3,10.50082507399131
U0083,P0452,1.0,0.0,0.2,1.0,1.0,4.11,7.034387929915503,1.0,0.161,150,3,4.341102430339664
U0083,P0455,0.0,0.0,0.2,1.0,0.0,4.39,8.096208271650037,1.0,0.794,150,3,12.058841957110365
U0083,P0462,0.0,0.0,0.2,1.0,0.0,4.16,4.663439094112067,0.492,0.556,150,3,11.63495450987428
U0083,P0463,0.0,1.0,1.0,1.0,0.0,4.64,3.6888794541139363,0.486,0.955,180,3,6.658665128030184
U0083,P0484,1.0,0.0,0.6,1.0,1.0,3.8,7.661527081358517,1.0,0.302,60,3,3.363028883725849
U0083,P0488,0.0,1.0,1.0,1.0,0.0,3.9,3.258096538021482,0.334,0.777,30,3,12.84082433031055
U0083,P0495,1.0,0.0,0.2,1.0,1.0,4.0,5.53338948872752,0.423,0.22,60,3,10.804928354516985
U0083,P0497,0.0,1.0,0.6,1.0,1.0,3.99,4.68213122712422,0.302,0.419,30,3,10.590267936877632
U0083,P0499,0.0,0.0,0.6,1.0,1.0,4.91,6.269096283706261,0.682,0.5,120,3,12.568428326140154
U0083,P0500,0.0,0.0,0.2,1.0,0.0,3.84,6.18826412308259,0.439,0.839,180,3,8.494879363188327
U0084,P0001,0.3333333333333333,0.32,0.6,1.0,1.0,4.32,5.337538079701318,0.32,0.667,30,7,20.19842265521559
U0084,P0010,0.3333333333333333,0.479,0.6,1.0,1.0,3.69,3.8066624897703196,0.479,0.441,180,7,21.665174484689274
U0084,P0011,0.3333333333333333,0.371,0.6,1.0,1.0,4.76,5.231108616854587,0.371,0.868,45,7,15.701877288665068
U0084,P0012,0.3333333333333333,0.301,0.6,1.0,1.0,4.13,3.8066624897703196,0.301,0.795,90,7,1.6608056478652258
U0084,P0017,0.3333333333333333,0.428,0.6,1.0,1.0,4.09,4.23410650459726,0.428,0.568,90,7,21.03054696653797
U0084,P0019,0.0,0.525,0.6,1.0,1.0,4.19,3.1780538303479458,0.525,0.83,180,7,9.413806892551886
U0084,P0020,0.0,0.643,1.0,1.0,1.0,3.5,5.736572297479192,0.643,0.617,30,7,11.64497505326935
U0084,P0036,0.3333333333333333,0.95,0.6,1.0,1.0,4.26,7.346010209913293,0.95,0.192,30,7,12.152698274123727
U0084,P0037,0.0,1.0,0.6,1.0,1.0,4.08,7.3777589082278725,1.0,0.144,120,7,11.277549983579094
U0084,P0046,0.0,0.812,0.2,1.0,1.0,4.14,6.663132695990803,0.812,0.708,90,7,0.6092039111871549
U0084,P0050,0.0,0.486,0.2,1.0,1.0,4.1,5.220355825078324,0.486,0.787,150,7,8.541148369077781
U0084,P0053,0.3333333333333333,0.418,1.0,1.0,1.0,4.03,5.986452005284438,0.418,0.63,45,7,20.165122652744337
U0084,P0058,0.0,0.535,0.6,1.0,1.0,4.01,5.863631175598097,0.535,0.485,120,7,7.583813010452016
U0084,P0064,0.0,0.408,0.6,1.0,1.0,3.65,4.8283137373023015,0.408,0.155,90,7,17.053176324838194
U0084,P0077,0.3333333333333333,0.656,1.0,1.0,1.0,3.79,5.780743515792329,0.656,0.068,90,7,4.274347253275945
U0084,P0080,0.3333333333333333,0.705,1.0,1.0,1.0,3.56,6.289715570908998,0.705,0.73,45,7,5.411912956967871
U0084,P0086,0.0,0.474,1.0,1.0,1.0,3.7,4.5217885770490405,0.474,0.656,120,7,8.942877883430024
U0084,P0087,0.0,0.392,0.2,1.0,1.0,4.07,5.910796644040527,0.392,0.169,90,7,15.625141343693718
U0084,P0104,0.3333333333333333,0.635,1.0,1.0,1.0,4.33,6.118097198041348,0.635,0.445,45,7,15.784653122858582
U0084,P0110,0.3333333333333333,0.397,1.0,1.0,1.0,3.88,5.598421958998375,0.397,0.337,150,7,19.17810663805935
U0084,P0119,0.3333333333333333,0.593,0.6,1.0,1.0,3.19,5.726847747587197,0.593,0.923,150,7,13.203672659409621
U0084,P0129,0.0,0.551,0.6,1.0,1.0,4.67,4.653960350157523,0.551,0.925,120,7,14.180802305429173
U0084,P0137,0.0,0.627,0.6,1.0,1.0,4.62,5.5134287461649825,0.627,0.357,180,7,5.646967943811531
U0084,P0140,0.3333333333333333,0.467,1.0,1.0,1.0,4.13,5.043425116919247,0.467,0.645,45,7,2.6518884419043656
U0084,P0141,0.0,0.507,1.0,1.0,1.0,4.15,6.295266001439646,0.507,0.666,60,7,9.268695836498095
U0084,P0143,0.0,0.308,1.0,1.0,1.0,5.0,3.1780538303479458,0.308,0.058,180,7,16.983962357148133
U0084,P0156,0.0,0.86,0.2,1.0,1.0,4.0,6.818924065275521,0.86,0.215,60,7,11.593660532633855
U0084,P0158,0.3333333333333333,0.362,0.2,1.0,1.0,4.69,5.5254529391317835,0.362,0.521,90,7,15.181362895380635
U0084,P0166,0.6666666666666666,0.377,0.2,1.0,1.0,4.09,4.430816798843313,0.377,0.569,150,7,21.2824323479882
U0084,P0169,0.3333333333333333,0.411,0.2,1.0,1.0,3.73,5.117993812416755,0.411,0.978,60,7,6.232363245735243
U0084,P0172,0.3333333333333333,0.419,0.2,1.0,1.0,4.21,4.897839799950911,0.419,0.295,150,7,14.600379527814313
U0084,P0184,0.3333333333333333,0.367,0.2,1.0,1.0,4.2,5.517452896464707,0.367,0.557,90,7,13.00212980095461
U0084,P0187,0.3333333333333333,0.602,0.2,1.0,1.0,4.75,6.651571873589727,0.602,0.195,30,7,11.502434475154836
U0084,P0193,0.0,0.552,1.0,1.0,1.0,3.76,5.683579767338681,0.552,0.102,150,7,8.166852874688448
U0084,P0196,0.0,0.697,0.2,1.0,1.0,3.7,6.091309882077698,0.697,0.236,90,7,21.607270162299997
U0084,P0206,0.6666666666666666,0.469,0.2,1.0,1.0,4.42,4.1588830833596715,0.469,0.718,45,7,20.079454684889985
U0084,P0212,0.3333333333333333,0.86,1.0,1.0,1.0,3.99,6.666956792429207,0.86,0.663,90,7,3.2991926225575674
U0084,P0238,0.6666666666666666,0.479,1.0,1.0,1.0,4.84,5.204006687076795,0.479,0.867,45,7,17.149019516872595
U0084,P0248,0.0,0.759,0.6,1.0,1.0,4.79,6.148468295917647,0.759,0.562,120,7,17.524846748706654
U0084,P0251,0.6666666666666666,1.0,0.2,1.0,1.0,4.52,7.791522819150732,1.0,0.95,45,7,2.6393589134705975
U0084,P0252,0.3333333333333333,0.566,0.6,1.0,1.0,3.47,6.175867270105761,0.566,0.349,150,7,9.557752066889337
U0084,P0254,0.6666666666666666,0.391,0.2,1.0,1.0,3.83,4.465908118654584,0.391,0.821,45,7,18.139106435957206
U0084,P0260,0.3333333333333333,0.669,0.6,1.0,1.0,4.14,6.401917196727186,0.669,0.714,180,7,14.57237390675528
U0084,P0263,0.6666666666666666,0.32,0.6,1.0,1.0,3.76,3.367295829986474,0.32,0.879,90,7,1.1671001946629804
U0084,P0272,0.0,1.0,0.6,1.0,1.0,4.34,7.2305631534092925,1.0,0.47,30,7,18.95264777447666
U0084,P0275,0.0,0.591,1.0,1.0,1.0,4.27,4.77912349311153,0.591,0.889,120,7,5.940384484592626
U0084,P0280,0.0,0.537,0.6,1.0,1.0,4.28,4.997212273764115,0.537,0.941,120,7,19.660503423135722
U0084,P0281,0.3333333333333333,1.0,0.2,1.0,1.0,4.23,7.990576881743923,1.0,0.771,30,7,7.602982308547812
U0084,P0291,0.3333333333333333,0.58,0.6,1.0,1.0,4.25,5.003946305945459,0.58,0.478,180,7,8.23418508495099
U0084,P0296,0.0,0.342,0.6,1.0,1.0,4.13,4.927253685157205,0.342,0.209,150,7,2.1221159234672227
U0084,P0302,0.6666666666666666,1.0,0.6,1.0,1.0,4.49,7.126890808898808,1.0,0.434,90,7,19.977327342744726
U0084,P0303,0.3333333333333333,1.0,0.6,1.0,1.0,4.29,7.752335163302292,1.0,0.487,150,7,17.56822635553108
U0084,P0307,0.3333333333333333,0.352,0.6,1.0,1.0,4.23,4.1588830833596715,0.352,0.184,180,7,22.254584407621355
U0084,P0317,0.0,0.512,1.0,1.0,1.0,4.03,4.990432586778736,0.512,0.102,120,7,10.985920135056954
U0084,P0318,0.3333333333333333,0.245,0.6,1.0,1.0,3.64,3.5263605246161616,0.245,0.601,60,7,19.142651058385123
U0084,P0320,0.0,0.257,0.2,1.0,1.0,3.52,3.9512437185814275,0.257,0.072,30,7,19.590012802176425
U0084,P0324,0.3333333333333333,0.474,1.0,1.0,1.0,2.89,5.438079308923196,0.474,0.684,60,7,2.49614237429513
U0084,P0326,0.0,0.99,0.2,1.0,1.0,4.93,6.852242569051878,0.99,0.062,60,7,4.4742361185950275
U0084,P0328,0.3333333333333333,0.438,0.6,1.0,1.0,5.0,5.572154032177765,0.438,0.843,180,7,19.326935014498346
U0084,P0330,0.3333333333333333,0.598,0.2,1.0,1.0,4.19,5.327876168789581,0.598,0.205,45,7,6.37350998824414
U0084,P0332,0.3333333333333333,0.297,0.6,1.0,1.0,4.09,4.852030263919617,0.297,0.955,45,7,19.941786634742446
U0084,P0335,0.6666666666666666,0.759,0.6,1.0,1.0,2.91,6.810142450115136,0.759,0.945,45,7,17.898229458656886
U0084,P0338,0.3333333333333333,0.318,0.6,1.0,1.0,3.47,4.574710978503383,0.318,0.942,180,7,20.29096788896054
U0084,P0339,0.3333333333333333,1.0,0.6,1.0,1.0,3.6,7.602900462204755,1.0,0.852,30,7,12.282784668195442
U0084,P0345,0.6666666666666666,0.502,0.6,1.0,1.0,4.42,6.035481432524756,0.502,0.356,150,7,20.948843217641194
U0084,P0346,0.0,0.71,0.6,1.0,1.0,3.94,6.891625897052253,0.71,0.595,150,7,7.942514136663426
U0084,P0351,0.3333333333333333,0.911,0.6,1.0,1.0,3.86,6.759255270663693,0.911,0.546,150,7,1.0727154268922041
U0084,P0358,0.3333333333333333,0.828,0.6,1.0,1.0,4.08,6.824373670043086,0.828,0.55,45,7,13.120560969790091
U0084,P0359,0.0,0.385,0.6,1.0,1.0,4.15,5.683579767338681,0.385,0.23,180,7,14.706253259323917
U0084,P0361,0.0,0.315,0.2,1.0,1.0,4.24,3.4657359027997265,0.315,0.898,120,7,17.8607038550163
U0084,P0367,0.3333333333333333,0.364,0.6,1.0,1.0,4.28,3.4657359027997265,0.364,0.516,90,7,15.170888088295817
U0084,P0369,0.3333333333333333,0.722,0.6,1.0,1.0,4.22,6.679599185844383,0.722,0.849,180,7,5.815731454157066
U0084,P0371,0.3333333333333333,0.261,0.6,1.0,1.0,3.27,3.970291913552122,0.261,0.161,30,7,12.262329473390924
U0084,P0374,0.3333333333333333,0.424,0.2,1.0,1.0,4.18,4.59511985013459,0.424,0.35,90,7,16.659519891792613
U0084,P0380,0.0,0.567,0.6,1.0,1.0,3.71,6.342121418721152,0.567,0.181,150,7,13.508215650662654
U0084,P0388,0.0,0.236,0.6,1.0,1.0,4.38,3.6375861597263857,0.236,0.587,120,7,9.199921833440913
U0084,P0390,0.0,0.77,0.6,1.0,1.0,4.07,6.246106765481563,0.77,0.068,120,7,6.333489804558151
U0084,P0391,0.6666666666666666,0.403,0.2,1.0,1.0,4.18,3.912023005428146,0.403,0.413,30,7,13.837650994465577
U0084,P0392,0.0,0.68,0.6,1.0,1.0,4.27,6.234410725718371,0.68,0.354,30,7,20.150410148786747
U0084,P0395,0.3333333333333333,0.234,1.0,1.0,1.0,4.07,3.5263605246161616,0.234,0.739,150,7,5.652859764011748
U0084,P0399,0.0,0.659,0.2,1.0,1.0,4.08,6.318968113746434,0.659,0.547,150,7,20.45478687906891
U0084,P0400,0.6666666666666666,0.362,1.0,1.0,1.0,4.11,5.537334267018537,0.362,0.263,120,7,20.917901984798785
U0084,P0403,0.3333333333333333,0.376,0.2,1.0,1.0,3.9,5.1298987149230735,0.376,0.857,150,7,3.456990337157808
U0084,P0405,0.0,0.395,1.0,1.0,1.0,4.67,4.430816798843313,0.395,0.346,90,7,17.498521713333798
U0084,P0424,0.0,1.0,0.2,1.0,1.0,4.23,8.446556111816797,1.0,0.196,30,7,15.837561253377514
U0084,P0426,0.3333333333333333,0.263,0.6,1.0,1.0,3.82,4.836281906951478,0.263,0.938,120,7,17.06653182111924
U0084,P0427,0.0,0.653,1.0,1.0,1.0,3.81,6.927557906278317,0.653,0.401,45,7,19.988376838469414
U0084,P0438,0.0,1.0,1.0,1.0,1.0,4.09,7.653494909661253,1.0,0.446,45,7,12.321980840688017
U0084,P0441,0.0,0.426,0.6,1.0,1.0,5.0,4.867534450455582,0.426,0.41,150,7,12.695157266900734
U0084,P0447,0.0,0.815,0.2,1.0,1.0,4.58,6.903747257584598,0.815,0.525,120,7,11.581400938267768
U0084,P0452,0.0,1.0,0.6,1.0,1.0,4.11,7.034387929915503,1.0,0.161,150,7,15.385034171991212
U0084,P0455,0.6666666666666666,1.0,0.6,1.0,1.0,4.39,8.096208271650037,1.0,0.794,150,7,22.94408729634925
U0084,P0462,0.0,0.492,0.6,1.0,1.0,4.16,4.663439094112067,0.492,0.556,150,7,22.673248699924194
U0084,P0463,0.0,0.486,0.6,1.0,1.0,4.64,3.6888794541139363,0.486,0.955,180,7,4.396193656697444
U0084,P0484,0.0,1.0,1.0,1.0,1.0,3.8,7.661527081358517,1.0,0.302,60,7,14.406700861152189
U0084,P0488,0.3333333333333333,0.334,0.6,1.0,1.0,3.9,3.258096538021482,0.334,0.777,30,7,23.713296223584447
U0084,P0495,0.0,0.423,0.6,1.0,1.0,4.0,5.53338948872752,0.423,0.22,60,7,7.206747210735116
U0084,P0497,0.3333333333333333,0.302,0.2,1.0,1.0,3.99,4.68213122712422,0.302,0.419,30,7,13.106553422989592
U0084,P0499,0.6666666666666666,0.682,1.0,1.0,1.0,4.91,6.269096283706261,0.682,0.5,120,7,23.302740560501498
U0084,P0500,0.3333333333333333,0.439,0.6,1.0,1.0,3.84,6.18826412308259,0.439,0.839,180,7,19.52217937274264
U0085,P0002,0.25,0.376,1.0,0.0,1.0,4.39,7.3277805384216315,0.958,0.624,180,3,34.326627775848934
U0085,P0006,0.25,0.027000000000000024,0.6,1.0,1.0,3.89,4.941642422609304,0.534,0.973,90,3,38.414254489127785
U0085,P0009,0.0,0.883,0.2,1.0,1.0,3.64,5.877735781779639,0.429,0.117,30,3,12.871637335161095
U0085,P0023,0.25,0.881,0.6,0.0,1.0,3.43,4.6443908991413725,0.5,0.119,45,3,23.452519851517433
U0085,P0030,0.25,0.28800000000000003,0.6,1.0,1.0,4.25,6.670766320845874,0.706,0.712,150,3,32.57631326357482
U0085,P0033,0.25,0.484,0.2,1.0,1.0,4.47,7.1276936993473985,0.868,0.516,90,3,11.416334195724506
U0085,P0035,0.0,0.42400000000000004,0.6,0.0,1.0,4.26,4.727387818712341,0.39,0.576,60,3,18.41392643769015
U0085,P0045,0.25,0.5880000000000001,0.6,0.0,1.0,3.86,6.118097198041348,0.597,0.412,45,3,17.554214945121522
U0085,P0048,0.25,0.30100000000000005,0.6,1.0,1.0,3.92,3.7612001156935624,0.3,0.699,90,3,23.23193473997897
U0085,P0049,0.25,0.663,0.2,1.0,1.0,4.23,5.814130531825066,0.516,0.337,60,3,11.485646949286993
U0085,P0051,0.0,0.5549999999999999,1.0,1.0,1.0,3.46,4.997212273764115,0.515,0.445,30,3,7.574237844732246
U0085,P0057,0.25,0.642,0.6,1.0,1.0,4.13,8.455955881945048,1.0,0.358,180,3,13.42704717373003
U0085,P0062,0.25,0.779,0.6,1.0,1.0,4.73,3.828641396489095,0.553,0.221,180,3,22.60745006881996
U0085,P0071,0.25,0.30600000000000005,0.6,1.0,1.0,4.2,7.069023426578259,1.0,0.694,150,3,12.177081776061891
U0085,P0079,0.25,0.595,0.2,1.0,1.0,4.94,6.07073772800249,0.775,0.405,120,3,32.208022903433694
U0085,P0090,0.0,0.374,0.6,1.0,1.0,3.98,8.764209507142004,1.0,0.626,30,3,11.98163863115652
U0085,P0094,0.25,0.817,0.2,0.0,1.0,4.31,5.41610040220442,0.332,0.183,45,3,10.32757111184986
U0085,P0095,0.0,0.29600000000000004,0.2,1.0,1.0,3.72,3.6888794541139363,0.332,0.704,150,3,15.279263275828923
U0085,P0097,0.0,0.6659999999999999,1.0,1.0,1.0,4.2,4.007333185232471,0.425,0.334,150,3,21.646632305933398
U0085,P0098,0.25,0.07199999999999995,0.6,1.0,1.0,4.18,5.963579343618446,0.67,0.928,180,3,14.505766325643991
U0085,P0099,0.0,0.501,0.6,1.0,1.0,3.7,5.68697535633982,0.402,0.499,150,3,14.362241725711991
U0085,P0112,0.0,0.523,0.6,1.0,1.0,4.41,3.58351893845611,0.431,0.477,45,3,29.877270106015303
U0085,P0117,0.0,0.6779999999999999,0.6,1.0,1.0,4.12,4.718498871295094,0.261,0.322,120,3,33.654900160584766
U0085,P0118,0.25,0.16300000000000003,0.2,1.0,1.0,5.0,6.261491684321042,0.616,0.837,90,3,25.348617632717396
U0085,P0130,0.25,0.14300000000000002,0.6,1.0,1.0,4.3,6.429719478039138,0.746,0.857,90,3,12.287349908203847
U0085,P0131,0.25,0.542,0.6,1.0,1.0,3.68,5.429345628954441,0.51,0.458,90,3,21.619317691046756
U0085,P0132,0.25,0.577,0.6,1.0,1.0,2.64,4.276666119016055,0.204,0.423,150,3,4.931932622159482
U0085,P0149,0.25,0.41100000000000003,1.0,1.0,1.0,4.5,5.869296913133774,0.567,0.589,60,3,4.9352569792198935
U0085,P0153,0.25,0.6839999999999999,0.6,1.0,1.0,4.09,5.641907070938114,0.516,0.316,45,3,36.017465488981436
U0085,P0159,0.25,0.33899999999999997,1.0,1.0,1.0,4.41,5.1298987149230735,0.471,0.661,120,3,26.08002078417162
U0085,P0163,0.25,0.8,1.0,1.0,1.0,3.65,4.04305126783455,0.544,0.2,60,3,26.71179403170921
U0085,P0171,0.25,0.09199999999999997,0.6,1.0,1.0,3.73,5.793013608384144,0.62,0.908,90,3,4.388430204159199
U0085,P0178,0.0,0.031000000000000028,0.6,1.0,1.0,4.09,4.30406509320417,0.464,0.969,120,3,23.504972697653155
U0085,P0182,0.25,0.10499999999999998,0.6,1.0,1.0,4.05,5.983936280687191,0.679,0.895,90,3,22.9938029920958
U0085,P0192,0.25,0.906,1.0,1.0,1.0,3.14,4.875197323201151,0.429,0.094,180,3,20.530354486470305
U0085,P0197,0.25,0.5389999999999999,0.6,1.0,1.0,3.51,7.698029170272805,1.0,0.461,120,3,30.083315369801173
U0085,P0203,0.25,0.278,1.0,1.0,1.0,3.9,6.248042874508429,0.636,0.722,180,3,29.536759571120008
U0085,P0204,0.25,0.0030000000000000027,0.6,1.0,1.0,3.62,5.332718793265369,0.506,0.997,60,3,16.416995287223255
U0085,P0207,0.25,0.649,1.0,1.0,1.0,3.41,7.033506484287697,0.876,0.351,120,3,32.63838784800645
U0085,P0213,0.0,0.8089999999999999,0.6,1.0,1.0,4.39,7.142827401161621,1.0,0.191,120,3,11.531211977893488
U0085,P0218,0.25,0.258,0.2,0.0,1.0,4.78,5.5909869805108565,0.417,0.742,45,3,40.054517051488986
U0085,P0219,0.25,0.8240000000000001,1.0,1.0,1.0,4.83,3.8501476017100584,0.321,0.176,150,3,29.07540161406078
U0085,P0221,0.25,0.945,0.6,1.0,1.0,4.27,5.4638318050256105,0.587,0.055,180,3,11.730070227848817
U0085,P0230,0.25,0.14400000000000002,0.2,0.0,1.0,3.85,4.07753744390572,0.455,0.856,150,3,15.959852326875508
U0085,P0234,0.25,0.859,0.2,0.0,1.0,4.38,6.410174881966167,0.632,0.141,150,3,23.520323965037562
U0085,P0242,0.25,0.744,1.0,1.0,1.0,3.38,5.746203190540153,0.404,0.256,150,3,18.728483961809836
U0085,P0247,0.25,0.505,0.6,1.0,1.0,4.13,4.477336814478207,0.441,0.495,120,3,30.807592454424004
U0085,P0264,0.25,0.8220000000000001,0.6,1.0,1.0,3.37,5.560681631015528,0.513,0.178,120,3,13.214363766879186
U0085,P0266,0.25,0.505,0.6,0.0,1.0,4.39,3.5263605246161616,0.475,0.495,60,3,12.454997876552596
U0085,P0273,0.25,0.369,1.0,1.0,1.0,2.99,4.553876891600541,0.308,0.631,30,3,36.355134351461544
U0085,P0276,0.25,0.29400000000000004,0.6,1.0,1.0,4.14,5.313205979041787,0.443,0.706,60,3,26.011088036043933
U0085,P0282,0.0,0.05400000000000005,0.6,1.0,1.0,4.49,5.111987788356544,0.395,0.946,30,3,26.0840129795512
U0085,P0283,0.25,0.384,0.6,1.0,1.0,4.64,5.0106352940962555,0.615,0.616,30,3,21.41943761716417
U0085,P0285,0.25,0.271,0.6,1.0,1.0,3.26,5.081404364984463,0.531,0.729,60,3,33.48041027099412
U0085,P0292,0.0,0.874,1.0,0.0,1.0,4.38,8.224967478914584,1.0,0.126,30,3,3.4235405831640597
U0085,P0294,0.25,0.47,0.6,1.0,1.0,3.89,4.48863636973214,0.435,0.53,150,3,13.653190628159345
U0085,P0295,0.25,0.44899999999999995,0.6,1.0,1.0,4.47,4.477336814478207,0.493,0.551,60,3,34.481095206632155
U0085,P0304,0.25,0.0030000000000000027,0.6,1.0,1.0,3.75,4.007333185232471,0.242,0.997,150,3,22.90193848109376
U0085,P0310,0.25,0.798,0.2,1.0,1.0,4.32,5.771441123130016,0.428,0.202,180,3,2.1923770437453287
U0085,P0312,0.25,0.812,0.6,0.0,1.0,4.95,7.114769448366463,1.0,0.188,90,3,22.611913172223964
U0085,P0313,0.0,0.787,0.6,1.0,1.0,4.82,4.890349128221754,0.312,0.213,120,3,20.627561274688198
U0085,P0316,0.25,0.774,1.0,1.0,1.0,3.34,7.335633981927201,0.913,0.226,90,3,16.474517202138653
U0085,P0323,0.25,0.43700000000000006,1.0,1.0,1.0,3.99,5.176149732573829,0.343,0.563,120,3,34.77594703689582
U0085,P0334,0.25,0.46199999999999997,0.2,0.0,1.0,3.99,7.305188215393037,0.896,0.538,180,3,29.032662788122902
U0085,P0340,0.0,0.712,0.6,1.0,1.0,4.52,7.026426808699636,0.966,0.288,90,3,15.702801868767178
U0085,P0341,0.25,0.507,1.0,1.0,1.0,4.42,4.1588830833596715,0.303,0.493,120,3,5.322018734967867
U0085,P0360,0.25,0.548,0.2,1.0,1.0,3.94,5.43372200355424,0.303,0.452,45,3,28.549015778446755
U0085,P0373,0.0,0.759,0.2,1.0,1.0,4.33,4.634728988229636,0.303,0.241,45,3,21.930372840006466
U0085,P0376,0.25,0.19599999999999995,1.0,1.0,1.0,3.68,3.8918202981106265,0.447,0.804,30,3,13.191535316634697
U0085,P0377,0.0,0.41600000000000004,0.6,1.0,1.0,3.66,6.7650389767805414,0.862,0.584,120,3,25.142960395615802
U0085,P0384,0.25,0.016000000000000014,1.0,1.0,1.0,4.08,7.6251071482389,1.0,0.984,180,3,32.85195048084014
U0085,P0394,0.25,0.675,0.6,0.0,1.0,4.48,6.052089168924417,0.603,0.325,90,3,17.63622711732704
U0085,P0396,0.25,0.372,1.0,0.0,1.0,4.29,5.749392985908253,0.429,0.628,120,3,2.164503146212363
U0085,P0397,0.0,0.28800000000000003,0.2,0.0,1.0,4.22,3.970291913552122,0.358,0.712,180,3,14.972937346846566
U0085,P0407,0.25,0.731,1.0,1.0,1.0,4.75,5.736572297479192,0.433,0.269,90,3,21.722070279958498
U0085,P0408,0.25,0.22299999999999998,0.2,1.0,1.0,4.56,3.7376696182833684,0.272,0.777,30,3,21.17694705911553
U0085,P0409,0.0,0.20199999999999996,0.6,1.0,1.0,4.22,6.568077911411976,0.538,0.798,180,3,17.834191857419327
U0085,P0410,0.25,0.542,0.2,1.0,1.0,4.14,6.778784897685177,0.653,0.458,45,3,15.759980883374668
U0085,P0416,0.0,0.921,0.2,0.0,1.0,3.49,4.406719247264253,0.321,0.079,45,3,16.098723312542308
U0085,P0419,0.0,0.496,0.2,1.0,1.0,4.8,4.30406509320417,0.333,0.504,180,3,31.308884056559517
U0085,P0420,0.25,0.44999999999999996,0.6,0.0,1.0,4.54,5.247024072160486,0.408,0.55,30,3,13.069959958665772
U0085,P0425,0.25,0.863,0.2,1.0,1.0,3.81,4.867534450455582,0.458,0.137,30,3,32.94638209525566
U0085,P0432,0.25,0.7130000000000001,0.2,1.0,1.0,4.8,7.655390644826152,1.0,0.287,90,3,3.6236139636038778
U0085,P0433,0.25,0.5880000000000001,0.6,1.0,1.0,3.82,5.0369526024136295,0.408,0.412,120,3,21.533438436665143
U0085,P0437,0.25,0.5860000000000001,0.6,1.0,1.0,3.48,4.624972813284271,0.277,0.414,90,3,36.47213224142172
U0085,P0439,0.25,0.704,0.6,0.0,1.0,3.87,5.771441123130016,0.536,0.296,45,3,33.719372835287345
U0085,P0444,0.25,0.85,0.6,1.0,1.0,4.36,5.0689042022202315,0.521,0.15,45,3,15.744293216820846
U0085,P0449,0.0,0.882,0.2,1.0,1.0,4.02,5.676753802268282,0.524,0.118,60,3,12.550204789091762
U0085,P0450,0.0,0.764,0.6,0.0,1.0,4.64,4.5217885770490405,0.475,0.236,90,3,20.434171060198455
U0085,P0456,0.25,0.42600000000000005,0.2,1.0,1.0,3.96,5.765191102784844,0.424,0.574,45,3,4.853738471769757
U0085,P0459,0.0,0.28500000000000003,0.2,1.0,1.0,4.37,5.726847747587197,0.418,0.715,150,3,31.384527518319327
U0085,P0471,0.0,0.9,1.0,1.0,1.0,3.52,6.548219102762372,0.617,0.1,60,3,32.60648490951959
U0085,P0473,0.25,0.43100000000000005,0.2,1.0,1.0,4.93,4.219507705176107,0.291,0.569,150,3,30.71159361176204
U0085,P0475,0.25,0.775,0.2,1.0,1.0,4.08,5.793013608384144,0.409,0.225,180,3,34.04815291085879
U0085,P0482,0.25,0.15500000000000003,1.0,1.0,1.0,4.19,6.35088571671474,0.687,0.845,30,3,23.669244989384257
U0085,P0483,0.25,0.633,0.6,1.0,1.0,4.06,7.228388451573604,0.882,0.367,30,3,29.537726717298106
U0085,P0485,0.25,0.493,1.0,1.0,1.0,4.08,3.784189633918261,0.274,0.507,60,3,25.65736425766484
U0085,P0486,0.0,0.14200000000000002,0.2,1.0,1.0,4.16,4.6913478822291435,0.46,0.858,90,3,17.646010727067715
U0085,P0487,0.25,0.839,0.6,1.0,1.0,4.48,4.718498871295094,0.566,0.161,120,3,23.298015741229236
U0085,P0492,0.0,0.651,0.2,1.0,1.0,3.66,5.44673737166631,0.397,0.349,60,3,34.30547571854308
U0085,P0493,0.25,0.355,0.6,1.0,1.0,4.1,4.110873864173311,0.399,0.645,180,3,10.931040213451457
U0085,P0494,0.25,0.8049999999999999,0.2,1.0,1.0,4.78,6.553933404025811,0.866,0.195,180,3,29.91167671512905
U0086,P0004,0.3333333333333333,1.0,0.6,1.0,1.0,4.81,6.421622267806518,0.679,0.831,60,2,36.625377563919585
U0086,P0005,0.3333333333333333,0.0,0.0,1.0,1.0,3.89,6.152732694704104,0.456,0.903,45,2,27.910938010329446
U0086,P0015,0.3333333333333333,1.0,0.6,1.0,1.0,3.83,5.153291594497779,0.446,0.842,45,2,54.729819299334
U0086,P0022,0.0,0.0,0.0,1.0,1.0,4.05,5.14166355650266,0.471,0.356,30,2,17.378391434687746
U0086,P0034,0.0,0.0,0.2,1.0,1.0,4.07,6.704414354964107,0.693,0.164,90,2,16.817690277568786
U0086,P0038,0.3333333333333333,0.0,0.0,1.0,1.0,2.92,6.48768401848461,0.682,0.481,90,2,40.07651122456376
U0086,P0040,0.3333333333333333,1.0,1.0,1.0,1.0,4.14,3.1354942159291497,0.249,0.216,150,2,36.606065493857294
U0086,P0041,0.3333333333333333,0.0,0.0,1.0,1.0,4.0,5.929589143389895,0.485,0.948,150,2,26.696944690311266
U0086,P0043,0.3333333333333333,1.0,1.0,1.0,1.0,3.74,4.90527477843843,0.441,0.523,30,2,60.64833592356014
U0086,P0054,0.0,1.0,0.6,1.0,1.0,4.95,5.71042701737487,0.693,0.563,45,2,58.9995387703502
U0086,P0056,0.0,1.0,1.0,1.0,1.0,3.24,5.472270673671475,0.286,0.576,60,2,41.71737728085489
U0086,P0063,0.0,1.0,1.0,1.0,1.0,4.36,8.128585200374497,1.0,0.358,45,2,27.902790351194746
U0086,P0067,0.3333333333333333,1.0,0.6,1.0,1.0,3.62,6.068425588244111,0.527,0.79,90,2,46.89869056225047
U0086,P0074,0.3333333333333333,0.0,0.0,1.0,1.0,3.54,3.9318256327243257,0.327,0.272,150,2,34.09623511093772
U0086,P0081,0.0,0.0,0.0,1.0,1.0,3.66,6.4457198193855785,0.555,0.365,180,2,45.24980120946155
U0086,P0083,0.3333333333333333,0.0,0.2,1.0,1.0,4.53,5.996452088619021,0.563,0.951,150,2,28.881152446991074
U0086,P0084,0.3333333333333333,1.0,0.6,1.0,1.0,4.47,7.776535028185241,1.0,0.477,60,2,45.27892723860494
U0086,P0089,0.0,1.0,0.6,1.0,1.0,4.11,7.244941546337007,1.0,0.951,150,2,37.25090590103606
U0086,P0091,0.0,0.0,0.0,1.0,1.0,4.38,4.477336814478207,0.301,0.635,90,2,25.906435250238737
U0086,P0092,0.3333333333333333,1.0,1.0,1.0,1.0,3.62,6.07993319509559,0.409,0.52,90,2,25.012048981306737
U0086,P0096,0.0,1.0,1.0,1.0,1.0,3.9,6.52795791762255,0.569,0.786,90,2,15.714307467619834
U0086,P0102,0.0,0.0,0.2,1.0,1.0,4.59,6.7650389767805414,0.896,0.456,120,2,44.680183539484474
U0086,P0107,0.0,1.0,1.0,1.0,1.0,4.53,6.282266746896006,0.812,0.979,90,2,14.460392845122065
U0086,P0115,0.0,0.0,0.0,1.0,1.0,3.78,6.317164686747284,0.541,0.672,45,2,17.834093248073465
U0086,P0122,0.3333333333333333,1.0,1.0,1.0,1.0,4.33,6.539585955617669,0.798,0.795,60,2,40.49996763839191
U0086,P0123,0.3333333333333333,1.0,0.6,1.0,1.0,3.56,5.099866427824199,0.282,0.386,90,2,60.12098630396199
U0086,P0125,0.0,1.0,1.0,1.0,1.0,4.89,5.986452005284438,0.755,0.668,60,2,15.931611446420364
U0086,P0126,0.3333333333333333,1.0,0.6,1.0,1.0,3.53,6.602587892189336,0.622,0.568,60,2,20.151400088820207
U0086,P0133,0.3333333333333333,0.0,0.2,1.0,1.0,3.99,4.007333185232471,0.265,0.617,60,2,35.56802742576847
U0086,P0142,0.0,1.0,1.0,1.0,1.0,4.81,4.02535169073515,0.312,0.867,45,2,36.91224347926566
U0086,P0144,0.0,1.0,0.6,1.0,1.0,4.03,6.206575926724928,0.688,0.313,120,2,30.534364528470437
U0086,P0146,0.3333333333333333,1.0,1.0,1.0,1.0,4.01,4.912654885736052,0.467,0.531,30,2,28.037405736704358
U0086,P0150,0.3333333333333333,1.0,1.0,1.0,1.0,4.47,6.255750041753367,0.623,0.918,90,2,38.94121592406032
U0086,P0151,0.0,1.0,1.0,1.0,1.0,3.73,4.8283137373023015,0.305,0.853,180,2,14.679066464524755
U0086,P0155,0.3333333333333333,1.0,1.0,1.0,1.0,4.35,5.2574953720277815,0.361,0.479,90,2,56.57258505462822
U0086,P0162,0.3333333333333333,1.0,1.0,1.0,1.0,3.73,8.01102337918644,1.0,0.241,45,2,41.04164041813381
U0086,P0164,0.3333333333333333,0.0,0.2,1.0,1.0,4.62,6.450470422144176,0.56,0.967,150,2,41.9720529045647
U0086,P0170,0.0,0.0,0.2,1.0,1.0,4.29,4.8283137373023015,0.58,0.845,60,2,37.75065091076474
U0086,P0174,0.0,1.0,0.6,1.0,1.0,3.45,3.828641396489095,0.409,0.097,150,2,27.212541255376873
U0086,P0175,0.0,1.0,0.6,1.0,1.0,3.78,5.247024072160486,0.321,0.229,150,2,14.288042424900611
U0086,P0180,0.3333333333333333,0.0,0.2,1.0,1.0,4.25,4.51085950651685,0.491,0.434,150,2,51.084127387299326
U0086,P0181,0.0,1.0,1.0,1.0,1.0,4.33,7.3395376954076745,1.0,0.696,150,2,33.51371057444958
U0086,P0185,0.0,0.0,0.2,1.0,1.0,4.14,4.574710978503383,0.359,0.333,30,2,32.69442551991265
U0086,P0189,0.3333333333333333,1.0,1.0,1.0,1.0,4.49,5.720311776607412,0.596,0.737,30,2,48.92214136918887
U0086,P0191,0.3333333333333333,1.0,1.0,1.0,1.0,3.72,4.787491742782046,0.38,0.892,90,2,12.123614789791585
U0086,P0201,0.0,0.0,0.2,1.0,1.0,3.38,4.787491742782046,0.465,0.968,30,2,32.58183772274729
U0086,P0202,0.0,0.0,0.2,1.0,1.0,4.1,5.556828061699537,0.478,0.089,150,2,46.46249983533955
U0086,P0205,0.3333333333333333,1.0,1.0,1.0,1.0,4.15,6.118097198041348,0.546,0.813,120,2,30.398952791390712
U0086,P0211,0.3333333333333333,0.0,0.0,1.0,1.0,5.0,7.60688453121963,1.0,0.351,120,2,14.441920888899842
U0086,P0215,0.0,1.0,0.6,1.0,1.0,4.58,3.4011973816621555,0.423,0.982,180,2,11.782590395935015
U0086,P0224,0.0,0.0,0.0,1.0,1.0,4.26,4.382026634673881,0.279,0.985,60,2,39.01284991663386
U0086,P0226,0.0,1.0,1.0,1.0,1.0,4.07,6.646390514847729,0.871,0.965,120,2,21.88035219675642
U0086,P0235,0.3333333333333333,0.0,0.2,1.0,1.0,3.86,4.812184355372417,0.372,0.491,150,2,31.66739286238874
U0086,P0236,0.0,0.0,0.2,1.0,1.0,3.98,2.772588722239781,0.317,0.87,60,2,2.779338960352508
U0086,P0240,0.3333333333333333,0.0,0.0,1.0,1.0,5.0,6.843749949006225,0.951,0.465,120,2,38.081255975755
U0086,P0245,0.0,0.0,0.0,1.0,1.0,4.86,6.558197802812269,0.673,0.09,45,2,43.78958720868643
U0086,P0246,0.3333333333333333,0.0,0.2,1.0,1.0,4.1,7.27655640271871,1.0,0.662,150,2,33.25758969925275
U0086,P0259,0.3333333333333333,1.0,0.6,1.0,1.0,4.33,4.330733340286331,0.32,0.951,60,2,52.1594994641338
U0086,P0262,0.3333333333333333,0.0,0.2,1.0,1.0,3.8,6.186208623900494,0.525,0.274,90,2,40.131804588399035
U0086,P0265,0.3333333333333333,0.0,0.0,1.0,1.0,4.22,4.418840607796598,0.584,0.31,60,2,53.21193355871575
U0086,P0277,0.3333333333333333,1.0,0.6,1.0,1.0,4.63,5.808142489980444,0.449,0.179,180,2,7.071315698865967
U0086,P0289,0.3333333333333333,0.0,0.2,1.0,1.0,4.21,6.42648845745769,0.804,0.318,30,2,28.06081600115368
U0086,P0297,0.3333333333333333,1.0,1.0,1.0,1.0,4.32,5.902633333401366,0.481,0.089,180,2,42.32254514891002
U0086,P0301,0.3333333333333333,0.0,0.0,1.0,1.0,4.44,4.394449154672439,0.296,0.296,120,2,31.52732576621666
U0086,P0308,0.3333333333333333,0.0,0.0,1.0,1.0,5.0,5.655991810819852,0.65,0.669,30,2,41.06033877617533
U0086,P0311,0.3333333333333333,1.0,0.6,1.0,1.0,3.74,6.066108090103747,0.436,0.613,30,2,25.946590235302757
U0086,P0314,0.3333333333333333,0.0,0.0,1.0,1.0,3.65,5.351858133476067,0.579,0.284,45,2,30.759515214655828
U0086,P0319,0.3333333333333333,0.0,0.2,1.0,1.0,4.47,5.5909869805108565,0.502,0.328,120,2,26.907376762070108
U0086,P0325,0.3333333333333333,1.0,0.6,1.0,1.0,4.0,6.336825731146441,0.61,0.792,30,2,5.005160599816413
U0086,P0327,0.3333333333333333,0.0,0.0,1.0,1.0,3.98,4.174387269895637,0.483,0.989,90,2,54.49994599861327
U0086,P0336,0.3333333333333333,0.0,0.2,1.0,1.0,4.66,3.044522437723423,0.302,0.722,180,2,17.765517950828713
U0086,P0344,0.0,0.0,0.2,1.0,1.0,3.99,5.056245805348308,0.403,0.273,90,2,14.599779419992634
U0086,P0349,0.0,0.0,0.2,1.0,1.0,4.25,4.007333185232471,0.525,0.192,150,2,49.415140536125975
U0086,P0350,0.3333333333333333,1.0,0.6,1.0,1.0,4.52,5.2832037287379885,0.324,0.736,180,2,25.889616239137585
U0086,P0354,0.0,0.0,0.0,1.0,1.0,3.52,7.605890001053122,1.0,0.25,90,2,36.98259606491286
U0086,P0355,0.0,0.0,0.2,1.0,1.0,3.16,7.535830462798367,1.0,0.622,180,2,28.053451390824264
U0086,P0357,0.3333333333333333,1.0,0.6,1.0,1.0,3.85,5.981414211254481,0.4,0.263,60,2,4.871801299377367
U0086,P0362,0.3333333333333333,0.0,0.0,1.0,1.0,3.49,6.391917113392602,0.492,0.317,30,2,44.56048648025136
U0086,P0363,0.3333333333333333,0.0,0.0,1.0,1.0,4.18,5.2832037287379885,0.564,0.497,45,2,27.044440319673544
U0086,P0370,0.0,0.0,0.2,1.0,1.0,4.85,6.717804695023691,0.739,0.797,120,2,25.036155154527464
U0086,P0378,0.3333333333333333,1.0,1.0,1.0,1.0,3.67,8.658866349732383,1.0,0.865,90,2,28.002631690743737
U0086,P0383,0.0,1.0,0.6,1.0,1.0,4.62,4.663439094112067,0.311,0.896,120,2,2.280558546188976
U0086,P0385,0.3333333333333333,1.0,1.0,1.0,1.0,3.82,7.675081857716334,1.0,0.441,120,2,42.513431963879306
U0086,P0393,0.0,0.0,0.2,1.0,1.0,4.35,6.79794041297493,0.641,0.892,90,2,39.27088674619521
U0086,P0406,0.3333333333333333,1.0,1.0,1.0,1.0,4.02,4.976733742420574,0.349,0.241,180,2,35.55053437423873
U0086,P0414,0.0,1.0,1.0,1.0,1.0,4.81,4.875197323201151,0.574,0.237,45,2,33.73183245295075
U0086,P0415,0.3333333333333333,0.0,0.2,1.0,1.0,3.91,5.1647859739235145,0.548,0.99,90,2,51.73965643573604
U0086,P0417,0.0,0.0,0.0,1.0,1.0,3.65,4.584967478670572,0.493,0.182,150,2,42.417167561186176
U0086,P0423,0.0,1.0,0.6,1.0,1.0,4.17,6.091309882077698,0.546,0.491,30,2,19.68027599861524
U0086,P0429,0.0,1.0,1.0,1.0,1.0,3.73,6.066108090103747,0.596,0.107,30,2,39.393310824038785
U0086,P0430,0.0,0.0,0.2,1.0,1.0,3.85,6.259581464064923,0.474,0.763,60,2,39.629941335670985
U0086,P0431,0.0,0.0,0.2,1.0,1.0,4.19,3.6888794541139363,0.291,0.653,150,2,48.8624991886665
U0086,P0436,0.0,0.0,0.2,1.0,1.0,4.02,4.543294782270004,0.464,0.947,150,2,36.9430266381408
U0086,P0442,0.3333333333333333,1.0,0.6,1.0,1.0,3.88,6.75343791859778,0.708,0.96,120,2,40.1935259490502
U0086,P0443,0.0,0.0,0.2,1.0,1.0,4.41,7.716460800176355,1.0,0.876,90,2,14.195428396055524
U0086,P0445,0.0,0.0,0.0,1.0,1.0,4.37,6.8308742346461795,0.666,0.662,150,2,32.42807967001674
U0086,P0457,0.3333333333333333,1.0,1.0,1.0,1.0,4.21,7.393263094763838,1.0,0.306,150,2,38.53820045652561
U0086,P0461,0.0,0.0,0.2,1.0,1.0,4.58,4.276666119016055,0.594,0.782,120,2,11.4200811215757
U0086,P0467,0.0,0.0,0.2,1.0,1.0,3.45,2.8903717578961645,0.194,0.951,90,2,50.37023287494061
U0086,P0472,0.3333333333333333,0.0,0.2,1.0,1.0,4.39,5.384495062789089,0.434,0.365,30,2,2.941444504764969
U0086,P0477,0.0,0.0,0.2,1.0,1.0,3.54,7.232733136177615,1.0,0.177,60,2,9.578966248744688
U0086,P0478,0.0,1.0,1.0,1.0,1.0,4.06,6.841615476477592,0.877,0.246,150,2,9.930520181688971
U0086,P0479,0.3333333333333333,0.0,0.0,1.0,1.0,4.25,6.049733455231958,0.532,0.229,90,2,43.23839973754782
U0086,P0480,0.0,1.0,1.0,1.0,1.0,4.36,6.037870919922137,0.555,0.061,90,2,33.68433210721332
U0086,P0491,0.0,1.0,1.0,1.0,1.0,4.45,6.0112671744041615,0.433,0.251,120,2,52.21252796908538
U0086,P0498,0.3333333333333333,1.0,1.0,1.0,1.0,3.65,5.1647859739235145,0.582,0.624,90,2,47.196803809508395
U0087,P0003,0.5,0.798,0.6,1.0,1.0,3.99,5.220355825078324,0.514,0.481,180,3,20.859814429346105
U0087,P0007,0.0,0.842,1.0,1.0,1.0,4.21,3.2188758248682006,0.399,0.203,30,3,22.727432082609507
U0087,P0008,0.5,0.6639999999999999,0.6,1.0,1.0,3.32,4.8283137373023015,0.252,0.572,90,3,42.73372661314084
U0087,P0014,0.5,0.716,0.2,1.0,1.0,3.58,5.953243334287785,0.582,0.426,120,3,38.30857783623188
U0087,P0016,0.0,0.766,1.0,0.0,1.0,3.83,7.723120092266331,1.0,0.53,120,3,8.863091972781621
U0087,P0026,0.5,0.85,0.2,1.0,1.0,4.25,5.043425116919247,0.424,0.781,120,3,20.29646211546775
U0087,P0031,0.0,0.776,0.2,1.0,1.0,3.88,5.278114659230517,0.57,0.464,30,3,24.015261877053625
U0087,P0032,0.5,0.72,0.6,1.0,1.0,3.6,4.07753744390572,0.515,0.858,45,3,28.116815742912323
U0087,P0039,0.0,0.828,0.6,1.0,1.0,4.14,5.14166355650266,0.304,0.168,180,3,19.04084627131655
U0087,P0047,0.0,0.756,1.0,0.0,1.0,3.78,5.111987788356544,0.484,0.719,60,3,34.563376650700604
U0087,P0052,0.5,0.79,0.6,0.0,1.0,3.95,4.543294782270004,0.403,0.969,30,3,6.218687242135445
U0087,P0060,0.0,0.922,0.6,1.0,1.0,4.61,6.403574197934815,0.611,0.137,60,3,8.036245406732224
U0087,P0065,0.0,0.828,0.6,1.0,1.0,4.14,4.897839799950911,0.598,0.459,180,3,42.17772572400817
U0087,P0066,0.0,0.6799999999999999,0.2,1.0,1.0,3.4,5.583496308781699,0.612,0.325,180,3,39.010291524606146
U0087,P0068,0.0,0.738,0.6,1.0,1.0,3.69,7.360103972989152,0.96,0.491,120,3,39.5529437690811
U0087,P0069,0.5,0.75,0.6,1.0,1.0,3.75,5.117993812416755,0.44,0.662,60,3,18.5299411541273
U0087,P0072,0.5,0.6759999999999999,1.0,0.0,1.0,3.38,5.723585101952381,0.515,0.687,30,3,30.960132227324113
U0087,P0076,0.5,0.842,1.0,1.0,1.0,4.21,5.916202062607435,0.663,0.995,60,3,19.969099000069455
U0087,P0078,0.0,0.8460000000000001,0.2,1.0,1.0,4.23,4.6443908991413725,0.481,0.066,120,3,4.219192232919312
U0087,P0093,0.0,0.8,0.2,1.0,1.0,4.0,6.3578422665081,0.477,0.776,120,3,35.28786847012832
U0087,P0100,0.5,0.826,0.6,1.0,1.0,4.13,4.143134726391533,0.347,0.858,150,3,34.195671480776554
U0087,P0105,0.0,0.866,0.6,1.0,1.0,4.33,10.12330558042176,1.0,0.56,120,3,20.28421154718529
U0087,P0106,0.5,0.8720000000000001,0.6,1.0,1.0,4.36,6.862757913051401,0.806,0.343,120,3,26.19266713508518
U0087,P0109,0.0,0.75,0.6,1.0,1.0,3.75,5.220355825078324,0.554,0.618,90,3,16.602180855639954
U0087,P0113,0.0,0.778,0.2,1.0,1.0,3.89,6.806829360392176,0.674,0.76,60,3,27.762918107439035
U0087,P0114,0.0,0.826,0.6,1.0,1.0,4.13,4.219507705176107,0.328,0.848,120,3,19.743322729383205
U0087,P0120,0.5,0.76,0.6,1.0,1.0,3.8,6.523562306149512,0.833,0.586,120,3,21.81019459176908
U0087,P0121,0.5,0.748,0.6,1.0,1.0,3.74,5.365976015021851,0.436,0.97,180,3,3.1448769973360213
U0087,P0128,0.0,0.6839999999999999,0.6,1.0,1.0,3.42,4.919980925828125,0.29,0.765,120,3,30.153382101967967
U0087,P0136,0.5,0.95,1.0,1.0,1.0,4.75,3.784189633918261,0.603,0.869,30,3,31.531706114553206
U0087,P0138,0.0,0.732,1.0,1.0,1.0,3.66,6.056784013228625,0.462,0.599,150,3,33.266537733103185
U0087,P0145,0.0,0.8460000000000001,0.2,1.0,1.0,4.23,4.7535901911063645,0.367,0.117,30,3,23.981147885363626
U0087,P0152,0.5,0.8880000000000001,0.2,1.0,1.0,4.44,6.2324480165505225,0.8,0.056,180,3,11.771801149924173
U0087,P0154,0.0,0.9339999999999999,0.6,1.0,1.0,4.67,4.795790545596741,0.495,0.349,30,3,28.696981568657083
U0087,P0157,0.0,0.8939999999999999,0.6,1.0,1.0,4.47,6.476972362889683,0.806,0.662,45,3,31.315747260721405
U0087,P0160,0.0,0.85,0.6,1.0,1.0,4.25,5.3471075307174685,0.369,0.992,60,3,9.351297177539697
U0087,P0161,0.0,0.828,0.6,1.0,1.0,4.14,6.214608098422191,0.759,0.391,180,3,30.307514905079
U0087,P0165,0.5,0.876,1.0,1.0,1.0,4.38,6.255750041753367,0.574,0.657,60,3,3.963335425290226
U0087,P0167,0.0,0.826,0.6,1.0,1.0,4.13,4.6913478822291435,0.346,0.57,30,3,31.17969581665124
U0087,P0168,0.5,0.908,0.6,1.0,1.0,4.54,5.327876168789581,0.391,0.678,45,3,24.577321712065558
U0087,P0186,0.5,0.8220000000000001,1.0,1.0,1.0,4.11,6.09807428216624,0.737,0.747,180,3,40.36126965801879
U0087,P0198,0.5,0.9259999999999999,0.2,1.0,1.0,4.63,4.941642422609304,0.637,0.815,150,3,2.998908142465073
U0087,P0199,0.0,0.666,0.6,1.0,1.0,3.33,7.1252830915107115,1.0,0.773,45,3,36.86944101396318
U0087,P0200,0.0,0.8099999999999999,0.2,0.0,1.0,4.05,6.985641817639208,0.739,0.699,150,3,13.502209974249887
U0087,P0208,0.0,0.85,0.6,1.0,1.0,4.25,4.605170185988092,0.469,0.557,60,3,19.938148445454377
U0087,P0209,0.0,0.96,0.6,1.0,1.0,4.8,5.641907070938114,0.368,0.754,120,3,36.8062129954162
U0087,P0214,0.0,0.734,1.0,1.0,1.0,3.67,6.324358962381311,0.731,0.588,180,3,17.674369249817964
U0087,P0216,0.0,0.714,0.6,0.0,1.0,3.57,3.091042453358316,0.32,0.893,45,3,19.343924513895907
U0087,P0220,0.0,0.666,0.2,1.0,1.0,3.33,5.43372200355424,0.5,0.091,120,3,2.5481615080342794
U0087,P0222,0.0,0.634,1.0,1.0,1.0,3.17,5.393627546352362,0.406,0.312,120,3,24.787931027572316
U0087,P0225,0.0,0.774,0.6,1.0,1.0,3.87,4.23410650459726,0.498,0.05,120,3,12.708477155253865
U0087,P0227,0.0,0.732,0.6,0.0,1.0,3.66,6.1070228877422545,0.561,0.596,60,3,20.95788929698073
U0087,P0228,0.5,0.772,0.2,1.0,1.0,3.86,4.553876891600541,0.276,0.81,30,3,38.19189071602023
U0087,P0229,0.0,0.8099999999999999,0.6,0.0,1.0,4.05,4.2626798770413155,0.358,0.524,120,3,15.073728727312929
U0087,P0232,0.5,0.758,0.6,1.0,1.0,3.79,5.75890177387728,0.446,0.632,120,3,8.211577504245913
U0087,P0249,0.5,0.726,0.6,1.0,1.0,3.63,5.272999558563747,0.561,0.592,45,3,7.323621317797241
U0087,P0250,0.0,0.742,0.2,1.0,1.0,3.71,3.8501476017100584,0.531,0.941,180,3,23.29975488173256
U0087,P0255,0.0,0.8240000000000001,0.6,0.0,1.0,4.12,4.51085950651685,0.455,0.926,60,3,29.9304651231203
U0087,P0257,0.5,0.798,0.6,1.0,1.0,3.99,4.418840607796598,0.403,0.785,150,3,30.742938883249717
U0087,P0261,0.0,0.67,0.6,1.0,1.0,3.35,6.152732694704104,0.515,0.27,60,3,17.801138837890868
U0087,P0269,0.0,0.742,0.2,1.0,1.0,3.71,5.043425116919247,0.358,0.158,30,3,16.82332995423067
U0087,P0271,0.5,0.8960000000000001,1.0,1.0,1.0,4.48,4.1588830833596715,0.309,0.963,45,3,7.960443011163287
U0087,P0278,0.5,0.85,0.6,0.0,1.0,4.25,5.0106352940962555,0.352,0.372,150,3,11.908163980361826
U0087,P0279,0.0,0.776,0.6,1.0,1.0,3.88,4.983606621708336,0.404,0.337,90,3,33.52626210119231
U0087,P0284,0.5,0.636,0.2,0.0,1.0,3.18,4.290459441148391,0.225,0.636,60,3,11.691078214145994
U0087,P0286,0.5,0.8220000000000001,1.0,1.0,1.0,4.11,7.512071245835466,1.0,0.981,90,3,11.864896794752335
U0087,P0287,0.0,0.85,0.6,0.0,1.0,4.25,5.241747015059643,0.585,0.783,45,3,5.0253687276037935
U0087,P0300,0.5,0.78,0.6,0.0,1.0,3.9,5.953243334287785,0.637,0.414,150,3,3.6048773282324698
U0087,P0306,0.0,0.8779999999999999,1.0,1.0,1.0,4.39,5.43372200355424,0.327,0.844,150,3,21.595509982752564
U0087,P0315,0.0,0.826,0.6,1.0,1.0,4.13,6.813444599510896,0.765,0.581,90,3,35.872324229648136
U0087,P0329,0.5,0.8220000000000001,0.6,1.0,1.0,4.11,5.472270673671475,0.541,0.163,60,3,23.507087429370458
U0087,P0347,0.5,0.722,0.6,1.0,1.0,3.61,6.240275845170769,0.639,0.289,60,3,23.26776531238593
U0087,P0348,0.5,0.874,0.2,1.0,1.0,4.37,5.1298987149230735,0.388,0.489,150,3,16.500780969344426
U0087,P0365,0.0,0.772,0.6,1.0,1.0,3.86,4.574710978503383,0.475,0.357,150,3,10.185754769448673
U0087,P0368,0.5,0.9119999999999999,0.2,1.0,1.0,4.56,6.068425588244111,0.516,0.462,120,3,31.815123372315327
U0087,P0379,0.5,0.8640000000000001,0.2,1.0,1.0,4.32,5.723585101952381,0.62,0.856,90,3,33.75049809404267
U0087,P0382,0.0,1.0,0.6,0.0,1.0,5.0,5.389071729816501,0.638,0.643,120,3,26.164980106999383
U0087,P0387,0.5,0.876,0.2,1.0,1.0,4.38,6.668228248417403,0.611,0.406,60,3,10.430945427693196
U0087,P0401,0.5,0.9039999999999999,1.0,1.0,1.0,4.52,4.882801922586371,0.627,0.644,90,3,22.582864955134337
U0087,P0404,0.0,0.8400000000000001,0.2,1.0,1.0,4.2,4.927253685157205,0.58,0.541,120,3,30.2480355553091
U0087,P0411,0.0,0.774,0.2,1.0,1.0,3.87,7.191429330036379,0.864,0.888,30,3,8.048958678182563
U0087,P0434,0.5,0.8460000000000001,0.6,1.0,1.0,4.23,5.902633333401366,0.492,0.526,150,3,19.80410173689582
U0087,P0440,0.5,0.818,0.6,1.0,1.0,4.09,6.926577033222725,0.673,0.764,45,3,20.603159344693648
U0087,P0446,0.0,0.8939999999999999,0.6,0.0,1.0,4.47,6.1092475827643655,0.685,0.598,45,3,15.606159133027152
U0087,P0448,0.0,0.944,0.6,1.0,1.0,4.72,6.278521424165844,0.571,0.408,180,3,32.71232463594667
U0087,P0451,0.5,0.8539999999999999,0.2,0.0,1.0,4.27,5.030437921392435,0.345,0.646,30,3,40.478316818894825
U0087,P0453,0.0,0.8380000000000001,1.0,1.0,1.0,4.19,5.556828061699537,0.46,0.913,150,3,39.51894252686473
U0087,P0458,0.5,0.8119999999999999,0.6,1.0,1.0,4.06,5.8377304471659395,0.451,0.395,120,3,8.120547647873982
U0087,P0460,0.5,0.78,0.2,1.0,1.0,3.9,5.733341276897746,0.541,0.41,60,3,41.12154811695196
U0087,P0469,0.0,0.728,1.0,0.0,1.0,3.64,6.35088571671474,0.695,0.285,45,3,8.371983411672922
U0087,P0476,0.0,0.798,0.6,1.0,1.0,3.99,5.924255797414532,0.561,0.945,45,3,27.03787070813112
U0087,P0489,0.0,0.78,0.6,1.0,1.0,3.9,2.6390573296152584,0.509,0.951,30,3,11.841260019534564
U0087,P0490,0.0,0.678,1.0,1.0,1.0,3.39,6.413458957167357,0.584,0.85,30,3,8.685309507806656
U0088,P0004,0.3333333333333333,1.0,1.0,1.0,0.0,4.81,6.421622267806518,0.679,0.831,60,5,9.552954384417388
U0088,P0005,0.3333333333333333,0.0,0.2,1.0,1.0,3.89,6.152732694704104,0.456,0.903,45,5,20.86810418041876
U0088,P0015,0.3333333333333333,0.0,1.0,1.0,1.0,3.83,5.153291594497779,0.446,0.842,45,5,17.772147568883916
U0088,P0022,0.0,0.0,0.2,1.0,0.0,4.05,5.14166355650266,0.471,0.356,30,5,25.80130407468876
U0088,P0034,0.0,1.0,0.6,1.0,1.0,4.07,6.704414354964107,0.693,0.164,90,5,21.910175548269617
U0088,P0038,0.3333333333333333,0.0,0.2,1.0,0.0,2.92,6.48768401848461,0.682,0.481,90,5,11.549571342095224
U0088,P0040,0.3333333333333333,0.0,0.6,1.0,1.0,4.14,3.1354942159291497,0.249,0.216,150,5,37.60630458480903
U0088,P0041,0.3333333333333333,0.0,0.2,1.0,0.0,4.0,5.929589143389895,0.485,0.948,150,5,12.19749231980718
U0088,P0043,0.3333333333333333,0.0,0.6,1.0,1.0,3.74,4.90527477843843,0.441,0.523,30,5,22.267745612950876
U0088,P0054,0.0,0.0,1.0,1.0,0.0,4.95,5.71042701737487,0.693,0.563,45,5,20.65673495234076
U0088,P0056,0.0,1.0,0.6,1.0,1.0,3.24,5.472270673671475,0.286,0.576,60,5,23.34413505507843
U0088,P0063,0.3333333333333333,0.0,0.6,1.0,1.0,4.36,8.128585200374497,1.0,0.358,45,5,19.02687791621686
U0088,P0067,0.3333333333333333,0.0,1.0,1.0,0.0,3.62,6.068425588244111,0.527,0.79,90,5,21.40195751821866
U0088,P0074,0.3333333333333333,0.0,0.2,1.0,0.0,3.54,3.9318256327243257,0.327,0.272,150,5,29.380056379609815
U0088,P0081,0.0,1.0,0.2,1.0,0.0,3.66,6.4457198193855785,0.555,0.365,180,5,18.842815869837153
U0088,P0083,0.3333333333333333,0.0,0.6,1.0,1.0,4.53,5.996452088619021,0.563,0.951,150,5,20.739833914247576
U0088,P0084,0.3333333333333333,0.0,1.0,1.0,1.0,4.47,7.776535028185241,1.0,0.477,60,5,14.443968825945232
U0088,P0089,0.0,1.0,1.0,1.0,0.0,4.11,7.244941546337007,1.0,0.951,150,5,24.53664014637805
U0088,P0091,0.0,0.0,0.2,1.0,1.0,4.38,4.477336814478207,0.301,0.635,90,5,15.66990271677471
U0088,P0092,0.3333333333333333,1.0,0.6,1.0,1.0,3.62,6.07993319509559,0.409,0.52,90,5,16.243725486790176
U0088,P0096,0.0,1.0,0.6,1.0,0.0,3.9,6.52795791762255,0.569,0.786,90,5,27.1616943444305
U0088,P0102,0.0,1.0,0.6,1.0,1.0,4.59,6.7650389767805414,0.896,0.456,120,5,6.688237870737129
U0088,P0107,0.3333333333333333,0.0,0.6,1.0,0.0,4.53,6.282266746896006,0.812,0.979,90,5,33.72275763647745
U0088,P0115,0.0,0.0,0.2,1.0,0.0,3.78,6.317164686747284,0.541,0.672,45,5,24.31179095918564
U0088,P0122,0.3333333333333333,0.0,0.6,1.0,1.0,4.33,6.539585955617669,0.798,0.795,60,5,11.965483067676507
U0088,P0123,0.3333333333333333,1.0,1.0,1.0,1.0,3.56,5.099866427824199,0.282,0.386,90,5,22.070693332478523
U0088,P0125,0.0,1.0,0.6,1.0,1.0,4.89,5.986452005284438,0.755,0.668,60,5,25.950643784889404
U0088,P0126,0.3333333333333333,1.0,1.0,1.0,1.0,3.53,6.602587892189336,0.622,0.568,60,5,26.231335890879798
U0088,P0133,0.3333333333333333,0.0,0.6,1.0,1.0,3.99,4.007333185232471,0.265,0.617,60,5,15.891658025028757
U0088,P0142,0.0,1.0,0.6,1.0,1.0,4.81,4.02535169073515,0.312,0.867,45,5,8.93490175311881
U0088,P0144,0.0,1.0,1.0,1.0,1.0,4.03,6.206575926724928,0.688,0.313,120,5,20.654122370439804
U0088,P0146,0.3333333333333333,0.0,0.6,1.0,1.0,4.01,4.912654885736052,0.467,0.531,30,5,18.609728599734957
U0088,P0150,0.3333333333333333,0.0,0.6,1.0,0.0,4.47,6.255750041753367,0.623,0.918,90,5,13.321463424743934
U0088,P0151,0.0,1.0,0.6,1.0,1.0,3.73,4.8283137373023015,0.305,0.853,180,5,27.517438269713537
U0088,P0155,0.3333333333333333,0.0,0.6,1.0,1.0,4.35,5.2574953720277815,0.361,0.479,90,5,17.917199785276193
U0088,P0162,0.3333333333333333,0.0,0.6,1.0,1.0,3.73,8.01102337918644,1.0,0.241,45,5,18.453041944915547
U0088,P0164,0.3333333333333333,0.0,0.6,1.0,1.0,4.62,6.450470422144176,0.56,0.967,150,5,11.310455910621966
U0088,P0170,0.0,0.0,0.6,1.0,1.0,4.29,4.8283137373023015,0.58,0.845,60,5,1.3496043794993553
U0088,P0174,0.0,0.0,1.0,1.0,0.0,3.45,3.828641396489095,0.409,0.097,150,5,11.526506063180351
U0088,P0175,0.3333333333333333,0.0,1.0,1.0,1.0,3.78,5.247024072160486,0.321,0.229,150,5,25.161934284341914
U0088,P0180,0.0,0.0,0.6,1.0,1.0,4.25,4.51085950651685,0.491,0.434,150,5,14.75233107605314
U0088,P0181,0.0,1.0,0.6,1.0,0.0,4.33,7.3395376954076745,1.0,0.696,150,5,19.88158714763452
U0088,P0185,0.0,1.0,0.6,1.0,1.0,4.14,4.574710978503383,0.359,0.333,30,5,9.8963184140302
U0088,P0189,0.3333333333333333,0.0,0.6,1.0,0.0,4.49,5.720311776607412,0.596,0.737,30,5,13.63117979329402
U0088,P0191,0.3333333333333333,1.0,0.6,1.0,1.0,3.72,4.787491742782046,0.38,0.892,90,5,30.683643498734906
U0088,P0201,0.0,1.0,0.6,1.0,0.0,3.38,4.787491742782046,0.465,0.968,30,5,12.328714897072519
U0088,P0202,0.0,1.0,0.6,1.0,0.0,4.1,5.556828061699537,0.478,0.089,150,5,21.0526128829986
U0088,P0205,0.3333333333333333,0.0,0.6,1.0,0.0,4.15,6.118097198041348,0.546,0.813,120,5,19.993153765006024
U0088,P0211,0.3333333333333333,1.0,0.2,1.0,1.0,5.0,7.60688453121963,1.0,0.351,120,5,25.004814493050482
U0088,P0215,0.3333333333333333,0.0,1.0,1.0,1.0,4.58,3.4011973816621555,0.423,0.982,180,5,26.901738606825187
U0088,P0224,0.3333333333333333,0.0,0.2,1.0,1.0,4.26,4.382026634673881,0.279,0.985,60,5,3.5464974267910656
U0088,P0226,0.0,0.0,0.6,1.0,0.0,4.07,6.646390514847729,0.871,0.965,120,5,16.83684583453523
U0088,P0235,0.3333333333333333,1.0,0.6,1.0,1.0,3.86,4.812184355372417,0.372,0.491,150,5,14.604102524024821
U0088,P0236,0.0,0.0,0.6,1.0,1.0,3.98,2.772588722239781,0.317,0.87,60,5,36.298901021145035
U0088,P0240,0.0,0.0,0.2,1.0,1.0,5.0,6.843749949006225,0.951,0.465,120,5,3.5417113505993774
U0088,P0245,0.0,1.0,0.2,1.0,0.0,4.86,6.558197802812269,0.673,0.09,45,5,21.759459106776553
U0088,P0246,0.3333333333333333,0.0,0.6,1.0,1.0,4.1,7.27655640271871,1.0,0.662,150,5,33.64346069981153
U0088,P0259,0.3333333333333333,0.0,1.0,1.0,1.0,4.33,4.330733340286331,0.32,0.951,60,5,18.673469676033992
U0088,P0262,0.3333333333333333,0.0,0.6,1.0,1.0,3.8,6.186208623900494,0.525,0.274,90,5,15.065620092626562
U0088,P0265,0.3333333333333333,0.0,0.2,1.0,0.0,4.22,4.418840607796598,0.584,0.31,60,5,15.354880258631692
U0088,P0277,0.0,0.0,1.0,1.0,1.0,4.63,5.808142489980444,0.449,0.179,180,5,32.631840472186234
U0088,P0289,0.3333333333333333,0.0,0.6,1.0,0.0,4.21,6.42648845745769,0.804,0.318,30,5,10.766051362923319
U0088,P0297,0.3333333333333333,0.0,0.6,1.0,0.0,4.32,5.902633333401366,0.481,0.089,180,5,4.1116610618761325
U0088,P0301,0.0,0.0,0.2,1.0,1.0,4.44,4.394449154672439,0.296,0.296,120,5,9.423139396314015
U0088,P0308,0.3333333333333333,0.0,0.2,1.0,1.0,5.0,5.655991810819852,0.65,0.669,30,5,10.626557518293213
U0088,P0311,0.0,0.0,1.0,1.0,0.0,3.74,6.066108090103747,0.436,0.613,30,5,17.85677996442746
U0088,P0314,0.3333333333333333,0.0,0.2,1.0,0.0,3.65,5.351858133476067,0.579,0.284,45,5,8.073247439994645
U0088,P0319,0.3333333333333333,1.0,0.6,1.0,0.0,4.47,5.5909869805108565,0.502,0.328,120,5,13.216859251808058
U0088,P0325,0.3333333333333333,0.0,1.0,1.0,1.0,4.0,6.336825731146441,0.61,0.792,30,5,34.384758490816225
U0088,P0327,0.3333333333333333,0.0,0.2,1.0,1.0,3.98,4.174387269895637,0.483,0.989,90,5,16.06107235943193
U0088,P0336,0.3333333333333333,0.0,0.6,1.0,1.0,4.66,3.044522437723423,0.302,0.722,180,5,32.13716823476351
U0088,P0344,0.3333333333333333,0.0,0.6,1.0,1.0,3.99,5.056245805348308,0.403,0.273,90,5,29.44482571097347
U0088,P0349,0.0,0.0,0.6,1.0,1.0,4.25,4.007333185232471,0.525,0.192,150,5,10.768758489881344
U0088,P0350,0.3333333333333333,0.0,1.0,1.0,1.0,4.52,5.2832037287379885,0.324,0.736,180,5,13.142619069313065
U0088,P0354,0.0,0.0,0.2,1.0,0.0,3.52,7.605890001053122,1.0,0.25,90,5,8.181153666635966
U0088,P0355,0.0,0.0,0.6,1.0,1.0,3.16,7.535830462798367,1.0,0.622,180,5,32.515397178784404
U0088,P0357,0.3333333333333333,0.0,1.0,1.0,0.0,3.85,5.981414211254481,0.4,0.263,60,5,33.989262340094854
U0088,P0362,0.3333333333333333,0.0,0.2,1.0,1.0,3.49,6.391917113392602,0.492,0.317,30,5,23.795729883135657
U0088,P0363,0.0,0.0,0.2,1.0,1.0,4.18,5.2832037287379885,0.564,0.497,45,5,12.643093834087466
U0088,P0370,0.3333333333333333,0.0,0.6,1.0,0.0,4.85,6.717804695023691,0.739,0.797,120,5,21.955382647959357
U0088,P0378,0.3333333333333333,1.0,0.6,1.0,0.0,3.67,8.658866349732383,1.0,0.865,90,5,15.012513918393434
U0088,P0383,0.0,0.0,1.0,1.0,1.0,4.62,4.663439094112067,0.311,0.896,120,5,36.404076811971855
U0088,P0385,0.0,0.0,0.6,1.0,1.0,3.82,7.675081857716334,1.0,0.441,120,5,12.171581964148352
U0088,P0393,0.0,0.0,0.6,1.0,1.0,4.35,6.79794041297493,0.641,0.892,90,5,29.21371482643597
U0088,P0406,0.3333333333333333,0.0,0.6,1.0,0.0,4.02,4.976733742420574,0.349,0.241,180,5,3.432308767534373
U0088,P0414,0.0,0.0,0.6,1.0,1.0,4.81,4.875197323201151,0.574,0.237,45,5,26.344185576705115
U0088,P0415,0.0,0.0,0.6,1.0,1.0,3.91,5.1647859739235145,0.548,0.99,90,5,20.847359782773598
U0088,P0417,0.3333333333333333,0.0,0.2,1.0,1.0,3.65,4.584967478670572,0.493,0.182,150,5,17.999492352726996
U0088,P0423,0.0,1.0,1.0,1.0,1.0,4.17,6.091309882077698,0.546,0.491,30,5,31.815013015566816
U0088,P0429,0.3333333333333333,0.0,0.6,1.0,0.0,3.73,6.066108090103747,0.596,0.107,30,5,3.7106087940818986
U0088,P0430,0.0,1.0,0.6,1.0,1.0,3.85,6.259581464064923,0.474,0.763,60,5,3.958149346780976
U0088,P0431,0.0,1.0,0.6,1.0,1.0,4.19,3.6888794541139363,0.291,0.653,150,5,13.330567668056801
U0088,P0436,0.3333333333333333,0.0,0.6,1.0,1.0,4.02,4.543294782270004,0.464,0.947,150,5,21.093678393652837
U0088,P0442,0.3333333333333333,0.0,1.0,1.0,1.0,3.88,6.75343791859778,0.708,0.96,120,5,1.6905679650882297
U0088,P0443,0.3333333333333333,0.0,0.6,1.0,1.0,4.41,7.716460800176355,1.0,0.876,90,5,25.165444289653873
U0088,P0445,0.0,0.0,0.2,1.0,0.0,4.37,6.8308742346461795,0.666,0.662,150,5,24.379572328562315
U0088,P0457,0.3333333333333333,0.0,0.6,1.0,1.0,4.21,7.393263094763838,1.0,0.306,150,5,27.94890863227675
U0088,P0461,0.0,1.0,0.6,1.0,1.0,4.58,4.276666119016055,0.594,0.782,120,5,28.154430880154745
U0088,P0467,0.0,0.0,0.6,1.0,1.0,3.45,2.8903717578961645,0.194,0.951,90,5,11.79337820599835
U0088,P0472,0.3333333333333333,0.0,0.6,1.0,1.0,4.39,5.384495062789089,0.434,0.365,30,5,36.30754006059443
U0088,P0477,0.3333333333333333,0.0,0.6,1.0,0.0,3.54,7.232733136177615,1.0,0.177,60,5,33.97822086074879
U0088,P0478,0.3333333333333333,0.0,0.6,1.0,1.0,4.06,6.841615476477592,0.877,0.246,150,5,28.940536336720175
U0088,P0479,0.0,0.0,0.2,1.0,1.0,4.25,6.049733455231958,0.532,0.229,90,5,9.300068431160247
U0088,P0480,0.3333333333333333,0.0,0.6,1.0,1.0,4.36,6.037870919922137,0.555,0.061,90,5,29.3526508437003
U0088,P0491,0.0,0.0,0.6,1.0,1.0,4.45,6.0112671744041615,0.433,0.251,120,5,15.0136035455455
U0088,P0498,0.3333333333333333,0.0,0.6,1.0,1.0,3.65,5.1647859739235145,0.582,0.624,90,5,14.914553888773332
U0089,P0013,0.5,0.0,0.2,1.0,1.0,3.86,5.634789603169249,0.339,0.532,120,4,18.41427890204519
U0089,P0018,0.0,1.0,0.6,1.0,1.0,4.47,4.04305126783455,0.482,0.204,60,4,19.208323414083914
U0089,P0021,0.0,1.0,0.6,1.0,1.0,4.43,5.707110264748875,0.484,0.335,30,4,11.12745942562323
U0089,P0024,0.5,0.0,0.6,1.0,1.0,3.89,6.769641976852503,0.648,0.177,150,4,16.2361468687349
U0089,P0025,0.5,1.0,0.2,1.0,1.0,4.25,3.4011973816621555,0.494,0.273,120,4,11.596666949020433
U0089,P0027,0.5,0.0,0.2,1.0,1.0,3.8,6.234410725718371,0.572,0.848,30,4,13.245950853750017
U0089,P0028,0.5,0.0,0.0,0.0,1.0,4.56,6.618738983517219,0.679,0.84,90,4,10.555885160102727
U0089,P0029,0.5,0.0,0.6,1.0,1.0,3.72,5.1298987149230735,0.331,0.257,30,4,10.8956955181894
U0089,P0042,0.0,1.0,0.0,0.0,1.0,4.77,4.882801922586371,0.316,0.243,120,4,18.335591535289247
U0089,P0044,0.5,0.0,1.0,0.0,1.0,4.51,5.8971538676367405,0.486,0.319,180,4,15.210264016017229
U0089,P0055,0.0,1.0,0.6,0.0,1.0,4.22,5.4116460518550396,0.467,0.663,45,4,15.867501937886642
U0089,P0059,0.5,1.0,0.6,1.0,1.0,4.08,4.110873864173311,0.254,0.625,60,4,1.0955204628758124
U0089,P0061,0.0,1.0,0.2,1.0,1.0,4.46,4.418840607796598,0.566,0.148,180,4,5.184165519126969
U0089,P0070,0.5,0.0,0.0,0.0,1.0,4.47,4.02535169073515,0.424,0.13,30,4,8.195135366226378
U0089,P0073,0.5,0.0,0.6,1.0,1.0,4.22,6.439350371100098,0.572,0.563,45,4,14.153416522160969
U0089,P0075,0.0,0.0,0.0,1.0,1.0,4.33,5.857933154483459,0.712,0.88,180,4,3.7126992782271198
U0089,P0082,0.5,1.0,0.0,1.0,1.0,4.62,4.5217885770490405,0.401,0.831,180,4,7.187376817459068
U0089,P0085,0.0,1.0,0.6,1.0,1.0,3.99,4.605170185988092,0.419,0.631,90,4,5.695981056549646
U0089,P0088,0.5,0.0,1.0,1.0,1.0,4.22,6.493753839851686,0.689,0.944,60,4,22.31242492453606
U0089,P0101,0.0,1.0,1.0,1.0,1.0,4.26,6.173786103901937,0.432,0.519,120,4,10.419398005434491
U0089,P0103,0.0,1.0,0.0,1.0,1.0,3.48,4.382026634673881,0.292,0.671,180,4,9.742824708420796
U0089,P0108,0.5,0.0,0.6,0.0,1.0,3.96,6.411818267709897,0.819,0.98,90,4,12.809693492168247
U0089,P0111,0.5,0.0,1.0,1.0,1.0,5.0,3.295836866004329,0.602,0.408,150,4,26.38648415259822
U0089,P0116,0.5,0.0,0.0,0.0,1.0,3.77,5.762051382780177,0.396,0.685,120,4,20.59433607103644
U0089,P0124,0.5,0.0,0.6,1.0,1.0,3.89,4.718498871295094,0.293,0.335,60,4,13.958155061850986
U0089,P0127,0.0,0.0,0.0,0.0,1.0,5.0,6.739336627357174,0.679,0.12,60,4,12.683485678738643
U0089,P0134,0.0,1.0,0.2,1.0,1.0,4.83,3.784189633918261,0.31,0.18,60,4,7.903134072279434
U0089,P0135,0.5,0.0,1.0,1.0,1.0,3.9,5.659482215759621,0.602,0.484,45,4,0.7845898548430981
U0089,P0139,0.5,0.0,0.2,0.0,1.0,4.19,4.787491742782046,0.506,0.746,60,4,13.885075692216807
U0089,P0147,0.5,1.0,0.2,0.0,1.0,3.83,6.520621127558696,0.524,0.667,45,4,3.107279491434033
U0089,P0148,0.0,0.0,1.0,1.0,1.0,4.26,4.672828834461906,0.369,0.522,150,4,21.26947069191696
U0089,P0173,0.5,1.0,0.0,1.0,1.0,3.89,5.780743515792329,0.392,0.559,120,4,5.911773961874831
U0089,P0176,0.5,0.0,0.6,0.0,1.0,4.24,7.271008538280992,0.926,0.719,180,4,11.305135733163066
U0089,P0177,0.5,1.0,0.2,1.0,1.0,4.49,5.308267697401205,0.435,0.097,180,4,6.990083706005925
U0089,P0179,0.5,0.0,0.2,1.0,1.0,4.09,5.159055299214529,0.479,0.313,120,4,14.624977818721987
U0089,P0183,0.5,0.0,0.0,1.0,1.0,4.41,5.0238805208462765,0.634,0.366,90,4,24.84698071819211
U0089,P0188,0.0,1.0,0.2,0.0,1.0,5.0,4.584967478670572,0.334,0.974,30,4,8.239573630328875
U0089,P0190,0.5,0.0,0.2,0.0,1.0,5.0,4.532599493153256,0.572,0.059,60,4,13.838249103771197
U0089,P0194,0.0,1.0,0.0,1.0,1.0,4.25,7.751475318021456,1.0,0.524,45,4,4.872897728869653
U0089,P0195,0.5,0.0,0.0,0.0,1.0,4.53,4.812184355372417,0.614,0.62,60,4,16.69764043330751
U0089,P0210,0.0,1.0,1.0,1.0,1.0,4.63,5.583496308781699,0.649,0.143,120,4,17.67314287981594
U0089,P0217,0.0,1.0,0.6,1.0,1.0,3.98,6.361302477572996,0.586,0.507,150,4,21.337120378166173
U0089,P0223,0.5,0.0,0.0,0.0,1.0,3.51,6.304448802421981,0.679,0.145,180,4,11.143679019535877
U0089,P0231,0.5,0.0,1.0,0.0,1.0,4.98,5.545177444479562,0.548,0.787,90,4,19.657108256221882
U0089,P0233,0.5,1.0,0.6,1.0,1.0,4.05,5.236441962829949,0.487,0.863,120,4,13.191258344636923
U0089,P0237,0.0,1.0,1.0,1.0,1.0,3.42,7.140453043101158,0.812,0.075,90,4,12.088129212310845
U0089,P0239,0.5,0.0,0.2,1.0,1.0,4.36,5.87493073085203,0.696,0.338,90,4,24.46300751126847
U0089,P0241,0.5,1.0,0.2,1.0,1.0,4.04,4.356708826689592,0.381,0.48,180,4,14.299476574290349
U0089,P0243,0.5,0.0,0.2,0.0,1.0,3.76,3.8066624897703196,0.479,0.837,30,4,13.815762622636841
U0089,P0244,0.5,0.0,0.0,0.0,1.0,3.81,4.204692619390966,0.356,0.545,60,4,13.84625353082617
U0089,P0253,0.5,1.0,0.2,1.0,1.0,3.81,4.919980925828125,0.378,0.065,90,4,4.404451984858979
U0089,P0256,0.5,1.0,0.2,1.0,1.0,4.22,5.442417710521793,0.498,0.745,60,4,9.578708704828086
U0089,P0258,0.0,0.0,0.0,1.0,1.0,3.84,6.406879986069314,0.577,0.355,120,4,10.520629234696775
U0089,P0267,0.5,0.0,0.2,0.0,1.0,4.07,4.060443010546419,0.562,0.874,45,4,20.333863683442058
U0089,P0268,0.0,0.0,1.0,1.0,1.0,3.81,5.560681631015528,0.489,0.985,90,4,16.51088711052791
U0089,P0270,0.5,1.0,0.2,1.0,1.0,4.55,4.812184355372417,0.525,0.652,150,4,12.058197652600963
U0089,P0274,0.5,0.0,1.0,1.0,1.0,4.36,5.2574953720277815,0.406,0.249,45,4,20.569011597176708
U0089,P0288,0.5,0.0,0.2,1.0,1.0,4.47,2.8903717578961645,0.368,0.805,120,4,18.853131426676928
U0089,P0290,0.5,1.0,0.0,0.0,1.0,3.43,6.873163834212518,0.654,0.687,120,4,1.7994144017222793
U0089,P0293,0.0,1.0,0.2,1.0,1.0,4.18,5.799092654460526,0.544,0.45,30,4,15.8860657897609
U0089,P0298,0.5,0.0,0.6,0.0,1.0,4.57,4.890349128221754,0.47,0.061,150,4,17.955129918300425
U0089,P0299,0.5,0.0,1.0,1.0,1.0,3.98,4.330733340286331,0.253,0.864,120,4,6.760797628930378
U0089,P0305,0.0,1.0,1.0,1.0,1.0,3.3,7.295735072749282,0.946,0.485,150,4,17.695757733061445
U0089,P0309,0.0,1.0,1.0,0.0,1.0,4.15,6.371611847231857,0.679,0.38,150,4,19.228751642548623
U0089,P0321,0.5,0.0,0.6,0.0,1.0,3.95,7.503289630675082,1.0,0.512,120,4,10.24026913315406
U0089,P0322,0.5,0.0,0.2,1.0,1.0,3.98,3.713572066704308,0.486,0.203,30,4,8.484772229723866
U0089,P0331,0.5,0.0,0.6,0.0,1.0,3.84,4.844187086458591,0.516,0.81,120,4,13.56644997695766
U0089,P0333,0.5,0.0,0.2,1.0,1.0,3.78,5.631211781821365,0.556,0.339,45,4,21.87108992363861
U0089,P0337,0.0,1.0,0.0,0.0,1.0,3.95,5.056245805348308,0.307,0.719,60,4,17.709444808416748
U0089,P0342,0.5,0.0,1.0,1.0,1.0,3.86,6.089044875446846,0.525,0.867,60,4,4.816436026466969
U0089,P0343,0.5,1.0,0.0,1.0,1.0,3.55,6.3561076606958915,0.603,0.409,180,4,12.795564900661354
U0089,P0352,0.0,1.0,0.6,1.0,1.0,3.78,3.828641396489095,0.537,0.292,45,4,10.71481266233198
U0089,P0353,0.5,0.0,0.0,1.0,1.0,3.4,6.2285110035911835,0.648,0.752,180,4,12.516380236320249
U0089,P0356,0.5,0.0,0.6,0.0,1.0,4.19,5.384495062789089,0.527,0.839,60,4,9.023724826777237
U0089,P0364,0.0,1.0,0.6,1.0,1.0,4.11,5.918893854273146,0.416,0.309,30,4,21.91104883950558
U0089,P0366,0.5,0.0,0.2,1.0,1.0,4.19,4.330733340286331,0.575,0.808,150,4,6.434721521902527
U0089,P0372,0.5,1.0,1.0,1.0,1.0,3.82,5.53338948872752,0.348,0.075,30,4,17.3557380731187
U0089,P0375,0.5,0.0,1.0,1.0,1.0,3.82,3.828641396489095,0.268,0.914,150,4,16.972339044991
U0089,P0381,0.5,0.0,0.2,1.0,1.0,3.84,5.648974238161206,0.43,0.659,180,4,8.466608721571209
U0089,P0386,0.0,1.0,0.0,1.0,1.0,4.42,4.8283137373023015,0.5,0.171,90,4,20.080207520068484
U0089,P0389,0.0,1.0,1.0,1.0,1.0,3.77,5.204006687076795,0.55,0.96,150,4,6.191099686837082
U0089,P0398,0.5,0.0,0.2,0.0,1.0,3.61,6.763884908562435,0.637,0.085,180,4,11.211117455172563
U0089,P0402,0.5,0.0,0.2,1.0,1.0,4.14,4.948759890378168,0.452,0.6,45,4,8.4571082806542
U0089,P0412,0.5,0.0,0.2,0.0,1.0,5.0,5.0689042022202315,0.525,0.426,150,4,12.584520659415345
U0089,P0413,0.0,1.0,0.2,1.0,1.0,3.9,7.24422751560335,0.905,0.439,30,4,18.910206593797426
U0089,P0418,0.0,0.0,0.2,1.0,1.0,4.08,5.783825182329737,0.382,0.239,30,4,21.027458826501363
U0089,P0421,0.5,0.0,0.0,1.0,1.0,4.08,6.309918278226516,0.666,0.485,180,4,5.708482978389691
U0089,P0422,0.5,0.0,0.0,0.0,1.0,3.59,5.961005339623274,0.498,0.36,180,4,11.693452070668608
U0089,P0428,0.5,0.0,0.0,1.0,1.0,4.74,4.820281565605037,0.53,0.979,180,4,15.114434492966575
U0089,P0435,0.5,1.0,0.0,0.0,1.0,4.4,7.912423121473705,1.0,0.783,30,4,9.733911383015414
U0089,P0454,0.5,0.0,1.0,1.0,1.0,3.49,6.396929655216146,0.507,0.172,120,4,5.171604891153121
U0089,P0464,0.0,1.0,0.2,1.0,1.0,3.85,5.953243334287785,0.534,0.34,60,4,10.089463765551569
U0089,P0465,0.5,0.0,1.0,1.0,1.0,4.8,5.424950017481403,0.464,0.131,150,4,12.294984538562929
U0089,P0466,0.0,1.0,0.2,1.0,1.0,3.85,7.757478766584179,1.0,0.847,90,4,24.959938942475574
U0089,P0468,0.5,0.0,0.6,0.0,1.0,4.3,4.897839799950911,0.313,0.275,30,4,9.129327763337738
U0089,P0470,0.0,1.0,0.0,0.0,1.0,4.21,4.8283137373023015,0.28,0.411,45,4,21.152640030628746
U0089,P0474,0.0,0.0,0.0,0.0,1.0,3.41,4.672828834461906,0.439,0.801,30,4,23.224898269175142
U0089,P0481,0.5,0.0,0.2,1.0,1.0,4.39,7.095064377287131,0.812,0.371,150,4,10.950560403823184
U0089,P0496,0.5,0.0,0.2,1.0,1.0,4.19,3.091042453358316,0.52,0.853,90,4,10.367970500594764
U0090,P0003,0.0,0.798,0.2,1.0,1.0,3.99,5.220355825078324,0.514,0.481,180,2,21.12107368234631
U0090,P0007,0.25,0.842,0.6,1.0,1.0,4.21,3.2188758248682006,0.399,0.203,30,2,14.310983578245006
U0090,P0008,0.25,0.6639999999999999,0.2,1.0,1.0,3.32,4.8283137373023015,0.252,0.572,90,2,14.529499077272634
U0090,P0014,0.0,0.716,0.6,1.0,1.0,3.58,5.953243334287785,0.582,0.426,120,2,12.368728074314769
U0090,P0016,0.25,0.766,0.6,1.0,1.0,3.83,7.723120092266331,1.0,0.53,120,2,34.9321904176802
U0090,P0026,0.0,0.85,0.6,1.0,1.0,4.25,5.043425116919247,0.424,0.781,120,2,16.18912679300545
U0090,P0031,0.5,0.776,0.6,1.0,1.0,3.88,5.278114659230517,0.57,0.464,30,2,8.113944455211072
U0090,P0032,0.25,0.72,1.0,1.0,1.0,3.6,4.07753744390572,0.515,0.858,45,2,4.911261325220745
U0090,P0039,0.25,0.828,0.2,1.0,1.0,4.14,5.14166355650266,0.304,0.168,180,2,23.95432714952667
U0090,P0047,0.25,0.756,0.6,1.0,1.0,3.78,5.111987788356544,0.484,0.719,60,2,14.361092331360043
U0090,P0052,0.25,0.79,0.2,1.0,1.0,3.95,4.543294782270004,0.403,0.969,30,2,28.00041937499803
U0090,P0060,0.25,0.922,0.2,1.0,1.0,4.61,6.403574197934815,0.611,0.137,60,2,23.5683283392605
U0090,P0065,0.25,0.828,1.0,1.0,1.0,4.14,4.897839799950911,0.598,0.459,180,2,14.154569507996436
U0090,P0066,0.25,0.6799999999999999,0.6,1.0,1.0,3.4,5.583496308781699,0.612,0.325,180,2,10.897473798791783
U0090,P0068,0.25,0.738,1.0,1.0,1.0,3.69,7.360103972989152,0.96,0.491,120,2,12.779842685589147
U0090,P0069,0.25,0.75,1.0,1.0,1.0,3.75,5.117993812416755,0.44,0.662,60,2,31.202142613284337
U0090,P0072,0.0,0.6759999999999999,0.6,1.0,1.0,3.38,5.723585101952381,0.515,0.687,30,2,7.360324173736933
U0090,P0076,0.0,0.842,0.6,1.0,1.0,4.21,5.916202062607435,0.663,0.995,60,2,27.265326150168107
U0090,P0078,0.25,0.8460000000000001,0.6,1.0,1.0,4.23,4.6443908991413725,0.481,0.066,120,2,27.647739882818325
U0090,P0093,0.5,0.8,0.6,1.0,1.0,4.0,6.3578422665081,0.477,0.776,120,2,10.015440868657242
U0090,P0100,0.0,0.826,1.0,1.0,1.0,4.13,4.143134726391533,0.347,0.858,150,2,14.840172131831661
U0090,P0105,0.25,0.866,1.0,1.0,1.0,4.33,10.12330558042176,1.0,0.56,120,2,13.7840113950194
U0090,P0106,0.25,0.8720000000000001,0.2,1.0,1.0,4.36,6.862757913051401,0.806,0.343,120,2,12.852649214361929
U0090,P0109,0.25,0.75,0.2,1.0,1.0,3.75,5.220355825078324,0.554,0.618,90,2,17.323565177432823
U0090,P0113,0.25,0.778,0.6,1.0,1.0,3.89,6.806829360392176,0.674,0.76,60,2,1.5494322592608176
U0090,P0114,0.25,0.826,1.0,1.0,1.0,4.13,4.219507705176107,0.328,0.848,120,2,21.87062731173178
U0090,P0120,0.25,0.76,0.2,1.0,1.0,3.8,6.523562306149512,0.833,0.586,120,2,31.646122144879747
U0090,P0121,0.25,0.748,0.2,1.0,1.0,3.74,5.365976015021851,0.436,0.97,180,2,31.313504964130786
U0090,P0128,0.25,0.6839999999999999,1.0,1.0,1.0,3.42,4.919980925828125,0.29,0.765,120,2,9.394039533149115
U0090,P0136,0.0,0.95,0.6,1.0,1.0,4.75,3.784189633918261,0.603,0.869,30,2,17.094043185241826
U0090,P0138,0.25,0.732,0.6,1.0,1.0,3.66,6.056784013228625,0.462,0.599,150,2,5.894980340756696
U0090,P0145,0.25,0.8460000000000001,0.6,1.0,1.0,4.23,4.7535901911063645,0.367,0.117,30,2,18.52227734803407
U0090,P0152,0.25,0.8880000000000001,0.6,1.0,1.0,4.44,6.2324480165505225,0.8,0.056,180,2,20.05860308395121
U0090,P0154,0.25,0.9339999999999999,0.2,1.0,1.0,4.67,4.795790545596741,0.495,0.349,30,2,5.920413335234449
U0090,P0157,0.25,0.8939999999999999,0.2,1.0,1.0,4.47,6.476972362889683,0.806,0.662,45,2,7.538108665033097
U0090,P0160,0.5,0.85,1.0,1.0,1.0,4.25,5.3471075307174685,0.369,0.992,60,2,23.20650542246456
U0090,P0161,0.25,0.828,1.0,1.0,1.0,4.14,6.214608098422191,0.759,0.391,180,2,6.850532205290783
U0090,P0165,0.25,0.876,0.6,1.0,1.0,4.38,6.255750041753367,0.574,0.657,60,2,31.236295944243945
U0090,P0167,0.25,0.826,1.0,1.0,1.0,4.13,4.6913478822291435,0.346,0.57,30,2,7.119087191627408
U0090,P0168,0.25,0.908,1.0,1.0,1.0,4.54,5.327876168789581,0.391,0.678,45,2,5.038259450001122
U0090,P0186,0.25,0.8220000000000001,0.6,1.0,1.0,4.11,6.09807428216624,0.737,0.747,180,2,24.475570216084876
U0090,P0198,0.0,0.9259999999999999,0.6,1.0,1.0,4.63,4.941642422609304,0.637,0.815,150,2,31.412471283166852
U0090,P0199,0.25,0.666,1.0,1.0,1.0,3.33,7.1252830915107115,1.0,0.773,45,2,18.042821666728077
U0090,P0200,0.25,0.8099999999999999,0.6,1.0,1.0,4.05,6.985641817639208,0.739,0.699,150,2,23.643420801463755
U0090,P0208,0.5,0.85,1.0,1.0,1.0,4.25,4.605170185988092,0.469,0.557,60,2,16.31988497317963
U0090,P0209,0.25,0.96,0.2,1.0,1.0,4.8,5.641907070938114,0.368,0.754,120,2,9.167814480535494
U0090,P0214,0.25,0.734,0.6,1.0,1.0,3.67,6.324358962381311,0.731,0.588,180,2,10.806077791636497
U0090,P0216,0.25,0.714,1.0,1.0,1.0,3.57,3.091042453358316,0.32,0.893,45,2,11.344980584694396
U0090,P0220,0.25,0.666,0.6,1.0,1.0,3.33,5.43372200355424,0.5,0.091,120,2,27.49152729098335
U0090,P0222,0.5,0.634,0.6,1.0,1.0,3.17,5.393627546352362,0.406,0.312,120,2,11.97799185202477
U0090,P0225,0.5,0.774,0.2,1.0,1.0,3.87,4.23410650459726,0.498,0.05,120,2,17.131506393443008
U0090,P0227,0.25,0.732,0.2,1.0,1.0,3.66,6.1070228877422545,0.561,0.596,60,2,21.99775223797113
U0090,P0228,0.25,0.772,0.6,1.0,1.0,3.86,4.553876891600541,0.276,0.81,30,2,20.0147992792617
U0090,P0229,0.5,0.8099999999999999,1.0,1.0,1.0,4.05,4.2626798770413155,0.358,0.524,120,2,29.656034572912695
U0090,P0232,0.25,0.758,0.2,1.0,1.0,3.79,5.75890177387728,0.446,0.632,120,2,36.032071210015026
U0090,P0249,0.25,0.726,0.2,1.0,1.0,3.63,5.272999558563747,0.561,0.592,45,2,21.215897784189508
U0090,P0250,0.25,0.742,0.6,1.0,1.0,3.71,3.8501476017100584,0.531,0.941,180,2,5.128451055363934
U0090,P0255,0.25,0.8240000000000001,0.2,1.0,1.0,4.12,4.51085950651685,0.455,0.926,60,2,14.981673223232947
U0090,P0257,0.0,0.798,0.2,1.0,1.0,3.99,4.418840607796598,0.403,0.785,150,2,6.219889595018274
U0090,P0261,0.5,0.67,0.2,1.0,1.0,3.35,6.152732694704104,0.515,0.27,60,2,20.713905382944787
U0090,P0269,0.5,0.742,0.6,1.0,1.0,3.71,5.043425116919247,0.358,0.158,30,2,14.71410752362301
U0090,P0271,0.0,0.8960000000000001,0.6,1.0,1.0,4.48,4.1588830833596715,0.309,0.963,45,2,33.10505100338378
U0090,P0278,0.25,0.85,0.2,1.0,1.0,4.25,5.0106352940962555,0.352,0.372,150,2,21.425909307367437
U0090,P0279,0.25,0.776,1.0,1.0,1.0,3.88,4.983606621708336,0.404,0.337,90,2,12.838835401152146
U0090,P0284,0.25,0.636,0.6,1.0,1.0,3.18,4.290459441148391,0.225,0.636,60,2,24.50523702944873
U0090,P0286,0.0,0.8220000000000001,0.6,1.0,1.0,4.11,7.512071245835466,1.0,0.981,90,2,16.57709585945559
U0090,P0287,0.25,0.85,0.2,1.0,1.0,4.25,5.241747015059643,0.585,0.783,45,2,32.70798874189868
U0090,P0300,0.0,0.78,1.0,1.0,1.0,3.9,5.953243334287785,0.637,0.414,150,2,25.528677442942747
U0090,P0306,0.25,0.8779999999999999,0.6,1.0,1.0,4.39,5.43372200355424,0.327,0.844,150,2,28.585647372277293
U0090,P0315,0.25,0.826,0.2,1.0,1.0,4.13,6.813444599510896,0.765,0.581,90,2,22.784036649984625
U0090,P0329,0.25,0.8220000000000001,0.2,1.0,1.0,4.11,5.472270673671475,0.541,0.163,60,2,35.2107314270287
U0090,P0347,0.0,0.722,0.2,1.0,1.0,3.61,6.240275845170769,0.639,0.289,60,2,6.532273331617343
U0090,P0348,0.0,0.874,0.6,1.0,1.0,4.37,5.1298987149230735,0.388,0.489,150,2,14.230128652681497
U0090,P0365,0.5,0.772,1.0,1.0,1.0,3.86,4.574710978503383,0.475,0.357,150,2,30.661049460846314
U0090,P0368,0.0,0.9119999999999999,0.6,1.0,1.0,4.56,6.068425588244111,0.516,0.462,120,2,13.930502642490783
U0090,P0379,0.0,0.8640000000000001,0.6,1.0,1.0,4.32,5.723585101952381,0.62,0.856,90,2,13.940905989784964
U0090,P0382,0.25,1.0,0.2,1.0,1.0,5.0,5.389071729816501,0.638,0.643,120,2,3.652705532273626
U0090,P0387,0.0,0.876,0.6,1.0,1.0,4.38,6.668228248417403,0.611,0.406,60,2,32.98647510099847
U0090,P0401,0.25,0.9039999999999999,0.6,1.0,1.0,4.52,4.882801922586371,0.627,0.644,90,2,26.49778011975663
U0090,P0404,0.25,0.8400000000000001,0.6,1.0,1.0,4.2,4.927253685157205,0.58,0.541,120,2,19.453414228152862
U0090,P0411,0.25,0.774,0.6,1.0,1.0,3.87,7.191429330036379,0.864,0.888,30,2,24.498838685457248
U0090,P0434,0.0,0.8460000000000001,0.2,1.0,1.0,4.23,5.902633333401366,0.492,0.526,150,2,11.580916329756178
U0090,P0440,0.0,0.818,1.0,1.0,1.0,4.09,6.926577033222725,0.673,0.764,45,2,30.83160710844883
U0090,P0446,0.25,0.8939999999999999,1.0,1.0,1.0,4.47,6.1092475827643655,0.685,0.598,45,2,28.60856556454087
U0090,P0448,0.25,0.944,0.2,1.0,1.0,4.72,6.278521424165844,0.571,0.408,180,2,16.733999129287493
U0090,P0451,0.0,0.8539999999999999,0.6,1.0,1.0,4.27,5.030437921392435,0.345,0.646,30,2,14.100475655927136
U0090,P0453,0.25,0.8380000000000001,0.6,1.0,1.0,4.19,5.556828061699537,0.46,0.913,150,2,17.088462596226464
U0090,P0458,0.0,0.8119999999999999,0.2,1.0,1.0,4.06,5.8377304471659395,0.451,0.395,120,2,25.627824070998088
U0090,P0460,0.0,0.78,0.6,1.0,1.0,3.9,5.733341276897746,0.541,0.41,60,2,12.778317114364096
U0090,P0469,0.5,0.728,0.6,1.0,1.0,3.64,6.35088571671474,0.695,0.285,45,2,21.272498516104477
U0090,P0476,0.5,0.798,1.0,1.0,1.0,3.99,5.924255797414532,0.561,0.945,45,2,7.01420633824153
U0090,P0489,0.25,0.78,0.2,1.0,1.0,3.9,2.6390573296152584,0.509,0.951,30,2,18.091299499176586
U0090,P0490,0.25,0.678,0.6,1.0,1.0,3.39,6.413458957167357,0.584,0.85,30,2,26.831833179551875
U0091,P0004,0.0,0.679,0.6,1.0,1.0,4.81,6.421622267806518,0.679,0.831,60,4,25.699387791102957
U0091,P0005,0.5,0.456,0.6,1.0,1.0,3.89,6.152732694704104,0.456,0.903,45,4,19.056939184362314
U0091,P0015,0.5,0.446,0.6,1.0,1.0,3.83,5.153291594497779,0.446,0.842,45,4,43.51880600090922
U0091,P0022,0.0,0.471,0.6,1.0,1.0,4.05,5.14166355650266,0.471,0.356,30,4,10.05550574579591
U0091,P0034,0.5,0.693,1.0,1.0,1.0,4.07,6.704414354964107,0.693,0.164,90,4,5.527515960073591
U0091,P0038,0.5,0.682,0.6,1.0,1.0,2.92,6.48768401848461,0.682,0.481,90,4,29.421044990708502
U0091,P0040,0.0,0.249,0.2,1.0,1.0,4.14,3.1354942159291497,0.249,0.216,150,4,32.563181813886935
U0091,P0041,0.5,0.485,0.6,1.0,1.0,4.0,5.929589143389895,0.485,0.948,150,4,15.352053578381337
U0091,P0043,0.0,0.441,0.2,1.0,1.0,3.74,4.90527477843843,0.441,0.523,30,4,49.32258314978135
U0091,P0054,0.0,0.693,0.6,1.0,1.0,4.95,5.71042701737487,0.693,0.563,45,4,47.677511450983566
U0091,P0056,0.5,0.286,0.2,1.0,1.0,3.24,5.472270673671475,0.286,0.576,60,4,32.73324515467578
U0091,P0063,0.0,1.0,0.2,1.0,1.0,4.36,8.128585200374497,1.0,0.358,45,4,18.48562719465478
U0091,P0067,0.5,0.527,0.6,1.0,1.0,3.62,6.068425588244111,0.527,0.79,90,4,37.020301035583344
U0091,P0074,0.5,0.327,0.6,1.0,1.0,3.54,3.9318256327243257,0.327,0.272,150,4,27.768338607033698
U0091,P0081,0.5,0.555,0.6,1.0,1.0,3.66,6.4457198193855785,0.555,0.365,180,4,35.123749329115846
U0091,P0083,0.5,0.563,1.0,1.0,1.0,4.53,5.996452088619021,0.563,0.951,150,4,20.22517874807339
U0091,P0084,0.5,1.0,0.6,1.0,1.0,4.47,7.776535028185241,1.0,0.477,60,4,34.66669007917493
U0091,P0089,0.5,1.0,0.6,1.0,1.0,4.11,7.244941546337007,1.0,0.951,150,4,29.197212717369066
U0091,P0091,0.0,0.301,0.6,1.0,1.0,4.38,4.477336814478207,0.301,0.635,90,4,15.27208488397149
U0091,P0092,0.0,0.409,0.2,1.0,1.0,3.62,6.07993319509559,0.409,0.52,90,4,14.373074239181275
U0091,P0096,0.5,0.569,0.2,1.0,1.0,3.9,6.52795791762255,0.569,0.786,90,4,9.126266612409307
U0091,P0102,0.5,0.896,1.0,1.0,1.0,4.59,6.7650389767805414,0.896,0.456,120,4,33.35426594023879
U0091,P0107,0.0,0.812,0.2,1.0,1.0,4.53,6.282266746896006,0.812,0.979,90,4,13.234179663064833
U0091,P0115,0.0,0.541,0.6,1.0,1.0,3.78,6.317164686747284,0.541,0.672,45,4,9.495197950833258
U0091,P0122,0.0,0.798,0.2,1.0,1.0,4.33,6.539585955617669,0.798,0.795,60,4,29.877726310159794
U0091,P0123,0.0,0.282,0.6,1.0,1.0,3.56,5.099866427824199,0.282,0.386,90,4,48.84426526726665
U0091,P0125,0.5,0.755,0.2,1.0,1.0,4.89,5.986452005284438,0.755,0.668,60,4,8.301190427629795
U0091,P0126,0.0,0.622,0.6,1.0,1.0,3.53,6.602587892189336,0.622,0.568,60,4,13.494112291748063
U0091,P0133,0.0,0.265,1.0,1.0,1.0,3.99,4.007333185232471,0.265,0.617,60,4,25.54250559466807
U0091,P0142,0.5,0.312,0.2,1.0,1.0,4.81,4.02535169073515,0.312,0.867,45,4,25.92552837013409
U0091,P0144,0.5,0.688,0.6,1.0,1.0,4.03,6.206575926724928,0.688,0.313,120,4,21.640564656288603
U0091,P0146,0.5,0.467,0.2,1.0,1.0,4.01,4.912654885736052,0.467,0.531,30,4,18.50669910550819
U0091,P0150,0.5,0.623,0.2,1.0,1.0,4.47,6.255750041753367,0.623,0.918,90,4,28.560660078827464
U0091,P0151,0.5,0.305,0.2,1.0,1.0,3.73,4.8283137373023015,0.305,0.853,180,4,7.872359826020741
U0091,P0155,0.0,0.361,0.2,1.0,1.0,4.35,5.2574953720277815,0.361,0.479,90,4,45.20039282318452
U0091,P0162,0.5,1.0,0.2,1.0,1.0,3.73,8.01102337918644,1.0,0.241,45,4,31.196059305010788
U0091,P0164,0.5,0.56,1.0,1.0,1.0,4.62,6.450470422144176,0.56,0.967,150,4,31.203424786712496
U0091,P0170,0.0,0.58,1.0,1.0,1.0,4.29,4.8283137373023015,0.58,0.845,60,4,26.37289980195437
U0091,P0174,0.0,0.409,0.6,1.0,1.0,3.45,3.828641396489095,0.409,0.097,150,4,15.857423992143593
U0091,P0175,0.0,0.321,0.6,1.0,1.0,3.78,5.247024072160486,0.321,0.229,150,4,4.323187060456486
U0091,P0180,0.0,0.491,1.0,1.0,1.0,4.25,4.51085950651685,0.491,0.434,150,4,39.97424190936881
U0091,P0181,0.5,1.0,0.2,1.0,1.0,4.33,7.3395376954076745,1.0,0.696,150,4,24.361716527363267
U0091,P0185,0.5,0.359,1.0,1.0,1.0,4.14,4.574710978503383,0.359,0.333,30,4,21.693639771647725
U0091,P0189,0.5,0.596,0.2,1.0,1.0,4.49,5.720311776607412,0.596,0.737,30,4,37.82136244916382
U0091,P0191,0.0,0.38,0.2,1.0,1.0,3.72,4.787491742782046,0.38,0.892,90,4,8.235128222868532
U0091,P0201,0.5,0.465,1.0,1.0,1.0,3.38,4.787491742782046,0.465,0.968,30,4,22.049891403653028
U0091,P0202,0.5,0.478,1.0,1.0,1.0,4.1,5.556828061699537,0.478,0.089,150,4,36.57163142878881
U0091,P0205,0.0,0.546,0.2,1.0,1.0,4.15,6.118097198041348,0.546,0.813,120,4,21.32543911118098
U0091,P0211,0.0,1.0,0.6,1.0,1.0,5.0,7.60688453121963,1.0,0.351,120,4,4.651514575205789
U0091,P0215,0.0,0.423,0.6,1.0,1.0,4.58,3.4011973816621555,0.423,0.982,180,4,0.6405812971101382
U0091,P0224,0.0,0.279,0.6,1.0,1.0,4.26,4.382026634673881,0.279,0.985,60,4,27.71963418264024
U0091,P0226,0.0,0.871,0.2,1.0,1.0,4.07,6.646390514847729,0.871,0.965,120,4,10.510218265356967
U0091,P0235,0.0,0.372,1.0,1.0,1.0,3.86,4.812184355372417,0.372,0.491,150,4,21.52300387394027
U0091,P0236,0.0,0.317,1.0,1.0,1.0,3.98,2.772588722239781,0.317,0.87,60,4,9.104641833125022
U0091,P0240,0.0,0.951,0.6,1.0,1.0,5.0,6.843749949006225,0.951,0.465,120,4,26.751879948146705
U0091,P0245,0.5,0.673,0.6,1.0,1.0,4.86,6.558197802812269,0.673,0.09,45,4,34.29088109240702
U0091,P0246,0.5,1.0,1.0,1.0,1.0,4.1,7.27655640271871,1.0,0.662,150,4,28.47674734785242
U0091,P0259,0.5,0.32,0.6,1.0,1.0,4.33,4.330733340286331,0.32,0.951,60,4,41.327553812490976
U0091,P0262,0.0,0.525,1.0,1.0,1.0,3.8,6.186208623900494,0.525,0.274,90,4,29.95414199812552
U0091,P0265,0.5,0.584,0.6,1.0,1.0,4.22,4.418840607796598,0.584,0.31,60,4,41.93986004962217
U0091,P0277,0.0,0.449,0.6,1.0,1.0,4.63,5.808142489980444,0.449,0.179,180,4,6.240116967297357
U0091,P0289,0.5,0.804,1.0,1.0,1.0,4.21,6.42648845745769,0.804,0.318,30,4,16.698382686236304
U0091,P0297,0.0,0.481,0.2,1.0,1.0,4.32,5.902633333401366,0.481,0.089,180,4,30.971040024531483
U0091,P0301,0.0,0.296,0.6,1.0,1.0,4.44,4.394449154672439,0.296,0.296,120,4,20.461681826609023
U0091,P0308,0.5,0.65,0.6,1.0,1.0,5.0,5.655991810819852,0.65,0.669,30,4,30.25953451388051
U0091,P0311,0.0,0.436,0.6,1.0,1.0,3.74,6.066108090103747,0.436,0.613,30,4,16.16420637916206
U0091,P0314,0.5,0.579,0.6,1.0,1.0,3.65,5.351858133476067,0.579,0.284,45,4,19.390320913296797
U0091,P0319,0.0,0.502,1.0,1.0,1.0,4.47,5.5909869805108565,0.502,0.328,120,4,15.91391269945297
U0091,P0325,0.5,0.61,0.6,1.0,1.0,4.0,6.336825731146441,0.61,0.792,30,4,7.363560947716564
U0091,P0327,0.0,0.483,0.6,1.0,1.0,3.98,4.174387269895637,0.483,0.989,90,4,43.158674287498734
U0091,P0336,0.5,0.302,1.0,1.0,1.0,4.66,3.044522437723423,0.302,0.722,180,4,14.839986974330778
U0091,P0344,0.0,0.403,1.0,1.0,1.0,3.99,5.056245805348308,0.403,0.273,90,4,9.885320249381753
U0091,P0349,0.0,0.525,1.0,1.0,1.0,4.25,4.007333185232471,0.525,0.192,150,4,38.04312619116323
U0091,P0350,0.0,0.324,0.6,1.0,1.0,4.52,5.2832037287379885,0.324,0.736,180,4,14.629691925234647
U0091,P0354,0.0,1.0,0.6,1.0,1.0,3.52,7.605890001053122,1.0,0.25,90,4,25.927068781717587
U0091,P0355,0.0,1.0,1.0,1.0,1.0,3.16,7.535830462798367,1.0,0.622,180,4,23.718645426489598
U0091,P0357,0.0,0.4,0.6,1.0,1.0,3.85,5.981414211254481,0.4,0.263,60,4,6.758459120350663
U0091,P0362,0.5,0.492,0.6,1.0,1.0,3.49,6.391917113392602,0.492,0.317,30,4,35.36444692373884
U0091,P0363,0.0,0.564,0.6,1.0,1.0,4.18,5.2832037287379885,0.564,0.497,45,4,15.932934843958385
U0091,P0370,0.0,0.739,1.0,1.0,1.0,4.85,6.717804695023691,0.739,0.797,120,4,16.425870516847805
U0091,P0378,0.0,1.0,0.2,1.0,1.0,3.67,8.658866349732383,1.0,0.865,90,4,17.510790104454085
U0091,P0383,0.0,0.311,0.6,1.0,1.0,4.62,4.663439094112067,0.311,0.896,120,4,9.105401013614381
U0091,P0385,0.0,1.0,0.2,1.0,1.0,3.82,7.675081857716334,1.0,0.441,120,4,31.705324563976045
U0091,P0393,0.0,0.641,1.0,1.0,1.0,4.35,6.79794041297493,0.641,0.892,90,4,32.199964419044896
U0091,P0406,0.5,0.349,0.2,1.0,1.0,4.02,4.976733742420574,0.349,0.241,180,4,24.1930246441696
U0091,P0414,0.0,0.574,0.2,1.0,1.0,4.81,4.875197323201151,0.574,0.237,45,4,26.517384333940416
U0091,P0415,0.0,0.548,1.0,1.0,1.0,3.91,5.1647859739235145,0.548,0.99,90,4,41.2481435940204
U0091,P0417,0.0,0.493,0.6,1.0,1.0,3.65,4.584967478670572,0.493,0.182,150,4,32.395338952887386
U0091,P0423,0.5,0.546,0.6,1.0,1.0,4.17,6.091309882077698,0.546,0.491,30,4,16.285044729713878
U0091,P0429,0.0,0.596,0.2,1.0,1.0,3.73,6.066108090103747,0.596,0.107,30,4,28.103736361413063
U0091,P0430,0.5,0.474,1.0,1.0,1.0,3.85,6.259581464064923,0.474,0.763,60,4,28.34851102263859
U0091,P0431,0.5,0.291,1.0,1.0,1.0,4.19,3.6888794541139363,0.291,0.653,150,4,37.73699802885517
U0091,P0436,0.0,0.464,1.0,1.0,1.0,4.02,4.543294782270004,0.464,0.947,150,4,27.891211147995907
U0091,P0442,0.5,0.708,0.6,1.0,1.0,3.88,6.75343791859778,0.708,0.96,120,4,28.81469886598759
U0091,P0443,0.0,1.0,1.0,1.0,1.0,4.41,7.716460800176355,1.0,0.876,90,4,4.35429083889185
U0091,P0445,0.0,0.666,0.6,1.0,1.0,4.37,6.8308742346461795,0.666,0.662,150,4,24.74546081086329
U0091,P0457,0.5,1.0,0.2,1.0,1.0,4.21,7.393263094763838,1.0,0.306,150,4,31.224376957451987
U0091,P0461,0.5,0.594,1.0,1.0,1.0,4.58,4.276666119016055,0.594,0.782,120,4,3.968266527816577
U0091,P0467,0.0,0.194,1.0,1.0,1.0,3.45,2.8903717578961645,0.194,0.951,90,4,38.99465974440525
U0091,P0472,0.0,0.434,1.0,1.0,1.0,4.39,5.384495062789089,0.434,0.365,30,4,9.102042613447608
U0091,P0477,0.0,1.0,1.0,1.0,1.0,3.54,7.232733136177615,1.0,0.177,60,4,9.570275519601955
U0091,P0478,0.0,0.877,0.2,1.0,1.0,4.06,6.841615476477592,0.877,0.246,150,4,2.2207066447218633
U0091,P0479,0.0,0.532,0.6,1.0,1.0,4.25,6.049733455231958,0.532,0.229,90,4,32.12416561742173
U0091,P0480,0.0,0.555,0.2,1.0,1.0,4.36,6.037870919922137,0.555,0.061,90,4,27.401290089648825
U0091,P0491,0.0,0.433,0.2,1.0,1.0,4.45,6.0112671744041615,0.433,0.251,120,4,41.012619217723035
U0091,P0498,0.0,0.582,0.2,1.0,1.0,3.65,5.1647859739235145,0.582,0.624,90,4,36.37619047522063
U0092,P0001,0.0,1.0,0.2,1.0,1.0,4.32,5.337538079701318,0.32,0.667,30,7,6.51150826202596
U0092,P0010,0.0,0.0,1.0,1.0,1.0,3.69,3.8066624897703196,0.479,0.441,180,7,6.806785180658007
U0092,P0011,0.0,0.0,0.2,1.0,1.0,4.76,5.231108616854587,0.371,0.868,45,7,12.977355781542178
U0092,P0012,0.0,0.0,0.2,1.0,1.0,4.13,3.8066624897703196,0.301,0.795,90,7,16.200908775941976
U0092,P0017,0.0,0.0,0.2,0.0,1.0,4.09,4.23410650459726,0.428,0.568,90,7,6.309589111117065
U0092,P0019,0.6666666666666666,0.0,0.2,1.0,1.0,4.19,3.1780538303479458,0.525,0.83,180,7,10.546918216687041
U0092,P0020,0.0,0.0,0.6,1.0,1.0,3.5,5.736572297479192,0.643,0.617,30,7,8.941762284429862
U0092,P0036,0.0,1.0,0.2,1.0,1.0,4.26,7.346010209913293,0.95,0.192,30,7,3.568475437262203
U0092,P0037,0.0,1.0,0.2,0.0,1.0,4.08,7.3777589082278725,1.0,0.144,120,7,5.564945636355391
U0092,P0046,0.6666666666666666,0.0,0.6,1.0,1.0,4.14,6.663132695990803,0.812,0.708,90,7,15.459211162442129
U0092,P0050,0.0,0.0,0.6,0.0,1.0,4.1,5.220355825078324,0.486,0.787,150,7,6.495195784813339
U0092,P0053,0.0,0.0,0.6,1.0,1.0,4.03,5.986452005284438,0.418,0.63,45,7,6.762840178150669
U0092,P0058,0.6666666666666666,0.0,0.2,1.0,1.0,4.01,5.863631175598097,0.535,0.485,120,7,8.039713831611481
U0092,P0064,0.6666666666666666,1.0,0.2,1.0,1.0,3.65,4.8283137373023015,0.408,0.155,90,7,12.889289029046006
U0092,P0077,0.3333333333333333,1.0,0.6,0.0,1.0,3.79,5.780743515792329,0.656,0.068,90,7,12.589278971088891
U0092,P0080,0.3333333333333333,1.0,0.6,1.0,1.0,3.56,6.289715570908998,0.705,0.73,45,7,10.223966856667333
U0092,P0086,0.6666666666666666,0.0,0.6,0.0,1.0,3.7,4.5217885770490405,0.474,0.656,120,7,10.165625415372041
U0092,P0087,0.0,1.0,0.6,1.0,1.0,4.07,5.910796644040527,0.392,0.169,90,7,1.9587371727214358
U0092,P0104,0.3333333333333333,0.0,0.6,1.0,1.0,4.33,6.118097198041348,0.635,0.445,45,7,6.145382871049726
U0092,P0110,0.0,0.0,0.6,1.0,1.0,3.88,5.598421958998375,0.397,0.337,150,7,4.997946603065571
U0092,P0119,0.0,0.0,0.2,0.0,1.0,3.19,5.726847747587197,0.593,0.923,150,7,1.6891088344070389
U0092,P0129,0.6666666666666666,1.0,0.2,1.0,1.0,4.67,4.653960350157523,0.551,0.925,120,7,6.7373364399615765
U0092,P0137,0.0,1.0,1.0,1.0,1.0,4.62,5.5134287461649825,0.627,0.357,180,7,11.581768679363588
U0092,P0140,0.0,0.0,0.6,1.0,1.0,4.13,5.043425116919247,0.467,0.645,45,7,16.74647940251573
U0092,P0141,0.6666666666666666,1.0,0.6,1.0,1.0,4.15,6.295266001439646,0.507,0.666,60,7,12.073644126832953
U0092,P0143,0.0,1.0,0.6,1.0,1.0,5.0,3.1780538303479458,0.308,0.058,180,7,9.119002527253429
U0092,P0156,0.6666666666666666,1.0,0.6,0.0,1.0,4.0,6.818924065275521,0.86,0.215,60,7,11.45756793072585
U0092,P0158,0.0,1.0,0.6,1.0,1.0,4.69,5.5254529391317835,0.362,0.521,90,7,4.98345119129705
U0092,P0166,0.0,1.0,0.6,1.0,1.0,4.09,4.430816798843313,0.377,0.569,150,7,7.976963870326108
U0092,P0169,0.0,1.0,0.6,1.0,1.0,3.73,5.117993812416755,0.411,0.978,60,7,10.24472383575854
U0092,P0172,0.3333333333333333,1.0,0.6,0.0,1.0,4.21,4.897839799950911,0.419,0.295,150,7,15.360201222739034
U0092,P0184,0.0,1.0,0.6,1.0,1.0,4.2,5.517452896464707,0.367,0.557,90,7,6.801925202467668
U0092,P0187,0.3333333333333333,1.0,0.6,1.0,1.0,4.75,6.651571873589727,0.602,0.195,30,7,4.457421793918967
U0092,P0193,0.0,1.0,0.6,0.0,1.0,3.76,5.683579767338681,0.552,0.102,150,7,7.004370171086945
U0092,P0196,0.6666666666666666,1.0,0.6,1.0,1.0,3.7,6.091309882077698,0.697,0.236,90,7,7.056931540999975
U0092,P0206,0.0,1.0,0.6,1.0,1.0,4.42,4.1588830833596715,0.469,0.718,45,7,7.563919849405446
U0092,P0212,0.3333333333333333,1.0,0.6,1.0,1.0,3.99,6.666956792429207,0.86,0.663,90,7,12.047093701200417
U0092,P0238,0.0,1.0,0.6,1.0,1.0,4.84,5.204006687076795,0.479,0.867,45,7,11.493152125291383
U0092,P0248,0.6666666666666666,0.0,1.0,1.0,1.0,4.79,6.148468295917647,0.759,0.562,120,7,3.7542750119897974
U0092,P0251,0.0,0.0,0.6,1.0,1.0,4.52,7.791522819150732,1.0,0.95,45,7,12.584028328826735
U0092,P0252,0.3333333333333333,1.0,0.2,1.0,1.0,3.47,6.175867270105761,0.566,0.349,150,7,8.758397234486939
U0092,P0254,0.0,1.0,0.6,1.0,1.0,3.83,4.465908118654584,0.391,0.821,45,7,3.3811845219651646
U0092,P0260,0.3333333333333333,0.0,1.0,1.0,1.0,4.14,6.401917196727186,0.669,0.714,180,7,0.6459437945511239
U0092,P0263,0.0,1.0,1.0,1.0,1.0,3.76,3.367295829986474,0.32,0.879,90,7,15.145631842696519
U0092,P0272,0.6666666666666666,0.0,0.2,1.0,1.0,4.34,7.2305631534092925,1.0,0.47,30,7,9.643341360651778
U0092,P0275,0.6666666666666666,1.0,0.6,0.0,1.0,4.27,4.77912349311153,0.591,0.889,120,7,9.85819187294202
U0092,P0280,0.0,0.0,0.2,0.0,1.0,4.28,4.997212273764115,0.537,0.941,120,7,9.268240068650897
U0092,P0281,0.3333333333333333,0.0,0.6,1.0,1.0,4.23,7.990576881743923,1.0,0.771,30,7,9.16362887243011
U0092,P0291,0.0,1.0,0.2,1.0,1.0,4.25,5.003946305945459,0.58,0.478,180,7,9.222326176810025
U0092,P0296,0.6666666666666666,0.0,1.0,1.0,1.0,4.13,4.927253685157205,0.342,0.209,150,7,13.47144859380574
U0092,P0302,0.0,0.0,1.0,1.0,1.0,4.49,7.126890808898808,1.0,0.434,90,7,6.56363961028435
U0092,P0303,0.0,0.0,0.2,1.0,1.0,4.29,7.752335163302292,1.0,0.487,150,7,4.62607997895486
U0092,P0307,0.3333333333333333,1.0,1.0,1.0,1.0,4.23,4.1588830833596715,0.352,0.184,180,7,7.424548726978064
U0092,P0317,0.6666666666666666,0.0,0.6,1.0,1.0,4.03,4.990432586778736,0.512,0.102,120,7,13.196280093097295
U0092,P0318,0.0,1.0,1.0,0.0,1.0,3.64,3.5263605246161616,0.245,0.601,60,7,9.122755035875903
U0092,P0320,0.0,1.0,0.6,0.0,1.0,3.52,3.9512437185814275,0.257,0.072,30,7,5.040887647642561
U0092,P0324,0.0,0.0,0.6,0.0,1.0,2.89,5.438079308923196,0.474,0.684,60,7,15.464342562085292
U0092,P0326,0.6666666666666666,1.0,0.6,1.0,1.0,4.93,6.852242569051878,0.99,0.062,60,7,13.628977656003732
U0092,P0328,0.0,1.0,1.0,0.0,1.0,5.0,5.572154032177765,0.438,0.843,180,7,7.914444522730683
U0092,P0330,0.3333333333333333,0.0,0.6,1.0,1.0,4.19,5.327876168789581,0.598,0.205,45,7,10.669231277385991
U0092,P0332,0.3333333333333333,1.0,1.0,1.0,1.0,4.09,4.852030263919617,0.297,0.955,45,7,6.782627385319597
U0092,P0335,0.0,1.0,1.0,0.0,1.0,2.91,6.810142450115136,0.759,0.945,45,7,7.211337890968911
U0092,P0338,0.3333333333333333,0.0,0.2,0.0,1.0,3.47,4.574710978503383,0.318,0.942,180,7,5.427410421333278
U0092,P0339,0.3333333333333333,1.0,0.2,1.0,1.0,3.6,7.602900462204755,1.0,0.852,30,7,2.599787401525614
U0092,P0345,0.0,1.0,0.2,1.0,1.0,4.42,6.035481432524756,0.502,0.356,150,7,8.903295500995913
U0092,P0346,0.0,1.0,0.2,1.0,1.0,3.94,6.891625897052253,0.71,0.595,150,7,8.861029861016613
U0092,P0351,0.3333333333333333,0.0,0.2,0.0,1.0,3.86,6.759255270663693,0.911,0.546,150,7,15.749924173422405
U0092,P0358,0.3333333333333333,1.0,0.2,1.0,1.0,4.08,6.824373670043086,0.828,0.55,45,7,8.730831910940445
U0092,P0359,0.0,0.0,0.2,1.0,1.0,4.15,5.683579767338681,0.385,0.23,180,7,9.263159871810396
U0092,P0361,0.6666666666666666,0.0,0.6,1.0,1.0,4.24,3.4657359027997265,0.315,0.898,120,7,11.812425359981594
U0092,P0367,0.0,0.0,1.0,1.0,1.0,4.28,3.4657359027997265,0.364,0.516,90,7,11.432834768950118
U0092,P0369,0.3333333333333333,1.0,0.2,0.0,1.0,4.22,6.679599185844383,0.722,0.849,180,7,9.263090093820571
U0092,P0371,0.0,1.0,1.0,1.0,1.0,3.27,3.970291913552122,0.261,0.161,30,7,5.974705236795619
U0092,P0374,0.3333333333333333,1.0,0.6,1.0,1.0,4.18,4.59511985013459,0.424,0.35,90,7,9.729169422814886
U0092,P0380,0.0,1.0,0.2,0.0,1.0,3.71,6.342121418721152,0.567,0.181,150,7,1.5334907669894458
U0092,P0388,0.6666666666666666,1.0,0.2,1.0,1.0,4.38,3.6375861597263857,0.236,0.587,120,7,10.568054818473954
U0092,P0390,0.6666666666666666,0.0,1.0,1.0,1.0,4.07,6.246106765481563,0.77,0.068,120,7,9.50571631376516
U0092,P0391,0.0,1.0,0.6,1.0,1.0,4.18,3.912023005428146,0.403,0.413,30,7,5.760895046607673
U0092,P0392,0.6666666666666666,1.0,0.2,1.0,1.0,4.27,6.234410725718371,0.68,0.354,30,7,5.358753903906608
U0092,P0395,0.3333333333333333,0.0,0.6,0.0,1.0,4.07,3.5263605246161616,0.234,0.739,150,7,10.580415802005081
U0092,P0399,0.0,1.0,0.6,1.0,1.0,4.08,6.318968113746434,0.659,0.547,150,7,5.592374059607195
U0092,P0400,0.0,0.0,0.6,0.0,1.0,4.11,5.537334267018537,0.362,0.263,120,7,6.833045304524944
U0092,P0403,0.0,1.0,0.6,1.0,1.0,3.9,5.1298987149230735,0.376,0.857,150,7,13.977758489980632
U0092,P0405,0.6666666666666666,0.0,0.6,1.0,1.0,4.67,4.430816798843313,0.395,0.346,90,7,10.122604301591425
U0092,P0424,0.0,0.0,0.6,1.0,1.0,4.23,8.446556111816797,1.0,0.196,30,7,8.84118854105289
U0092,P0426,0.3333333333333333,1.0,1.0,1.0,1.0,3.82,4.836281906951478,0.263,0.938,120,7,11.466561171684196
U0092,P0427,0.0,0.0,0.6,1.0,1.0,3.81,6.927557906278317,0.653,0.401,45,7,5.150485296946965
U0092,P0438,0.6666666666666666,0.0,0.6,1.0,1.0,4.09,7.653494909661253,1.0,0.446,45,7,11.80655151596772
U0092,P0441,0.0,0.0,0.2,1.0,1.0,5.0,4.867534450455582,0.426,0.41,150,7,2.2349788496804504
U0092,P0447,0.0,0.0,0.6,0.0,1.0,4.58,6.903747257584598,0.815,0.525,120,7,15.137560538474252
U0092,P0452,0.6666666666666666,1.0,0.2,1.0,1.0,4.11,7.034387929915503,1.0,0.161,150,7,3.505660841796801
U0092,P0455,0.0,0.0,0.2,1.0,1.0,4.39,8.096208271650037,1.0,0.794,150,7,8.326938805961346
U0092,P0462,0.0,0.0,0.2,1.0,1.0,4.16,4.663439094112067,0.492,0.556,150,7,8.695820197853518
U0092,P0463,0.0,0.0,1.0,1.0,1.0,4.64,3.6888794541139363,0.486,0.955,180,7,10.567418926103873
U0092,P0484,0.6666666666666666,1.0,0.6,1.0,1.0,3.8,7.661527081358517,1.0,0.302,60,7,3.4756204579429677
U0092,P0488,0.0,0.0,1.0,1.0,1.0,3.9,3.258096538021482,0.334,0.777,30,7,9.054821611013384
U0092,P0495,0.6666666666666666,1.0,0.2,1.0,1.0,4.0,5.53338948872752,0.423,0.22,60,7,12.331395829972571
U0092,P0497,0.0,1.0,0.6,1.0,1.0,3.99,4.68213122712422,0.302,0.419,30,7,9.224715626441206
U0092,P0499,0.0,1.0,0.6,1.0,1.0,4.91,6.269096283706261,0.682,0.5,120,7,8.507910995426254
U0092,P0500,0.0,0.0,0.2,1.0,1.0,3.84,6.18826412308259,0.439,0.839,180,7,5.724123776853682
U0093,P0002,0.5,0.0,0.6,0.0,1.0,4.39,7.3277805384216315,0.958,0.624,180,4,31.99048960249789
U0093,P0006,0.25,1.0,1.0,1.0,1.0,3.89,4.941642422609304,0.534,0.973,90,4,40.78754611723255
U0093,P0009,0.25,0.0,0.6,1.0,1.0,3.64,5.877735781779639,0.429,0.117,30,4,16.857076414756133
U0093,P0023,0.5,0.0,1.0,0.0,1.0,3.43,4.6443908991413725,0.5,0.119,45,4,22.348301308576616
U0093,P0030,0.25,1.0,0.2,1.0,1.0,4.25,6.670766320845874,0.706,0.712,150,4,29.07799835549748
U0093,P0033,0.5,0.0,0.6,1.0,1.0,4.47,7.1276936993473985,0.868,0.516,90,4,17.364780000780346
U0093,P0035,0.25,0.0,1.0,0.0,1.0,4.26,4.727387818712341,0.39,0.576,60,4,22.478742745585308
U0093,P0045,0.5,0.0,1.0,0.0,1.0,3.86,6.118097198041348,0.597,0.412,45,4,20.917466673382798
U0093,P0048,0.0,0.0,1.0,1.0,1.0,3.92,3.7612001156935624,0.3,0.699,90,4,28.970789333419347
U0093,P0049,0.5,0.0,0.6,1.0,1.0,4.23,5.814130531825066,0.516,0.337,60,4,14.876586652772536
U0093,P0051,0.25,0.0,0.6,1.0,1.0,3.46,4.997212273764115,0.515,0.445,30,4,7.113724098122108
U0093,P0057,0.5,0.0,1.0,1.0,1.0,4.13,8.455955881945048,1.0,0.358,180,4,10.310361170248804
U0093,P0062,0.5,0.0,0.2,1.0,1.0,4.73,3.828641396489095,0.553,0.221,180,4,19.49066655597885
U0093,P0071,0.5,0.0,0.2,1.0,1.0,4.2,7.069023426578259,1.0,0.694,150,4,14.158155325356384
U0093,P0079,0.0,0.0,0.6,1.0,1.0,4.94,6.07073772800249,0.775,0.405,120,4,36.11571865991583
U0093,P0090,0.0,1.0,0.2,1.0,1.0,3.98,8.764209507142004,1.0,0.626,30,4,14.49386045925262
U0093,P0094,0.25,1.0,0.6,0.0,1.0,4.31,5.41610040220442,0.332,0.183,45,4,16.589272823452983
U0093,P0095,0.0,1.0,0.6,1.0,1.0,3.72,3.6888794541139363,0.332,0.704,150,4,15.507983325320803
U0093,P0097,0.25,0.0,0.6,1.0,1.0,4.2,4.007333185232471,0.425,0.334,150,4,16.78874548965386
U0093,P0098,0.5,0.0,0.2,1.0,1.0,4.18,5.963579343618446,0.67,0.928,180,4,16.657498170497522
U0093,P0099,0.25,0.0,1.0,1.0,1.0,3.7,5.68697535633982,0.402,0.499,150,4,8.741784353619714
U0093,P0112,0.25,0.0,0.2,1.0,1.0,4.41,3.58351893845611,0.431,0.477,45,4,27.051133905039244
U0093,P0117,0.25,0.0,0.2,1.0,1.0,4.12,4.718498871295094,0.261,0.322,120,4,32.033542543617074
U0093,P0118,0.25,1.0,0.6,1.0,1.0,5.0,6.261491684321042,0.616,0.837,90,4,25.49633986771236
U0093,P0130,0.5,0.0,0.2,1.0,1.0,4.3,6.429719478039138,0.746,0.857,90,4,17.588003705615783
U0093,P0131,0.25,1.0,1.0,1.0,1.0,3.68,5.429345628954441,0.51,0.458,90,4,24.254582323324843
U0093,P0132,0.0,0.0,0.2,1.0,1.0,2.64,4.276666119016055,0.204,0.423,150,4,8.617984190000026
U0093,P0149,0.5,0.0,0.6,1.0,1.0,4.5,5.869296913133774,0.567,0.589,60,4,1.4338803827142745
U0093,P0153,0.5,0.0,1.0,1.0,1.0,4.09,5.641907070938114,0.516,0.316,45,4,32.78927684720842
U0093,P0159,0.5,0.0,0.6,1.0,1.0,4.41,5.1298987149230735,0.471,0.661,120,4,22.60924711350161
U0093,P0163,0.5,0.0,0.6,1.0,1.0,3.65,4.04305126783455,0.544,0.2,60,4,31.60964825606953
U0093,P0171,0.25,1.0,0.2,1.0,1.0,3.73,5.793013608384144,0.62,0.908,90,4,5.2463180665901366
U0093,P0178,0.25,0.0,1.0,1.0,1.0,4.09,4.30406509320417,0.464,0.969,120,4,26.46626353923005
U0093,P0182,0.5,0.0,0.2,1.0,1.0,4.05,5.983936280687191,0.679,0.895,90,4,20.99520086265505
U0093,P0192,0.0,0.0,0.6,1.0,1.0,3.14,4.875197323201151,0.429,0.094,180,4,26.60400838388301
U0093,P0197,0.5,0.0,0.2,1.0,1.0,3.51,7.698029170272805,1.0,0.461,120,4,28.388480145262513
U0093,P0203,0.25,1.0,0.6,1.0,1.0,3.9,6.248042874508429,0.636,0.722,180,4,33.929406260154735
U0093,P0204,0.25,1.0,1.0,1.0,1.0,3.62,5.332718793265369,0.506,0.997,60,4,19.073459759437306
U0093,P0207,0.0,0.0,0.6,1.0,1.0,3.41,7.033506484287697,0.876,0.351,120,4,30.946322890132755
U0093,P0213,0.25,0.0,1.0,1.0,1.0,4.39,7.142827401161621,1.0,0.191,120,4,9.412857068360323
U0093,P0218,0.25,1.0,0.6,0.0,1.0,4.78,5.5909869805108565,0.417,0.742,45,4,42.708969649993605
U0093,P0219,0.5,0.0,0.6,1.0,1.0,4.83,3.8501476017100584,0.321,0.176,150,4,26.135542818597127
U0093,P0221,0.5,0.0,0.2,1.0,1.0,4.27,5.4638318050256105,0.587,0.055,180,4,17.172573813282366
U0093,P0230,0.0,0.0,0.6,0.0,1.0,3.85,4.07753744390572,0.455,0.856,150,4,21.742933619010675
U0093,P0234,0.5,0.0,0.6,0.0,1.0,4.38,6.410174881966167,0.632,0.141,150,4,27.487624804399598
U0093,P0242,0.5,0.0,0.6,1.0,1.0,3.38,5.746203190540153,0.404,0.256,150,4,24.925452501886774
U0093,P0247,0.0,0.0,0.2,1.0,1.0,4.13,4.477336814478207,0.441,0.495,120,4,31.96818586499028
U0093,P0264,0.25,1.0,1.0,1.0,1.0,3.37,5.560681631015528,0.513,0.178,120,4,7.265606879929425
U0093,P0266,0.25,1.0,1.0,0.0,1.0,4.39,3.5263605246161616,0.475,0.495,60,4,9.767154863680584
U0093,P0273,0.0,0.0,0.6,1.0,1.0,2.99,4.553876891600541,0.308,0.631,30,4,39.26401494161731
U0093,P0276,0.0,0.0,0.2,1.0,1.0,4.14,5.313205979041787,0.443,0.706,60,4,31.079563961875838
U0093,P0282,0.25,0.0,1.0,1.0,1.0,4.49,5.111987788356544,0.395,0.946,30,4,28.528586700719
U0093,P0283,0.25,1.0,0.2,1.0,1.0,4.64,5.0106352940962555,0.615,0.616,30,4,20.88782784660598
U0093,P0285,0.5,0.0,0.2,1.0,1.0,3.26,5.081404364984463,0.531,0.729,60,4,33.71070291684532
U0093,P0292,0.0,1.0,0.6,0.0,1.0,4.38,8.224967478914584,1.0,0.126,30,4,8.190250925606284
U0093,P0294,0.0,0.0,1.0,1.0,1.0,3.89,4.48863636973214,0.435,0.53,150,4,11.728434660205666
U0093,P0295,0.0,0.0,1.0,1.0,1.0,4.47,4.477336814478207,0.493,0.551,60,4,31.814676321552035
U0093,P0304,0.0,0.0,0.2,1.0,1.0,3.75,4.007333185232471,0.242,0.997,150,4,21.791299693177002
U0093,P0310,0.25,1.0,0.6,1.0,1.0,4.32,5.771441123130016,0.428,0.202,180,4,6.541861424375653
U0093,P0312,0.5,0.0,0.2,0.0,1.0,4.95,7.114769448366463,1.0,0.188,90,4,20.231799062884924
U0093,P0313,0.0,1.0,1.0,1.0,1.0,4.82,4.890349128221754,0.312,0.213,120,4,25.948755095673786
U0093,P0316,0.25,1.0,0.6,1.0,1.0,3.34,7.335633981927201,0.913,0.226,90,4,20.86991489459959
U0093,P0323,0.25,1.0,0.6,1.0,1.0,3.99,5.176149732573829,0.343,0.563,120,4,37.049928171142945
U0093,P0334,0.25,1.0,0.6,0.0,1.0,3.99,7.305188215393037,0.896,0.538,180,4,30.801076732954897
U0093,P0340,0.0,1.0,0.2,1.0,1.0,4.52,7.026426808699636,0.966,0.288,90,4,20.658807745319685
U0093,P0341,0.0,0.0,0.6,1.0,1.0,4.42,4.1588830833596715,0.303,0.493,120,4,2.5440752071745294
U0093,P0360,0.0,0.0,0.6,1.0,1.0,3.94,5.43372200355424,0.303,0.452,45,4,24.685640810323523
U0093,P0373,0.0,1.0,0.6,1.0,1.0,4.33,4.634728988229636,0.303,0.241,45,4,27.540342735488686
U0093,P0376,0.0,0.0,0.6,1.0,1.0,3.68,3.8918202981106265,0.447,0.804,30,4,6.930078452406967
U0093,P0377,0.25,0.0,1.0,1.0,1.0,3.66,6.7650389767805414,0.862,0.584,120,4,20.74850822685312
U0093,P0384,0.0,0.0,0.6,1.0,1.0,4.08,7.6251071482389,1.0,0.984,180,4,29.212815884828675
U0093,P0394,0.25,1.0,1.0,0.0,1.0,4.48,6.052089168924417,0.603,0.325,90,4,17.962973138166603
U0093,P0396,0.5,0.0,0.6,0.0,1.0,4.29,5.749392985908253,0.429,0.628,120,4,7.005849346218781
U0093,P0397,0.0,1.0,0.6,0.0,1.0,4.22,3.970291913552122,0.358,0.712,180,4,12.472085298541112
U0093,P0407,0.5,0.0,0.6,1.0,1.0,4.75,5.736572297479192,0.433,0.269,90,4,21.325843389272865
U0093,P0408,0.5,0.0,0.6,1.0,1.0,4.56,3.7376696182833684,0.272,0.777,30,4,18.416974028013026
U0093,P0409,0.25,0.0,1.0,1.0,1.0,4.22,6.568077911411976,0.538,0.798,180,4,23.834446103651466
U0093,P0410,0.0,0.0,0.6,1.0,1.0,4.14,6.778784897685177,0.653,0.458,45,4,21.405670417798078
U0093,P0416,0.25,0.0,0.6,0.0,1.0,3.49,4.406719247264253,0.321,0.079,45,4,17.982281576178515
U0093,P0419,0.25,0.0,0.6,1.0,1.0,4.8,4.30406509320417,0.333,0.504,180,4,30.058148738869047
U0093,P0420,0.25,1.0,0.2,0.0,1.0,4.54,5.247024072160486,0.408,0.55,30,4,18.679018268917957
U0093,P0425,0.0,0.0,0.6,1.0,1.0,3.81,4.867534450455582,0.458,0.137,30,4,33.29167581521431
U0093,P0432,0.25,1.0,0.6,1.0,1.0,4.8,7.655390644826152,1.0,0.287,90,4,7.726621081569325
U0093,P0433,0.0,0.0,0.2,1.0,1.0,3.82,5.0369526024136295,0.408,0.412,120,4,27.72180861806196
U0093,P0437,0.25,1.0,0.2,1.0,1.0,3.48,4.624972813284271,0.277,0.414,90,4,38.87815681410585
U0093,P0439,0.25,1.0,0.2,0.0,1.0,3.87,5.771441123130016,0.536,0.296,45,4,35.92500381345386
U0093,P0444,0.5,0.0,0.2,1.0,1.0,4.36,5.0689042022202315,0.521,0.15,45,4,20.309499221071054
U0093,P0449,0.25,0.0,0.6,1.0,1.0,4.02,5.676753802268282,0.524,0.118,60,4,6.473269381653723
U0093,P0450,0.0,1.0,1.0,0.0,1.0,4.64,4.5217885770490405,0.475,0.236,90,4,25.920986796174624
U0093,P0456,0.5,0.0,0.6,1.0,1.0,3.96,5.765191102784844,0.424,0.574,45,4,11.03034455033915
U0093,P0459,0.25,0.0,0.6,1.0,1.0,4.37,5.726847747587197,0.418,0.715,150,4,35.36969506270731
U0093,P0471,0.25,0.0,0.6,1.0,1.0,3.52,6.548219102762372,0.617,0.1,60,4,33.09405144822134
U0093,P0473,0.0,0.0,0.6,1.0,1.0,4.93,4.219507705176107,0.291,0.569,150,4,30.06538137255186
U0093,P0475,0.0,0.0,0.6,1.0,1.0,4.08,5.793013608384144,0.409,0.225,180,4,30.69310984366951
U0093,P0482,0.5,0.0,0.6,1.0,1.0,4.19,6.35088571671474,0.687,0.845,30,4,20.94826985813573
U0093,P0483,0.0,0.0,0.2,1.0,1.0,4.06,7.228388451573604,0.882,0.367,30,4,30.2394141700308
U0093,P0485,0.25,1.0,0.6,1.0,1.0,4.08,3.784189633918261,0.274,0.507,60,4,29.459138315044257
U0093,P0486,0.25,0.0,0.6,1.0,1.0,4.16,4.6913478822291435,0.46,0.858,90,4,19.988993651037667
U0093,P0487,0.25,1.0,1.0,1.0,1.0,4.48,4.718498871295094,0.566,0.161,120,4,19.563532824849194
U0093,P0492,0.25,0.0,0.6,1.0,1.0,3.66,5.44673737166631,0.397,0.349,60,4,36.0435636371613
U0093,P0493,0.25,1.0,0.2,1.0,1.0,4.1,4.110873864173311,0.399,0.645,180,4,15.571476075468457
U0093,P0494,0.25,1.0,0.6,1.0,1.0,4.78,6.553933404025811,0.866,0.195,180,4,30.41587411874035
U0094,P0001,0.25,0.32,0.0,1.0,1.0,4.32,5.337538079701318,0.32,0.667,30,3,5.150416153674971
U0094,P0010,0.25,0.479,0.6,1.0,0.0,3.69,3.8066624897703196,0.479,0.441,180,3,9.482074463928347
U0094,P0011,0.0,0.371,0.0,1.0,0.0,4.76,5.231108616854587,0.371,0.868,45,3,7.4238541082561245
U0094,P0012,0.25,0.301,0.0,1.0,0.0,4.13,3.8066624897703196,0.301,0.795,90,3,19.222903085901823
U0094,P0017,0.0,0.428,0.0,1.0,0.0,4.09,4.23410650459726,0.428,0.568,90,3,10.894005092259663
U0094,P0019,0.25,0.525,0.0,1.0,0.0,4.19,3.1780538303479458,0.525,0.83,180,3,9.953566283535883
U0094,P0020,0.0,0.643,0.2,1.0,0.0,3.5,5.736572297479192,0.643,0.617,30,3,16.927180039576665
U0094,P0036,0.25,0.95,0.0,1.0,1.0,4.26,7.346010209913293,0.95,0.192,30,3,7.6994116391454295
U0094,P0037,0.0,1.0,0.0,1.0,1.0,4.08,7.3777589082278725,1.0,0.144,120,3,7.458743256975933
U0094,P0046,0.25,0.812,1.0,1.0,0.0,4.14,6.663132695990803,0.812,0.708,90,3,19.05949960185562
U0094,P0050,0.0,0.486,1.0,1.0,0.0,4.1,5.220355825078324,0.486,0.787,150,3,10.780269596924297
U0094,P0053,0.0,0.418,0.2,1.0,0.0,4.03,5.986452005284438,0.418,0.63,45,3,4.646806424517201
U0094,P0058,0.25,0.535,0.0,1.0,0.0,4.01,5.863631175598097,0.535,0.485,120,3,14.19198745562436
U0094,P0064,0.25,0.408,0.0,1.0,1.0,3.65,4.8283137373023015,0.408,0.155,90,3,6.3854239151237895
U0094,P0077,0.25,0.656,0.2,1.0,1.0,3.79,5.780743515792329,0.656,0.068,90,3,14.654643121319198
U0094,P0080,0.25,0.705,0.2,1.0,1.0,3.56,6.289715570908998,0.705,0.73,45,3,13.058044749358414
U0094,P0086,0.25,0.474,0.2,1.0,0.0,3.7,4.5217885770490405,0.474,0.656,120,3,17.36439212740833
U0094,P0087,0.0,0.392,1.0,1.0,1.0,4.07,5.910796644040527,0.392,0.169,90,3,10.222016654154322
U0094,P0104,0.25,0.635,0.2,1.0,0.0,4.33,6.118097198041348,0.635,0.445,45,3,14.594603426453837
U0094,P0110,0.0,0.397,0.2,1.0,0.0,3.88,5.598421958998375,0.397,0.337,150,3,6.00342254962719
U0094,P0119,0.0,0.593,0.0,1.0,0.0,3.19,5.726847747587197,0.593,0.923,150,3,8.688880824840508
U0094,P0129,0.25,0.551,0.0,1.0,1.0,4.67,4.653960350157523,0.551,0.925,120,3,15.184000747448152
U0094,P0137,0.0,0.627,0.6,1.0,1.0,4.62,5.5134287461649825,0.627,0.357,180,3,13.219236147878691
U0094,P0140,0.0,0.467,0.2,1.0,0.0,4.13,5.043425116919247,0.467,0.645,45,3,19.317287495518272
U0094,P0141,0.25,0.507,0.2,1.0,1.0,4.15,6.295266001439646,0.507,0.666,60,3,19.326587637965563
U0094,P0143,0.0,0.308,0.2,1.0,1.0,5.0,3.1780538303479458,0.308,0.058,180,3,17.56338390874334
U0094,P0156,0.25,0.86,1.0,1.0,1.0,4.0,6.818924065275521,0.86,0.215,60,3,8.956102616050565
U0094,P0158,0.25,0.362,1.0,1.0,1.0,4.69,5.5254529391317835,0.362,0.521,90,3,13.455003330621599
U0094,P0166,0.25,0.377,1.0,1.0,1.0,4.09,4.430816798843313,0.377,0.569,150,3,4.868240640716442
U0094,P0169,0.25,0.411,1.0,1.0,1.0,3.73,5.117993812416755,0.411,0.978,60,3,16.28250478637889
U0094,P0172,0.25,0.419,1.0,1.0,1.0,4.21,4.897839799950911,0.419,0.295,150,3,10.864892280220138
U0094,P0184,0.25,0.367,1.0,1.0,1.0,4.2,5.517452896464707,0.367,0.557,90,3,15.098178153515445
U0094,P0187,0.25,0.602,1.0,1.0,1.0,4.75,6.651571873589727,0.602,0.195,30,3,12.09246333545799
U0094,P0193,0.0,0.552,0.2,1.0,1.0,3.76,5.683579767338681,0.552,0.102,150,3,12.9722995461544
U0094,P0196,0.25,0.697,1.0,1.0,1.0,3.7,6.091309882077698,0.697,0.236,90,3,11.928685698726715
U0094,P0206,0.25,0.469,1.0,1.0,1.0,4.42,4.1588830833596715,0.469,0.718,45,3,3.29505373816922
U0094,P0212,0.25,0.86,0.2,1.0,1.0,3.99,6.666956792429207,0.86,0.663,90,3,15.167854559962018
U0094,P0238,0.25,0.479,0.2,1.0,1.0,4.84,5.204006687076795,0.479,0.867,45,3,19.976003108901065
U0094,P0248,0.25,0.759,0.6,1.0,0.0,4.79,6.148468295917647,0.759,0.562,120,3,5.519675462511895
U0094,P0251,0.25,1.0,1.0,1.0,0.0,4.52,7.791522819150732,1.0,0.95,45,3,17.06188854315727
U0094,P0252,0.25,0.566,0.0,1.0,1.0,3.47,6.175867270105761,0.566,0.349,150,3,9.062443121707076
U0094,P0254,0.25,0.391,1.0,1.0,1.0,3.83,4.465908118654584,0.391,0.821,45,3,7.5705394277200355
U0094,P0260,0.25,0.669,0.6,1.0,0.0,4.14,6.401917196727186,0.669,0.714,180,3,9.102825213280457
U0094,P0263,0.25,0.32,0.6,1.0,1.0,3.76,3.367295829986474,0.32,0.879,90,3,18.19700216917607
U0094,P0272,0.25,1.0,0.0,1.0,0.0,4.34,7.2305631534092925,1.0,0.47,30,3,17.851290599006553
U0094,P0275,0.25,0.591,0.2,1.0,1.0,4.27,4.77912349311153,0.591,0.889,120,3,12.527561209432534
U0094,P0280,0.0,0.537,0.0,1.0,0.0,4.28,4.997212273764115,0.537,0.941,120,3,1.1941089058403338
U0094,P0281,0.25,1.0,1.0,1.0,0.0,4.23,7.990576881743923,1.0,0.771,30,3,10.889809714982823
U0094,P0291,0.25,0.58,0.0,1.0,1.0,4.25,5.003946305945459,0.58,0.478,180,3,10.33815626271514
U0094,P0296,0.25,0.342,0.6,1.0,0.0,4.13,4.927253685157205,0.342,0.209,150,3,16.473757105035403
U0094,P0302,0.25,1.0,0.6,1.0,0.0,4.49,7.126890808898808,1.0,0.434,90,3,13.39091499712394
U0094,P0303,0.0,1.0,0.0,1.0,0.0,4.29,7.752335163302292,1.0,0.487,150,3,12.397622980552367
U0094,P0307,0.25,0.352,0.6,1.0,1.0,4.23,4.1588830833596715,0.352,0.184,180,3,9.403319786619548
U0094,P0317,0.25,0.512,0.2,1.0,0.0,4.03,4.990432586778736,0.512,0.102,120,3,10.902390941860064
U0094,P0318,0.0,0.245,0.6,1.0,1.0,3.64,3.5263605246161616,0.245,0.601,60,3,0.7288398825389861
U0094,P0320,0.0,0.257,1.0,1.0,1.0,3.52,3.9512437185814275,0.257,0.072,30,3,10.772108021250586
U0094,P0324,0.25,0.474,0.2,1.0,0.0,2.89,5.438079308923196,0.474,0.684,60,3,17.872230918887617
U0094,P0326,0.25,0.99,1.0,1.0,1.0,4.93,6.852242569051878,0.99,0.062,60,3,19.171478560146355
U0094,P0328,0.0,0.438,0.6,1.0,1.0,5.0,5.572154032177765,0.438,0.843,180,3,15.705697403871937
U0094,P0330,0.25,0.598,1.0,1.0,0.0,4.19,5.327876168789581,0.598,0.205,45,3,16.859185003779807
U0094,P0332,0.25,0.297,0.6,1.0,1.0,4.09,4.852030263919617,0.297,0.955,45,3,13.777530470986218
U0094,P0335,0.25,0.759,0.6,1.0,1.0,2.91,6.810142450115136,0.759,0.945,45,3,15.36167570002276
U0094,P0338,0.25,0.318,0.0,1.0,0.0,3.47,4.574710978503383,0.318,0.942,180,3,8.988253785343018
U0094,P0339,0.25,1.0,0.0,1.0,1.0,3.6,7.602900462204755,1.0,0.852,30,3,9.567490696252909
U0094,P0345,0.25,0.502,0.0,1.0,1.0,4.42,6.035481432524756,0.502,0.356,150,3,3.134810514799722
U0094,P0346,0.0,0.71,0.0,1.0,1.0,3.94,6.891625897052253,0.71,0.595,150,3,15.533952220694054
U0094,P0351,0.25,0.911,0.0,1.0,0.0,3.86,6.759255270663693,0.911,0.546,150,3,19.527052397010248
U0094,P0358,0.25,0.828,0.0,1.0,1.0,4.08,6.824373670043086,0.828,0.55,45,3,17.006681664487846
U0094,P0359,0.0,0.385,0.0,1.0,0.0,4.15,5.683579767338681,0.385,0.23,180,3,17.701367657158393
U0094,P0361,0.25,0.315,1.0,1.0,0.0,4.24,3.4657359027997265,0.315,0.898,120,3,20.282877875645173
U0094,P0367,0.0,0.364,0.6,1.0,0.0,4.28,3.4657359027997265,0.364,0.516,90,3,19.842774880998675
U0094,P0369,0.25,0.722,0.0,1.0,1.0,4.22,6.679599185844383,0.722,0.849,180,3,12.922534384635417
U0094,P0371,0.0,0.261,0.6,1.0,1.0,3.27,3.970291913552122,0.261,0.161,30,3,14.104919146635476
U0094,P0374,0.25,0.424,1.0,1.0,1.0,4.18,4.59511985013459,0.424,0.35,90,3,18.20480113146191
U0094,P0380,0.0,0.567,0.0,1.0,1.0,3.71,6.342121418721152,0.567,0.181,150,3,9.491193060412094
U0094,P0388,0.25,0.236,0.0,1.0,1.0,4.38,3.6375861597263857,0.236,0.587,120,3,10.127147268942007
U0094,P0390,0.25,0.77,0.6,1.0,0.0,4.07,6.246106765481563,0.77,0.068,120,3,15.371818003206753
U0094,P0391,0.25,0.403,1.0,1.0,1.0,4.18,3.912023005428146,0.403,0.413,30,3,14.187039212442603
U0094,P0392,0.25,0.68,0.0,1.0,1.0,4.27,6.234410725718371,0.68,0.354,30,3,8.152458896995357
U0094,P0395,0.25,0.234,0.2,1.0,0.0,4.07,3.5263605246161616,0.234,0.739,150,3,16.366776759087344
U0094,P0399,0.0,0.659,1.0,1.0,1.0,4.08,6.318968113746434,0.659,0.547,150,3,9.018026789407577
U0094,P0400,0.25,0.362,0.2,1.0,0.0,4.11,5.537334267018537,0.362,0.263,120,3,12.752491179579614
U0094,P0403,0.0,0.376,1.0,1.0,1.0,3.9,5.1298987149230735,0.376,0.857,150,3,16.053333744635495
U0094,P0405,0.25,0.395,0.2,1.0,0.0,4.67,4.430816798843313,0.395,0.346,90,3,2.8256381982769976
U0094,P0424,0.0,1.0,1.0,1.0,0.0,4.23,8.446556111816797,1.0,0.196,30,3,17.32474214229833
U0094,P0426,0.25,0.263,0.6,1.0,1.0,3.82,4.836281906951478,0.263,0.938,120,3,4.71337859684478
U0094,P0427,0.0,0.653,0.2,1.0,0.0,3.81,6.927557906278317,0.653,0.401,45,3,9.60931187296222
U0094,P0438,0.25,1.0,0.2,1.0,0.0,4.09,7.653494909661253,1.0,0.446,45,3,8.709196487383702
U0094,P0441,0.0,0.426,0.0,1.0,0.0,5.0,4.867534450455582,0.426,0.41,150,3,9.602056753257633
U0094,P0447,0.0,0.815,1.0,1.0,0.0,4.58,6.903747257584598,0.815,0.525,120,3,12.487272380624358
U0094,P0452,0.25,1.0,0.0,1.0,1.0,4.11,7.034387929915503,1.0,0.161,150,3,5.052666856041769
U0094,P0455,0.25,1.0,0.0,1.0,0.0,4.39,8.096208271650037,1.0,0.794,150,3,8.596939784501487
U0094,P0462,0.0,0.492,0.0,1.0,0.0,4.16,4.663439094112067,0.492,0.556,150,3,6.7537392845417425
U0094,P0463,0.0,0.486,0.6,1.0,0.0,4.64,3.6888794541139363,0.486,0.955,180,3,14.309622021008483
U0094,P0484,0.25,1.0,0.2,1.0,1.0,3.8,7.661527081358517,1.0,0.302,60,3,5.543232222100046
U0094,P0488,0.0,0.334,0.6,1.0,0.0,3.9,3.258096538021482,0.334,0.777,30,3,9.235126536789833
U0094,P0495,0.25,0.423,0.0,1.0,1.0,4.0,5.53338948872752,0.423,0.22,60,3,18.92240588360957
U0094,P0497,0.0,0.302,1.0,1.0,1.0,3.99,4.68213122712422,0.302,0.419,30,3,17.482420216134546
U0094,P0499,0.25,0.682,0.2,1.0,1.0,4.91,6.269096283706261,0.682,0.5,120,3,9.713169962849987
U0094,P0500,0.0,0.439,0.0,1.0,0.0,3.84,6.18826412308259,0.439,0.839,180,3,5.258219094322318
U0095,P0013,0.25,0.0,0.2,1.0,1.0,3.86,5.634789603169249,0.339,0.532,120,4,18.273577252393757
U0095,P0018,0.0,1.0,0.6,1.0,1.0,4.47,4.04305126783455,0.482,0.204,60,4,5.274493601189077
U0095,P0021,0.0,1.0,0.6,1.0,1.0,4.43,5.707110264748875,0.484,0.335,30,4,25.369341919282437
U0095,P0024,0.25,0.0,0.6,1.0,1.0,3.89,6.769641976852503,0.648,0.177,150,4,5.139037865398284
U0095,P0025,0.25,1.0,0.2,1.0,1.0,4.25,3.4011973816621555,0.494,0.273,120,4,17.634816816936524
U0095,P0027,0.5,0.0,0.2,1.0,1.0,3.8,6.234410725718371,0.572,0.848,30,4,11.902973917286602
U0095,P0028,0.5,0.0,0.0,0.0,1.0,4.56,6.618738983517219,0.679,0.84,90,4,21.932417727814844
U0095,P0029,0.5,0.0,0.6,1.0,1.0,3.72,5.1298987149230735,0.331,0.257,30,4,24.732114661429534
U0095,P0042,0.0,1.0,0.0,0.0,1.0,4.77,4.882801922586371,0.316,0.243,120,4,20.944088489415424
U0095,P0044,0.25,0.0,1.0,0.0,1.0,4.51,5.8971538676367405,0.486,0.319,180,4,7.660131765579093
U0095,P0055,0.0,1.0,0.6,0.0,1.0,4.22,5.4116460518550396,0.467,0.663,45,4,10.299694270527963
U0095,P0059,0.25,1.0,0.6,1.0,1.0,4.08,4.110873864173311,0.254,0.625,60,4,13.524264280490529
U0095,P0061,0.0,1.0,0.2,1.0,1.0,4.46,4.418840607796598,0.566,0.148,180,4,16.054962563529
U0095,P0070,0.5,0.0,0.0,0.0,1.0,4.47,4.02535169073515,0.424,0.13,30,4,18.92790385563103
U0095,P0073,0.25,0.0,0.6,1.0,1.0,4.22,6.439350371100098,0.572,0.563,45,4,18.49033697499813
U0095,P0075,0.0,0.0,0.0,1.0,1.0,4.33,5.857933154483459,0.712,0.88,180,4,11.850722707350553
U0095,P0082,0.25,1.0,0.0,1.0,1.0,4.62,4.5217885770490405,0.401,0.831,180,4,21.133424628527102
U0095,P0085,0.0,1.0,0.6,1.0,1.0,3.99,4.605170185988092,0.419,0.631,90,4,12.607816228797926
U0095,P0088,0.25,0.0,1.0,1.0,1.0,4.22,6.493753839851686,0.689,0.944,60,4,8.426438541048537
U0095,P0101,0.0,1.0,1.0,1.0,1.0,4.26,6.173786103901937,0.432,0.519,120,4,23.886025591062626
U0095,P0103,0.0,1.0,0.0,1.0,1.0,3.48,4.382026634673881,0.292,0.671,180,4,22.274703641114822
U0095,P0108,0.25,0.0,0.6,0.0,1.0,3.96,6.411818267709897,0.819,0.98,90,4,2.167497469087749
U0095,P0111,0.5,0.0,1.0,1.0,1.0,5.0,3.295836866004329,0.602,0.408,150,4,12.140479447870007
U0095,P0116,0.25,0.0,0.0,0.0,1.0,3.77,5.762051382780177,0.396,0.685,120,4,6.848536317214806
U0095,P0124,0.5,0.0,0.6,1.0,1.0,3.89,4.718498871295094,0.293,0.335,60,4,1.7991859180709215
U0095,P0127,0.0,0.0,0.0,0.0,1.0,5.0,6.739336627357174,0.679,0.12,60,4,14.561726051214974
U0095,P0134,0.0,1.0,0.2,1.0,1.0,4.83,3.784189633918261,0.31,0.18,60,4,9.085221600939636
U0095,P0135,0.25,0.0,1.0,1.0,1.0,3.9,5.659482215759621,0.602,0.484,45,4,15.10593742069213
U0095,P0139,0.25,0.0,0.2,0.0,1.0,4.19,4.787491742782046,0.506,0.746,60,4,9.814866406361602
U0095,P0147,0.25,1.0,0.2,0.0,1.0,3.83,6.520621127558696,0.524,0.667,45,4,11.379403247585312
U0095,P0148,0.0,0.0,1.0,1.0,1.0,4.26,4.672828834461906,0.369,0.522,150,4,7.05251297017161
U0095,P0173,0.25,1.0,0.0,1.0,1.0,3.89,5.780743515792329,0.392,0.559,120,4,17.904964386382957
U0095,P0176,0.25,0.0,0.6,0.0,1.0,4.24,7.271008538280992,0.926,0.719,180,4,19.793936092673707
U0095,P0177,0.25,1.0,0.2,1.0,1.0,4.49,5.308267697401205,0.435,0.097,180,4,19.50281167311603
U0095,P0179,0.25,0.0,0.2,1.0,1.0,4.09,5.159055299214529,0.479,0.313,120,4,9.968259004242688
U0095,P0183,0.5,0.0,0.0,1.0,1.0,4.41,5.0238805208462765,0.634,0.366,90,4,11.035821836193834
U0095,P0188,0.0,1.0,0.2,0.0,1.0,5.0,4.584967478670572,0.334,0.974,30,4,8.624057407886411
U0095,P0190,0.5,0.0,0.2,0.0,1.0,5.0,4.532599493153256,0.572,0.059,60,4,21.343451667100947
U0095,P0194,0.0,1.0,0.0,1.0,1.0,4.25,7.751475318021456,1.0,0.524,45,4,18.892925112461388
U0095,P0195,0.5,0.0,0.0,0.0,1.0,4.53,4.812184355372417,0.614,0.62,60,4,23.213063441857823
U0095,P0210,0.0,1.0,1.0,1.0,1.0,4.63,5.583496308781699,0.649,0.143,120,4,7.508080951062235
U0095,P0217,0.0,1.0,0.6,1.0,1.0,3.98,6.361302477572996,0.586,0.507,150,4,10.311656280984321
U0095,P0223,0.25,0.0,0.0,0.0,1.0,3.51,6.304448802421981,0.679,0.145,180,4,6.310157642671556
U0095,P0231,0.5,0.0,1.0,0.0,1.0,4.98,5.545177444479562,0.548,0.787,90,4,6.214931752344667
U0095,P0233,0.25,1.0,0.6,1.0,1.0,4.05,5.236441962829949,0.487,0.863,120,4,1.6880071617756909
U0095,P0237,0.0,1.0,1.0,1.0,1.0,3.42,7.140453043101158,0.812,0.075,90,4,25.954744046301307
U0095,P0239,0.5,0.0,0.2,1.0,1.0,4.36,5.87493073085203,0.696,0.338,90,4,10.135148654148658
U0095,P0241,0.25,1.0,0.2,1.0,1.0,4.04,4.356708826689592,0.381,0.48,180,4,11.192410184085874
U0095,P0243,0.25,0.0,0.2,0.0,1.0,3.76,3.8066624897703196,0.479,0.837,30,4,25.757830986644283
U0095,P0244,0.25,0.0,0.0,0.0,1.0,3.81,4.204692619390966,0.356,0.545,60,4,26.312153960649578
U0095,P0253,0.25,1.0,0.2,1.0,1.0,3.81,4.919980925828125,0.378,0.065,90,4,10.025096962260418
U0095,P0256,0.25,1.0,0.2,1.0,1.0,4.22,5.442417710521793,0.498,0.745,60,4,23.82535407808415
U0095,P0258,0.0,0.0,0.0,1.0,1.0,3.84,6.406879986069314,0.577,0.355,120,4,5.844482584072026
U0095,P0267,0.25,0.0,0.2,0.0,1.0,4.07,4.060443010546419,0.562,0.874,45,4,19.644670412090793
U0095,P0268,0.0,0.0,1.0,1.0,1.0,3.81,5.560681631015528,0.489,0.985,90,4,23.020912075264953
U0095,P0270,0.25,1.0,0.2,1.0,1.0,4.55,4.812184355372417,0.525,0.652,150,4,18.735481466730715
U0095,P0274,0.25,0.0,1.0,1.0,1.0,4.36,5.2574953720277815,0.406,0.249,45,4,17.26969484349327
U0095,P0288,0.5,0.0,0.2,1.0,1.0,4.47,2.8903717578961645,0.368,0.805,120,4,20.464495817310826
U0095,P0290,0.25,1.0,0.0,0.0,1.0,3.43,6.873163834212518,0.654,0.687,120,4,15.978906392975517
U0095,P0293,0.0,1.0,0.2,1.0,1.0,4.18,5.799092654460526,0.544,0.45,30,4,5.633559858240251
U0095,P0298,0.5,0.0,0.6,0.0,1.0,4.57,4.890349128221754,0.47,0.061,150,4,3.7077479450369486
U0095,P0299,0.25,0.0,1.0,1.0,1.0,3.98,4.330733340286331,0.253,0.864,120,4,20.065023171097913
U0095,P0305,0.0,1.0,1.0,1.0,1.0,3.3,7.295735072749282,0.946,0.485,150,4,8.270293165792665
U0095,P0309,0.0,1.0,1.0,0.0,1.0,4.15,6.371611847231857,0.679,0.38,150,4,17.26778827586132
U0095,P0321,0.25,0.0,0.6,0.0,1.0,3.95,7.503289630675082,1.0,0.512,120,4,4.219775317793183
U0095,P0322,0.5,0.0,0.2,1.0,1.0,3.98,3.713572066704308,0.486,0.203,30,4,22.782336850205997
U0095,P0331,0.25,0.0,0.6,0.0,1.0,3.84,4.844187086458591,0.516,0.81,120,4,7.6007842129655545
U0095,P0333,0.25,0.0,0.2,1.0,1.0,3.78,5.631211781821365,0.556,0.339,45,4,21.774537102053383
U0095,P0337,0.0,1.0,0.0,0.0,1.0,3.95,5.056245805348308,0.307,0.719,60,4,17.2859235861201
U0095,P0342,0.5,0.0,1.0,1.0,1.0,3.86,6.089044875446846,0.525,0.867,60,4,16.193214267978156
U0095,P0343,0.25,1.0,0.0,1.0,1.0,3.55,6.3561076606958915,0.603,0.409,180,4,11.85008221499423
U0095,P0352,0.0,1.0,0.6,1.0,1.0,3.78,3.828641396489095,0.537,0.292,45,4,7.753529475002867
U0095,P0353,0.25,0.0,0.0,1.0,1.0,3.4,6.2285110035911835,0.648,0.752,180,4,10.714993995747705
U0095,P0356,0.5,0.0,0.6,0.0,1.0,4.19,5.384495062789089,0.527,0.839,60,4,20.503115899346252
U0095,P0364,0.0,1.0,0.6,1.0,1.0,4.11,5.918893854273146,0.416,0.309,30,4,16.805708698957666
U0095,P0366,0.25,0.0,0.2,1.0,1.0,4.19,4.330733340286331,0.575,0.808,150,4,17.837893321609346
U0095,P0372,0.25,1.0,1.0,1.0,1.0,3.82,5.53338948872752,0.348,0.075,30,4,3.0268413653629613
U0095,P0375,0.25,0.0,1.0,1.0,1.0,3.82,3.828641396489095,0.268,0.914,150,4,7.473291702122923
U0095,P0381,0.25,0.0,0.2,1.0,1.0,3.84,5.648974238161206,0.43,0.659,180,4,21.616585167714746
U0095,P0386,0.0,1.0,0.0,1.0,1.0,4.42,4.8283137373023015,0.5,0.171,90,4,22.408530021230618
U0095,P0389,0.0,1.0,1.0,1.0,1.0,3.77,5.204006687076795,0.55,0.96,150,4,10.407793177684578
U0095,P0398,0.25,0.0,0.2,0.0,1.0,3.61,6.763884908562435,0.637,0.085,180,4,17.333564302421184
U0095,P0402,0.5,0.0,0.2,1.0,1.0,4.14,4.948759890378168,0.452,0.6,45,4,22.66813696331743
U0095,P0412,0.25,0.0,0.2,0.0,1.0,5.0,5.0689042022202315,0.525,0.426,150,4,12.294681534091854
U0095,P0413,0.0,1.0,0.2,1.0,1.0,3.9,7.24422751560335,0.905,0.439,30,4,21.927965443881455
U0095,P0418,0.0,0.0,0.2,1.0,1.0,4.08,5.783825182329737,0.382,0.239,30,4,15.56967849272549
U0095,P0421,0.25,0.0,0.0,1.0,1.0,4.08,6.309918278226516,0.666,0.485,180,4,19.387207323536693
U0095,P0422,0.5,0.0,0.0,0.0,1.0,3.59,5.961005339623274,0.498,0.36,180,4,25.814252821775302
U0095,P0428,0.5,0.0,0.0,1.0,1.0,4.74,4.820281565605037,0.53,0.979,180,4,29.3692693144117
U0095,P0435,0.25,1.0,0.0,0.0,1.0,4.4,7.912423121473705,1.0,0.783,30,4,23.50206469406678
U0095,P0454,0.5,0.0,1.0,1.0,1.0,3.49,6.396929655216146,0.507,0.172,120,4,9.320040589296786
U0095,P0464,0.0,1.0,0.2,1.0,1.0,3.85,5.953243334287785,0.534,0.34,60,4,24.09488073669778
U0095,P0465,0.25,0.0,1.0,1.0,1.0,4.8,5.424950017481403,0.464,0.131,150,4,4.360388386523544
U0095,P0466,0.0,1.0,0.2,1.0,1.0,3.85,7.757478766584179,1.0,0.847,90,4,12.08326923116143
U0095,P0468,0.25,0.0,0.6,0.0,1.0,4.3,4.897839799950911,0.313,0.275,30,4,14.429400628137538
U0095,P0470,0.0,1.0,0.0,0.0,1.0,4.21,4.8283137373023015,0.28,0.411,45,4,6.9186176938462625
U0095,P0474,0.0,0.0,0.0,0.0,1.0,3.41,4.672828834461906,0.439,0.801,30,4,21.11248971494983
U0095,P0481,0.5,0.0,0.2,1.0,1.0,4.39,7.095064377287131,0.812,0.371,150,4,15.284607490288169
U0095,P0496,0.5,0.0,0.2,1.0,1.0,4.19,3.091042453358316,0.52,0.853,90,4,21.898998152882072
U0096,P0003,0.25,0.798,1.0,1.0,1.0,3.99,5.220355825078324,0.514,0.481,180,5,12.201385994316764
U0096,P0007,0.0,0.842,0.6,1.0,1.0,4.21,3.2188758248682006,0.399,0.203,30,5,18.51975013429199
U0096,P0008,0.25,0.6639999999999999,1.0,1.0,1.0,3.32,4.8283137373023015,0.252,0.572,90,5,42.84505510446364
U0096,P0014,0.25,0.716,0.0,1.0,1.0,3.58,5.953243334287785,0.582,0.426,120,5,43.329104789891446
U0096,P0016,0.0,0.766,0.6,0.0,1.0,3.83,7.723120092266331,1.0,0.53,120,5,24.186823735290083
U0096,P0026,0.25,0.85,0.0,1.0,1.0,4.25,5.043425116919247,0.424,0.781,120,5,15.801616223612912
U0096,P0031,0.25,0.776,0.0,1.0,1.0,3.88,5.278114659230517,0.57,0.464,30,5,31.007184833106376
U0096,P0032,0.25,0.72,0.2,1.0,1.0,3.6,4.07753744390572,0.515,0.858,45,5,33.387677407967594
U0096,P0039,0.25,0.828,1.0,1.0,1.0,4.14,5.14166355650266,0.304,0.168,180,5,8.659068648241634
U0096,P0047,0.0,0.756,0.6,0.0,1.0,3.78,5.111987788356544,0.484,0.719,60,5,42.453766447187455
U0096,P0052,0.25,0.79,1.0,0.0,1.0,3.95,4.543294782270004,0.403,0.969,30,5,22.411870694562538
U0096,P0060,0.25,0.922,1.0,1.0,1.0,4.61,6.403574197934815,0.611,0.137,60,5,11.14050818215246
U0096,P0065,0.0,0.828,0.2,1.0,1.0,4.14,4.897839799950911,0.598,0.459,180,5,45.00423612617106
U0096,P0066,0.25,0.6799999999999999,0.0,1.0,1.0,3.4,5.583496308781699,0.612,0.325,180,5,39.33567666754014
U0096,P0068,0.25,0.738,0.2,1.0,1.0,3.69,7.360103972989152,0.96,0.491,120,5,43.92878984633982
U0096,P0069,0.25,0.75,0.2,1.0,1.0,3.75,5.117993812416755,0.44,0.662,60,5,2.361785904437
U0096,P0072,0.25,0.6759999999999999,0.6,0.0,1.0,3.38,5.723585101952381,0.515,0.687,30,5,29.705203357873035
U0096,P0076,0.25,0.842,0.6,1.0,1.0,4.21,5.916202062607435,0.663,0.995,60,5,6.598715325779168
U0096,P0078,0.0,0.8460000000000001,0.0,1.0,1.0,4.23,4.6443908991413725,0.481,0.066,120,5,20.37202207260323
U0096,P0093,0.25,0.8,0.0,1.0,1.0,4.0,6.3578422665081,0.477,0.776,120,5,40.615901187262395
U0096,P0100,0.25,0.826,0.2,1.0,1.0,4.13,4.143134726391533,0.347,0.858,150,5,42.42563076437309
U0096,P0105,0.25,0.866,0.2,1.0,1.0,4.33,10.12330558042176,1.0,0.56,120,5,30.174512160244003
U0096,P0106,0.25,0.8720000000000001,1.0,1.0,1.0,4.36,6.862757913051401,0.806,0.343,120,5,35.39590579842154
U0096,P0109,0.0,0.75,1.0,1.0,1.0,3.75,5.220355825078324,0.554,0.618,90,5,13.849374052603254
U0096,P0113,0.25,0.778,0.0,1.0,1.0,3.89,6.806829360392176,0.674,0.76,60,5,29.861489617823107
U0096,P0114,0.25,0.826,0.2,1.0,1.0,4.13,4.219507705176107,0.328,0.848,120,5,33.23873742061832
U0096,P0120,0.25,0.76,1.0,1.0,1.0,3.8,6.523562306149512,0.833,0.586,120,5,5.8564807287461464
U0096,P0121,0.25,0.748,1.0,1.0,1.0,3.74,5.365976015021851,0.436,0.97,180,5,18.21092050516787
U0096,P0128,0.0,0.6839999999999999,0.2,1.0,1.0,3.42,4.919980925828125,0.29,0.765,120,5,37.11503849663385
U0096,P0136,0.25,0.95,0.6,1.0,1.0,4.75,3.784189633918261,0.603,0.869,30,5,41.44575792947882
U0096,P0138,0.0,0.732,0.6,1.0,1.0,3.66,6.056784013228625,0.462,0.599,150,5,33.6813872115535
U0096,P0145,0.0,0.8460000000000001,0.0,1.0,1.0,4.23,4.7535901911063645,0.367,0.117,30,5,35.78733801606005
U0096,P0152,0.25,0.8880000000000001,0.0,1.0,1.0,4.44,6.2324480165505225,0.8,0.056,180,5,12.192203154915495
U0096,P0154,0.0,0.9339999999999999,1.0,1.0,1.0,4.67,4.795790545596741,0.495,0.349,30,5,34.35969354180513
U0096,P0157,0.25,0.8939999999999999,1.0,1.0,1.0,4.47,6.476972362889683,0.806,0.662,45,5,37.051787230251534
U0096,P0160,0.25,0.85,0.2,1.0,1.0,4.25,5.3471075307174685,0.369,0.992,60,5,23.627805053444334
U0096,P0161,0.25,0.828,0.2,1.0,1.0,4.14,6.214608098422191,0.759,0.391,180,5,29.286595556504068
U0096,P0165,0.25,0.876,0.6,1.0,1.0,4.38,6.255750041753367,0.574,0.657,60,5,14.095293138230293
U0096,P0167,0.25,0.826,0.2,1.0,1.0,4.13,4.6913478822291435,0.346,0.57,30,5,36.75163311408
U0096,P0168,0.25,0.908,0.2,1.0,1.0,4.54,5.327876168789581,0.391,0.678,45,5,29.673121763522772
U0096,P0186,0.25,0.8220000000000001,0.6,1.0,1.0,4.11,6.09807428216624,0.737,0.747,180,5,50.64276781154488
U0096,P0198,0.25,0.9259999999999999,0.0,1.0,1.0,4.63,4.941642422609304,0.637,0.815,150,5,17.279039251270515
U0096,P0199,0.0,0.666,0.2,1.0,1.0,3.33,7.1252830915107115,1.0,0.773,45,5,45.61926178276874
U0096,P0200,0.0,0.8099999999999999,0.0,0.0,1.0,4.05,6.985641817639208,0.739,0.699,150,5,28.041527652572594
U0096,P0208,0.25,0.85,0.2,1.0,1.0,4.25,4.605170185988092,0.469,0.557,60,5,31.117551645446394
U0096,P0209,0.0,0.96,1.0,1.0,1.0,4.8,5.641907070938114,0.368,0.754,120,5,40.31948616531256
U0096,P0214,0.0,0.734,0.6,1.0,1.0,3.67,6.324358962381311,0.731,0.588,180,5,23.298674697247407
U0096,P0216,0.0,0.714,0.2,0.0,1.0,3.57,3.091042453358316,0.32,0.893,45,5,27.472359149986467
U0096,P0220,0.0,0.666,0.0,1.0,1.0,3.33,5.43372200355424,0.5,0.091,120,5,13.975068339926846
U0096,P0222,0.25,0.634,0.6,1.0,1.0,3.17,5.393627546352362,0.406,0.312,120,5,33.74256510352459
U0096,P0225,0.25,0.774,1.0,1.0,1.0,3.87,4.23410650459726,0.498,0.05,120,5,23.061853061520658
U0096,P0227,0.25,0.732,1.0,0.0,1.0,3.66,6.1070228877422545,0.561,0.596,60,5,34.37941377923539
U0096,P0228,0.25,0.772,0.0,1.0,1.0,3.86,4.553876891600541,0.276,0.81,30,5,47.344473613042254
U0096,P0229,0.25,0.8099999999999999,0.2,0.0,1.0,4.05,4.2626798770413155,0.358,0.524,120,5,1.7095860402933383
U0096,P0232,0.25,0.758,1.0,1.0,1.0,3.79,5.75890177387728,0.446,0.632,120,5,15.806974187059977
U0096,P0249,0.25,0.726,1.0,1.0,1.0,3.63,5.272999558563747,0.561,0.592,45,5,18.1960620046533
U0096,P0250,0.0,0.742,0.0,1.0,1.0,3.71,3.8501476017100584,0.531,0.941,180,5,26.946086997125626
U0096,P0255,0.25,0.8240000000000001,1.0,0.0,1.0,4.12,4.51085950651685,0.455,0.926,60,5,39.36430506608883
U0096,P0257,0.25,0.798,1.0,1.0,1.0,3.99,4.418840607796598,0.403,0.785,150,5,36.00877657776774
U0096,P0261,0.25,0.67,1.0,1.0,1.0,3.35,6.152732694704104,0.515,0.27,60,5,10.92077350573546
U0096,P0269,0.25,0.742,0.0,1.0,1.0,3.71,5.043425116919247,0.358,0.158,30,5,16.52020770383462
U0096,P0271,0.25,0.8960000000000001,0.6,1.0,1.0,4.48,4.1588830833596715,0.309,0.963,45,5,11.014712365531
U0096,P0278,0.25,0.85,1.0,0.0,1.0,4.25,5.0106352940962555,0.352,0.372,150,5,25.403952605980617
U0096,P0279,0.0,0.776,0.2,1.0,1.0,3.88,4.983606621708336,0.404,0.337,90,5,41.067385223471895
U0096,P0284,0.25,0.636,0.0,0.0,1.0,3.18,4.290459441148391,0.225,0.636,60,5,7.559008951802123
U0096,P0286,0.25,0.8220000000000001,0.6,1.0,1.0,4.11,7.512071245835466,1.0,0.981,90,5,19.484701518618706
U0096,P0287,0.25,0.85,1.0,0.0,1.0,4.25,5.241747015059643,0.585,0.783,45,5,14.736745970900074
U0096,P0300,0.25,0.78,0.2,0.0,1.0,3.9,5.953243334287785,0.637,0.414,150,5,18.342967587697466
U0096,P0306,0.25,0.8779999999999999,0.6,1.0,1.0,4.39,5.43372200355424,0.327,0.844,150,5,7.248572771892746
U0096,P0315,0.25,0.826,1.0,1.0,1.0,4.13,6.813444599510896,0.765,0.581,90,5,46.84320481344282
U0096,P0329,0.25,0.8220000000000001,1.0,1.0,1.0,4.11,5.472270673671475,0.541,0.163,60,5,7.136356768320267
U0096,P0347,0.25,0.722,1.0,1.0,1.0,3.61,6.240275845170769,0.639,0.289,60,5,24.642315255532658
U0096,P0348,0.25,0.874,0.0,1.0,1.0,4.37,5.1298987149230735,0.388,0.489,150,5,25.94315436970762
U0096,P0365,0.25,0.772,0.2,1.0,1.0,3.86,4.574710978503383,0.475,0.357,150,5,6.540585296191347
U0096,P0368,0.25,0.9119999999999999,0.0,1.0,1.0,4.56,6.068425588244111,0.516,0.462,120,5,40.35397727844844
U0096,P0379,0.25,0.8640000000000001,0.0,1.0,1.0,4.32,5.723585101952381,0.62,0.856,90,5,41.721579384290756
U0096,P0382,0.0,1.0,1.0,0.0,1.0,5.0,5.389071729816501,0.638,0.643,120,5,30.76196390715088
U0096,P0387,0.25,0.876,0.0,1.0,1.0,4.38,6.668228248417403,0.611,0.406,60,5,7.949917860602515
U0096,P0401,0.25,0.9039999999999999,0.6,1.0,1.0,4.52,4.882801922586371,0.627,0.644,90,5,9.656235732425298
U0096,P0404,0.0,0.8400000000000001,0.0,1.0,1.0,4.2,4.927253685157205,0.58,0.541,120,5,41.3516098259318
U0096,P0411,0.25,0.774,0.0,1.0,1.0,3.87,7.191429330036379,0.864,0.888,30,5,22.933297450142653
U0096,P0434,0.25,0.8460000000000001,1.0,1.0,1.0,4.23,5.902633333401366,0.492,0.526,150,5,19.597839454319683
U0096,P0440,0.25,0.818,0.2,1.0,1.0,4.09,6.926577033222725,0.673,0.764,45,5,4.848296232725145
U0096,P0446,0.0,0.8939999999999999,0.2,0.0,1.0,4.47,6.1092475827643655,0.685,0.598,45,5,2.5644097586728307
U0096,P0448,0.0,0.944,1.0,1.0,1.0,4.72,6.278521424165844,0.571,0.408,180,5,42.18271170079901
U0096,P0451,0.25,0.8539999999999999,0.0,0.0,1.0,4.27,5.030437921392435,0.345,0.646,30,5,45.20635542884952
U0096,P0453,0.25,0.8380000000000001,0.6,1.0,1.0,4.19,5.556828061699537,0.46,0.913,150,5,46.74063917676465
U0096,P0458,0.25,0.8119999999999999,1.0,1.0,1.0,4.06,5.8377304471659395,0.451,0.395,120,5,23.527469737593474
U0096,P0460,0.25,0.78,0.0,1.0,1.0,3.9,5.733341276897746,0.541,0.41,60,5,43.18704274606461
U0096,P0469,0.25,0.728,0.6,0.0,1.0,3.64,6.35088571671474,0.695,0.285,45,5,13.74520401136312
U0096,P0476,0.25,0.798,0.2,1.0,1.0,3.99,5.924255797414532,0.561,0.945,45,5,33.454991945668446
U0096,P0489,0.0,0.78,1.0,1.0,1.0,3.9,2.6390573296152584,0.509,0.951,30,5,14.814464559462394
U0096,P0490,0.0,0.678,0.6,1.0,1.0,3.39,6.413458957167357,0.584,0.85,30,5,8.15052936565502
U0097,P0001,0.3333333333333333,0.33299999999999996,0.6,1.0,1.0,4.32,5.337538079701318,0.32,0.667,30,3,16.109120231112048
U0097,P0010,0.3333333333333333,0.5589999999999999,0.6,1.0,1.0,3.69,3.8066624897703196,0.479,0.441,180,3,13.70779813266337
U0097,P0011,0.3333333333333333,0.132,0.6,1.0,1.0,4.76,5.231108616854587,0.371,0.868,45,3,22.666902090529437
U0097,P0012,0.3333333333333333,0.20499999999999996,0.6,1.0,1.0,4.13,3.8066624897703196,0.301,0.795,90,3,18.457927495393157
U0097,P0017,0.3333333333333333,0.43200000000000005,0.6,1.0,1.0,4.09,4.23410650459726,0.428,0.568,90,3,11.739502868809291
U0097,P0019,0.0,0.17000000000000004,0.6,1.0,1.0,4.19,3.1780538303479458,0.525,0.83,180,3,18.241069615795137
U0097,P0020,0.0,0.383,1.0,1.0,1.0,3.5,5.736572297479192,0.643,0.617,30,3,5.1614190370839745
U0097,P0036,0.3333333333333333,0.808,0.6,1.0,1.0,4.26,7.346010209913293,0.95,0.192,30,3,12.541792931025077
U0097,P0037,0.0,0.856,0.6,1.0,1.0,4.08,7.3777589082278725,1.0,0.144,120,3,14.273830419837447
U0097,P0046,0.0,0.29200000000000004,0.2,1.0,1.0,4.14,6.663132695990803,0.812,0.708,90,3,17.182048492844412
U0097,P0050,0.0,0.21299999999999997,0.2,1.0,1.0,4.1,5.220355825078324,0.486,0.787,150,3,12.444929879489203
U0097,P0053,0.3333333333333333,0.37,1.0,1.0,1.0,4.03,5.986452005284438,0.418,0.63,45,3,16.53089354036011
U0097,P0058,0.0,0.515,0.6,1.0,1.0,4.01,5.863631175598097,0.535,0.485,120,3,9.99465801110491
U0097,P0064,0.0,0.845,0.6,1.0,1.0,3.65,4.8283137373023015,0.408,0.155,90,3,22.92340416619015
U0097,P0077,0.3333333333333333,0.9319999999999999,1.0,1.0,1.0,3.79,5.780743515792329,0.656,0.068,90,3,17.242853668696142
U0097,P0080,0.3333333333333333,0.27,1.0,1.0,1.0,3.56,6.289715570908998,0.705,0.73,45,3,15.156553164302048
U0097,P0086,0.0,0.344,1.0,1.0,1.0,3.7,4.5217885770490405,0.474,0.656,120,3,7.89528925842516
U0097,P0087,0.0,0.831,0.2,1.0,1.0,4.07,5.910796644040527,0.392,0.169,90,3,8.85570225912601
U0097,P0104,0.3333333333333333,0.5549999999999999,1.0,1.0,1.0,4.33,6.118097198041348,0.635,0.445,45,3,4.465550269001334
U0097,P0110,0.3333333333333333,0.663,1.0,1.0,1.0,3.88,5.598421958998375,0.397,0.337,150,3,14.456729220372726
U0097,P0119,0.3333333333333333,0.07699999999999996,0.6,1.0,1.0,3.19,5.726847747587197,0.593,0.923,150,3,10.6769263232905
U0097,P0129,0.0,0.07499999999999996,0.6,1.0,1.0,4.67,4.653960350157523,0.551,0.925,120,3,4.05884550410279
U0097,P0137,0.0,0.643,0.6,1.0,1.0,4.62,5.5134287461649825,0.627,0.357,180,3,17.076953831134276
U0097,P0140,0.3333333333333333,0.355,1.0,1.0,1.0,4.13,5.043425116919247,0.467,0.645,45,3,19.413462522433683
U0097,P0141,0.0,0.33399999999999996,1.0,1.0,1.0,4.15,6.295266001439646,0.507,0.666,60,3,8.289900508400383
U0097,P0143,0.0,0.942,1.0,1.0,1.0,5.0,3.1780538303479458,0.308,0.058,180,3,1.7239011609140735
U0097,P0156,0.0,0.785,0.2,1.0,1.0,4.0,6.818924065275521,0.86,0.215,60,3,20.01812312981084
U0097,P0158,0.3333333333333333,0.479,0.2,1.0,1.0,4.69,5.5254529391317835,0.362,0.521,90,3,5.558740693802115
U0097,P0166,0.6666666666666666,0.43100000000000005,0.2,1.0,1.0,4.09,4.430816798843313,0.377,0.569,150,3,17.612812870265714
U0097,P0169,0.3333333333333333,0.02200000000000002,0.2,1.0,1.0,3.73,5.117993812416755,0.411,0.978,60,3,10.601414443737028
U0097,P0172,0.3333333333333333,0.7050000000000001,0.2,1.0,1.0,4.21,4.897839799950911,0.419,0.295,150,3,24.277328452747394
U0097,P0184,0.3333333333333333,0.44299999999999995,0.2,1.0,1.0,4.2,5.517452896464707,0.367,0.557,90,3,4.738013380568734
U0097,P0187,0.3333333333333333,0.8049999999999999,0.2,1.0,1.0,4.75,6.651571873589727,0.602,0.195,30,3,8.083667350457283
U0097,P0193,0.0,0.898,1.0,1.0,1.0,3.76,5.683579767338681,0.552,0.102,150,3,10.278748383579286
U0097,P0196,0.0,0.764,0.2,1.0,1.0,3.7,6.091309882077698,0.697,0.236,90,3,11.421974541449691
U0097,P0206,0.6666666666666666,0.28200000000000003,0.2,1.0,1.0,4.42,4.1588830833596715,0.469,0.718,45,3,17.686609797973972
U0097,P0212,0.3333333333333333,0.33699999999999997,1.0,1.0,1.0,3.99,6.666956792429207,0.86,0.663,90,3,15.749521344723373
U0097,P0238,0.6666666666666666,0.133,1.0,1.0,1.0,4.84,5.204006687076795,0.479,0.867,45,3,0.9779705080614793
U0097,P0248,0.0,0.43799999999999994,0.6,1.0,1.0,4.79,6.148468295917647,0.759,0.562,120,3,13.879546585473577
U0097,P0251,0.6666666666666666,0.050000000000000044,0.2,1.0,1.0,4.52,7.791522819150732,1.0,0.95,45,3,14.212361320635658
U0097,P0252,0.3333333333333333,0.651,0.6,1.0,1.0,3.47,6.175867270105761,0.566,0.349,150,3,16.595151115286285
U0097,P0254,0.6666666666666666,0.17900000000000005,0.2,1.0,1.0,3.83,4.465908118654584,0.391,0.821,45,3,12.352357235787155
U0097,P0260,0.3333333333333333,0.28600000000000003,0.6,1.0,1.0,4.14,6.401917196727186,0.669,0.714,180,3,9.919119641562064
U0097,P0263,0.6666666666666666,0.121,0.6,1.0,1.0,3.76,3.367295829986474,0.32,0.879,90,3,17.706107240961853
U0097,P0272,0.0,0.53,0.6,1.0,1.0,4.34,7.2305631534092925,1.0,0.47,30,3,3.3085541513879932
U0097,P0275,0.0,0.11099999999999999,1.0,1.0,1.0,4.27,4.77912349311153,0.591,0.889,120,3,15.160380623184256
U0097,P0280,0.0,0.05900000000000005,0.6,1.0,1.0,4.28,4.997212273764115,0.537,0.941,120,3,19.751745440781217
U0097,P0281,0.3333333333333333,0.22899999999999998,0.2,1.0,1.0,4.23,7.990576881743923,1.0,0.771,30,3,15.721657041951584
U0097,P0291,0.3333333333333333,0.522,0.6,1.0,1.0,4.25,5.003946305945459,0.58,0.478,180,3,16.24821482136151
U0097,P0296,0.0,0.791,0.6,1.0,1.0,4.13,4.927253685157205,0.342,0.209,150,3,16.708713432101813
U0097,P0302,0.6666666666666666,0.5660000000000001,0.6,1.0,1.0,4.49,7.126890808898808,1.0,0.434,90,3,8.40060998267039
U0097,P0303,0.3333333333333333,0.513,0.6,1.0,1.0,4.29,7.752335163302292,1.0,0.487,150,3,7.443050290319531
U0097,P0307,0.3333333333333333,0.8160000000000001,0.6,1.0,1.0,4.23,4.1588830833596715,0.352,0.184,180,3,14.461204390666799
U0097,P0317,0.0,0.898,1.0,1.0,1.0,4.03,4.990432586778736,0.512,0.102,120,3,21.21715946182502
U0097,P0318,0.3333333333333333,0.399,0.6,1.0,1.0,3.64,3.5263605246161616,0.245,0.601,60,3,19.637670125497387
U0097,P0320,0.0,0.928,0.2,1.0,1.0,3.52,3.9512437185814275,0.257,0.072,30,3,10.476877580826168
U0097,P0324,0.3333333333333333,0.31599999999999995,1.0,1.0,1.0,2.89,5.438079308923196,0.474,0.684,60,3,18.71285620259372
U0097,P0326,0.0,0.938,0.2,1.0,1.0,4.93,6.852242569051878,0.99,0.062,60,3,12.980907706402878
U0097,P0328,0.3333333333333333,0.15700000000000003,0.6,1.0,1.0,5.0,5.572154032177765,0.438,0.843,180,3,5.614776664326617
U0097,P0330,0.3333333333333333,0.795,0.2,1.0,1.0,4.19,5.327876168789581,0.598,0.205,45,3,10.424041386732036
U0097,P0332,0.3333333333333333,0.04500000000000004,0.6,1.0,1.0,4.09,4.852030263919617,0.297,0.955,45,3,8.008267179505836
U0097,P0335,0.6666666666666666,0.05500000000000005,0.6,1.0,1.0,2.91,6.810142450115136,0.759,0.945,45,3,4.684625817382252
U0097,P0338,0.3333333333333333,0.05800000000000005,0.6,1.0,1.0,3.47,4.574710978503383,0.318,0.942,180,3,12.739633875233114
U0097,P0339,0.3333333333333333,0.14800000000000002,0.6,1.0,1.0,3.6,7.602900462204755,1.0,0.852,30,3,10.168317486864613
U0097,P0345,0.6666666666666666,0.644,0.6,1.0,1.0,4.42,6.035481432524756,0.502,0.356,150,3,19.06221243112568
U0097,P0346,0.0,0.405,0.6,1.0,1.0,3.94,6.891625897052253,0.71,0.595,150,3,9.02802781556574
U0097,P0351,0.3333333333333333,0.45399999999999996,0.6,1.0,1.0,3.86,6.759255270663693,0.911,0.546,150,3,17.125875024388414
U0097,P0358,0.3333333333333333,0.44999999999999996,0.6,1.0,1.0,4.08,6.824373670043086,0.828,0.55,45,3,3.735924482085163
U0097,P0359,0.0,0.77,0.6,1.0,1.0,4.15,5.683579767338681,0.385,0.23,180,3,2.1437368439745135
U0097,P0361,0.0,0.10199999999999998,0.2,1.0,1.0,4.24,3.4657359027997265,0.315,0.898,120,3,1.3633319621764508
U0097,P0367,0.3333333333333333,0.484,0.6,1.0,1.0,4.28,3.4657359027997265,0.364,0.516,90,3,2.4336530916417654
U0097,P0369,0.3333333333333333,0.15100000000000002,0.6,1.0,1.0,4.22,6.679599185844383,0.722,0.849,180,3,13.837649043867847
U0097,P0371,0.3333333333333333,0.839,0.6,1.0,1.0,3.27,3.970291913552122,0.261,0.161,30,3,5.922738459702009
U0097,P0374,0.3333333333333333,0.65,0.2,1.0,1.0,4.18,4.59511985013459,0.424,0.35,90,3,0.844754270022418
U0097,P0380,0.0,0.819,0.6,1.0,1.0,3.71,6.342121418721152,0.567,0.181,150,3,9.719287348414126
U0097,P0388,0.0,0.41300000000000003,0.6,1.0,1.0,4.38,3.6375861597263857,0.236,0.587,120,3,18.151931743369833
U0097,P0390,0.0,0.9319999999999999,0.6,1.0,1.0,4.07,6.246106765481563,0.77,0.068,120,3,10.732515362745541
U0097,P0391,0.6666666666666666,0.587,0.2,1.0,1.0,4.18,3.912023005428146,0.403,0.413,30,3,5.052159881045223
U0097,P0392,0.0,0.646,0.6,1.0,1.0,4.27,6.234410725718371,0.68,0.354,30,3,13.365180111280143
U0097,P0395,0.3333333333333333,0.261,1.0,1.0,1.0,4.07,3.5263605246161616,0.234,0.739,150,3,11.180089189805454
U0097,P0399,0.0,0.45299999999999996,0.2,1.0,1.0,4.08,6.318968113746434,0.659,0.547,150,3,12.868679668968788
U0097,P0400,0.6666666666666666,0.737,1.0,1.0,1.0,4.11,5.537334267018537,0.362,0.263,120,3,9.934988610397497
U0097,P0403,0.3333333333333333,0.14300000000000002,0.2,1.0,1.0,3.9,5.1298987149230735,0.376,0.857,150,3,18.100857630230898
U0097,P0405,0.0,0.654,1.0,1.0,1.0,4.67,4.430816798843313,0.395,0.346,90,3,20.529052715194094
U0097,P0424,0.0,0.804,0.2,1.0,1.0,4.23,8.446556111816797,1.0,0.196,30,3,1.7042962614393906
U0097,P0426,0.3333333333333333,0.062000000000000055,0.6,1.0,1.0,3.82,4.836281906951478,0.263,0.938,120,3,21.677835683357195
U0097,P0427,0.0,0.599,1.0,1.0,1.0,3.81,6.927557906278317,0.653,0.401,45,3,11.895934438376905
U0097,P0438,0.0,0.554,1.0,1.0,1.0,4.09,7.653494909661253,1.0,0.446,45,3,20.596213818381138
U0097,P0441,0.0,0.5900000000000001,0.6,1.0,1.0,5.0,4.867534450455582,0.426,0.41,150,3,9.915757649504155
U0097,P0447,0.0,0.475,0.2,1.0,1.0,4.58,6.903747257584598,0.815,0.525,120,3,22.989573208727812
U0097,P0452,0.0,0.839,0.6,1.0,1.0,4.11,7.034387929915503,1.0,0.161,150,3,14.012187990487778
U0097,P0455,0.6666666666666666,0.20599999999999996,0.6,1.0,1.0,4.39,8.096208271650037,1.0,0.794,150,3,16.087306114872828
U0097,P0462,0.0,0.44399999999999995,0.6,1.0,1.0,4.16,4.663439094112067,0.492,0.556,150,3,17.568822172836654
U0097,P0463,0.0,0.04500000000000004,0.6,1.0,1.0,4.64,3.6888794541139363,0.486,0.955,180,3,14.262633818840486
U0097,P0484,0.0,0.698,1.0,1.0,1.0,3.8,7.661527081358517,1.0,0.302,60,3,13.786055366584815
U0097,P0488,0.3333333333333333,0.22299999999999998,0.6,1.0,1.0,3.9,3.258096538021482,0.334,0.777,30,3,16.5075808189296
U0097,P0495,0.0,0.78,0.6,1.0,1.0,4.0,5.53338948872752,0.423,0.22,60,3,10.153506617389295
U0097,P0497,0.3333333333333333,0.581,0.2,1.0,1.0,3.99,4.68213122712422,0.302,0.419,30,3,3.691846236850088
U0097,P0499,0.6666666666666666,0.5,1.0,1.0,1.0,4.91,6.269096283706261,0.682,0.5,120,3,15.486373434010137
U0097,P0500,0.3333333333333333,0.16100000000000003,0.6,1.0,1.0,3.84,6.18826412308259,0.439,0.839,180,3,15.389796820564705
U0098,P0013,0.0,0.772,0.6,1.0,1.0,3.86,5.634789603169249,0.339,0.532,120,7,25.32969000825615
U0098,P0018,0.0,0.8939999999999999,1.0,1.0,1.0,4.47,4.04305126783455,0.482,0.204,60,7,11.757257290640739
U0098,P0021,0.0,0.8859999999999999,1.0,1.0,1.0,4.43,5.707110264748875,0.484,0.335,30,7,22.447836109693576
U0098,P0024,0.0,0.778,1.0,1.0,1.0,3.89,6.769641976852503,0.648,0.177,150,7,14.874789907756345
U0098,P0025,0.0,0.85,0.6,1.0,1.0,4.25,3.4011973816621555,0.494,0.273,120,7,8.595389351929667
U0098,P0027,0.3333333333333333,0.76,0.6,1.0,1.0,3.8,6.234410725718371,0.572,0.848,30,7,18.68909611743228
U0098,P0028,0.3333333333333333,0.9119999999999999,0.2,0.0,1.0,4.56,6.618738983517219,0.679,0.84,90,7,22.686773259037246
U0098,P0029,0.3333333333333333,0.744,1.0,1.0,1.0,3.72,5.1298987149230735,0.331,0.257,30,7,19.479577419904093
U0098,P0042,0.0,0.954,0.2,0.0,1.0,4.77,4.882801922586371,0.316,0.243,120,7,26.919434859816707
U0098,P0044,0.0,0.9019999999999999,0.6,0.0,1.0,4.51,5.8971538676367405,0.486,0.319,180,7,16.505459385375147
U0098,P0055,0.0,0.844,1.0,0.0,1.0,4.22,5.4116460518550396,0.467,0.663,45,7,3.6660467065223163
U0098,P0059,0.0,0.8160000000000001,1.0,1.0,1.0,4.08,4.110873864173311,0.254,0.625,60,7,11.208499429493218
U0098,P0061,0.0,0.892,0.6,1.0,1.0,4.46,4.418840607796598,0.566,0.148,180,7,10.42024143028859
U0098,P0070,0.3333333333333333,0.8939999999999999,0.2,0.0,1.0,4.47,4.02535169073515,0.424,0.13,30,7,12.014815511856225
U0098,P0073,0.0,0.844,1.0,1.0,1.0,4.22,6.439350371100098,0.572,0.563,45,7,23.37024963737677
U0098,P0075,0.3333333333333333,0.866,0.2,1.0,1.0,4.33,5.857933154483459,0.712,0.88,180,7,8.59106371940694
U0098,P0082,0.0,0.924,0.2,1.0,1.0,4.62,4.5217885770490405,0.401,0.831,180,7,16.581429999573867
U0098,P0085,0.0,0.798,1.0,1.0,1.0,3.99,4.605170185988092,0.419,0.631,90,7,14.764510696987596
U0098,P0088,0.0,0.844,0.6,1.0,1.0,4.22,6.493753839851686,0.689,0.944,60,7,17.566888505542238
U0098,P0101,0.0,0.852,0.6,1.0,1.0,4.26,6.173786103901937,0.432,0.519,120,7,18.211661838943094
U0098,P0103,0.0,0.696,0.2,1.0,1.0,3.48,4.382026634673881,0.292,0.671,180,7,15.899305485897864
U0098,P0108,0.0,0.792,1.0,0.0,1.0,3.96,6.411818267709897,0.819,0.98,90,7,10.529414387325886
U0098,P0111,0.3333333333333333,1.0,0.6,1.0,1.0,5.0,3.295836866004329,0.602,0.408,150,7,20.162396067174143
U0098,P0116,0.0,0.754,0.2,0.0,1.0,3.77,5.762051382780177,0.396,0.685,120,7,16.283946637993502
U0098,P0124,0.3333333333333333,0.778,1.0,1.0,1.0,3.89,4.718498871295094,0.293,0.335,60,7,8.236083654793015
U0098,P0127,0.3333333333333333,1.0,0.2,0.0,1.0,5.0,6.739336627357174,0.679,0.12,60,7,4.763011347201238
U0098,P0134,0.0,0.966,0.6,1.0,1.0,4.83,3.784189633918261,0.31,0.18,60,7,4.603960701075681
U0098,P0135,0.0,0.78,0.6,1.0,1.0,3.9,5.659482215759621,0.602,0.484,45,7,12.80158588894136
U0098,P0139,0.0,0.8380000000000001,0.6,0.0,1.0,4.19,4.787491742782046,0.506,0.746,60,7,1.6678520389783769
U0098,P0147,0.0,0.766,0.6,0.0,1.0,3.83,6.520621127558696,0.524,0.667,45,7,9.632470089720265
U0098,P0148,0.3333333333333333,0.852,0.6,1.0,1.0,4.26,4.672828834461906,0.369,0.522,150,7,14.007189640677344
U0098,P0173,0.0,0.778,0.2,1.0,1.0,3.89,5.780743515792329,0.392,0.559,120,7,12.221936222056478
U0098,P0176,0.0,0.8480000000000001,1.0,0.0,1.0,4.24,7.271008538280992,0.926,0.719,180,7,22.41789565947471
U0098,P0177,0.0,0.898,0.6,1.0,1.0,4.49,5.308267697401205,0.435,0.097,180,7,19.250175625810687
U0098,P0179,0.0,0.818,0.6,1.0,1.0,4.09,5.159055299214529,0.479,0.313,120,7,17.971291347489583
U0098,P0183,0.3333333333333333,0.882,0.2,1.0,1.0,4.41,5.0238805208462765,0.634,0.366,90,7,20.05490175499986
U0098,P0188,0.0,1.0,0.6,0.0,1.0,5.0,4.584967478670572,0.334,0.974,30,7,4.45206927871388
U0098,P0190,0.3333333333333333,1.0,0.6,0.0,1.0,5.0,4.532599493153256,0.572,0.059,60,7,24.685343590550428
U0098,P0194,0.0,0.85,0.2,1.0,1.0,4.25,7.751475318021456,1.0,0.524,45,7,16.980114446923537
U0098,P0195,0.3333333333333333,0.906,0.2,0.0,1.0,4.53,4.812184355372417,0.614,0.62,60,7,27.25550512325783
U0098,P0210,0.0,0.9259999999999999,0.6,1.0,1.0,4.63,5.583496308781699,0.649,0.143,120,7,17.218004327597765
U0098,P0217,0.0,0.796,1.0,1.0,1.0,3.98,6.361302477572996,0.586,0.507,150,7,20.24333996550468
U0098,P0223,0.0,0.702,0.2,0.0,1.0,3.51,6.304448802421981,0.679,0.145,180,7,13.126669233606199
U0098,P0231,0.3333333333333333,0.9960000000000001,0.6,0.0,1.0,4.98,5.545177444479562,0.548,0.787,90,7,15.907786514504666
U0098,P0233,0.0,0.8099999999999999,1.0,1.0,1.0,4.05,5.236441962829949,0.487,0.863,120,7,8.30088978165449
U0098,P0237,0.0,0.6839999999999999,0.6,1.0,1.0,3.42,7.140453043101158,0.812,0.075,90,7,23.967072851563163
U0098,P0239,0.3333333333333333,0.8720000000000001,0.6,1.0,1.0,4.36,5.87493073085203,0.696,0.338,90,7,17.737060266626177
U0098,P0241,0.0,0.808,0.6,1.0,1.0,4.04,4.356708826689592,0.381,0.48,180,7,18.703445188924963
U0098,P0243,0.0,0.752,0.6,0.0,1.0,3.76,3.8066624897703196,0.479,0.837,30,7,26.098496669493148
U0098,P0244,0.0,0.762,0.2,0.0,1.0,3.81,4.204692619390966,0.356,0.545,60,7,26.14849863747091
U0098,P0253,0.0,0.762,0.6,1.0,1.0,3.81,4.919980925828125,0.378,0.065,90,7,8.928259836100343
U0098,P0256,0.0,0.844,0.6,1.0,1.0,4.22,5.442417710521793,0.498,0.745,60,7,20.98460930351354
U0098,P0258,0.3333333333333333,0.768,0.2,1.0,1.0,3.84,6.406879986069314,0.577,0.355,120,7,12.153716161210896
U0098,P0267,0.0,0.8140000000000001,0.6,0.0,1.0,4.07,4.060443010546419,0.562,0.874,45,7,27.043218484951645
U0098,P0268,0.3333333333333333,0.762,0.6,1.0,1.0,3.81,5.560681631015528,0.489,0.985,90,7,27.055499068708784
U0098,P0270,0.0,0.9099999999999999,0.6,1.0,1.0,4.55,4.812184355372417,0.525,0.652,150,7,22.344247887178977
U0098,P0274,0.0,0.8720000000000001,0.6,1.0,1.0,4.36,5.2574953720277815,0.406,0.249,45,7,25.55419921963541
U0098,P0288,0.3333333333333333,0.8939999999999999,0.6,1.0,1.0,4.47,2.8903717578961645,0.368,0.805,120,7,26.886150265183023
U0098,P0290,0.0,0.686,0.2,0.0,1.0,3.43,6.873163834212518,0.654,0.687,120,7,14.026156639669237
U0098,P0293,0.0,0.836,0.6,1.0,1.0,4.18,5.799092654460526,0.544,0.45,30,7,15.176772986591686
U0098,P0298,0.3333333333333333,0.914,1.0,0.0,1.0,4.57,4.890349128221754,0.47,0.061,150,7,12.87003442879558
U0098,P0299,0.0,0.796,0.6,1.0,1.0,3.98,4.330733340286331,0.253,0.864,120,7,19.051071194285527
U0098,P0305,0.0,0.6599999999999999,0.6,1.0,1.0,3.3,7.295735072749282,0.946,0.485,150,7,6.709428779555487
U0098,P0309,0.0,0.8300000000000001,0.6,0.0,1.0,4.15,6.371611847231857,0.679,0.38,150,7,25.023416863935545
U0098,P0321,0.0,0.79,1.0,0.0,1.0,3.95,7.503289630675082,1.0,0.512,120,7,9.343987421980966
U0098,P0322,0.3333333333333333,0.796,0.6,1.0,1.0,3.98,3.713572066704308,0.486,0.203,30,7,18.9562754769325
U0098,P0331,0.0,0.768,1.0,0.0,1.0,3.84,4.844187086458591,0.516,0.81,120,7,15.684344620628012
U0098,P0333,0.0,0.756,0.6,1.0,1.0,3.78,5.631211781821365,0.556,0.339,45,7,29.051323218024272
U0098,P0337,0.0,0.79,0.2,0.0,1.0,3.95,5.056245805348308,0.307,0.719,60,7,7.680289422276733
U0098,P0342,0.3333333333333333,0.772,0.6,1.0,1.0,3.86,6.089044875446846,0.525,0.867,60,7,10.831879314340906
U0098,P0343,0.0,0.71,0.2,1.0,1.0,3.55,6.3561076606958915,0.603,0.409,180,7,18.421801958546002
U0098,P0352,0.0,0.756,1.0,1.0,1.0,3.78,3.828641396489095,0.537,0.292,45,7,2.6916631199661936
U0098,P0353,0.0,0.6799999999999999,0.2,1.0,1.0,3.4,6.2285110035911835,0.648,0.752,180,7,17.463689170891193
U0098,P0356,0.3333333333333333,0.8380000000000001,1.0,0.0,1.0,4.19,5.384495062789089,0.527,0.839,60,7,21.126805412897664
U0098,P0364,0.0,0.8220000000000001,1.0,1.0,1.0,4.11,5.918893854273146,0.416,0.309,30,7,25.697012235767843
U0098,P0366,0.0,0.8380000000000001,0.6,1.0,1.0,4.19,4.330733340286331,0.575,0.808,150,7,18.362362129732954
U0098,P0372,0.0,0.764,0.6,1.0,1.0,3.82,5.53338948872752,0.348,0.075,30,7,11.765293782970817
U0098,P0375,0.0,0.764,0.6,1.0,1.0,3.82,3.828641396489095,0.268,0.914,150,7,6.343531915542489
U0098,P0381,0.0,0.768,0.6,1.0,1.0,3.84,5.648974238161206,0.43,0.659,180,7,15.947254639847062
U0098,P0386,0.0,0.884,0.2,1.0,1.0,4.42,4.8283137373023015,0.5,0.171,90,7,28.616003163758766
U0098,P0389,0.0,0.754,0.6,1.0,1.0,3.77,5.204006687076795,0.55,0.96,150,7,13.10945333370245
U0098,P0398,0.0,0.722,0.6,0.0,1.0,3.61,6.763884908562435,0.637,0.085,180,7,21.097628874679017
U0098,P0402,0.3333333333333333,0.828,0.6,1.0,1.0,4.14,4.948759890378168,0.452,0.6,45,7,20.039125862325953
U0098,P0412,0.0,1.0,0.6,0.0,1.0,5.0,5.0689042022202315,0.525,0.426,150,7,18.62379023267627
U0098,P0413,0.0,0.78,0.6,1.0,1.0,3.9,7.24422751560335,0.905,0.439,30,7,27.76761570802384
U0098,P0418,0.3333333333333333,0.8160000000000001,0.6,1.0,1.0,4.08,5.783825182329737,0.382,0.239,30,7,24.502394430155274
U0098,P0421,0.0,0.8160000000000001,0.2,1.0,1.0,4.08,6.309918278226516,0.666,0.485,180,7,17.947118327619776
U0098,P0422,0.3333333333333333,0.718,0.2,0.0,1.0,3.59,5.961005339623274,0.498,0.36,180,7,23.266075619473007
U0098,P0428,0.3333333333333333,0.9480000000000001,0.2,1.0,1.0,4.74,4.820281565605037,0.53,0.979,180,7,26.17846400740817
U0098,P0435,0.0,0.8800000000000001,0.2,0.0,1.0,4.4,7.912423121473705,1.0,0.783,30,7,18.29567937631532
U0098,P0454,0.3333333333333333,0.6980000000000001,0.6,1.0,1.0,3.49,6.396929655216146,0.507,0.172,120,7,10.208674895526586
U0098,P0464,0.0,0.77,0.6,1.0,1.0,3.85,5.953243334287785,0.534,0.34,60,7,19.227977813550964
U0098,P0465,0.0,0.96,0.6,1.0,1.0,4.8,5.424950017481403,0.464,0.131,150,7,12.242827649455082
U0098,P0466,0.0,0.77,0.6,1.0,1.0,3.85,7.757478766584179,1.0,0.847,90,7,21.71741034412578
U0098,P0468,0.0,0.86,1.0,0.0,1.0,4.3,4.897839799950911,0.313,0.275,30,7,6.197542776429363
U0098,P0470,0.0,0.842,0.2,0.0,1.0,4.21,4.8283137373023015,0.28,0.411,45,7,15.568732378209148
U0098,P0474,0.3333333333333333,0.682,0.2,0.0,1.0,3.41,4.672828834461906,0.439,0.801,30,7,29.17469991675354
U0098,P0481,0.3333333333333333,0.8779999999999999,0.6,1.0,1.0,4.39,7.095064377287131,0.812,0.371,150,7,6.163870887962786
U0098,P0496,0.3333333333333333,0.8380000000000001,0.6,1.0,1.0,4.19,3.091042453358316,0.52,0.853,90,7,22.529309468185843
U0099,P0002,0.0,0.958,0.2,0.0,1.0,4.39,7.3277805384216315,0.958,0.624,180,4,3.8542951765623266
U0099,P0006,0.5,0.534,0.6,1.0,1.0,3.89,4.941642422609304,0.534,0.973,90,4,29.816626469091755
U0099,P0009,0.0,0.429,1.0,1.0,1.0,3.64,5.877735781779639,0.429,0.117,30,4,27.540712622319923
U0099,P0023,0.0,0.5,0.6,0.0,1.0,3.43,4.6443908991413725,0.5,0.119,45,4,10.223023706189124
U0099,P0030,0.5,0.706,0.0,1.0,1.0,4.25,6.670766320845874,0.706,0.712,150,4,4.264666847527704
U0099,P0033,0.0,0.868,1.0,1.0,1.0,4.47,7.1276936993473985,0.868,0.516,90,4,35.02384569458686
U0099,P0035,0.0,0.39,0.6,0.0,1.0,4.26,4.727387818712341,0.39,0.576,60,4,28.85686135665109
U0099,P0045,0.0,0.597,0.6,0.0,1.0,3.86,6.118097198041348,0.597,0.412,45,4,25.911944966710887
U0099,P0048,0.25,0.3,0.6,1.0,1.0,3.92,3.7612001156935624,0.3,0.699,90,4,40.61270913548839
U0099,P0049,0.0,0.516,1.0,1.0,1.0,4.23,5.814130531825066,0.516,0.337,60,4,25.937607261975096
U0099,P0051,0.0,0.515,0.2,1.0,1.0,3.46,4.997212273764115,0.515,0.445,30,4,23.872891495630363
U0099,P0057,0.0,1.0,0.6,1.0,1.0,4.13,8.455955881945048,1.0,0.358,180,4,18.438418859272993
U0099,P0062,0.0,0.553,0.0,1.0,1.0,4.73,3.828641396489095,0.553,0.221,180,4,9.221901422141697
U0099,P0071,0.0,1.0,0.0,1.0,1.0,4.2,7.069023426578259,1.0,0.694,150,4,22.77164851503803
U0099,P0079,0.25,0.775,1.0,1.0,1.0,4.94,6.07073772800249,0.775,0.405,120,4,34.51500324479873
U0099,P0090,0.0,1.0,0.0,1.0,1.0,3.98,8.764209507142004,1.0,0.626,30,4,23.876499795089842
U0099,P0094,0.5,0.332,1.0,0.0,1.0,4.31,5.41610040220442,0.332,0.183,45,4,37.64535482489282
U0099,P0095,0.0,0.332,1.0,1.0,1.0,3.72,3.6888794541139363,0.332,0.704,150,4,18.130011524655508
U0099,P0097,0.0,0.425,0.2,1.0,1.0,4.2,4.007333185232471,0.425,0.334,150,4,14.994100532228005
U0099,P0098,0.0,0.67,0.0,1.0,1.0,4.18,5.963579343618446,0.67,0.928,180,4,22.387655891169338
U0099,P0099,0.0,0.402,0.6,1.0,1.0,3.7,5.68697535633982,0.402,0.499,150,4,22.140148018936042
U0099,P0112,0.0,0.431,0.0,1.0,1.0,4.41,3.58351893845611,0.431,0.477,45,4,1.655798895013512
U0099,P0117,0.0,0.261,0.0,1.0,1.0,4.12,4.718498871295094,0.261,0.322,120,4,6.65582253363882
U0099,P0118,0.5,0.616,1.0,1.0,1.0,5.0,6.261491684321042,0.616,0.837,90,4,13.896740552308778
U0099,P0130,0.0,0.746,0.0,1.0,1.0,4.3,6.429719478039138,0.746,0.857,90,4,32.12507325750143
U0099,P0131,0.5,0.51,0.6,1.0,1.0,3.68,5.429345628954441,0.51,0.458,90,4,23.690321315924148
U0099,P0132,0.25,0.204,0.0,1.0,1.0,2.64,4.276666119016055,0.204,0.423,150,4,27.923464087561403
U0099,P0149,0.0,0.567,0.2,1.0,1.0,4.5,5.869296913133774,0.567,0.589,60,4,28.75002741204136
U0099,P0153,0.0,0.516,0.6,1.0,1.0,4.09,5.641907070938114,0.516,0.316,45,4,5.173715495767751
U0099,P0159,0.0,0.471,0.2,1.0,1.0,4.41,5.1298987149230735,0.471,0.661,120,4,6.774425694542659
U0099,P0163,0.0,0.544,0.2,1.0,1.0,3.65,4.04305126783455,0.544,0.2,60,4,37.06230180606116
U0099,P0171,0.5,0.62,0.0,1.0,1.0,3.73,5.793013608384144,0.62,0.908,90,4,27.057574404401358
U0099,P0178,0.0,0.464,0.6,1.0,1.0,4.09,4.30406509320417,0.464,0.969,120,4,25.51228865815894
U0099,P0182,0.0,0.679,0.0,1.0,1.0,4.05,5.983936280687191,0.679,0.895,90,4,8.777731763697751
U0099,P0192,0.25,0.429,0.2,1.0,1.0,3.14,4.875197323201151,0.429,0.094,180,4,41.80578761569833
U0099,P0197,0.0,1.0,0.0,1.0,1.0,3.51,7.698029170272805,1.0,0.461,120,4,5.405362678590481
U0099,P0203,0.5,0.636,0.2,1.0,1.0,3.9,6.248042874508429,0.636,0.722,180,4,35.722046427689364
U0099,P0204,0.5,0.506,0.6,1.0,1.0,3.62,5.332718793265369,0.506,0.997,60,4,23.486306331086816
U0099,P0207,0.25,0.876,0.2,1.0,1.0,3.41,7.033506484287697,0.876,0.351,120,4,5.847580173152247
U0099,P0213,0.0,1.0,0.6,1.0,1.0,4.39,7.142827401161621,1.0,0.191,120,4,19.95364917133172
U0099,P0218,0.5,0.417,1.0,0.0,1.0,4.78,5.5909869805108565,0.417,0.742,45,4,32.484974763493206
U0099,P0219,0.0,0.321,0.2,1.0,1.0,4.83,3.8501476017100584,0.321,0.176,150,4,2.6575733113618143
U0099,P0221,0.0,0.587,0.0,1.0,1.0,4.27,5.4638318050256105,0.587,0.055,180,4,32.53901368030806
U0099,P0230,0.25,0.455,1.0,0.0,1.0,3.85,4.07753744390572,0.455,0.856,150,4,36.41277919896492
U0099,P0234,0.0,0.632,1.0,0.0,1.0,4.38,6.410174881966167,0.632,0.141,150,4,30.243816029037504
U0099,P0242,0.0,0.404,0.2,1.0,1.0,3.38,5.746203190540153,0.404,0.256,150,4,42.118944772448465
U0099,P0247,0.25,0.441,0.0,1.0,1.0,4.13,4.477336814478207,0.441,0.495,120,4,19.397040138798005
U0099,P0264,0.5,0.513,0.6,1.0,1.0,3.37,5.560681631015528,0.513,0.178,120,4,30.11564309044485
U0099,P0266,0.5,0.475,0.6,0.0,1.0,4.39,3.5263605246161616,0.475,0.495,60,4,19.187284655357562
U0099,P0273,0.25,0.308,0.2,1.0,1.0,2.99,4.553876891600541,0.308,0.631,30,4,31.440275936323342
U0099,P0276,0.25,0.443,0.0,1.0,1.0,4.14,5.313205979041787,0.443,0.706,60,4,37.70497618053613
U0099,P0282,0.0,0.395,0.6,1.0,1.0,4.49,5.111987788356544,0.395,0.946,30,4,23.93235436740208
U0099,P0283,0.5,0.615,0.0,1.0,1.0,4.64,5.0106352940962555,0.615,0.616,30,4,12.89537050500403
U0099,P0285,0.0,0.531,0.0,1.0,1.0,3.26,5.081404364984463,0.531,0.729,60,4,15.85651715948862
U0099,P0292,0.0,1.0,0.2,0.0,1.0,4.38,8.224967478914584,1.0,0.126,30,4,29.52576929785624
U0099,P0294,0.25,0.435,0.6,1.0,1.0,3.89,4.48863636973214,0.435,0.53,150,4,17.786224420685183
U0099,P0295,0.25,0.493,0.6,1.0,1.0,4.47,4.477336814478207,0.493,0.551,60,4,3.1310122986934417
U0099,P0304,0.25,0.242,0.0,1.0,1.0,3.75,4.007333185232471,0.242,0.997,150,4,10.546158935759253
U0099,P0310,0.5,0.428,1.0,1.0,1.0,4.32,5.771441123130016,0.428,0.202,180,4,29.535081488389263
U0099,P0312,0.0,1.0,0.0,0.0,1.0,4.95,7.114769448366463,1.0,0.188,90,4,8.850993433184156
U0099,P0313,0.0,0.312,0.6,1.0,1.0,4.82,4.890349128221754,0.312,0.213,120,4,36.110014372275614
U0099,P0316,0.5,0.913,0.2,1.0,1.0,3.34,7.335633981927201,0.913,0.226,90,4,29.68120883300202
U0099,P0323,0.5,0.343,0.2,1.0,1.0,3.99,5.176149732573829,0.343,0.563,120,4,27.024641603421006
U0099,P0334,0.5,0.896,1.0,0.0,1.0,3.99,7.305188215393037,0.896,0.538,180,4,21.711648152109696
U0099,P0340,0.0,0.966,0.0,1.0,1.0,4.52,7.026426808699636,0.966,0.288,90,4,31.84745065620825
U0099,P0341,0.25,0.303,0.2,1.0,1.0,4.42,4.1588830833596715,0.303,0.493,120,4,27.25602163742069
U0099,P0360,0.25,0.303,1.0,1.0,1.0,3.94,5.43372200355424,0.303,0.452,45,4,6.861796250887393
U0099,P0373,0.0,0.303,1.0,1.0,1.0,4.33,4.634728988229636,0.303,0.241,45,4,38.788671330053816
U0099,P0376,0.25,0.447,0.2,1.0,1.0,3.68,3.8918202981106265,0.447,0.804,30,4,27.268172287428456
U0099,P0377,0.0,0.862,0.6,1.0,1.0,3.66,6.7650389767805414,0.862,0.584,120,4,11.054995763062099
U0099,P0384,0.25,1.0,0.2,1.0,1.0,4.08,7.6251071482389,1.0,0.984,180,4,5.134054303336705
U0099,P0394,0.5,0.603,0.6,0.0,1.0,4.48,6.052089168924417,0.603,0.325,90,4,16.951102748059558
U0099,P0396,0.0,0.429,0.2,0.0,1.0,4.29,5.749392985908253,0.429,0.628,120,4,33.47753262168756
U0099,P0397,0.0,0.358,1.0,0.0,1.0,4.22,3.970291913552122,0.358,0.712,180,4,16.529236662527126
U0099,P0407,0.0,0.433,0.2,1.0,1.0,4.75,5.736572297479192,0.433,0.269,90,4,13.101026954004139
U0099,P0408,0.0,0.272,1.0,1.0,1.0,4.56,3.7376696182833684,0.272,0.777,30,4,10.336482916490397
U0099,P0409,0.0,0.538,0.6,1.0,1.0,4.22,6.568077911411976,0.538,0.798,180,4,39.228259783111376
U0099,P0410,0.25,0.653,1.0,1.0,1.0,4.14,6.778784897685177,0.653,0.458,45,4,35.43348476095708
U0099,P0416,0.0,0.321,1.0,0.0,1.0,3.49,4.406719247264253,0.321,0.079,45,4,21.315945946096633
U0099,P0419,0.0,0.333,1.0,1.0,1.0,4.8,4.30406509320417,0.333,0.504,180,4,7.699510947944275
U0099,P0420,0.5,0.408,0.0,0.0,1.0,4.54,5.247024072160486,0.408,0.55,30,4,33.90092731876216
U0099,P0425,0.25,0.458,1.0,1.0,1.0,3.81,4.867534450455582,0.458,0.137,30,4,16.20004771397151
U0099,P0432,0.5,1.0,1.0,1.0,1.0,4.8,7.655390644826152,1.0,0.287,90,4,28.784807104777308
U0099,P0433,0.25,0.408,0.0,1.0,1.0,3.82,5.0369526024136295,0.408,0.412,120,4,44.0727777415752
U0099,P0437,0.5,0.277,0.0,1.0,1.0,3.48,4.624972813284271,0.277,0.414,90,4,28.75083965860206
U0099,P0439,0.5,0.536,0.0,0.0,1.0,3.87,5.771441123130016,0.536,0.296,45,4,26.070053252556058
U0099,P0444,0.0,0.521,0.0,1.0,1.0,4.36,5.0689042022202315,0.521,0.15,45,4,30.169048146296504
U0099,P0449,0.0,0.524,1.0,1.0,1.0,4.02,5.676753802268282,0.524,0.118,60,4,25.008037212410112
U0099,P0450,0.0,0.475,0.6,0.0,1.0,4.64,4.5217885770490405,0.475,0.236,90,4,37.038808778719705
U0099,P0456,0.0,0.424,1.0,1.0,1.0,3.96,5.765191102784844,0.424,0.574,45,4,35.078149657343936
U0099,P0459,0.0,0.418,1.0,1.0,1.0,4.37,5.726847747587197,0.418,0.715,150,4,34.45903793547405
U0099,P0471,0.0,0.617,0.2,1.0,1.0,3.52,6.548219102762372,0.617,0.1,60,4,16.768818033558794
U0099,P0473,0.25,0.291,1.0,1.0,1.0,4.93,4.219507705176107,0.291,0.569,150,4,10.561028592775342
U0099,P0475,0.25,0.409,1.0,1.0,1.0,4.08,5.793013608384144,0.409,0.225,180,4,4.1546364481216065
U0099,P0482,0.0,0.687,0.2,1.0,1.0,4.19,6.35088571671474,0.687,0.845,30,4,7.802976322810482
U0099,P0483,0.25,0.882,0.0,1.0,1.0,4.06,7.228388451573604,0.882,0.367,30,4,16.76260967962846
U0099,P0485,0.5,0.274,0.2,1.0,1.0,4.08,3.784189633918261,0.274,0.507,60,4,30.360152411196083
U0099,P0486,0.0,0.46,1.0,1.0,1.0,4.16,4.6913478822291435,0.46,0.858,90,4,22.424874545956936
U0099,P0487,0.5,0.566,0.6,1.0,1.0,4.48,4.718498871295094,0.566,0.161,120,4,9.853852156888346
U0099,P0492,0.0,0.397,1.0,1.0,1.0,3.66,5.44673737166631,0.397,0.349,60,4,23.945054722101926
U0099,P0493,0.5,0.399,0.0,1.0,1.0,4.1,4.110873864173311,0.399,0.645,180,4,29.354329405393944
U0099,P0494,0.5,0.866,1.0,1.0,1.0,4.78,6.553933404025811,0.866,0.195,180,4,15.920635488645619
U0100,P0002,0.0,1.0,0.2,0.0,1.0,4.39,7.3277805384216315,0.958,0.624,180,2,22.674252691503135
U0100,P0006,0.5,0.0,0.6,1.0,1.0,3.89,4.941642422609304,0.534,0.973,90,2,29.479112203350333
U0100,P0009,0.0,1.0,1.0,1.0,1.0,3.64,5.877735781779639,0.429,0.117,30,2,9.835813724864813
U0100,P0023,0.0,1.0,0.6,0.0,1.0,3.43,4.6443908991413725,0.5,0.119,45,2,11.541426217776749
U0100,P0030,0.5,0.0,0.0,1.0,1.0,4.25,6.670766320845874,0.706,0.712,150,2,21.935734856545917
U0100,P0033,0.0,0.0,1.0,1.0,1.0,4.47,7.1276936993473985,0.868,0.516,90,2,15.685901490372805
U0100,P0035,0.0,1.0,0.6,0.0,1.0,4.26,4.727387818712341,0.39,0.576,60,2,14.215878171306175
U0100,P0045,0.0,1.0,0.6,0.0,1.0,3.86,6.118097198041348,0.597,0.412,45,2,11.661746304218692
U0100,P0048,0.5,1.0,0.6,1.0,1.0,3.92,3.7612001156935624,0.3,0.699,90,2,24.31281265123615
U0100,P0049,0.0,0.0,1.0,1.0,1.0,4.23,5.814130531825066,0.516,0.337,60,2,7.537536198657457
U0100,P0051,0.0,0.0,0.2,1.0,1.0,3.46,4.997212273764115,0.515,0.445,30,2,4.762807300664028
U0100,P0057,0.0,0.0,0.6,1.0,1.0,4.13,8.455955881945048,1.0,0.358,180,2,5.718692492425885
U0100,P0062,0.0,0.0,0.0,1.0,1.0,4.73,3.828641396489095,0.553,0.221,180,2,12.102817741455816
U0100,P0071,0.0,1.0,0.0,1.0,1.0,4.2,7.069023426578259,1.0,0.694,150,2,4.601840187785169
U0100,P0079,0.5,1.0,1.0,1.0,1.0,4.94,6.07073772800249,0.775,0.405,120,2,26.485560378730895
U0100,P0090,0.0,1.0,0.0,1.0,1.0,3.98,8.764209507142004,1.0,0.626,30,2,5.699257103753152
U0100,P0094,0.5,1.0,1.0,0.0,1.0,4.31,5.41610040220442,0.332,0.183,45,2,17.73660512653761
U0100,P0095,0.0,0.0,1.0,1.0,1.0,3.72,3.6888794541139363,0.332,0.704,150,2,3.7945409540038155
U0100,P0097,0.0,0.0,0.2,1.0,1.0,4.2,4.007333185232471,0.425,0.334,150,2,14.541920525627642
U0100,P0098,0.0,0.0,0.0,1.0,1.0,4.18,5.963579343618446,0.67,0.928,180,2,6.4435768021835305
U0100,P0099,0.0,1.0,0.6,1.0,1.0,3.7,5.68697535633982,0.402,0.499,150,2,11.907564860064555
U0100,P0112,0.0,1.0,0.0,1.0,1.0,4.41,3.58351893845611,0.431,0.477,45,2,18.644906804291086
U0100,P0117,0.0,0.0,0.0,1.0,1.0,4.12,4.718498871295094,0.261,0.322,120,2,21.7691149671561
U0100,P0118,0.5,0.0,1.0,1.0,1.0,5.0,6.261491684321042,0.616,0.837,90,2,13.871343556641673
U0100,P0130,0.0,0.0,0.0,1.0,1.0,4.3,6.429719478039138,0.746,0.857,90,2,13.507603698373513
U0100,P0131,0.5,0.0,0.6,1.0,1.0,3.68,5.429345628954441,0.51,0.458,90,2,13.626748625180033
U0100,P0132,0.5,1.0,0.0,1.0,1.0,2.64,4.276666119016055,0.204,0.423,150,2,7.851451410597612
U0100,P0149,0.0,1.0,0.2,1.0,1.0,4.5,5.869296913133774,0.567,0.589,60,2,10.995225292352218
U0100,P0153,0.0,0.0,0.6,1.0,1.0,4.09,5.641907070938114,0.516,0.316,45,2,24.98660540532612
U0100,P0159,0.0,1.0,0.2,1.0,1.0,4.41,5.1298987149230735,0.471,0.661,120,2,15.744821068405592
U0100,P0163,0.0,1.0,0.2,1.0,1.0,3.65,4.04305126783455,0.544,0.2,60,2,24.12429751407979
U0100,P0171,0.5,1.0,0.0,1.0,1.0,3.73,5.793013608384144,0.62,0.908,90,2,7.827470132681784
U0100,P0178,0.0,0.0,0.6,1.0,1.0,4.09,4.30406509320417,0.464,0.969,120,2,16.06060145392017
U0100,P0182,0.0,0.0,0.0,1.0,1.0,4.05,5.983936280687191,0.679,0.895,90,2,11.386126830435417
U0100,P0192,0.0,1.0,0.2,1.0,1.0,3.14,4.875197323201151,0.429,0.094,180,2,23.914691333884765
U0100,P0197,0.0,0.0,0.0,1.0,1.0,3.51,7.698029170272805,1.0,0.461,120,2,18.22892844812354
U0100,P0203,0.5,1.0,0.2,1.0,1.0,3.9,6.248042874508429,0.636,0.722,180,2,25.217940619275435
U0100,P0204,0.5,0.0,0.6,1.0,1.0,3.62,5.332718793265369,0.506,0.997,60,2,9.060576812431979
U0100,P0207,0.0,1.0,0.2,1.0,1.0,3.41,7.033506484287697,0.876,0.351,120,2,20.769525064058847
U0100,P0213,0.0,1.0,0.6,1.0,1.0,4.39,7.142827401161621,1.0,0.191,120,2,3.7349170771522844
U0100,P0218,0.5,1.0,1.0,0.0,1.0,4.78,5.5909869805108565,0.417,0.742,45,2,31.5648992296444
U0100,P0219,0.0,1.0,0.2,1.0,1.0,4.83,3.8501476017100584,0.321,0.176,150,2,17.972241742387784
U0100,P0221,0.0,1.0,0.0,1.0,1.0,4.27,5.4638318050256105,0.587,0.055,180,2,13.662438304677652
U0100,P0230,0.5,0.0,1.0,0.0,1.0,3.85,4.07753744390572,0.455,0.856,150,2,18.282227275669005
U0100,P0234,0.0,1.0,1.0,0.0,1.0,4.38,6.410174881966167,0.632,0.141,150,2,18.453068195883468
U0100,P0242,0.0,1.0,0.2,1.0,1.0,3.38,5.746203190540153,0.404,0.256,150,2,23.470766657560382
U0100,P0247,0.0,1.0,0.0,1.0,1.0,4.13,4.477336814478207,0.441,0.495,120,2,20.274233510136924
U0100,P0264,0.5,0.0,0.6,1.0,1.0,3.37,5.560681631015528,0.513,0.178,120,2,17.198718461044084
U0100,P0266,0.5,1.0,0.6,0.0,1.0,4.39,3.5263605246161616,0.475,0.495,60,2,4.730653649661903
U0100,P0273,0.5,1.0,0.2,1.0,1.0,2.99,4.553876891600541,0.308,0.631,30,2,28.37275672930968
U0100,P0276,0.0,1.0,0.0,1.0,1.0,4.14,5.313205979041787,0.443,0.706,60,2,24.063128284571146
U0100,P0282,0.0,1.0,0.6,1.0,1.0,4.49,5.111987788356544,0.395,0.946,30,2,17.504856760558003
U0100,P0283,0.5,1.0,0.0,1.0,1.0,4.64,5.0106352940962555,0.615,0.616,30,2,9.56619279513656
U0100,P0285,0.0,1.0,0.0,1.0,1.0,3.26,5.081404364984463,0.531,0.729,60,2,22.100625054795994
U0100,P0292,0.0,1.0,0.2,0.0,1.0,4.38,8.224967478914584,1.0,0.126,30,2,9.510107935862095
U0100,P0294,0.0,1.0,0.6,1.0,1.0,3.89,4.48863636973214,0.435,0.53,150,2,3.538834632457897
U0100,P0295,0.5,1.0,0.6,1.0,1.0,4.47,4.477336814478207,0.493,0.551,60,2,23.02200109088782
U0100,P0304,0.0,1.0,0.0,1.0,1.0,3.75,4.007333185232471,0.242,0.997,150,2,10.992376940728953
U0100,P0310,0.5,0.0,1.0,1.0,1.0,4.32,5.771441123130016,0.428,0.202,180,2,9.806070977041937
U0100,P0312,0.0,1.0,0.0,0.0,1.0,4.95,7.114769448366463,1.0,0.188,90,2,11.305629727330217
U0100,P0313,0.0,0.0,0.6,1.0,1.0,4.82,4.890349128221754,0.312,0.213,120,2,20.17661624714327
U0100,P0316,0.5,1.0,0.2,1.0,1.0,3.34,7.335633981927201,0.913,0.226,90,2,13.589893730642805
U0100,P0323,0.5,1.0,0.2,1.0,1.0,3.99,5.176149732573829,0.343,0.563,120,2,25.72456112303348
U0100,P0334,0.5,1.0,1.0,0.0,1.0,3.99,7.305188215393037,0.896,0.538,180,2,19.292622168487394
U0100,P0340,0.0,0.0,0.0,1.0,1.0,4.52,7.026426808699636,0.966,0.288,90,2,14.768385854803789
U0100,P0341,0.0,1.0,0.2,1.0,1.0,4.42,4.1588830833596715,0.303,0.493,120,2,9.352884827337615
U0100,P0360,0.0,1.0,1.0,1.0,1.0,3.94,5.43372200355424,0.303,0.452,45,2,18.604142286069884
U0100,P0373,0.0,0.0,1.0,1.0,1.0,4.33,4.634728988229636,0.303,0.241,45,2,22.53632110497372
U0100,P0376,0.5,1.0,0.2,1.0,1.0,3.68,3.8918202981106265,0.447,0.804,30,2,15.115224664968615
U0100,P0377,0.0,1.0,0.6,1.0,1.0,3.66,6.7650389767805414,0.862,0.584,120,2,16.44375107003856
U0100,P0384,0.5,0.0,0.2,1.0,1.0,4.08,7.6251071482389,1.0,0.984,180,2,22.373588589288655
U0100,P0394,0.5,1.0,0.6,0.0,1.0,4.48,6.052089168924417,0.603,0.325,90,2,6.250838264062427
U0100,P0396,0.0,1.0,0.2,0.0,1.0,4.29,5.749392985908253,0.429,0.628,120,2,14.066813511481811
U0100,P0397,0.0,1.0,1.0,0.0,1.0,4.22,3.970291913552122,0.358,0.712,180,2,5.176423177866172
U0100,P0407,0.0,1.0,0.2,1.0,1.0,4.75,5.736572297479192,0.433,0.269,90,2,9.916594381364714
U0100,P0408,0.0,1.0,1.0,1.0,1.0,4.56,3.7376696182833684,0.272,0.777,30,2,10.3764846746061
U0100,P0409,0.0,0.0,0.6,1.0,1.0,4.22,6.568077911411976,0.538,0.798,180,2,21.060787200080195
U0100,P0410,0.5,0.0,1.0,1.0,1.0,4.14,6.778784897685177,0.653,0.458,45,2,17.471292278390386
U0100,P0416,0.0,1.0,1.0,0.0,1.0,3.49,4.406719247264253,0.321,0.079,45,2,7.163913019749093
U0100,P0419,0.0,1.0,1.0,1.0,1.0,4.8,4.30406509320417,0.333,0.504,180,2,19.39611690072416
U0100,P0420,0.5,1.0,0.0,0.0,1.0,4.54,5.247024072160486,0.408,0.55,30,2,15.25876849525875
U0100,P0425,0.0,1.0,1.0,1.0,1.0,3.81,4.867534450455582,0.458,0.137,30,2,21.647902995389106
U0100,P0432,0.5,1.0,1.0,1.0,1.0,4.8,7.655390644826152,1.0,0.287,90,2,8.816764752463481
U0100,P0433,0.5,0.0,0.0,1.0,1.0,3.82,5.0369526024136295,0.408,0.412,120,2,25.8578618694861
U0100,P0437,0.5,0.0,0.0,1.0,1.0,3.48,4.624972813284271,0.277,0.414,90,2,27.611576426515214
U0100,P0439,0.5,1.0,0.0,0.0,1.0,3.87,5.771441123130016,0.536,0.296,45,2,24.573798618647327
U0100,P0444,0.0,0.0,0.0,1.0,1.0,4.36,5.0689042022202315,0.521,0.15,45,2,13.53724829682099
U0100,P0449,0.0,1.0,1.0,1.0,1.0,4.02,5.676753802268282,0.524,0.118,60,2,12.77596347429943
U0100,P0450,0.0,1.0,0.6,0.0,1.0,4.64,4.5217885770490405,0.475,0.236,90,2,20.68257735412987
U0100,P0456,0.0,1.0,1.0,1.0,1.0,3.96,5.765191102784844,0.424,0.574,45,2,15.032506953008692
U0100,P0459,0.0,1.0,1.0,1.0,1.0,4.37,5.726847747587197,0.418,0.715,150,2,25.888179095746178
U0100,P0471,0.0,1.0,0.2,1.0,1.0,3.52,6.548219102762372,0.617,0.1,60,2,21.41835513514733
U0100,P0473,0.5,0.0,1.0,1.0,1.0,4.93,4.219507705176107,0.291,0.569,150,2,18.88331648390181
U0100,P0475,0.5,1.0,1.0,1.0,1.0,4.08,5.793013608384144,0.409,0.225,180,2,23.197373450274018
U0100,P0482,0.0,1.0,0.2,1.0,1.0,4.19,6.35088571671474,0.687,0.845,30,2,12.617769520035045
U0100,P0483,0.0,1.0,0.0,1.0,1.0,4.06,7.228388451573604,0.882,0.367,30,2,18.530192226275492
U0100,P0485,0.5,1.0,0.2,1.0,1.0,4.08,3.784189633918261,0.274,0.507,60,2,20.003727956172963
U0100,P0486,0.0,1.0,1.0,1.0,1.0,4.16,4.6913478822291435,0.46,0.858,90,2,9.428166761284018
U0100,P0487,0.5,1.0,0.6,1.0,1.0,4.48,4.718498871295094,0.566,0.161,120,2,13.62281668376761
U0100,P0492,0.0,0.0,1.0,1.0,1.0,3.66,5.44673737166631,0.397,0.349,60,2,24.47211904986267
U0100,P0493,0.5,0.0,0.0,1.0,1.0,4.1,4.110873864173311,0.399,0.645,180,2,10.554726396392851
U0100,P0494,0.5,1.0,1.0,1.0,1.0,4.78,6.553933404025811,0.866,0.195,180,2,18.729637995323593
